ID	Taxonomy
MET1042:k141_6928_length_60233_cov_1421.1251	NA,d__Bacteria;p__Actinomycetota;c__Actinomycetes;o__Mycobacteriales;f__Mycobacteriaceae;g__Corynebacterium,virulent
MET0313:k119_45076_length_43283_cov_51.0000	Viruses;Duplodnaviria;Heunggongvirae;Uroviricota;Caudoviricetes;;,d__Bacteria;p__Actinomycetota;c__Actinomycetes;o__Actinomycetales;f__Actinomycetaceae;g__Actinomyces,temperate
MET0313:k119_14329_length_41191_cov_70.9540	Viruses;Duplodnaviria;Heunggongvirae;Uroviricota;Caudoviricetes;;,NA,virulent
MET0313:k119_21969_length_18242_cov_180.4816	Viruses;Duplodnaviria;Heunggongvirae;Uroviricota;Caudoviricetes;;,d__Bacteria;p__Actinomycetota;c__Actinomycetes;o__Actinomycetales;f__Actinomycetaceae;g__Actinomyces,virulent
T2108174101:k141_1233862_length_143594_cov_52.6218	Viruses;Duplodnaviria;Heunggongvirae;Uroviricota;Caudoviricetes;;Herelleviridae,d__Bacteria;p__Bacillota;c__Bacilli;o__Staphylococcales;f__Staphylococcaceae;g__Staphylococcus,virulent
T2108174101:k141_500647_length_61490_cov_59.5120	Viruses;Duplodnaviria;Heunggongvirae;Uroviricota;Caudoviricetes;;,d__Bacteria;p__Bacteroidota;c__Bacteroidia;o__Bacteroidales;f__Bacteroidaceae;g__Prevotella,temperate
T2108174101:k141_1468021_length_47846_cov_312.9921	Viruses;Duplodnaviria;Heunggongvirae;Uroviricota;Caudoviricetes;;,d__Bacteria;p__Bacillota;c__Bacilli;o__Staphylococcales;f__Staphylococcaceae;g__Staphylococcus,temperate
T2108174101:k141_1199508_length_42735_cov_80.5989	Viruses;Duplodnaviria;Heunggongvirae;Uroviricota;Caudoviricetes;;,d__Bacteria;p__Actinomycetota;c__Actinomycetes;o__Mycobacteriales;f__Mycobacteriaceae;g__Corynebacterium,temperate
T2108174101:k141_179801_length_42395_cov_141.6733	Viruses;Duplodnaviria;Heunggongvirae;Uroviricota;Caudoviricetes;;,d__Bacteria;p__Bacillota;c__Bacilli;o__Staphylococcales;f__Staphylococcaceae;g__Staphylococcus,temperate
T2109198999:k141_34907_length_240047_cov_2478.2152	Viruses;Duplodnaviria;Heunggongvirae;Uroviricota;Caudoviricetes;;,NA,virulent
T2107172023:k141_106970_length_76330_cov_134.0000	Viruses;Duplodnaviria;Heunggongvirae;Uroviricota;Caudoviricetes;;,d__Bacteria;p__Bacillota;c__Bacilli;o__Staphylococcales;f__Staphylococcaceae;g__Staphylococcus,temperate
T2107172023:k141_104234_length_29750_cov_321.0000	Viruses;Duplodnaviria;Heunggongvirae;Uroviricota;Caudoviricetes;;,d__Bacteria;p__Actinomycetota;c__Actinomycetes;o__Propionibacteriales;f__Propionibacteriaceae;g__Cutibacterium,virulent
T2107172023:k141_333197_length_28732_cov_103.0000	Viruses;Duplodnaviria;Heunggongvirae;Uroviricota;Caudoviricetes;;,d__Bacteria;p__Actinomycetota;c__Actinomycetes;o__Propionibacteriales;f__Propionibacteriaceae;g__Cutibacterium,temperate
T2107172005:k141_316799_length_24940_cov_114.9586	Viruses;Duplodnaviria;Heunggongvirae;Uroviricota;Caudoviricetes;;,d__Bacteria;p__Pseudomonadota;c__Alphaproteobacteria;o__Rhizobiales;f__Beijerinckiaceae;g__Bosea,virulent
T2108174002:k141_1247182_length_44001_cov_50.0011	Viruses;Duplodnaviria;Heunggongvirae;Uroviricota;Caudoviricetes;;,NA,virulent
T2108174002:k141_1380760_length_25808_cov_29.1971	Viruses;Duplodnaviria;Heunggongvirae;Uroviricota;Caudoviricetes;;,NA,virulent
T2108174002:k141_1792592_length_7249_cov_105.0936	Viruses;Monodnaviria;Loebvirae;Hofneiviricota;Faserviricetes;Tubulavirales;Inoviridae,d__Bacteria;p__Pseudomonadota;c__Gammaproteobacteria;o__Pseudomonadales;f__Moraxellaceae;g__Acinetobacter,temperate
MET0214:k119_13117_length_40221_cov_125.8753	Viruses;Duplodnaviria;Heunggongvirae;Uroviricota;Caudoviricetes;;,d__Bacteria;p__Bacillota;c__Bacilli;o__Staphylococcales;f__Staphylococcaceae;g__Staphylococcus,temperate
MET0214:k119_10576_length_32280_cov_254.8420	Viruses;Duplodnaviria;Heunggongvirae;Uroviricota;Caudoviricetes;;,d__Bacteria;p__Actinomycetota;c__Actinomycetes;o__Mycobacteriales;f__Mycobacteriaceae;g__Corynebacterium,temperate
MET0214:k119_19096_length_22922_cov_156.6588	Viruses;Duplodnaviria;Heunggongvirae;Uroviricota;Caudoviricetes;;,d__Bacteria;p__Bacillota;c__Bacilli;o__Staphylococcales;f__Staphylococcaceae;g__Staphylococcus,temperate
MET0241:k119_69892_length_43866_cov_351.7031	Viruses;Duplodnaviria;Heunggongvirae;Uroviricota;Caudoviricetes;;,NA,virulent
MET0241:k119_37274_length_40728_cov_166.9587	Viruses;Duplodnaviria;Heunggongvirae;Uroviricota;Caudoviricetes;;,d__Bacteria;p__Bacillota;c__Bacilli;o__Lactobacillales;f__Streptococcaceae;g__Streptococcus,temperate
MET0241:k119_22482_length_33259_cov_153.5078	Viruses;Duplodnaviria;Heunggongvirae;Uroviricota;Caudoviricetes;;,d__Bacteria;p__Actinomycetota;c__Actinomycetes;o__Actinomycetales;f__Actinomycetaceae;g__Actinomyces,temperate
MET0241:k119_23849_length_30553_cov_141.4996	Viruses;Duplodnaviria;Heunggongvirae;Uroviricota;Caudoviricetes;;,d__Bacteria;p__Bacillota;c__Bacilli;o__Lactobacillales;f__Streptococcaceae;g__Streptococcus,temperate
MET0241:k119_27688_length_9138_cov_464.9688	Viruses;Duplodnaviria;Heunggongvirae;Uroviricota;Caudoviricetes;;,d__Bacteria;p__Bacillota;c__Bacilli;o__Lactobacillales;f__Streptococcaceae;g__Streptococcus,temperate
T2108174110:k141_765120_length_57033_cov_66.9984	Viruses;Duplodnaviria;Heunggongvirae;Uroviricota;Caudoviricetes;;,NA,virulent
T2108174110:k141_434609_length_32828_cov_172.9578	Viruses;Duplodnaviria;Heunggongvirae;Uroviricota;Caudoviricetes;;,d__Bacteria;p__Actinomycetota;c__Actinomycetes;o__Mycobacteriales;f__Mycobacteriaceae;g__Corynebacterium,virulent
T2108174110:k141_604322_length_32762_cov_134.0000	Viruses;Duplodnaviria;Heunggongvirae;Uroviricota;Caudoviricetes;;,NA,virulent
T2108174110:k141_414190_length_26801_cov_246.8934	NA,d__Bacteria;p__Bacillota;c__Bacilli;o__Lactobacillales;f__Aerococcaceae;g__Aerococcus,temperate
T2108174110:k141_1071246_length_26147_cov_60.8662	Viruses;Duplodnaviria;Heunggongvirae;Uroviricota;Caudoviricetes;;,d__Bacteria;p__Pseudomonadota;c__Gammaproteobacteria;o__Pseudomonadales;f__Moraxellaceae;g__Acinetobacter,virulent
T2108174110:k141_165443_length_25130_cov_216.1770	Viruses;Duplodnaviria;Heunggongvirae;Uroviricota;Caudoviricetes;;,d__Bacteria;p__Bacillota;c__Bacilli;o__Lactobacillales;f__Aerococcaceae;g__Aerococcus,temperate
SRR1950779:k119_10436_length_32298_cov_40.0000	Viruses;Duplodnaviria;Heunggongvirae;Uroviricota;Caudoviricetes;;,NA,virulent
1111525849758776:k141_184556_length_49226_cov_148.5050	Viruses;Duplodnaviria;Heunggongvirae;Uroviricota;Caudoviricetes;;,NA,virulent
T2108174011:k141_844709_length_19025_cov_45.8523	Viruses;Duplodnaviria;Heunggongvirae;Uroviricota;Caudoviricetes;;,d__Bacteria;p__Bacillota;c__Clostridia;o__Tissierellales;f__Peptoniphilaceae;g__Murdochiella,temperate
MET0142:k119_9017_length_38222_cov_403.1433	Viruses;Duplodnaviria;Heunggongvirae;Uroviricota;Caudoviricetes;;,d__Bacteria;p__Bacillota;c__Bacilli;o__Staphylococcales;f__Staphylococcaceae;g__Staphylococcus,temperate
MET0223:k119_168785_length_47056_cov_160.6171	Viruses;Duplodnaviria;Heunggongvirae;Uroviricota;Caudoviricetes;;,d__Bacteria;p__Actinomycetota;c__Actinomycetes;o__Mycobacteriales;f__Mycobacteriaceae;g__Corynebacterium,temperate
MET0223:k119_19967_length_12122_cov_139.9357	Viruses;Duplodnaviria;Heunggongvirae;Uroviricota;Caudoviricetes;;,d__Bacteria;p__Bacillota;c__Bacilli;o__Lactobacillales;f__Streptococcaceae;g__Streptococcus,temperate
MET0797:k119_9788_length_359689_cov_293.3018	Viruses;Duplodnaviria;Heunggongvirae;Uroviricota;Caudoviricetes;;,NA,virulent
T2107171976:k141_59115_length_41024_cov_20202.8793	Viruses;Duplodnaviria;Heunggongvirae;Uroviricota;Caudoviricetes;;,NA,temperate
T2107171976:k141_743698_length_39329_cov_123.4115	Viruses;Duplodnaviria;Heunggongvirae;Uroviricota;Caudoviricetes;;,d__Bacteria;p__Pseudomonadota;c__Gammaproteobacteria;o__Pseudomonadales;f__Moraxellaceae;g__Moraxella_A,temperate
T2109199055:k141_2999_length_36528_cov_1819.8631	Viruses;Duplodnaviria;Heunggongvirae;Uroviricota;Caudoviricetes;;,d__Bacteria;p__Bacillota;c__Bacilli;o__Staphylococcales;f__Staphylococcaceae;g__Staphylococcus,temperate
T2109199055:k141_13493_length_31779_cov_67.8623	Viruses;Duplodnaviria;Heunggongvirae;Uroviricota;Caudoviricetes;;,d__Bacteria;p__Bacillota;c__Bacilli;o__Staphylococcales;f__Staphylococcaceae;g__Staphylococcus,temperate
T2108173973:k141_793347_length_75408_cov_1205.0000	Viruses;Duplodnaviria;Heunggongvirae;Uroviricota;Caudoviricetes;;Schitoviridae,d__Bacteria;p__Pseudomonadota;c__Gammaproteobacteria;o__Enterobacterales;f__Enterobacteriaceae;g__Erwinia,virulent
T2108173973:k141_272661_length_52080_cov_78.9910	Viruses;Duplodnaviria;Heunggongvirae;Uroviricota;Caudoviricetes;;,d__Bacteria;p__Actinomycetota;c__Actinomycetes;o__Mycobacteriales;f__Mycobacteriaceae;g__Corynebacterium,virulent
T2108173973:k141_1014268_length_46657_cov_106.5312	Viruses;Duplodnaviria;Heunggongvirae;Uroviricota;Caudoviricetes;;,d__Bacteria;p__Actinomycetota;c__Actinomycetes;o__Mycobacteriales;f__Mycobacteriaceae;g__Corynebacterium,temperate
T2108173973:k141_809647_length_41735_cov_125.7181	Viruses;Duplodnaviria;Heunggongvirae;Uroviricota;Caudoviricetes;;,d__Bacteria;p__Bacillota;c__Bacilli;o__Staphylococcales;f__Staphylococcaceae;g__Staphylococcus,temperate
T2108173973:k141_1376139_length_29646_cov_723.0000	Viruses;Duplodnaviria;Heunggongvirae;Uroviricota;Caudoviricetes;;,d__Bacteria;p__Actinomycetota;c__Actinomycetes;o__Propionibacteriales;f__Propionibacteriaceae;g__Cutibacterium,virulent
T2108173973:k141_183791_length_13088_cov_144.0651	Viruses;Duplodnaviria;Heunggongvirae;Uroviricota;Caudoviricetes;;,d__Bacteria;p__Bacillota;c__Bacilli;o__Staphylococcales;f__Staphylococcaceae;g__Staphylococcus,temperate
T2108173973:k141_637608_length_7855_cov_227.4398	Viruses;Duplodnaviria;Heunggongvirae;Uroviricota;Caudoviricetes;;,NA,virulent
T2108173892:k141_28024_length_139398_cov_2982.6661	Viruses;Duplodnaviria;Heunggongvirae;Uroviricota;Caudoviricetes;;,NA,temperate
T2108173892:k141_232434_length_134732_cov_141.9223	Viruses;Duplodnaviria;Heunggongvirae;Uroviricota;Caudoviricetes;;,NA,virulent
T2108173892:k141_187983_length_59995_cov_324.6463	Viruses;Duplodnaviria;Heunggongvirae;Uroviricota;Caudoviricetes;;,NA,virulent
T2108173892:k141_248044_length_50185_cov_572.0008	Viruses;Duplodnaviria;Heunggongvirae;Uroviricota;Caudoviricetes;;,NA,virulent
T2108173892:k141_53240_length_38672_cov_136.0000	Viruses;Duplodnaviria;Heunggongvirae;Uroviricota;Caudoviricetes;;,NA,temperate
T2108173892:k141_66601_length_38173_cov_275.7718	Viruses;Duplodnaviria;Heunggongvirae;Uroviricota;Caudoviricetes;;,NA,temperate
T2108173892:k141_245138_length_33429_cov_150.9491	Viruses;Duplodnaviria;Heunggongvirae;Uroviricota;Caudoviricetes;;,NA,virulent
T2108173892:k141_146566_length_6752_cov_260.5079	Viruses;Monodnaviria;Loebvirae;Hofneiviricota;Faserviricetes;Tubulavirales;Inoviridae,NA,virulent
T2108173892:k141_300468_length_4599_cov_107.0240	Viruses;Monodnaviria;Sangervirae;Phixviricota;Malgrandaviricetes;Petitvirales;Microviridae,NA,virulent
T2108173892:k141_91966_length_4493_cov_260.1579	Viruses;Monodnaviria;Loebvirae;Hofneiviricota;Faserviricetes;Tubulavirales;Inoviridae,NA,virulent
T2109198902:k141_38450_length_8451_cov_384.0000	Viruses;Duplodnaviria;Heunggongvirae;Uroviricota;Caudoviricetes;;,d__Bacteria;p__Bacillota;c__Bacilli;o__Staphylococcales;f__Staphylococcaceae;g__Staphylococcus,virulent
T2107171994:k141_123724_length_8610_cov_239.0000	Viruses;Duplodnaviria;Heunggongvirae;Uroviricota;Caudoviricetes;;,NA,virulent
1111525849772152:k141_144849_length_29482_cov_276.4631	Viruses;Duplodnaviria;Heunggongvirae;Uroviricota;Caudoviricetes;;,d__Bacteria;p__Actinomycetota;c__Actinomycetes;o__Propionibacteriales;f__Propionibacteriaceae;g__Cutibacterium,virulent
T2108173874:k141_144196_length_374633_cov_610.0000	Viruses;Duplodnaviria;Heunggongvirae;Uroviricota;Caudoviricetes;;,NA,virulent
T2108173874:k141_1437950_length_23066_cov_121.0119	Viruses;Duplodnaviria;Heunggongvirae;Uroviricota;Caudoviricetes;;,d__Bacteria;p__Bacillota;c__Bacilli;o__Lactobacillales;f__Streptococcaceae;g__Streptococcus,temperate
T2108173874:k141_173172_length_15928_cov_82.8565	Viruses;Duplodnaviria;Heunggongvirae;Uroviricota;Caudoviricetes;;,d__Bacteria;p__Actinomycetota;c__Actinomycetes;o__Mycobacteriales;f__Mycobacteriaceae;g__Corynebacterium,virulent
T2109199037:k141_21067_length_31746_cov_461.7943	Viruses;Duplodnaviria;Heunggongvirae;Uroviricota;Caudoviricetes;;,d__Bacteria;p__Bacillota;c__Bacilli;o__Staphylococcales;f__Staphylococcaceae;g__Staphylococcus,temperate
T2109199037:k141_41119_length_14625_cov_507.4841	Viruses;Varidnaviria;Bamfordvirae;Preplasmiviricota;Tectiliviricetes;Kalamavirales;Tectiviridae,d__Bacteria;p__Bacillota;c__Bacilli;o__Bacillales;f__Bacillaceae_G;g__Bacillus_A,temperate
T2108173919:k141_700296_length_25309_cov_131.6035	Viruses;Duplodnaviria;Heunggongvirae;Uroviricota;Caudoviricetes;;,d__Bacteria;p__Actinomycetota;c__Actinomycetes;o__Actinomycetales;f__Micrococcaceae;g__Micrococcus,virulent
R_T2109198998:k119_7418_length_37767_cov_27.9699	Viruses;Duplodnaviria;Heunggongvirae;Uroviricota;Caudoviricetes;;,d__Bacteria;p__Pseudomonadota;c__Gammaproteobacteria;o__Pseudomonadales;f__Moraxellaceae;g__Acinetobacter,virulent
R_T2109198998:k119_6637_length_25079_cov_29.3767	Viruses;Duplodnaviria;Heunggongvirae;Uroviricota;Caudoviricetes;;,d__Bacteria;p__Pseudomonadota;c__Gammaproteobacteria;o__Pseudomonadales;f__Moraxellaceae;g__Acinetobacter,temperate
R_T2109198998:k119_2522_length_23317_cov_29.9737	Viruses;Duplodnaviria;Heunggongvirae;Uroviricota;Caudoviricetes;;,d__Bacteria;p__Pseudomonadota;c__Gammaproteobacteria;o__Pseudomonadales;f__Moraxellaceae;g__Acinetobacter,temperate
R_T2109198998:k119_1463_length_22974_cov_23.9743	Viruses;Duplodnaviria;Heunggongvirae;Uroviricota;Caudoviricetes;;,d__Bacteria;p__Bacillota;c__Bacilli;o__Lactobacillales;f__Enterococcaceae;g__Enterococcus_B,temperate
T2108173991:k141_449362_length_25772_cov_94.9229	Viruses;Duplodnaviria;Heunggongvirae;Uroviricota;Caudoviricetes;;,d__Bacteria;p__Bacillota;c__Bacilli;o__Bacillales;f__Bacillaceae_G;g__Bacillus_A,temperate
T2109199064:k141_48255_length_32139_cov_360.7071	Viruses;Duplodnaviria;Heunggongvirae;Uroviricota;Caudoviricetes;;,d__Bacteria;p__Bacillota;c__Bacilli;o__Staphylococcales;f__Staphylococcaceae;g__Staphylococcus,temperate
T2109199064:k141_35504_length_24635_cov_42.9120	Viruses;Duplodnaviria;Heunggongvirae;Uroviricota;Caudoviricetes;;,d__Bacteria;p__Bacillota;c__Bacilli;o__Staphylococcales;f__Staphylococcaceae;g__Staphylococcus,temperate
T2109199064:k141_77300_length_14753_cov_410.7842	Viruses;Duplodnaviria;Heunggongvirae;Uroviricota;Caudoviricetes;;,d__Bacteria;p__Bacillota;c__Bacilli;o__Staphylococcales;f__Staphylococcaceae;g__Staphylococcus,virulent
T2109199064:k141_12141_length_7972_cov_239.4595	Viruses;Duplodnaviria;Heunggongvirae;Uroviricota;Caudoviricetes;;,d__Bacteria;p__Bacillota;c__Bacilli;o__Staphylococcales;f__Staphylococcaceae;g__Staphylococcus,temperate
T2108173946:k141_1328968_length_44776_cov_50.0000	Viruses;Duplodnaviria;Heunggongvirae;Uroviricota;Caudoviricetes;;,NA,temperate
T2108173946:k141_637697_length_41767_cov_79.0326	Viruses;Duplodnaviria;Heunggongvirae;Uroviricota;Caudoviricetes;;,NA,virulent
T2108173946:k141_1699750_length_39640_cov_51.9702	Viruses;Duplodnaviria;Heunggongvirae;Uroviricota;Caudoviricetes;;,d__Bacteria;p__Pseudomonadota;c__Alphaproteobacteria;o__Rhodobacterales;f__Rhodobacteraceae;g__Paracoccus,temperate
T2109199163:k141_42920_length_31898_cov_106.9236	Viruses;Duplodnaviria;Heunggongvirae;Uroviricota;Caudoviricetes;;,d__Bacteria;p__Bacillota;c__Bacilli;o__Staphylococcales;f__Staphylococcaceae;g__Staphylococcus,temperate
T2109199163:k141_67224_length_30795_cov_2734.2706	Viruses;Duplodnaviria;Heunggongvirae;Uroviricota;Caudoviricetes;;,d__Bacteria;p__Bacillota;c__Bacilli;o__Staphylococcales;f__Staphylococcaceae;g__Staphylococcus,temperate
1111525849480093:k141_43481_length_29561_cov_171.7598	Viruses;Duplodnaviria;Heunggongvirae;Uroviricota;Caudoviricetes;;,d__Bacteria;p__Actinomycetota;c__Actinomycetes;o__Propionibacteriales;f__Propionibacteriaceae;g__Cutibacterium,virulent
1111525849644631:k141_25643_length_39265_cov_134.1751	Viruses;Duplodnaviria;Heunggongvirae;Uroviricota;Caudoviricetes;;,d__Bacteria;p__Bacillota;c__Bacilli;o__Staphylococcales;f__Staphylococcaceae;g__Staphylococcus,temperate
1111525849644631:k141_57715_length_13343_cov_158.3231	Viruses;Duplodnaviria;Heunggongvirae;Uroviricota;Caudoviricetes;;,d__Bacteria;p__Bacillota;c__Bacilli;o__Staphylococcales;f__Staphylococcaceae;g__Staphylococcus,temperate
T2109199127:k141_24359_length_23393_cov_62.0000	Viruses;Duplodnaviria;Heunggongvirae;Uroviricota;Caudoviricetes;;,d__Bacteria;p__Bacillota;c__Bacilli;o__Staphylococcales;f__Staphylococcaceae;g__Staphylococcus,temperate
T2108173928:k141_100005_length_59340_cov_193.1683	Viruses;Duplodnaviria;Heunggongvirae;Uroviricota;Caudoviricetes;;,d__Bacteria;p__Actinomycetota;c__Actinomycetes;o__Mycobacteriales;f__Mycobacteriaceae;g__Corynebacterium,virulent
T2108173928:k141_334430_length_19592_cov_452.5885	Viruses;Duplodnaviria;Heunggongvirae;Uroviricota;Caudoviricetes;;,NA,temperate
T2107171967:k141_494816_length_45325_cov_145.0000	Viruses;Duplodnaviria;Heunggongvirae;Uroviricota;Caudoviricetes;;,NA,temperate
T2107171967:k141_241520_length_44226_cov_423.3817	Viruses;Duplodnaviria;Heunggongvirae;Uroviricota;Caudoviricetes;;,NA,virulent
T2107171967:k141_7563_length_41679_cov_107.9491	Viruses;Duplodnaviria;Heunggongvirae;Uroviricota;Caudoviricetes;;,NA,virulent
T2107171967:k141_291482_length_40985_cov_60.0000	Viruses;Duplodnaviria;Heunggongvirae;Uroviricota;Caudoviricetes;;,NA,virulent
T2107171967:k141_399311_length_38052_cov_89.9460	Viruses;Duplodnaviria;Heunggongvirae;Uroviricota;Caudoviricetes;;,NA,virulent
T2107171967:k141_982711_length_37584_cov_162.0000	Viruses;Duplodnaviria;Heunggongvirae;Uroviricota;Caudoviricetes;;,d__Bacteria;p__Pseudomonadota;c__Gammaproteobacteria;o__Pseudomonadales;f__Pseudomonadaceae;g__Pseudomonas_E,temperate
T2107171967:k141_166786_length_31922_cov_90.8267	Viruses;Duplodnaviria;Heunggongvirae;Uroviricota;Caudoviricetes;;,d__Bacteria;p__Pseudomonadota;c__Alphaproteobacteria;o__Rhodobacterales;f__Rhodobacteraceae;g__Haematobacter,temperate
T2107171967:k141_807740_length_26348_cov_243.8445	Viruses;Duplodnaviria;Heunggongvirae;Uroviricota;Caudoviricetes;;,d__Bacteria;p__Bacillota;c__Bacilli;o__Lactobacillales;f__Streptococcaceae;g__Streptococcus,temperate
T2107171967:k141_605150_length_17625_cov_114.7358	Viruses;Duplodnaviria;Heunggongvirae;Uroviricota;Caudoviricetes;;,d__Bacteria;p__Actinomycetota;c__Actinomycetes;o__Actinomycetales;f__Actinomycetaceae;g__Actinomyces,virulent
T2108174109:k141_17543_length_29310_cov_16590.8733	Viruses;Duplodnaviria;Heunggongvirae;Uroviricota;Caudoviricetes;;,d__Bacteria;p__Actinomycetota;c__Actinomycetes;o__Propionibacteriales;f__Propionibacteriaceae;g__Cutibacterium,virulent
DP1807004445:k119_13616_length_4591_cov_75.0000	Viruses;Monodnaviria;Loebvirae;Hofneiviricota;Faserviricetes;Tubulavirales;Inoviridae,d__Bacteria;p__Pseudomonadota;c__Gammaproteobacteria;o__Pseudomonadales;f__Moraxellaceae;g__Acinetobacter,virulent
T2108174064:k141_348431_length_122959_cov_1307.1897	Viruses;Duplodnaviria;Heunggongvirae;Uroviricota;Caudoviricetes;;,NA,virulent
T2108174064:k141_83977_length_117762_cov_1021.4030	Viruses;Duplodnaviria;Heunggongvirae;Uroviricota;Caudoviricetes;;,NA,virulent
T2108174064:k141_710903_length_48615_cov_1123.0000	Viruses;Duplodnaviria;Heunggongvirae;Uroviricota;Caudoviricetes;;,d__Bacteria;p__Actinomycetota;c__Actinomycetes;o__Mycobacteriales;f__Mycobacteriaceae;g__Corynebacterium,virulent
T2108174064:k141_217813_length_45842_cov_330.8056	Viruses;Duplodnaviria;Heunggongvirae;Uroviricota;Caudoviricetes;;,d__Bacteria;p__Actinomycetota;c__Actinomycetes;o__Mycobacteriales;f__Mycobacteriaceae;g__Corynebacterium,temperate
T2108174064:k141_221995_length_41468_cov_90.0000	Viruses;Duplodnaviria;Heunggongvirae;Uroviricota;Caudoviricetes;;,d__Bacteria;p__Actinomycetota;c__Actinomycetes;o__Mycobacteriales;f__Mycobacteriaceae;g__Corynebacterium,virulent
T2108174064:k141_195475_length_40502_cov_181.0000	Viruses;Duplodnaviria;Heunggongvirae;Uroviricota;Caudoviricetes;;,NA,temperate
T2108174064:k141_118374_length_39362_cov_315.9429	Viruses;Duplodnaviria;Heunggongvirae;Uroviricota;Caudoviricetes;;,d__Bacteria;p__Actinomycetota;c__Actinomycetes;o__Mycobacteriales;f__Mycobacteriaceae;g__Corynebacterium,virulent
T2108174064:k141_74937_length_39261_cov_99.0000	Viruses;Duplodnaviria;Heunggongvirae;Uroviricota;Caudoviricetes;;,NA,temperate
T2108174064:k141_331300_length_37505_cov_106.2976	Viruses;Duplodnaviria;Heunggongvirae;Uroviricota;Caudoviricetes;;,d__Bacteria;p__Actinomycetota;c__Actinomycetes;o__Mycobacteriales;f__Mycobacteriaceae;g__Corynebacterium,virulent
T2108174064:k141_373544_length_32267_cov_666.5299	Viruses;Duplodnaviria;Heunggongvirae;Uroviricota;Caudoviricetes;;,d__Bacteria;p__Bacillota;c__Bacilli;o__Lactobacillales;f__Lactobacillaceae;g__Lactobacillus,temperate
T2108174064:k141_577759_length_29269_cov_166.8130	Viruses;Duplodnaviria;Heunggongvirae;Uroviricota;Caudoviricetes;;,d__Bacteria;p__Actinomycetota;c__Actinomycetes;o__Propionibacteriales;f__Propionibacteriaceae;g__Cutibacterium,virulent
T2108174064:k141_809625_length_21176_cov_243.2362	Viruses;Duplodnaviria;Heunggongvirae;Uroviricota;Caudoviricetes;;,d__Bacteria;p__Bacillota;c__Clostridia;o__Tissierellales;f__Peptoniphilaceae;g__Finegoldia,virulent
T2108174145:k141_843434_length_43263_cov_92.9253	Viruses;Duplodnaviria;Heunggongvirae;Uroviricota;Caudoviricetes;;,d__Bacteria;p__Actinomycetota;c__Actinomycetes;o__Actinomycetales;f__Actinomycetaceae;g__Actinomyces,temperate
T2108174145:k141_543422_length_40726_cov_141.8793	Viruses;Duplodnaviria;Heunggongvirae;Uroviricota;Caudoviricetes;;,NA,virulent
T2108174145:k141_904907_length_39852_cov_160.1882	Viruses;Duplodnaviria;Heunggongvirae;Uroviricota;Caudoviricetes;;,NA,temperate
T2108174145:k141_88729_length_38884_cov_206.0378	Viruses;Duplodnaviria;Heunggongvirae;Uroviricota;Caudoviricetes;;,d__Bacteria;p__Actinomycetota;c__Actinomycetes;o__Actinomycetales;f__Actinomycetaceae;g__Varibaculum,temperate
T2108174145:k141_842389_length_20533_cov_339.0000	Viruses;Duplodnaviria;Heunggongvirae;Uroviricota;Caudoviricetes;;,d__Bacteria;p__Bacillota;c__Clostridia;o__Tissierellales;f__Peptoniphilaceae;g__Finegoldia,virulent
T2109199011:k141_8885_length_52886_cov_9378.0000	Viruses;Duplodnaviria;Heunggongvirae;Uroviricota;Caudoviricetes;;,d__Bacteria;p__Bacillota;c__Bacilli;o__Bacillales;f__Bacillaceae_G;g__Bacillus_A,temperate
MET0654:k119_36431_length_17277_cov_201.3211	Viruses;Duplodnaviria;Heunggongvirae;Uroviricota;Caudoviricetes;;,d__Bacteria;p__Actinomycetota;c__Actinomycetes;o__Propionibacteriales;f__Propionibacteriaceae;g__Cutibacterium,virulent
R_T2109198954:k119_14793_length_111709_cov_6879.7603	Viruses;Duplodnaviria;Heunggongvirae;Uroviricota;Caudoviricetes;;,d__Bacteria;p__Pseudomonadota;c__Gammaproteobacteria;o__Enterobacterales;f__Enterobacteriaceae;g__Klebsiella,virulent
R_T2109198918:k119_3857_length_33237_cov_15.9819	Viruses;Duplodnaviria;Heunggongvirae;Uroviricota;Caudoviricetes;;,d__Bacteria;p__Actinomycetota;c__Actinomycetes;o__Mycobacteriales;f__Mycobacteriaceae;g__Corynebacterium,virulent
R_T2109198918:k119_23806_length_29569_cov_67.0023	Viruses;Duplodnaviria;Heunggongvirae;Uroviricota;Caudoviricetes;;,d__Bacteria;p__Actinomycetota;c__Actinomycetes;o__Propionibacteriales;f__Propionibacteriaceae;g__Cutibacterium,virulent
R_T2109198918:k119_22026_length_11512_cov_19.3823	Viruses;Duplodnaviria;Heunggongvirae;Uroviricota;Caudoviricetes;;,d__Bacteria;p__Bacillota;c__Bacilli;o__Staphylococcales;f__Staphylococcaceae;g__Staphylococcus,temperate
T2109199110:k141_25987_length_43204_cov_385.3807	Viruses;Duplodnaviria;Heunggongvirae;Uroviricota;Caudoviricetes;;,d__Bacteria;p__Bacillota;c__Bacilli;o__Staphylococcales;f__Staphylococcaceae;g__Staphylococcus,temperate
T2108173911:k141_53105_length_47391_cov_143.8759	Viruses;Duplodnaviria;Heunggongvirae;Uroviricota;Caudoviricetes;;Schitoviridae,NA,virulent
T2108173911:k141_317082_length_37654_cov_115.0000	Viruses;Duplodnaviria;Heunggongvirae;Uroviricota;Caudoviricetes;;,d__Bacteria;p__Pseudomonadota;c__Alphaproteobacteria;o__Rhizobiales;f__Beijerinckiaceae;g__Bosea,virulent
T2108173911:k141_84778_length_36102_cov_103.3676	Viruses;Duplodnaviria;Heunggongvirae;Uroviricota;Caudoviricetes;;,d__Bacteria;p__Pseudomonadota;c__Alphaproteobacteria;o__Rhizobiales;f__Rhizobiaceae;g__Brucella,virulent
T2108173911:k141_73500_length_35584_cov_79.8529	Viruses;Duplodnaviria;Heunggongvirae;Uroviricota;Caudoviricetes;;,NA,virulent
T2108173911:k141_202446_length_35233_cov_93.8569	Viruses;Duplodnaviria;Heunggongvirae;Uroviricota;Caudoviricetes;;,d__Bacteria;p__Pseudomonadota;c__Alphaproteobacteria;o__Rhizobiales;f__Rhizobiaceae;g__Brucella,virulent
T2108173911:k141_265548_length_29669_cov_3044.8170	Viruses;Duplodnaviria;Heunggongvirae;Uroviricota;Caudoviricetes;;,d__Bacteria;p__Actinomycetota;c__Actinomycetes;o__Propionibacteriales;f__Propionibacteriaceae;g__Cutibacterium,virulent
T2108173911:k141_102496_length_27506_cov_81.9979	Viruses;Duplodnaviria;Heunggongvirae;Uroviricota;Caudoviricetes;;,NA,virulent
T2108173911:k141_149492_length_26757_cov_59.9722	Viruses;Duplodnaviria;Heunggongvirae;Uroviricota;Caudoviricetes;;,d__Bacteria;p__Pseudomonadota;c__Alphaproteobacteria;o__Rhizobiales;f__Rhizobiaceae;g__Brucella,temperate
T2108173911:k141_75113_length_26452_cov_111.0111	Viruses;Duplodnaviria;Heunggongvirae;Uroviricota;Caudoviricetes;;,NA,virulent
T2108174037:k141_156552_length_58728_cov_102.1048	Viruses;Duplodnaviria;Heunggongvirae;Uroviricota;Caudoviricetes;;,NA,temperate
T2108174037:k141_634006_length_44437_cov_72.0000	Viruses;Duplodnaviria;Heunggongvirae;Uroviricota;Caudoviricetes;;,NA,virulent
T2108174037:k141_58367_length_31251_cov_75.0000	Viruses;Duplodnaviria;Heunggongvirae;Uroviricota;Caudoviricetes;;,d__Bacteria;p__Pseudomonadota;c__Gammaproteobacteria;o__Enterobacterales;f__Enterobacteriaceae;g__Pantoea,temperate
T2108174037:k141_309411_length_24920_cov_162.2874	Viruses;Duplodnaviria;Heunggongvirae;Uroviricota;Caudoviricetes;;,d__Bacteria;p__Actinomycetota;c__Actinomycetes;o__Mycobacteriales;f__Mycobacteriaceae;g__Corynebacterium,virulent
T2108174037:k141_303262_length_21095_cov_212.9022	Viruses;Duplodnaviria;Heunggongvirae;Uroviricota;Caudoviricetes;;,d__Bacteria;p__Pseudomonadota;c__Gammaproteobacteria;o__Pseudomonadales;f__Pseudomonadaceae;g__Pseudomonas,temperate
MET0681:k119_38585_length_23738_cov_622.0000	Viruses;Duplodnaviria;Heunggongvirae;Uroviricota;Caudoviricetes;;,d__Bacteria;p__Bacillota;c__Bacilli;o__Staphylococcales;f__Staphylococcaceae;g__Staphylococcus,temperate
MET0681:k119_49684_length_16394_cov_660.0000	Viruses;Duplodnaviria;Heunggongvirae;Uroviricota;Caudoviricetes;;Rountreeviridae,NA,virulent
T2108174073:k141_1740500_length_180883_cov_84.3427	Viruses;Duplodnaviria;Heunggongvirae;Uroviricota;Caudoviricetes;;,d__Bacteria;p__Pseudomonadota;c__Gammaproteobacteria;o__Burkholderiales;f__Neisseriaceae;g__Neisseria,virulent
T2109199020:k141_42196_length_40101_cov_182.7050	Viruses;Duplodnaviria;Heunggongvirae;Uroviricota;Caudoviricetes;;,d__Bacteria;p__Bacillota;c__Bacilli;o__Staphylococcales;f__Staphylococcaceae;g__Staphylococcus,temperate
T2108173902:k141_666900_length_433960_cov_80.5685	NA,NA,virulent
T2108173902:k141_621519_length_244719_cov_94.5655	NA,NA,virulent
T2108173902:k141_5834_length_91566_cov_126.8370	Viruses;Duplodnaviria;Heunggongvirae;Uroviricota;Caudoviricetes;;,d__Bacteria;p__Bacillota;c__Bacilli;o__Staphylococcales;f__Staphylococcaceae;g__Staphylococcus,temperate
T2108173902:k141_385631_length_45226_cov_4958.4008	Viruses;Duplodnaviria;Heunggongvirae;Uroviricota;Caudoviricetes;;,d__Bacteria;p__Bacillota;c__Bacilli;o__Staphylococcales;f__Staphylococcaceae;g__Staphylococcus,temperate
T2108173902:k141_352918_length_20397_cov_57.9877	Viruses;Duplodnaviria;Heunggongvirae;Uroviricota;Caudoviricetes;;,NA,virulent
T2108173902:k141_966788_length_12796_cov_189.0000	Viruses;Duplodnaviria;Heunggongvirae;Uroviricota;Caudoviricetes;;,d__Bacteria;p__Bacillota;c__Bacilli;o__Staphylococcales;f__Staphylococcaceae;g__Staphylococcus,temperate
T2108173902:k141_819596_length_9330_cov_136.0000	Viruses;Duplodnaviria;Heunggongvirae;Uroviricota;Caudoviricetes;;,d__Bacteria;p__Bacillota;c__Bacilli;o__Staphylococcales;f__Staphylococcaceae;g__Staphylococcus,temperate
MET1554:k141_6909_length_20770_cov_599.0000	Viruses;Duplodnaviria;Heunggongvirae;Uroviricota;Caudoviricetes;;,d__Bacteria;p__Actinomycetota;c__Actinomycetes;o__Propionibacteriales;f__Propionibacteriaceae;g__Cutibacterium,virulent
R_T2109198882:k119_2720_length_39962_cov_11.0000	Viruses;Duplodnaviria;Heunggongvirae;Uroviricota;Caudoviricetes;;,d__Bacteria;p__Bacillota;c__Bacilli;o__Staphylococcales;f__Staphylococcaceae;g__Staphylococcus,temperate
R_T2109198882:k119_2796_length_36620_cov_593.3158	Viruses;Duplodnaviria;Heunggongvirae;Uroviricota;Caudoviricetes;;,d__Bacteria;p__Bacillota;c__Bacilli;o__Staphylococcales;f__Staphylococcaceae;g__Staphylococcus,temperate
R_T2109198882:k119_1761_length_31252_cov_186.0273	Viruses;Duplodnaviria;Heunggongvirae;Uroviricota;Caudoviricetes;;,d__Bacteria;p__Bacillota;c__Bacilli;o__Staphylococcales;f__Staphylococcaceae;g__Staphylococcus,temperate
R_T2109198882:k119_2736_length_15102_cov_119.1123	Viruses;Duplodnaviria;Heunggongvirae;Uroviricota;Caudoviricetes;;,d__Bacteria;p__Bacillota;c__Bacilli;o__Staphylococcales;f__Staphylococcaceae;g__Staphylococcus,temperate
T2108174136:k141_397212_length_46753_cov_158.9292	Viruses;Duplodnaviria;Heunggongvirae;Uroviricota;Caudoviricetes;;,d__Bacteria;p__Actinomycetota;c__Actinomycetes;o__Mycobacteriales;f__Mycobacteriaceae;g__Corynebacterium,temperate
T2108174136:k141_118030_length_29392_cov_133.0529	Viruses;Duplodnaviria;Heunggongvirae;Uroviricota;Caudoviricetes;;,d__Bacteria;p__Actinomycetota;c__Actinomycetes;o__Mycobacteriales;f__Mycobacteriaceae;g__Corynebacterium,temperate
T2108174136:k141_285578_length_29329_cov_118.6928	Viruses;Duplodnaviria;Heunggongvirae;Uroviricota;Caudoviricetes;;Autographiviridae,NA,virulent
T2108174136:k141_273864_length_17317_cov_111.9696	Viruses;Duplodnaviria;Heunggongvirae;Uroviricota;Caudoviricetes;;Rountreeviridae,d__Bacteria;p__Bacillota;c__Bacilli;o__Staphylococcales;f__Staphylococcaceae;g__Staphylococcus,virulent
T2108174136:k141_381540_length_15669_cov_556.7114	Viruses;Duplodnaviria;Heunggongvirae;Uroviricota;Caudoviricetes;;,d__Bacteria;p__Bacillota;c__Bacilli;o__Staphylococcales;f__Staphylococcaceae;g__Staphylococcus,temperate
T2108174136:k141_348484_length_15080_cov_92.0062	Viruses;Duplodnaviria;Heunggongvirae;Uroviricota;Caudoviricetes;;,d__Bacteria;p__Actinomycetota;c__Actinomycetes;o__Mycobacteriales;f__Mycobacteriaceae;g__Corynebacterium,temperate
T2109199002:k141_25426_length_46615_cov_405.9919	Viruses;Duplodnaviria;Heunggongvirae;Uroviricota;Caudoviricetes;;,d__Bacteria;p__Bacillota;c__Bacilli;o__Staphylococcales;f__Staphylococcaceae;g__Staphylococcus,virulent
T2109199002:k141_20276_length_37545_cov_1290.2227	Viruses;Duplodnaviria;Heunggongvirae;Uroviricota;Caudoviricetes;;,d__Bacteria;p__Bacillota;c__Bacilli;o__Lactobacillales;f__Enterococcaceae;g__Enterococcus_F,temperate
T2109199002:k141_26872_length_26350_cov_908.0232	Viruses;Duplodnaviria;Heunggongvirae;Uroviricota;Caudoviricetes;;,d__Bacteria;p__Bacillota;c__Bacilli;o__Staphylococcales;f__Staphylococcaceae;g__Staphylococcus,temperate
R_T2109198927:k119_1086_length_72569_cov_1541.8168	NA,d__Bacteria;p__Bacillota;c__Bacilli;o__Bacillales;f__Bacillaceae_G;g__Bacillus_A,temperate
R_T2109198927:k119_4762_length_50874_cov_2064.7495	NA,d__Bacteria;p__Bacillota;c__Bacilli;o__Staphylococcales;f__Staphylococcaceae;g__Staphylococcus,temperate
R_T2109198927:k119_6393_length_17067_cov_2097.6082	Viruses;Duplodnaviria;Heunggongvirae;Uroviricota;Caudoviricetes;;,d__Bacteria;p__Bacillota;c__Bacilli;o__Staphylococcales;f__Staphylococcaceae;g__Mammaliicoccus,temperate
MET0708:k119_8392_length_15148_cov_1160.0000	Viruses;Duplodnaviria;Heunggongvirae;Uroviricota;Caudoviricetes;;,d__Bacteria;p__Actinomycetota;c__Actinomycetes;o__Mycobacteriales;f__Mycobacteriaceae;g__Corynebacterium,virulent
T2108173920:k141_276626_length_17123_cov_82.0000	Viruses;Duplodnaviria;Heunggongvirae;Uroviricota;Caudoviricetes;;Rountreeviridae,d__Bacteria;p__Bacillota;c__Bacilli;o__Staphylococcales;f__Staphylococcaceae;g__Staphylococcus,virulent
T2108173920:k141_676446_length_10805_cov_120.3664	Viruses;Duplodnaviria;Heunggongvirae;Uroviricota;Caudoviricetes;;Rountreeviridae,d__Bacteria;p__Bacillota;c__Bacilli;o__Staphylococcales;f__Staphylococcaceae;g__Staphylococcus,temperate
T2109198883:k141_90407_length_54905_cov_586.1048	NA,d__Bacteria;p__Bacillota;c__Bacilli;o__Bacillales;f__Bacillaceae_G;g__Bacillus_A,temperate
T2109198964:k141_6730_length_10380_cov_366.3516	Viruses;Duplodnaviria;Heunggongvirae;Uroviricota;Caudoviricetes;;,d__Bacteria;p__Bacillota;c__Bacilli;o__Staphylococcales;f__Staphylococcaceae;g__Staphylococcus,temperate
1111525849755546:k141_233160_length_15223_cov_65.6493	Viruses;Duplodnaviria;Heunggongvirae;Uroviricota;Caudoviricetes;;,d__Bacteria;p__Bacillota;c__Bacilli;o__Staphylococcales;f__Staphylococcaceae;g__Staphylococcus,temperate
T2109198865:k141_17784_length_32070_cov_3070.3040	Viruses;Duplodnaviria;Heunggongvirae;Uroviricota;Caudoviricetes;;,d__Bacteria;p__Bacillota;c__Bacilli;o__Staphylococcales;f__Staphylococcaceae;g__Staphylococcus,temperate
T2109198865:k141_56860_length_16642_cov_56.0000	Viruses;Duplodnaviria;Heunggongvirae;Uroviricota;Caudoviricetes;;,d__Bacteria;p__Actinomycetota;c__Actinomycetes;o__Propionibacteriales;f__Propionibacteriaceae;g__Cutibacterium,virulent
1111525849748616:k141_436807_length_23439_cov_100.0000	Viruses;Duplodnaviria;Heunggongvirae;Uroviricota;Caudoviricetes;;,d__Bacteria;p__Bacillota;c__Bacilli;o__Staphylococcales;f__Staphylococcaceae;g__Staphylococcus,temperate
1111525849857264:k141_2467447_length_29805_cov_96.0000	Viruses;Duplodnaviria;Heunggongvirae;Uroviricota;Caudoviricetes;;,d__Bacteria;p__Actinomycetota;c__Actinomycetes;o__Propionibacteriales;f__Propionibacteriaceae;g__Cutibacterium,virulent
1111525849766067:k141_101613_length_15386_cov_77.0000	Viruses;Duplodnaviria;Heunggongvirae;Uroviricota;Caudoviricetes;;,NA,temperate
1111525849664457:k141_341239_length_18204_cov_140.0000	Viruses;Duplodnaviria;Heunggongvirae;Uroviricota;Caudoviricetes;;Rountreeviridae,d__Bacteria;p__Bacillota;c__Bacilli;o__Staphylococcales;f__Staphylococcaceae;g__Staphylococcus,virulent
1111525849664457:k141_381916_length_15265_cov_134.8212	Viruses;Duplodnaviria;Heunggongvirae;Uroviricota;Caudoviricetes;;,d__Bacteria;p__Bacillota;c__Bacilli;o__Staphylococcales;f__Staphylococcaceae;g__Staphylococcus,temperate
1111525849664457:k141_154170_length_10566_cov_80.9659	Viruses;Duplodnaviria;Heunggongvirae;Uroviricota;Caudoviricetes;;,d__Bacteria;p__Bacillota;c__Bacilli;o__Staphylococcales;f__Staphylococcaceae;g__Staphylococcus,temperate
1111525849857543:k141_555686_length_29777_cov_84.7387	Viruses;Duplodnaviria;Heunggongvirae;Uroviricota;Caudoviricetes;;,d__Bacteria;p__Actinomycetota;c__Actinomycetes;o__Propionibacteriales;f__Propionibacteriaceae;g__Cutibacterium,virulent
1111525849860954:k141_1512275_length_5865_cov_142.0000	Viruses;Monodnaviria;Loebvirae;Hofneiviricota;Faserviricetes;Tubulavirales;Inoviridae,d__Bacteria;p__Pseudomonadota;c__Gammaproteobacteria;o__Burkholderiales;f__Neisseriaceae;g__Neisseria,virulent
T2109198991:k141_7674_length_29056_cov_266.9689	Viruses;Duplodnaviria;Heunggongvirae;Uroviricota;Caudoviricetes;;,d__Bacteria;p__Bacillota;c__Bacilli;o__Staphylococcales;f__Staphylococcaceae;g__Staphylococcus,temperate
1111525849861548:k141_409915_length_7095_cov_35.0000	Viruses;Monodnaviria;Loebvirae;Hofneiviricota;Faserviricetes;Tubulavirales;Inoviridae,d__Bacteria;p__Pseudomonadota;c__Gammaproteobacteria;o__Pseudomonadales;f__Pseudomonadaceae;g__Pseudomonas_B,virulent
T2109198955:k141_19078_length_46537_cov_15454.0000	Viruses;Duplodnaviria;Heunggongvirae;Uroviricota;Caudoviricetes;;,d__Bacteria;p__Bacillota;c__Bacilli;o__Staphylococcales;f__Staphylococcaceae;g__Staphylococcus,temperate
T2109198955:k141_70566_length_41125_cov_1225.3723	Viruses;Duplodnaviria;Heunggongvirae;Uroviricota;Caudoviricetes;;,d__Bacteria;p__Bacillota;c__Bacilli;o__Staphylococcales;f__Staphylococcaceae;g__Staphylococcus,temperate
T2109198874:k141_1267_length_33195_cov_518.6020	Viruses;Duplodnaviria;Heunggongvirae;Uroviricota;Caudoviricetes;;,d__Bacteria;p__Pseudomonadota;c__Gammaproteobacteria;o__Pseudomonadales;f__Moraxellaceae;g__Moraxella_A,temperate
T2109198874:k141_22052_length_32719_cov_62.8097	Viruses;Duplodnaviria;Heunggongvirae;Uroviricota;Caudoviricetes;;,d__Bacteria;p__Bacillota;c__Bacilli;o__Bacillales;f__Bacillaceae_G;g__Bacillus_A,temperate
1111525849670478:k141_1015201_length_13858_cov_41.0000	Viruses;Duplodnaviria;Heunggongvirae;Uroviricota;Caudoviricetes;;,d__Bacteria;p__Bacillota;c__Bacilli;o__Staphylococcales;f__Staphylococcaceae;g__Staphylococcus,temperate
MET0353:k119_8876_length_38473_cov_159.4409	Viruses;Duplodnaviria;Heunggongvirae;Uroviricota;Caudoviricetes;;,d__Bacteria;p__Bacteroidota;c__Bacteroidia;o__Bacteroidales;f__Bacteroidaceae;g__Bacteroides,temperate
MET0353:k119_105630_length_36229_cov_186.0822	Viruses;Duplodnaviria;Heunggongvirae;Uroviricota;Caudoviricetes;;,d__Bacteria;p__Actinomycetota;c__Actinomycetes;o__Mycobacteriales;f__Mycobacteriaceae;g__Corynebacterium,temperate
MET0353:k119_38669_length_32039_cov_114.2575	Viruses;Duplodnaviria;Heunggongvirae;Uroviricota;Caudoviricetes;;,d__Bacteria;p__Pseudomonadota;c__Gammaproteobacteria;o__Burkholderiales;f__Neisseriaceae;g__Neisseria,temperate
T2108174060:k141_281059_length_17102_cov_229.1299	Viruses;Duplodnaviria;Heunggongvirae;Uroviricota;Caudoviricetes;;Rountreeviridae,d__Bacteria;p__Bacillota;c__Bacilli;o__Staphylococcales;f__Staphylococcaceae;g__Staphylococcus,virulent
T2108174105:k141_1717442_length_29386_cov_132.0000	Viruses;Duplodnaviria;Heunggongvirae;Uroviricota;Caudoviricetes;;,d__Bacteria;p__Actinomycetota;c__Actinomycetes;o__Propionibacteriales;f__Propionibacteriaceae;g__Cutibacterium,virulent
T2108174105:k141_17249_length_22626_cov_193.8811	Viruses;Duplodnaviria;Heunggongvirae;Uroviricota;Caudoviricetes;;,d__Bacteria;p__Bacillota;c__Bacilli;o__Staphylococcales;f__Staphylococcaceae;g__Staphylococcus,temperate
T2108174105:k141_838517_length_14752_cov_38.0000	Viruses;Duplodnaviria;Heunggongvirae;Uroviricota;Caudoviricetes;;,d__Bacteria;p__Actinomycetota;c__Actinomycetes;o__Mycobacteriales;f__Mycobacteriaceae;g__Corynebacterium,virulent
MET0074:k119_760_length_29272_cov_1036.2182	Viruses;Duplodnaviria;Heunggongvirae;Uroviricota;Caudoviricetes;;,d__Bacteria;p__Actinomycetota;c__Actinomycetes;o__Propionibacteriales;f__Propionibacteriaceae;g__Cutibacterium,virulent
MET0290:k119_1567_length_29380_cov_155.6928	Viruses;Duplodnaviria;Heunggongvirae;Uroviricota;Caudoviricetes;;,d__Bacteria;p__Actinomycetota;c__Actinomycetes;o__Propionibacteriales;f__Propionibacteriaceae;g__Cutibacterium,virulent
T2108174006:k141_426630_length_55112_cov_96.8619	Viruses;Duplodnaviria;Heunggongvirae;Uroviricota;Caudoviricetes;;,NA,virulent
T2108174006:k141_93689_length_43163_cov_78.0000	Viruses;Duplodnaviria;Heunggongvirae;Uroviricota;Caudoviricetes;;,d__Bacteria;p__Actinomycetota;c__Actinomycetes;o__Actinomycetales;f__Actinomycetaceae;g__Actinomyces,temperate
T2108174006:k141_257041_length_33877_cov_80.6469	Viruses;Duplodnaviria;Heunggongvirae;Uroviricota;Caudoviricetes;;,d__Bacteria;p__Bacteroidota;c__Bacteroidia;o__Flavobacteriales;f__Weeksellaceae;g__Kaistella,virulent
T2108174006:k141_175805_length_30612_cov_97.3787	Viruses;Duplodnaviria;Heunggongvirae;Uroviricota;Caudoviricetes;;,d__Bacteria;p__Pseudomonadota;c__Gammaproteobacteria;o__Pseudomonadales;f__Moraxellaceae;g__Moraxella_A,virulent
T2108174006:k141_305846_length_28329_cov_44.0000	Viruses;Duplodnaviria;Heunggongvirae;Uroviricota;Caudoviricetes;;,d__Bacteria;p__Actinomycetota;c__Actinomycetes;o__Mycobacteriales;f__Mycobacteriaceae;g__Corynebacterium,temperate
T2108174006:k141_423907_length_27979_cov_219.0042	Viruses;Duplodnaviria;Heunggongvirae;Uroviricota;Caudoviricetes;;,d__Bacteria;p__Actinomycetota;c__Actinomycetes;o__Propionibacteriales;f__Propionibacteriaceae;g__Cutibacterium,virulent
T2108174006:k141_5648_length_27001_cov_187.1827	Viruses;Duplodnaviria;Heunggongvirae;Uroviricota;Caudoviricetes;;,d__Bacteria;p__Pseudomonadota;c__Gammaproteobacteria;o__Pseudomonadales;f__Moraxellaceae;g__Moraxella_A,temperate
T2108174006:k141_186676_length_25188_cov_82.4732	Viruses;Duplodnaviria;Heunggongvirae;Uroviricota;Caudoviricetes;;,d__Bacteria;p__Bacillota;c__Clostridia;o__Tissierellales;f__Peptoniphilaceae;g__Finegoldia,temperate
T2108174006:k141_95683_length_20765_cov_97.0000	Viruses;Duplodnaviria;Heunggongvirae;Uroviricota;Caudoviricetes;;,d__Bacteria;p__Bacillota;c__Clostridia;o__Tissierellales;f__Peptoniphilaceae;g__Finegoldia,temperate
T2108174006:k141_291679_length_19108_cov_126.5399	Viruses;Duplodnaviria;Heunggongvirae;Uroviricota;Caudoviricetes;;,d__Bacteria;p__Actinomycetota;c__Actinomycetes;o__Actinomycetales;f__Actinomycetaceae;g__Actinomyces,virulent
T2108174006:k141_12810_length_14908_cov_59.9616	Viruses;Duplodnaviria;Heunggongvirae;Uroviricota;Caudoviricetes;;,NA,virulent
T2108174006:k141_247307_length_9186_cov_76.8151	Viruses;Duplodnaviria;Heunggongvirae;Uroviricota;Caudoviricetes;;,d__Bacteria;p__Bacillota;c__Bacilli;o__Lactobacillales;f__Streptococcaceae;g__Streptococcus,temperate
T2108174006:k141_28761_length_6778_cov_35.0000	Viruses;Duplodnaviria;Heunggongvirae;Uroviricota;Caudoviricetes;;,d__Bacteria;p__Bacillota;c__Bacilli;o__Lactobacillales;f__Streptococcaceae;g__Streptococcus,temperate
R_T2109198914:k119_4896_length_49953_cov_22097.2370	Viruses;Duplodnaviria;Heunggongvirae;Uroviricota;Caudoviricetes;;,NA,virulent
R_T2109198914:k119_12993_length_36949_cov_1454.4198	Viruses;Duplodnaviria;Heunggongvirae;Uroviricota;Caudoviricetes;;,d__Bacteria;p__Pseudomonadota;c__Gammaproteobacteria;o__Enterobacterales;f__Enterobacteriaceae;g__Klebsiella,virulent
R_T2109198914:k119_1986_length_30735_cov_10.9935	Viruses;Duplodnaviria;Heunggongvirae;Uroviricota;Caudoviricetes;;,d__Bacteria;p__Pseudomonadota;c__Gammaproteobacteria;o__Pseudomonadales;f__Moraxellaceae;g__Acinetobacter,temperate
R_T2109198914:k119_8679_length_8851_cov_54.3832	Viruses;Duplodnaviria;Heunggongvirae;Uroviricota;Caudoviricetes;;,d__Bacteria;p__Bacillota;c__Bacilli;o__Staphylococcales;f__Staphylococcaceae;g__Staphylococcus,temperate
R_T2109198914:k119_15609_length_7772_cov_13.9321	Viruses;Monodnaviria;Loebvirae;Hofneiviricota;Faserviricetes;Tubulavirales;Inoviridae,d__Bacteria;p__Pseudomonadota;c__Gammaproteobacteria;o__Pseudomonadales;f__Moraxellaceae;g__Acinetobacter,virulent
MET0137:k119_1807_length_29327_cov_200.8631	Viruses;Duplodnaviria;Heunggongvirae;Uroviricota;Caudoviricetes;;,d__Bacteria;p__Bacillota;c__Bacilli;o__Lactobacillales;f__Carnobacteriaceae;g__Alloiococcus,temperate
MET0137:k119_2186_length_20530_cov_1013.0074	Viruses;Duplodnaviria;Heunggongvirae;Uroviricota;Caudoviricetes;;,d__Bacteria;p__Bacillota;c__Bacilli;o__Lactobacillales;f__Carnobacteriaceae;g__Alloiococcus,temperate
MET0056:k119_5205_length_20678_cov_175.5455	Viruses;Duplodnaviria;Heunggongvirae;Uroviricota;Caudoviricetes;;,d__Bacteria;p__Actinomycetota;c__Actinomycetes;o__Mycobacteriales;f__Mycobacteriaceae;g__Corynebacterium,virulent
T2108174042:k141_2121543_length_28957_cov_135.7658	Viruses;Duplodnaviria;Heunggongvirae;Uroviricota;Caudoviricetes;;Zobellviridae,NA,virulent
MET0254:k119_5269_length_29156_cov_1880.0000	Viruses;Duplodnaviria;Heunggongvirae;Uroviricota;Caudoviricetes;;,d__Bacteria;p__Actinomycetota;c__Actinomycetes;o__Propionibacteriales;f__Propionibacteriaceae;g__Cutibacterium,virulent
R_T2109198905:k119_7750_length_63288_cov_10.9918	Viruses;Duplodnaviria;Heunggongvirae;Uroviricota;Caudoviricetes;;,d__Bacteria;p__Bacillota;c__Bacilli;o__Bacillales;f__Bacillaceae_G;g__Bacillus_A,temperate
R_T2109198905:k119_8455_length_62365_cov_1866.0300	Viruses;Duplodnaviria;Heunggongvirae;Uroviricota;Caudoviricetes;;,NA,virulent
R_T2109198905:k119_6131_length_42515_cov_27.9745	Viruses;Duplodnaviria;Heunggongvirae;Uroviricota;Caudoviricetes;;,d__Bacteria;p__Pseudomonadota;c__Gammaproteobacteria;o__Pseudomonadales;f__Moraxellaceae;g__Acinetobacter,virulent
R_T2109198905:k119_5751_length_29943_cov_75.5716	Viruses;Duplodnaviria;Heunggongvirae;Uroviricota;Caudoviricetes;;,d__Bacteria;p__Actinomycetota;c__Actinomycetes;o__Propionibacteriales;f__Propionibacteriaceae;g__Cutibacterium,virulent
R_T2109198941:k119_6411_length_44849_cov_38.0000	Viruses;Duplodnaviria;Heunggongvirae;Uroviricota;Caudoviricetes;;,d__Bacteria;p__Bacillota;c__Bacilli;o__Bacillales;f__Bacillaceae_G;g__Bacillus_A,temperate
R_T2109198941:k119_8290_length_41835_cov_46.0000	Viruses;Duplodnaviria;Heunggongvirae;Uroviricota;Caudoviricetes;;,d__Bacteria;p__Bacillota;c__Bacilli;o__Bacillales;f__Bacillaceae_G;g__Bacillus_A,virulent
R_T2109198941:k119_7705_length_30842_cov_26.9831	Viruses;Duplodnaviria;Heunggongvirae;Uroviricota;Caudoviricetes;;,d__Bacteria;p__Bacillota;c__Bacilli;o__Staphylococcales;f__Staphylococcaceae;g__Staphylococcus,temperate
R_T2109198941:k119_2627_length_19774_cov_110.7705	Viruses;Duplodnaviria;Heunggongvirae;Uroviricota;Caudoviricetes;;,NA,temperate
T2108174114:k141_261966_length_44324_cov_128.6350	Viruses;Duplodnaviria;Heunggongvirae;Uroviricota;Caudoviricetes;;,d__Bacteria;p__Actinomycetota;c__Actinomycetes;o__Mycobacteriales;f__Mycobacteriaceae;g__Corynebacterium,temperate
T2108174114:k141_577651_length_42552_cov_252.1243	Viruses;Duplodnaviria;Heunggongvirae;Uroviricota;Caudoviricetes;;,d__Bacteria;p__Bacillota;c__Bacilli;o__Staphylococcales;f__Staphylococcaceae;g__Staphylococcus,temperate
T2108174114:k141_108386_length_33716_cov_92.5372	Viruses;Duplodnaviria;Heunggongvirae;Uroviricota;Caudoviricetes;;,d__Bacteria;p__Bacillota;c__Clostridia;o__Tissierellales;f__Peptoniphilaceae;g__Finegoldia,temperate
T2108174114:k141_320573_length_22081_cov_85.7929	Viruses;Duplodnaviria;Heunggongvirae;Uroviricota;Caudoviricetes;;,d__Bacteria;p__Bacillota;c__Clostridia;o__Tissierellales;f__Peptoniphilaceae;g__Finegoldia,temperate
MET0227:k119_326_length_14689_cov_94.7419	Viruses;Duplodnaviria;Heunggongvirae;Uroviricota;Caudoviricetes;;,d__Bacteria;p__Actinomycetota;c__Actinomycetes;o__Mycobacteriales;f__Mycobacteriaceae;g__Corynebacterium,virulent
MET0308:k119_7197_length_35224_cov_403.7704	Viruses;Duplodnaviria;Heunggongvirae;Uroviricota;Caudoviricetes;;,NA,temperate
MET1037:k141_7405_length_43026_cov_317.0000	Viruses;Duplodnaviria;Heunggongvirae;Uroviricota;Caudoviricetes;;,d__Bacteria;p__Bacillota;c__Bacilli;o__Staphylococcales;f__Staphylococcaceae;g__Staphylococcus,temperate
MET1037:k141_10294_length_17011_cov_579.0000	Viruses;Duplodnaviria;Heunggongvirae;Uroviricota;Caudoviricetes;;Rountreeviridae,d__Bacteria;p__Bacillota;c__Bacilli;o__Staphylococcales;f__Staphylococcaceae;g__Staphylococcus,virulent
T2107172018:k141_282147_length_19461_cov_72.0000	Viruses;Duplodnaviria;Heunggongvirae;Uroviricota;Caudoviricetes;;,NA,temperate
T2107172018:k141_412698_length_16235_cov_369.0053	Viruses;Duplodnaviria;Heunggongvirae;Uroviricota;Caudoviricetes;;,d__Bacteria;p__Bacillota;c__Bacilli;o__Staphylococcales;f__Staphylococcaceae;g__Staphylococcus,temperate
T2108174132:k141_638117_length_43800_cov_1257.0000	Viruses;Duplodnaviria;Heunggongvirae;Uroviricota;Caudoviricetes;;,d__Bacteria;p__Bacillota;c__Bacilli;o__Staphylococcales;f__Staphylococcaceae;g__Staphylococcus,temperate
DS1912042243-1:k141_125800_length_20388_cov_84.0000	Viruses;Duplodnaviria;Heunggongvirae;Uroviricota;Caudoviricetes;;,d__Bacteria;p__Pseudomonadota;c__Gammaproteobacteria;o__Burkholderiales;f__Burkholderiaceae;g__Comamonas,temperate
MET0182:k119_930_length_31167_cov_493.6824	Viruses;Duplodnaviria;Heunggongvirae;Uroviricota;Caudoviricetes;;,d__Bacteria;p__Actinomycetota;c__Actinomycetes;o__Mycobacteriales;f__Mycobacteriaceae;g__Corynebacterium,temperate
MET0182:k119_9863_length_27559_cov_776.6176	Viruses;Duplodnaviria;Heunggongvirae;Uroviricota;Caudoviricetes;;,d__Bacteria;p__Actinomycetota;c__Actinomycetes;o__Mycobacteriales;f__Mycobacteriaceae;g__Corynebacterium,temperate
T2108173977:k141_1674350_length_53887_cov_68.0000	Viruses;Duplodnaviria;Heunggongvirae;Uroviricota;Caudoviricetes;;,NA,virulent
T2108173977:k141_98186_length_31182_cov_73.0330	Viruses;Duplodnaviria;Heunggongvirae;Uroviricota;Caudoviricetes;;,d__Bacteria;p__Pseudomonadota;c__Alphaproteobacteria;o__Rhodobacterales;f__Rhodobacteraceae;g__Gemmobacter,temperate
T2108173977:k141_1802321_length_27045_cov_72.6334	Viruses;Duplodnaviria;Heunggongvirae;Uroviricota;Caudoviricetes;;,NA,temperate
T2108173977:k141_225802_length_21307_cov_100.2012	Viruses;Duplodnaviria;Heunggongvirae;Uroviricota;Caudoviricetes;;,d__Bacteria;p__Pseudomonadota;c__Gammaproteobacteria;o__Enterobacterales;f__Enterobacteriaceae;g__Cronobacter,temperate
T2108173977:k141_1211914_length_18851_cov_75.6657	Viruses;Duplodnaviria;Heunggongvirae;Uroviricota;Caudoviricetes;;,d__Bacteria;p__Actinomycetota;c__Actinomycetes;o__Actinomycetales;f__Actinomycetaceae;g__Actinomyces,virulent
T2108173977:k141_474150_length_16955_cov_45.6955	Viruses;Duplodnaviria;Heunggongvirae;Uroviricota;Caudoviricetes;;Rountreeviridae,NA,virulent
T2108173977:k141_955618_length_16513_cov_219.3518	Viruses;Duplodnaviria;Heunggongvirae;Uroviricota;Caudoviricetes;;,NA,virulent
T2108173977:k141_1438028_length_3620_cov_22.4815	Viruses;Monodnaviria;Loebvirae;Hofneiviricota;Faserviricetes;Tubulavirales;Inoviridae,d__Bacteria;p__Pseudomonadota;c__Gammaproteobacteria;o__Pseudomonadales;f__Pseudomonadaceae;g__Pseudomonas,virulent
DSKIN0046-1:k141_23841_length_31601_cov_226.9328	Viruses;Duplodnaviria;Heunggongvirae;Uroviricota;Caudoviricetes;;,d__Bacteria;p__Pseudomonadota;c__Gammaproteobacteria;o__Burkholderiales;f__Burkholderiaceae;g__Comamonas,virulent
1111525849475912:k141_219380_length_55514_cov_558.0000	Viruses;Duplodnaviria;Heunggongvirae;Uroviricota;Caudoviricetes;;Casjensviridae,d__Bacteria;p__Pseudomonadota;c__Gammaproteobacteria;o__Xanthomonadales;f__Xanthomonadaceae;g__Solilutibacter,virulent
1111525849475912:k141_106553_length_49698_cov_195.7992	Viruses;Duplodnaviria;Heunggongvirae;Uroviricota;Caudoviricetes;;,d__Bacteria;p__Pseudomonadota;c__Gammaproteobacteria;o__Burkholderiales;f__Burkholderiaceae;g__Variovorax,virulent
1111525849475912:k141_171404_length_39618_cov_106.9248	Viruses;Duplodnaviria;Heunggongvirae;Uroviricota;Caudoviricetes;;,d__Bacteria;p__Pseudomonadota;c__Alphaproteobacteria;o__Sphingomonadales;f__Sphingomonadaceae;g__Blastomonas,temperate
1111525849475912:k141_77060_length_25727_cov_148.1619	Viruses;Duplodnaviria;Heunggongvirae;Uroviricota;Caudoviricetes;;,NA,temperate
1111525849475912:k141_103318_length_20761_cov_91.0000	Viruses;Duplodnaviria;Heunggongvirae;Uroviricota;Caudoviricetes;;,d__Bacteria;p__Pseudomonadota;c__Gammaproteobacteria;o__Burkholderiales;f__Burkholderiaceae;g__Variovorax,virulent
1111525849475912:k141_181318_length_20591_cov_134.0663	Viruses;Duplodnaviria;Heunggongvirae;Uroviricota;Caudoviricetes;;,d__Bacteria;p__Pseudomonadota;c__Alphaproteobacteria;o__Caulobacterales;f__Caulobacteraceae;g__Brevundimonas,temperate
1111525849486442:k141_62752_length_47613_cov_147.6842	Viruses;Duplodnaviria;Heunggongvirae;Uroviricota;Caudoviricetes;;,d__Bacteria;p__Pseudomonadota;c__Gammaproteobacteria;o__Pseudomonadales;f__Moraxellaceae;g__Acinetobacter,virulent
1111525849486442:k141_207319_length_32177_cov_165.9181	Viruses;Duplodnaviria;Heunggongvirae;Uroviricota;Caudoviricetes;;,d__Bacteria;p__Bacteroidota;c__Bacteroidia;o__Flavobacteriales;f__Weeksellaceae;g__Elizabethkingia,virulent
1111525849486442:k141_138034_length_25854_cov_238.0554	Viruses;Duplodnaviria;Heunggongvirae;Uroviricota;Caudoviricetes;;,d__Bacteria;p__Bacteroidota;c__Bacteroidia;o__Flavobacteriales;f__Weeksellaceae;g__Elizabethkingia,temperate
1111525849486442:k141_175672_length_23457_cov_160.0026	Viruses;Duplodnaviria;Heunggongvirae;Uroviricota;Caudoviricetes;;,d__Bacteria;p__Pseudomonadota;c__Gammaproteobacteria;o__Enterobacterales;f__Enterobacteriaceae;g__Serratia,temperate
1111525849486442:k141_341675_length_22421_cov_140.0000	Viruses;Duplodnaviria;Heunggongvirae;Uroviricota;Caudoviricetes;;,d__Bacteria;p__Pseudomonadota;c__Gammaproteobacteria;o__Xanthomonadales;f__Xanthomonadaceae;g__Stenotrophomonas,temperate
T2108173995:k141_922027_length_35682_cov_92.8356	Viruses;Duplodnaviria;Heunggongvirae;Uroviricota;Caudoviricetes;;,d__Bacteria;p__Actinomycetota;c__Actinomycetes;o__Propionibacteriales;f__Propionibacteriaceae;g__Cutibacterium,temperate
T2109199077:k141_7983_length_44664_cov_632.4865	Viruses;Duplodnaviria;Heunggongvirae;Uroviricota;Caudoviricetes;;,d__Bacteria;p__Bacillota;c__Bacilli;o__Staphylococcales;f__Staphylococcaceae;g__Staphylococcus,temperate
T2109199077:k141_12347_length_40023_cov_15152.9893	NA,d__Bacteria;p__Bacillota;c__Bacilli;o__Staphylococcales;f__Staphylococcaceae;g__Staphylococcus,temperate
T2109199077:k141_36897_length_35824_cov_426.7949	Viruses;Duplodnaviria;Heunggongvirae;Uroviricota;Caudoviricetes;;,d__Bacteria;p__Bacillota;c__Bacilli;o__Staphylococcales;f__Staphylococcaceae;g__Staphylococcus,temperate
T2109199077:k141_42100_length_33997_cov_374.3121	Viruses;Duplodnaviria;Heunggongvirae;Uroviricota;Caudoviricetes;;,d__Bacteria;p__Bacillota;c__Bacilli;o__Staphylococcales;f__Staphylococcaceae;g__Staphylococcus,virulent
T2109199077:k141_31827_length_33741_cov_862.8686	Viruses;Duplodnaviria;Heunggongvirae;Uroviricota;Caudoviricetes;;,d__Bacteria;p__Bacillota;c__Bacilli;o__Staphylococcales;f__Staphylococcaceae;g__Staphylococcus,temperate
T2109199077:k141_13431_length_28881_cov_856.2728	Viruses;Duplodnaviria;Heunggongvirae;Uroviricota;Caudoviricetes;;,d__Bacteria;p__Bacillota;c__Bacilli;o__Staphylococcales;f__Staphylococcaceae;g__Staphylococcus,temperate
T2109199158:k141_17929_length_40924_cov_64.0827	Viruses;Duplodnaviria;Heunggongvirae;Uroviricota;Caudoviricetes;;,d__Bacteria;p__Bacillota;c__Bacilli;o__Staphylococcales;f__Staphylococcaceae;g__Staphylococcus,temperate
1111525849770374:k141_328683_length_8892_cov_126.9717	Viruses;Duplodnaviria;Heunggongvirae;Uroviricota;Caudoviricetes;;,d__Bacteria;p__Actinomycetota;c__Actinomycetes;o__Mycobacteriales;f__Mycobacteriaceae;g__Corynebacterium,virulent
T2108173878:k141_93908_length_45442_cov_175.5774	Viruses;Duplodnaviria;Heunggongvirae;Uroviricota;Caudoviricetes;;,d__Bacteria;p__Bacillota;c__Bacilli;o__Staphylococcales;f__Staphylococcaceae;g__Staphylococcus,temperate
1111525849772552:k141_59576_length_34704_cov_48.9880	Viruses;Duplodnaviria;Heunggongvirae;Uroviricota;Caudoviricetes;;,d__Bacteria;p__Bacillota;c__Bacilli;o__Staphylococcales;f__Staphylococcaceae;g__Staphylococcus,temperate
T2108173986:k141_449778_length_24186_cov_120.9939	Viruses;Duplodnaviria;Heunggongvirae;Uroviricota;Caudoviricetes;;,d__Bacteria;p__Actinomycetota;c__Actinomycetes;o__Propionibacteriales;f__Propionibacteriaceae;g__Cutibacterium,virulent
T2109199149:k141_31131_length_40712_cov_184.4849	Viruses;Duplodnaviria;Heunggongvirae;Uroviricota;Caudoviricetes;;,d__Bacteria;p__Bacillota;c__Bacilli;o__Staphylococcales;f__Staphylococcaceae;g__Staphylococcus,temperate
T2109199068:k141_42121_length_140476_cov_5729.0891	Viruses;Duplodnaviria;Heunggongvirae;Uroviricota;Caudoviricetes;;Herelleviridae,d__Bacteria;p__Bacillota;c__Bacilli;o__Staphylococcales;f__Staphylococcaceae;g__Staphylococcus,virulent
T2108173869:k141_257739_length_115436_cov_272.0000	Viruses;Duplodnaviria;Heunggongvirae;Uroviricota;Caudoviricetes;;Demerecviridae,NA,virulent
T2108173869:k141_3518_length_45318_cov_137.9451	Viruses;Duplodnaviria;Heunggongvirae;Uroviricota;Caudoviricetes;;,NA,virulent
T2108173869:k141_37268_length_43082_cov_375.0000	Viruses;Duplodnaviria;Heunggongvirae;Uroviricota;Caudoviricetes;;,d__Bacteria;p__Pseudomonadota;c__Gammaproteobacteria;o__Pseudomonadales;f__Pseudomonadaceae;g__Metapseudomonas,virulent
T2108173869:k141_13551_length_37410_cov_158.1164	Viruses;Duplodnaviria;Heunggongvirae;Uroviricota;Caudoviricetes;;,d__Bacteria;p__Pseudomonadota;c__Gammaproteobacteria;o__Pseudomonadales;f__Moraxellaceae;g__Moraxella_A,temperate
T2108173869:k141_194281_length_29341_cov_139.9238	Viruses;Duplodnaviria;Heunggongvirae;Uroviricota;Caudoviricetes;;,d__Bacteria;p__Actinomycetota;c__Actinomycetes;o__Propionibacteriales;f__Propionibacteriaceae;g__Cutibacterium,virulent
T2108173869:k141_308090_length_17079_cov_112.5636	Viruses;Duplodnaviria;Heunggongvirae;Uroviricota;Caudoviricetes;;Rountreeviridae,NA,virulent
T2109198870:k141_138409_length_10378_cov_240.5156	Viruses;Duplodnaviria;Heunggongvirae;Uroviricota;Caudoviricetes;;,d__Bacteria;p__Bacillota;c__Bacilli;o__Staphylococcales;f__Staphylococcaceae;g__Staphylococcus,temperate
T2109198870:k141_33127_length_8608_cov_7459.2780	Viruses;Duplodnaviria;Heunggongvirae;Uroviricota;Caudoviricetes;;,d__Bacteria;p__Bacillota;c__Bacilli;o__Staphylococcales;f__Staphylococcaceae;g__Staphylococcus,temperate
T2109198951:k141_28938_length_11678_cov_742.2857	Viruses;Duplodnaviria;Heunggongvirae;Uroviricota;Caudoviricetes;;,d__Bacteria;p__Bacillota;c__Bacilli;o__Staphylococcales;f__Staphylococcaceae;g__Staphylococcus,temperate
1111525849644833:k141_113251_length_10019_cov_373.8137	Viruses;Duplodnaviria;Heunggongvirae;Uroviricota;Caudoviricetes;;,d__Bacteria;p__Pseudomonadota;c__Alphaproteobacteria;o__Rhodobacterales;f__Rhodobacteraceae;g__QY30,virulent
T2109199086:k141_23075_length_11613_cov_35532.0000	Viruses;Duplodnaviria;Heunggongvirae;Uroviricota;Caudoviricetes;;,d__Bacteria;p__Bacillota;c__Bacilli;o__Staphylococcales;f__Staphylococcaceae;g__Staphylococcus,temperate
T2108173968:k141_146388_length_29101_cov_90.3608	Viruses;Duplodnaviria;Heunggongvirae;Uroviricota;Caudoviricetes;;,d__Bacteria;p__Actinomycetota;c__Actinomycetes;o__Mycobacteriales;f__Mycobacteriaceae;g__Corynebacterium,virulent
T2108173887:k141_450830_length_65763_cov_70.0000	Viruses;Duplodnaviria;Heunggongvirae;Uroviricota;Caudoviricetes;;,d__Bacteria;p__Actinomycetota;c__Actinomycetes;o__Mycobacteriales;f__Mycobacteriaceae;g__Corynebacterium,virulent
T2108173887:k141_409838_length_54071_cov_62.2139	Viruses;Duplodnaviria;Heunggongvirae;Uroviricota;Caudoviricetes;;,NA,temperate
T2109198915:k141_40667_length_39077_cov_486.1060	Viruses;Duplodnaviria;Heunggongvirae;Uroviricota;Caudoviricetes;;,d__Bacteria;p__Bacillota;c__Bacilli;o__Staphylococcales;f__Staphylococcaceae;g__Staphylococcus,temperate
T2109198915:k141_42090_length_28846_cov_100.0000	Viruses;Duplodnaviria;Heunggongvirae;Uroviricota;Caudoviricetes;;,d__Bacteria;p__Actinomycetota;c__Actinomycetes;o__Actinomycetales;f__Micrococcaceae;g__Rothia,virulent
T2109198915:k141_83766_length_23145_cov_91.2617	Viruses;Duplodnaviria;Heunggongvirae;Uroviricota;Caudoviricetes;;,d__Bacteria;p__Bacillota;c__Bacilli;o__Bacillales;f__Bacillaceae_G;g__Bacillus_A,temperate
T2109198915:k141_10020_length_21844_cov_68.9436	Viruses;Duplodnaviria;Heunggongvirae;Uroviricota;Caudoviricetes;;,d__Bacteria;p__Bacillota;c__Bacilli;o__Bacillales;f__Bacillaceae_G;g__Bacillus_A,temperate
MET0757:k119_11918_length_14196_cov_564.4624	Viruses;Duplodnaviria;Heunggongvirae;Uroviricota;Caudoviricetes;;,d__Bacteria;p__Bacillota;c__Bacilli;o__Staphylococcales;f__Staphylococcaceae;g__Staphylococcus,temperate
T2108174068:k141_6641_length_29391_cov_2358.0000	Viruses;Duplodnaviria;Heunggongvirae;Uroviricota;Caudoviricetes;;,d__Bacteria;p__Actinomycetota;c__Actinomycetes;o__Propionibacteriales;f__Propionibacteriaceae;g__Cutibacterium,virulent
T2109199015:k141_33684_length_42680_cov_11804.0000	Viruses;Duplodnaviria;Heunggongvirae;Uroviricota;Caudoviricetes;;,d__Bacteria;p__Bacillota;c__Bacilli;o__Staphylococcales;f__Staphylococcaceae;g__Staphylococcus,temperate
T2109199015:k141_5140_length_34533_cov_50.8735	Viruses;Duplodnaviria;Heunggongvirae;Uroviricota;Caudoviricetes;;,d__Bacteria;p__Actinomycetota;c__Actinomycetes;o__Actinomycetales;f__Micrococcaceae;g__Rothia,temperate
T2107171972:k141_488724_length_39946_cov_79.0000	Viruses;Duplodnaviria;Heunggongvirae;Uroviricota;Caudoviricetes;;,NA,virulent
T2107171972:k141_371585_length_18304_cov_245.4762	Viruses;Duplodnaviria;Heunggongvirae;Uroviricota;Caudoviricetes;;,d__Bacteria;p__Actinomycetota;c__Actinomycetes;o__Propionibacteriales;f__Propionibacteriaceae;g__Cutibacterium,virulent
T2107171972:k141_1100778_length_16953_cov_133.0000	Viruses;Duplodnaviria;Heunggongvirae;Uroviricota;Caudoviricetes;;,NA,virulent
T2109199051:k141_13661_length_40676_cov_146.2531	Viruses;Duplodnaviria;Heunggongvirae;Uroviricota;Caudoviricetes;;,d__Bacteria;p__Bacillota;c__Bacilli;o__Staphylococcales;f__Staphylococcaceae;g__Staphylococcus,temperate
T2109199051:k141_32019_length_31432_cov_66.1460	Viruses;Duplodnaviria;Heunggongvirae;Uroviricota;Caudoviricetes;;,d__Bacteria;p__Pseudomonadota;c__Gammaproteobacteria;o__Enterobacterales;f__Enterobacteriaceae;g__Atlantibacter,temperate
1111525849633314:k141_567332_length_16336_cov_71.0240	Viruses;Duplodnaviria;Heunggongvirae;Uroviricota;Caudoviricetes;;Rountreeviridae,d__Bacteria;p__Bacillota;c__Bacilli;o__Staphylococcales;f__Staphylococcaceae;g__Staphylococcus,virulent
T2109199033:k141_84505_length_26495_cov_1092.1946	Viruses;Duplodnaviria;Heunggongvirae;Uroviricota;Caudoviricetes;;,d__Bacteria;p__Bacillota;c__Bacilli;o__Staphylococcales;f__Staphylococcaceae;g__Staphylococcus,temperate
T2108173915:k141_1070765_length_6064_cov_167.6637	Viruses;Monodnaviria;Loebvirae;Hofneiviricota;Faserviricetes;Tubulavirales;Inoviridae,d__Bacteria;p__Pseudomonadota;c__Gammaproteobacteria;o__Pseudomonadales;f__Moraxellaceae;g__Acinetobacter,temperate
1111525849771023:k141_1028500_length_7492_cov_317.3808	Viruses;Duplodnaviria;Heunggongvirae;Uroviricota;Caudoviricetes;;,d__Bacteria;p__Bacillota;c__Bacilli;o__Staphylococcales;f__Staphylococcaceae;g__Staphylococcus,virulent
T2107171990:k141_62620_length_18570_cov_378.8919	Viruses;Duplodnaviria;Heunggongvirae;Uroviricota;Caudoviricetes;;,d__Bacteria;p__Pseudomonadota;c__Gammaproteobacteria;o__Pseudomonadales;f__Moraxellaceae;g__Acinetobacter,temperate
DP1808006743:k119_21027_length_21087_cov_949.0000	Viruses;Duplodnaviria;Heunggongvirae;Uroviricota;Caudoviricetes;;,d__Bacteria;p__Actinomycetota;c__Actinomycetes;o__Propionibacteriales;f__Propionibacteriaceae;g__Cutibacterium,virulent
T2109199150:k141_9573_length_27436_cov_225.3814	Viruses;Duplodnaviria;Heunggongvirae;Uroviricota;Caudoviricetes;;,d__Bacteria;p__Bacillota;c__Bacilli;o__Staphylococcales;f__Staphylococcaceae;g__Staphylococcus,temperate
T2108173870:k141_143763_length_48227_cov_268.4529	Viruses;Duplodnaviria;Heunggongvirae;Uroviricota;Caudoviricetes;;,NA,virulent
T2108173870:k141_104443_length_46232_cov_249.2313	Viruses;Duplodnaviria;Heunggongvirae;Uroviricota;Caudoviricetes;;,NA,virulent
T2108173870:k141_126340_length_44142_cov_1293.0294	Viruses;Duplodnaviria;Heunggongvirae;Uroviricota;Caudoviricetes;;,NA,temperate
T2108173951:k141_15946_length_29793_cov_4865.0000	Viruses;Duplodnaviria;Heunggongvirae;Uroviricota;Caudoviricetes;;,d__Bacteria;p__Actinomycetota;c__Actinomycetes;o__Propionibacteriales;f__Propionibacteriaceae;g__Cutibacterium,virulent
T2108173951:k141_229275_length_17151_cov_252.6046	Viruses;Duplodnaviria;Heunggongvirae;Uroviricota;Caudoviricetes;;Rountreeviridae,d__Bacteria;p__Bacillota;c__Bacilli;o__Staphylococcales;f__Staphylococcaceae;g__Staphylococcus,virulent
T2108174077:k141_272890_length_329697_cov_155.1660	NA,NA,virulent
T2108174077:k141_80783_length_52843_cov_751.6634	Viruses;Duplodnaviria;Heunggongvirae;Uroviricota;Caudoviricetes;;,d__Bacteria;p__Actinomycetota;c__Actinomycetes;o__Mycobacteriales;f__Mycobacteriaceae;g__Corynebacterium,virulent
T2108174077:k141_82838_length_39506_cov_492.9335	Viruses;Duplodnaviria;Heunggongvirae;Uroviricota;Caudoviricetes;;,d__Bacteria;p__Actinomycetota;c__Actinomycetes;o__Mycobacteriales;f__Mycobacteriaceae;g__Corynebacterium,virulent
T2108174077:k141_403062_length_15910_cov_372.5617	Viruses;Duplodnaviria;Heunggongvirae;Uroviricota;Caudoviricetes;;,d__Bacteria;p__Actinomycetota;c__Actinomycetes;o__Mycobacteriales;f__Mycobacteriaceae;g__Corynebacterium,virulent
T2108174077:k141_755116_length_11637_cov_187.7387	Viruses;Duplodnaviria;Heunggongvirae;Uroviricota;Caudoviricetes;;,d__Bacteria;p__Bacillota;c__Bacilli;o__Staphylococcales;f__Staphylococcaceae;g__Staphylococcus,temperate
DP1807004494:k119_81428_length_33606_cov_715.0214	Viruses;Duplodnaviria;Heunggongvirae;Uroviricota;Caudoviricetes;;,NA,virulent
T2108173906:k141_1356590_length_37212_cov_149.9598	Viruses;Duplodnaviria;Heunggongvirae;Uroviricota;Caudoviricetes;;,d__Bacteria;p__Pseudomonadota;c__Gammaproteobacteria;o__Pseudomonadales;f__Moraxellaceae;g__Moraxella_A,virulent
T2108173906:k141_100057_length_29383_cov_161.2748	Viruses;Duplodnaviria;Heunggongvirae;Uroviricota;Caudoviricetes;;,d__Bacteria;p__Pseudomonadota;c__Gammaproteobacteria;o__Pseudomonadales;f__Moraxellaceae;g__Moraxella_A,temperate
T2108173906:k141_805823_length_24070_cov_2205.1308	Viruses;Duplodnaviria;Heunggongvirae;Uroviricota;Caudoviricetes;;,d__Bacteria;p__Actinomycetota;c__Actinomycetes;o__Propionibacteriales;f__Propionibacteriaceae;g__Cutibacterium,temperate
T2108173906:k141_585974_length_16339_cov_1804.2986	Viruses;Duplodnaviria;Heunggongvirae;Uroviricota;Caudoviricetes;;,d__Bacteria;p__Actinomycetota;c__Actinomycetes;o__Propionibacteriales;f__Propionibacteriaceae;g__Cutibacterium,virulent
DP1808006851:k119_28400_length_26588_cov_462.1273	Viruses;Duplodnaviria;Heunggongvirae;Uroviricota;Caudoviricetes;;,NA,virulent
DP1808006851:k119_79069_length_24831_cov_450.0000	Viruses;Duplodnaviria;Heunggongvirae;Uroviricota;Caudoviricetes;;,NA,virulent
1111525849645140:k141_376966_length_21971_cov_69.0000	Viruses;Duplodnaviria;Heunggongvirae;Uroviricota;Caudoviricetes;;,d__Bacteria;p__Pseudomonadota;c__Alphaproteobacteria;o__Caulobacterales;f__Caulobacteraceae;g__Brevundimonas,temperate
1111525849645140:k141_119623_length_15230_cov_47.1311	Viruses;Duplodnaviria;Heunggongvirae;Uroviricota;Caudoviricetes;;,d__Bacteria;p__Bacillota;c__Bacilli;o__Staphylococcales;f__Staphylococcaceae;g__Staphylococcus,temperate
1111525849645140:k141_282827_length_7795_cov_67.0071	Viruses;Duplodnaviria;Heunggongvirae;Uroviricota;Caudoviricetes;;,d__Bacteria;p__Pseudomonadota;c__Alphaproteobacteria;o__Caulobacterales;f__Caulobacteraceae;g__Brevundimonas,virulent
T2109199060:k141_39825_length_8010_cov_2522.2805	Viruses;Duplodnaviria;Heunggongvirae;Uroviricota;Caudoviricetes;;,d__Bacteria;p__Bacillota;c__Bacilli;o__Staphylococcales;f__Staphylococcaceae;g__Staphylococcus,temperate
MET0487:k119_66853_length_26178_cov_70.9463	Viruses;Duplodnaviria;Heunggongvirae;Uroviricota;Caudoviricetes;;,NA,temperate
1111525849650090:k141_133164_length_13354_cov_70.0000	Viruses;Duplodnaviria;Heunggongvirae;Uroviricota;Caudoviricetes;;,d__Bacteria;p__Pseudomonadota;c__Alphaproteobacteria;o__Caulobacterales;f__Caulobacteraceae;g__Brevundimonas,temperate
T2107171963:k141_26841_length_29328_cov_12522.0000	Viruses;Duplodnaviria;Heunggongvirae;Uroviricota;Caudoviricetes;;,d__Bacteria;p__Actinomycetota;c__Actinomycetes;o__Propionibacteriales;f__Propionibacteriaceae;g__Cutibacterium,virulent
T2107171963:k141_341585_length_27194_cov_124.1989	Viruses;Duplodnaviria;Heunggongvirae;Uroviricota;Caudoviricetes;;,d__Bacteria;p__Pseudomonadota;c__Gammaproteobacteria;o__Pseudomonadales;f__Moraxellaceae;g__Moraxella_A,virulent
T2109199123:k141_74536_length_33983_cov_327.0252	Viruses;Duplodnaviria;Heunggongvirae;Uroviricota;Caudoviricetes;;,d__Bacteria;p__Bacillota;c__Bacilli;o__Staphylococcales;f__Staphylococcaceae;g__Staphylococcus,temperate
T2109199042:k141_37673_length_11290_cov_39.0000	Viruses;Duplodnaviria;Heunggongvirae;Uroviricota;Caudoviricetes;;,d__Bacteria;p__Bacillota;c__Bacilli;o__Staphylococcales;f__Staphylococcaceae;g__Staphylococcus,temperate
T2108173924:k141_147593_length_40753_cov_71.0000	Viruses;Duplodnaviria;Heunggongvirae;Uroviricota;Caudoviricetes;;,NA,temperate
T2108173924:k141_444289_length_40200_cov_70.0000	Viruses;Duplodnaviria;Heunggongvirae;Uroviricota;Caudoviricetes;;,d__Bacteria;p__Bacillota;c__Clostridia;o__Tissierellales;f__Peptoniphilaceae;g__Anaerococcus,temperate
T2108173924:k141_307253_length_9632_cov_45.0000	Viruses;Duplodnaviria;Heunggongvirae;Uroviricota;Caudoviricetes;;Rountreeviridae,d__Bacteria;p__Bacillota;c__Bacilli;o__Staphylococcales;f__Staphylococcaceae;g__Staphylococcus,virulent
T2109199006:k141_42740_length_24523_cov_84.0000	NA,d__Bacteria;p__Pseudomonadota;c__Gammaproteobacteria;o__Pseudomonadales;f__Moraxellaceae;g__Moraxella_A,temperate
T2109199006:k141_32525_length_17804_cov_37.0000	Viruses;Duplodnaviria;Heunggongvirae;Uroviricota;Caudoviricetes;;,d__Bacteria;p__Pseudomonadota;c__Gammaproteobacteria;o__Pseudomonadales;f__Moraxellaceae;g__Moraxella_A,temperate
DP1808006752:k119_45107_length_20314_cov_194.0000	Viruses;Duplodnaviria;Heunggongvirae;Uroviricota;Caudoviricetes;;,NA,temperate
T2108173960:k141_1514040_length_50119_cov_206.2190	Viruses;Duplodnaviria;Heunggongvirae;Uroviricota;Caudoviricetes;Crassvirales;,NA,virulent
T2108173960:k141_295742_length_31575_cov_91.4722	Viruses;Duplodnaviria;Heunggongvirae;Uroviricota;Caudoviricetes;;,d__Bacteria;p__Actinomycetota;c__Actinomycetes;o__Actinomycetales;f__Bifidobacteriaceae;g__Bifidobacterium,temperate
1111525849485991:k141_1785301_length_26604_cov_211.8503	Viruses;Duplodnaviria;Heunggongvirae;Uroviricota;Caudoviricetes;;Autographiviridae,NA,virulent
1111525849485991:k141_986262_length_20491_cov_20.0000	Viruses;Duplodnaviria;Heunggongvirae;Uroviricota;Caudoviricetes;;,d__Bacteria;p__Bacillota;c__Clostridia;o__Tissierellales;f__Peptoniphilaceae;g__Anaerococcus,temperate
1111525849479196:k141_2682436_length_15828_cov_83.9327	Viruses;Duplodnaviria;Heunggongvirae;Uroviricota;Caudoviricetes;;,d__Bacteria;p__Actinomycetota;c__Actinomycetes;o__Mycobacteriales;f__Mycobacteriaceae;g__Corynebacterium,virulent
1111525849479196:k141_2067714_length_14384_cov_70.8870	Viruses;Duplodnaviria;Heunggongvirae;Uroviricota;Caudoviricetes;;,d__Bacteria;p__Bacillota;c__Bacilli;o__Lactobacillales;f__Streptococcaceae;g__Streptococcus,temperate
1111525849479196:k141_2787498_length_13259_cov_19.0000	Viruses;Duplodnaviria;Heunggongvirae;Uroviricota;Caudoviricetes;;,d__Bacteria;p__Actinomycetota;c__Actinomycetes;o__Actinomycetales;f__Actinomycetaceae;g__Actinomyces,virulent
1111525849479196:k141_669384_length_9731_cov_115.8401	Viruses;Duplodnaviria;Heunggongvirae;Uroviricota;Caudoviricetes;;,d__Bacteria;p__Bacillota;c__Negativicutes;o__Veillonellales;f__Veillonellaceae;g__Veillonella,temperate
1111525849742797:k141_125248_length_26656_cov_213.1439	Viruses;Duplodnaviria;Heunggongvirae;Uroviricota;Caudoviricetes;;,d__Bacteria;p__Bacillota;c__Bacilli;o__Staphylococcales;f__Staphylococcaceae;g__Staphylococcus,temperate
1111525849478566:k141_74534_length_11251_cov_58.0000	Viruses;Duplodnaviria;Heunggongvirae;Uroviricota;Caudoviricetes;;Rountreeviridae,d__Bacteria;p__Bacillota;c__Bacilli;o__Staphylococcales;f__Staphylococcaceae;g__Staphylococcus,virulent
T2109198869:k141_84310_length_30355_cov_253.4535	Viruses;Duplodnaviria;Heunggongvirae;Uroviricota;Caudoviricetes;;,d__Bacteria;p__Bacillota;c__Bacilli;o__Staphylococcales;f__Staphylococcaceae;g__Staphylococcus,temperate
T2109198869:k141_90858_length_28394_cov_593.8156	Viruses;Duplodnaviria;Heunggongvirae;Uroviricota;Caudoviricetes;;,d__Bacteria;p__Bacillota;c__Bacilli;o__Staphylococcales;f__Staphylococcaceae;g__Staphylococcus,temperate
T2109198869:k141_108444_length_8327_cov_2721.0092	Viruses;Duplodnaviria;Heunggongvirae;Uroviricota;Caudoviricetes;;,d__Bacteria;p__Bacillota;c__Bacilli;o__Staphylococcales;f__Staphylococcaceae;g__Staphylococcus,virulent
T2109198986:k141_11253_length_29532_cov_194.0000	Viruses;Duplodnaviria;Heunggongvirae;Uroviricota;Caudoviricetes;;,d__Bacteria;p__Bacillota;c__Bacilli;o__Staphylococcales;f__Staphylococcaceae;g__Staphylococcus,temperate
T2109198986:k141_24559_length_23176_cov_70.7362	Viruses;Duplodnaviria;Heunggongvirae;Uroviricota;Caudoviricetes;;,d__Bacteria;p__Pseudomonadota;c__Gammaproteobacteria;o__Pseudomonadales;f__Moraxellaceae;g__Acinetobacter,virulent
1111525849649755:k141_1035786_length_13257_cov_175.5372	Viruses;Duplodnaviria;Heunggongvirae;Uroviricota;Caudoviricetes;;,d__Bacteria;p__Bacillota;c__Bacilli;o__Staphylococcales;f__Staphylococcaceae;g__Staphylococcus,temperate
T2107172010:k141_326468_length_26937_cov_86.9043	Viruses;Duplodnaviria;Heunggongvirae;Uroviricota;Caudoviricetes;;,d__Bacteria;p__Pseudomonadota;c__Gammaproteobacteria;o__Pseudomonadales;f__Moraxellaceae;g__Moraxella_A,temperate
T2107172010:k141_329763_length_17321_cov_65.0000	Viruses;Duplodnaviria;Heunggongvirae;Uroviricota;Caudoviricetes;;,d__Bacteria;p__Pseudomonadota;c__Gammaproteobacteria;o__Enterobacterales;f__Enterobacteriaceae;g__Enterobacter,temperate
1111525849478953:k141_351164_length_27185_cov_205.5238	Viruses;Duplodnaviria;Heunggongvirae;Uroviricota;Caudoviricetes;;,d__Bacteria;p__Actinomycetota;c__Actinomycetes;o__Propionibacteriales;f__Propionibacteriaceae;g__Cutibacterium,virulent
1111525849486576:k141_594663_length_40887_cov_112.5016	Viruses;Duplodnaviria;Heunggongvirae;Uroviricota;Caudoviricetes;;,d__Bacteria;p__Pseudomonadota;c__Gammaproteobacteria;o__Xanthomonadales;f__Xanthomonadaceae;g__CU05unknown9,virulent
T2109198977:k141_21853_length_42443_cov_888.1099	Viruses;Duplodnaviria;Heunggongvirae;Uroviricota;Caudoviricetes;;,d__Bacteria;p__Bacillota;c__Bacilli;o__Staphylococcales;f__Staphylococcaceae;g__Staphylococcus,temperate
T2109198977:k141_17271_length_29311_cov_108.9156	Viruses;Duplodnaviria;Heunggongvirae;Uroviricota;Caudoviricetes;;,d__Bacteria;p__Bacillota;c__Bacilli;o__Staphylococcales;f__Staphylococcaceae;g__Staphylococcus,temperate
T2109198977:k141_28021_length_26180_cov_77.7813	Viruses;Duplodnaviria;Heunggongvirae;Uroviricota;Caudoviricetes;;,d__Bacteria;p__Bacillota;c__Bacilli;o__Staphylococcales;f__Staphylococcaceae;g__Staphylococcus,temperate
T2109198977:k141_17502_length_25209_cov_229.3667	Viruses;Duplodnaviria;Heunggongvirae;Uroviricota;Caudoviricetes;;,d__Bacteria;p__Bacillota;c__Bacilli;o__Staphylococcales;f__Staphylococcaceae;g__Staphylococcus,temperate
1111525849478674:k141_89715_length_56010_cov_77.9504	Viruses;Duplodnaviria;Heunggongvirae;Uroviricota;Caudoviricetes;;,d__Bacteria;p__Pseudomonadota;c__Gammaproteobacteria;o__Burkholderiales;f__Burkholderiaceae;g__Comamonas,virulent
1111525849478674:k141_443689_length_36127_cov_96.0000	Viruses;Duplodnaviria;Heunggongvirae;Uroviricota;Caudoviricetes;;,NA,virulent
T2109198959:k141_54632_length_17392_cov_315.0000	Viruses;Duplodnaviria;Heunggongvirae;Uroviricota;Caudoviricetes;;,d__Bacteria;p__Bacillota;c__Bacilli;o__Bacillales;f__Bacillaceae_G;g__Bacillus_A,temperate
T2109198995:k141_14068_length_54897_cov_143.8312	Viruses;Duplodnaviria;Heunggongvirae;Uroviricota;Caudoviricetes;;,d__Bacteria;p__Bacillota;c__Bacilli;o__Bacillales;f__Bacillaceae_G;g__Bacillus_A,virulent
T2109198995:k141_45321_length_29192_cov_473.6395	Viruses;Duplodnaviria;Heunggongvirae;Uroviricota;Caudoviricetes;;,d__Bacteria;p__Bacillota;c__Bacilli;o__Staphylococcales;f__Staphylococcaceae;g__Staphylococcus,temperate
T2108174040:k141_116345_length_29817_cov_600.0704	Viruses;Duplodnaviria;Heunggongvirae;Uroviricota;Caudoviricetes;;,d__Bacteria;p__Actinomycetota;c__Actinomycetes;o__Propionibacteriales;f__Propionibacteriaceae;g__Cutibacterium,virulent
T2108174040:k141_111778_length_24742_cov_1110.6871	Viruses;Duplodnaviria;Heunggongvirae;Uroviricota;Caudoviricetes;;,d__Bacteria;p__Actinomycetota;c__Actinomycetes;o__Propionibacteriales;f__Propionibacteriaceae;g__Cutibacterium,virulent
T2107172007:k141_298442_length_35389_cov_76.0000	Viruses;Duplodnaviria;Heunggongvirae;Uroviricota;Caudoviricetes;;,NA,temperate
T2107172007:k141_274082_length_29075_cov_201.0000	Viruses;Duplodnaviria;Heunggongvirae;Uroviricota;Caudoviricetes;;,d__Bacteria;p__Actinomycetota;c__Actinomycetes;o__Propionibacteriales;f__Propionibacteriaceae;g__Cutibacterium,virulent
T2107172007:k141_1627544_length_28655_cov_68.9693	Viruses;Duplodnaviria;Heunggongvirae;Uroviricota;Caudoviricetes;;,NA,virulent
T2108174004:k141_25945_length_30828_cov_82.5834	Viruses;Duplodnaviria;Heunggongvirae;Uroviricota;Caudoviricetes;;,NA,temperate
T2108174004:k141_21106_length_29715_cov_1199.5172	Viruses;Duplodnaviria;Heunggongvirae;Uroviricota;Caudoviricetes;;,d__Bacteria;p__Actinomycetota;c__Actinomycetes;o__Propionibacteriales;f__Propionibacteriaceae;g__Cutibacterium,virulent
T2108174004:k141_32707_length_22984_cov_264.3630	Viruses;Duplodnaviria;Heunggongvirae;Uroviricota;Caudoviricetes;;,d__Bacteria;p__Actinomycetota;c__Actinomycetes;o__Mycobacteriales;f__Mycobacteriaceae;g__Lawsonella,virulent
T2108174004:k141_88119_length_20885_cov_194.0000	Viruses;Duplodnaviria;Heunggongvirae;Uroviricota;Caudoviricetes;;,d__Bacteria;p__Pseudomonadota;c__Gammaproteobacteria;o__Pseudomonadales;f__Moraxellaceae;g__Moraxella_A,temperate
MET0216:k119_11516_length_29679_cov_161.0000	Viruses;Duplodnaviria;Heunggongvirae;Uroviricota;Caudoviricetes;;,d__Bacteria;p__Actinomycetota;c__Actinomycetes;o__Propionibacteriales;f__Propionibacteriaceae;g__Cutibacterium,virulent
T2108174022:k141_348962_length_46493_cov_150.0662	Viruses;Duplodnaviria;Heunggongvirae;Uroviricota;Caudoviricetes;;,d__Bacteria;p__Actinomycetota;c__Actinomycetes;o__Mycobacteriales;f__Mycobacteriaceae;g__Corynebacterium,virulent
T2108174022:k141_271292_length_42623_cov_105.9259	Viruses;Duplodnaviria;Heunggongvirae;Uroviricota;Caudoviricetes;;,d__Bacteria;p__Bacillota;c__Bacilli;o__Staphylococcales;f__Staphylococcaceae;g__Staphylococcus,temperate
T2108174022:k141_125796_length_38851_cov_704.8283	Viruses;Duplodnaviria;Heunggongvirae;Uroviricota;Caudoviricetes;;,d__Bacteria;p__Pseudomonadota;c__Gammaproteobacteria;o__Pseudomonadales;f__Moraxellaceae;g__Moraxella_A,temperate
T2108174022:k141_261534_length_37769_cov_113.0000	Viruses;Duplodnaviria;Heunggongvirae;Uroviricota;Caudoviricetes;;,NA,temperate
T2108174022:k141_400950_length_36906_cov_631.2278	Viruses;Duplodnaviria;Heunggongvirae;Uroviricota;Caudoviricetes;;,d__Bacteria;p__Actinomycetota;c__Actinomycetes;o__Mycobacteriales;f__Mycobacteriaceae;g__Corynebacterium,virulent
T2108174022:k141_469666_length_15279_cov_90.4172	Viruses;Duplodnaviria;Heunggongvirae;Uroviricota;Caudoviricetes;;,d__Bacteria;p__Bacillota;c__Clostridia;o__Lachnospirales;f__Lachnospiraceae;g__Mediterraneibacter,virulent
T2108174022:k141_112768_length_7195_cov_183.0000	Viruses;Monodnaviria;Loebvirae;Hofneiviricota;Faserviricetes;Tubulavirales;Inoviridae,d__Bacteria;p__Pseudomonadota;c__Gammaproteobacteria;o__Enterobacterales;f__Aeromonadaceae;g__Aeromonas,virulent
DP1806001272:k119_40246_length_29594_cov_6592.0839	Viruses;Duplodnaviria;Heunggongvirae;Uroviricota;Caudoviricetes;;,d__Bacteria;p__Actinomycetota;c__Actinomycetes;o__Propionibacteriales;f__Propionibacteriaceae;g__Cutibacterium,virulent
T2107172016:k141_127321_length_45135_cov_59.9230	Viruses;Duplodnaviria;Heunggongvirae;Uroviricota;Caudoviricetes;;,d__Bacteria;p__Actinomycetota;c__Actinomycetes;o__Actinomycetales;f__Actinomycetaceae;g__Actinomyces,temperate
T2107172016:k141_366649_length_41236_cov_82.7754	Viruses;Duplodnaviria;Heunggongvirae;Uroviricota;Caudoviricetes;;,d__Bacteria;p__Bacillota;c__Negativicutes;o__Veillonellales;f__Veillonellaceae;g__Veillonella,virulent
T2107172016:k141_877808_length_34851_cov_49.7487	Viruses;Duplodnaviria;Heunggongvirae;Uroviricota;Caudoviricetes;;,NA,virulent
MET1035:k141_3822_length_88289_cov_393.0000	Viruses;Duplodnaviria;Heunggongvirae;Uroviricota;Caudoviricetes;;Herelleviridae,NA,virulent
MET0207:k119_1825082_length_58099_cov_81.0752	Viruses;Duplodnaviria;Heunggongvirae;Uroviricota;Caudoviricetes;;,NA,virulent
MET0207:k119_1744124_length_40011_cov_47.0000	Viruses;Duplodnaviria;Heunggongvirae;Uroviricota;Caudoviricetes;;,NA,virulent
MET0207:k119_835080_length_27781_cov_44.7123	Viruses;Duplodnaviria;Heunggongvirae;Uroviricota;Caudoviricetes;;,d__Bacteria;p__Actinomycetota;c__Actinomycetes;o__Mycobacteriales;f__Mycobacteriaceae;g__Corynebacterium,temperate
MET0207:k119_2153438_length_18977_cov_110.6127	Viruses;Duplodnaviria;Heunggongvirae;Uroviricota;Caudoviricetes;;,d__Bacteria;p__Actinomycetota;c__Actinomycetes;o__Actinomycetales;f__Actinomycetaceae;g__Actinomyces,virulent
DP1807004331:k119_2992_length_22202_cov_977.0000	Viruses;Duplodnaviria;Heunggongvirae;Uroviricota;Caudoviricetes;;,d__Bacteria;p__Bacillota;c__Bacilli;o__Staphylococcales;f__Staphylococcaceae;g__Staphylococcus,temperate
T2108174112:k141_871249_length_27843_cov_81.0218	Viruses;Duplodnaviria;Heunggongvirae;Uroviricota;Caudoviricetes;;,d__Bacteria;p__Bacillota;c__Bacilli;o__Staphylococcales;f__Staphylococcaceae;g__Staphylococcus,virulent
T2108174112:k141_1334501_length_16966_cov_698.8749	Viruses;Duplodnaviria;Heunggongvirae;Uroviricota;Caudoviricetes;;Rountreeviridae,d__Bacteria;p__Bacillota;c__Bacilli;o__Staphylococcales;f__Staphylococcaceae;g__Staphylococcus,virulent
T2108174112:k141_557755_length_10477_cov_101.2280	Viruses;Duplodnaviria;Heunggongvirae;Uroviricota;Caudoviricetes;;,d__Bacteria;p__Bacillota;c__Bacilli;o__Lactobacillales;f__Streptococcaceae;g__Streptococcus,temperate
MET0162:k119_6353_length_11165_cov_149.0000	Viruses;Duplodnaviria;Heunggongvirae;Uroviricota;Caudoviricetes;;Rountreeviridae,d__Bacteria;p__Bacillota;c__Bacilli;o__Staphylococcales;f__Staphylococcaceae;g__Staphylococcus,virulent
DP1808006668:k119_10425_length_28120_cov_1027.0000	Viruses;Duplodnaviria;Heunggongvirae;Uroviricota;Caudoviricetes;;,d__Bacteria;p__Pseudomonadota;c__Gammaproteobacteria;o__Pseudomonadales;f__Moraxellaceae;g__Moraxella_A,virulent
T2108173876:k141_244209_length_36247_cov_115.1304	Viruses;Duplodnaviria;Heunggongvirae;Uroviricota;Caudoviricetes;;,d__Bacteria;p__Bacillota;c__Clostridia;o__Tissierellales;f__Peptoniphilaceae;g__Anaerococcus,temperate
1111525849663614:k141_414211_length_36293_cov_745.1166	Viruses;Duplodnaviria;Heunggongvirae;Uroviricota;Caudoviricetes;;,d__Bacteria;p__Actinomycetota;c__Actinomycetes;o__Mycobacteriales;f__Mycobacteriaceae;g__Corynebacterium,temperate
1111525849663614:k141_842585_length_33586_cov_103.0000	Viruses;Duplodnaviria;Heunggongvirae;Uroviricota;Caudoviricetes;;,NA,virulent
1111525849663614:k141_1142408_length_19647_cov_64.5964	Viruses;Duplodnaviria;Heunggongvirae;Uroviricota;Caudoviricetes;;,d__Bacteria;p__Pseudomonadota;c__Gammaproteobacteria;o__Enterobacterales;f__Enterobacteriaceae;g__Enterobacter,temperate
1111525849663614:k141_1659212_length_14863_cov_42.0029	Viruses;Duplodnaviria;Heunggongvirae;Uroviricota;Caudoviricetes;;,d__Bacteria;p__Actinomycetota;c__Actinomycetes;o__Mycobacteriales;f__Mycobacteriaceae;g__Corynebacterium,virulent
1111525849663614:k141_1792196_length_10403_cov_70.0000	Viruses;Duplodnaviria;Heunggongvirae;Uroviricota;Caudoviricetes;;,d__Bacteria;p__Bacillota;c__Bacilli;o__Staphylococcales;f__Staphylococcaceae;g__Staphylococcus,temperate
T2109198940:k141_28730_length_56363_cov_641.6868	Viruses;Duplodnaviria;Heunggongvirae;Uroviricota;Caudoviricetes;;,d__Bacteria;p__Bacillota;c__Bacilli;o__Staphylococcales;f__Staphylococcaceae;g__Staphylococcus,virulent
1111525849669230:k141_499921_length_33649_cov_87.0000	Viruses;Duplodnaviria;Heunggongvirae;Uroviricota;Caudoviricetes;;,d__Bacteria;p__Bacillota;c__Bacilli;o__Staphylococcales;f__Staphylococcaceae;g__Staphylococcus,temperate
T2109199039:k141_42332_length_32514_cov_16060.1364	Viruses;Duplodnaviria;Heunggongvirae;Uroviricota;Caudoviricetes;;,d__Bacteria;p__Bacillota;c__Bacilli;o__Lactobacillales;f__Enterococcaceae;g__Enterococcus_B,temperate
T2109199039:k141_17745_length_12207_cov_616.4678	Viruses;Duplodnaviria;Heunggongvirae;Uroviricota;Caudoviricetes;;,d__Bacteria;p__Bacillota;c__Bacilli;o__Staphylococcales;f__Staphylococcaceae;g__Staphylococcus,temperate
T2108173993:k141_251435_length_42292_cov_347.0732	Viruses;Duplodnaviria;Heunggongvirae;Uroviricota;Caudoviricetes;;,d__Bacteria;p__Bacillota;c__Bacilli;o__Staphylococcales;f__Staphylococcaceae;g__Staphylococcus,temperate
1111525849638540:k141_66980_length_22873_cov_122.0000	Viruses;Duplodnaviria;Heunggongvirae;Uroviricota;Caudoviricetes;;,d__Bacteria;p__Actinomycetota;c__Actinomycetes;o__Propionibacteriales;f__Propionibacteriaceae;g__Cutibacterium,virulent
SRR2005674:k99_2553_length_28668_cov_46.0000	Viruses;Duplodnaviria;Heunggongvirae;Uroviricota;Caudoviricetes;;,d__Bacteria;p__Bacillota;c__Bacilli;o__Staphylococcales;f__Staphylococcaceae;g__Staphylococcus,temperate
1111525849486260:k141_49670_length_44426_cov_341.0000	Viruses;Duplodnaviria;Heunggongvirae;Uroviricota;Caudoviricetes;;,d__Bacteria;p__Bacillota;c__Bacilli;o__Staphylococcales;f__Staphylococcaceae;g__Staphylococcus,temperate
1111525849486260:k141_157221_length_39556_cov_58.4680	Viruses;Duplodnaviria;Heunggongvirae;Uroviricota;Caudoviricetes;;,d__Bacteria;p__Bacillota;c__Bacilli;o__Lactobacillales;f__Lactobacillaceae;g__Lactobacillus,temperate
1111525849486260:k141_115765_length_32729_cov_85.4092	Viruses;Duplodnaviria;Heunggongvirae;Uroviricota;Caudoviricetes;;,d__Bacteria;p__Bacillota;c__Bacilli;o__Lactobacillales;f__Lactobacillaceae;g__Lactobacillus,temperate
1111525849486260:k141_93050_length_29607_cov_5409.0000	Viruses;Duplodnaviria;Heunggongvirae;Uroviricota;Caudoviricetes;;,d__Bacteria;p__Actinomycetota;c__Actinomycetes;o__Propionibacteriales;f__Propionibacteriaceae;g__Cutibacterium,virulent
1111525849486260:k141_190947_length_22007_cov_145.9528	Viruses;Duplodnaviria;Heunggongvirae;Uroviricota;Caudoviricetes;;,d__Bacteria;p__Actinomycetota;c__Actinomycetes;o__Propionibacteriales;f__Propionibacteriaceae;g__Cutibacterium,virulent
T2108173894:k141_72103_length_207280_cov_159.0000	Viruses;Duplodnaviria;Heunggongvirae;Uroviricota;Caudoviricetes;;,NA,virulent
T2108173894:k141_22806_length_56566_cov_99.6386	Viruses;Duplodnaviria;Heunggongvirae;Uroviricota;Caudoviricetes;;,NA,virulent
T2108173894:k141_201630_length_16130_cov_74.8195	Viruses;Duplodnaviria;Heunggongvirae;Uroviricota;Caudoviricetes;;,NA,virulent
T2108173975:k141_54792_length_44646_cov_141.2372	Viruses;Duplodnaviria;Heunggongvirae;Uroviricota;Caudoviricetes;;,d__Bacteria;p__Actinomycetota;c__Actinomycetes;o__Mycobacteriales;f__Mycobacteriaceae;g__Corynebacterium,virulent
T2109199174:k141_10489_length_28803_cov_177.8772	Viruses;Duplodnaviria;Heunggongvirae;Uroviricota;Caudoviricetes;;,d__Bacteria;p__Bacillota;c__Bacilli;o__Staphylococcales;f__Staphylococcaceae;g__Staphylococcus,temperate
1111525849742850:k141_2124012_length_38192_cov_64.0000	Viruses;Duplodnaviria;Heunggongvirae;Uroviricota;Caudoviricetes;;,d__Bacteria;p__Bacillota;c__Bacilli;o__Lactobacillales;f__Streptococcaceae;g__Streptococcus,temperate
T2109199093:k141_3235_length_24424_cov_7211.3723	Viruses;Duplodnaviria;Heunggongvirae;Uroviricota;Caudoviricetes;;,d__Bacteria;p__Bacillota;c__Bacilli;o__Staphylococcales;f__Staphylococcaceae;g__Staphylococcus,temperate
1111525849743147:k141_157315_length_25428_cov_75.0000	Viruses;Duplodnaviria;Heunggongvirae;Uroviricota;Caudoviricetes;;,d__Bacteria;p__Actinomycetota;c__Actinomycetes;o__Mycobacteriales;f__Mycobacteriaceae;g__Corynebacterium,temperate
T2107171978:k141_633848_length_49270_cov_85.3355	Viruses;Duplodnaviria;Heunggongvirae;Uroviricota;Caudoviricetes;;,d__Bacteria;p__Bacillota;c__Negativicutes;o__Veillonellales;f__Veillonellaceae;g__Veillonella,temperate
T2107171978:k141_187870_length_44681_cov_542.6673	Viruses;Duplodnaviria;Heunggongvirae;Uroviricota;Caudoviricetes;;,d__Bacteria;p__Actinomycetota;c__Actinomycetes;o__Mycobacteriales;f__Mycobacteriaceae;g__Corynebacterium,temperate
T2107171978:k141_362413_length_40173_cov_166.9917	Viruses;Duplodnaviria;Heunggongvirae;Uroviricota;Caudoviricetes;;,d__Bacteria;p__Bacillota;c__Clostridia;o__Tissierellales;f__Peptoniphilaceae;g__Anaerococcus,temperate
T2107171978:k141_278490_length_36904_cov_83.8035	Viruses;Duplodnaviria;Heunggongvirae;Uroviricota;Caudoviricetes;;,d__Bacteria;p__Actinomycetota;c__Actinomycetes;o__Actinomycetales;f__Brevibacteriaceae;g__Brevibacterium,virulent
T2107171978:k141_207556_length_31381_cov_166.8026	Viruses;Duplodnaviria;Heunggongvirae;Uroviricota;Caudoviricetes;;,d__Bacteria;p__Actinomycetota;c__Actinomycetes;o__Mycobacteriales;f__Mycobacteriaceae;g__Corynebacterium,virulent
T2107171978:k141_643594_length_30676_cov_70.9687	Viruses;Duplodnaviria;Heunggongvirae;Uroviricota;Caudoviricetes;;,NA,temperate
T2107171978:k141_78936_length_29611_cov_236.0000	Viruses;Duplodnaviria;Heunggongvirae;Uroviricota;Caudoviricetes;;,d__Bacteria;p__Actinomycetota;c__Actinomycetes;o__Propionibacteriales;f__Propionibacteriaceae;g__Cutibacterium,virulent
T2107171978:k141_564737_length_29556_cov_150.6379	Viruses;Duplodnaviria;Heunggongvirae;Uroviricota;Caudoviricetes;;,d__Bacteria;p__Actinomycetota;c__Actinomycetes;o__Mycobacteriales;f__Mycobacteriaceae;g__Corynebacterium,virulent
T2109198913:k141_1839_length_25055_cov_1981.2837	Viruses;Duplodnaviria;Heunggongvirae;Uroviricota;Caudoviricetes;;,d__Bacteria;p__Bacillota;c__Bacilli;o__Staphylococcales;f__Staphylococcaceae;g__Staphylococcus,temperate
T2109198913:k141_14344_length_22166_cov_7688.5587	Viruses;Duplodnaviria;Heunggongvirae;Uroviricota;Caudoviricetes;;,d__Bacteria;p__Bacillota;c__Bacilli;o__Staphylococcales;f__Staphylococcaceae;g__Staphylococcus,temperate
T2109198913:k141_9039_length_12476_cov_322.0000	Viruses;Duplodnaviria;Heunggongvirae;Uroviricota;Caudoviricetes;;,d__Bacteria;p__Bacillota;c__Bacilli;o__Staphylococcales;f__Staphylococcaceae;g__Staphylococcus,virulent
T2109198913:k141_47837_length_8246_cov_168.1390	Viruses;Varidnaviria;Bamfordvirae;Preplasmiviricota;Tectiliviricetes;Kalamavirales;Tectiviridae,d__Bacteria;p__Bacillota;c__Bacilli;o__Bacillales;f__Bacillaceae_G;g__Bacillus_A,temperate
T2108173966:k141_140384_length_41028_cov_346.0259	Viruses;Duplodnaviria;Heunggongvirae;Uroviricota;Caudoviricetes;;,d__Bacteria;p__Bacillota;c__Bacilli;o__Staphylococcales;f__Staphylococcaceae;g__Staphylococcus,temperate
T2108173885:k141_991906_length_16591_cov_91.3085	Viruses;Duplodnaviria;Heunggongvirae;Uroviricota;Caudoviricetes;;,NA,virulent
T2109199084:k141_5573_length_8463_cov_8294.4283	Viruses;Duplodnaviria;Heunggongvirae;Uroviricota;Caudoviricetes;;,d__Bacteria;p__Bacillota;c__Bacilli;o__Staphylococcales;f__Staphylococcaceae;g__Staphylococcus,temperate
T2109199165:k141_69666_length_46271_cov_139.7210	Viruses;Duplodnaviria;Heunggongvirae;Uroviricota;Caudoviricetes;;,d__Bacteria;p__Bacillota;c__Bacilli;o__Staphylococcales;f__Staphylococcaceae;g__Staphylococcus,temperate
T2109199165:k141_17075_length_39733_cov_1279.2783	Viruses;Duplodnaviria;Heunggongvirae;Uroviricota;Caudoviricetes;;,d__Bacteria;p__Bacillota;c__Bacilli;o__Staphylococcales;f__Staphylococcaceae;g__Staphylococcus,virulent
T2109199165:k141_11270_length_29981_cov_4708.0730	Viruses;Duplodnaviria;Heunggongvirae;Uroviricota;Caudoviricetes;;,d__Bacteria;p__Bacillota;c__Bacilli;o__Staphylococcales;f__Staphylococcaceae;g__Staphylococcus,temperate
T2109199048:k141_20273_length_48952_cov_7489.0000	Viruses;Duplodnaviria;Heunggongvirae;Uroviricota;Caudoviricetes;;,d__Bacteria;p__Pseudomonadota;c__Gammaproteobacteria;o__Enterobacterales;f__Enterobacteriaceae;g__Klebsiella,virulent
T2109199048:k141_10763_length_34250_cov_7067.6005	Viruses;Duplodnaviria;Heunggongvirae;Uroviricota;Caudoviricetes;;,d__Bacteria;p__Pseudomonadota;c__Gammaproteobacteria;o__Pseudomonadales;f__Pseudomonadaceae;g__Pseudomonas_E,temperate
1111525849484253:k141_691879_length_46310_cov_113.0000	Viruses;Duplodnaviria;Heunggongvirae;Uroviricota;Caudoviricetes;;,d__Bacteria;p__Pseudomonadota;c__Gammaproteobacteria;o__Burkholderiales;f__Burkholderiaceae;g__Variovorax,virulent
T2109199129:k141_20798_length_44457_cov_1704.1922	Viruses;Duplodnaviria;Heunggongvirae;Uroviricota;Caudoviricetes;;,d__Bacteria;p__Bacillota;c__Bacilli;o__Staphylococcales;f__Staphylococcaceae;g__Staphylococcus,temperate
T2109199129:k141_58964_length_30298_cov_637.1827	Viruses;Duplodnaviria;Heunggongvirae;Uroviricota;Caudoviricetes;;,d__Bacteria;p__Bacillota;c__Bacilli;o__Staphylococcales;f__Staphylococcaceae;g__Staphylococcus,temperate
T2109199129:k141_10782_length_20421_cov_102.4367	Viruses;Duplodnaviria;Heunggongvirae;Uroviricota;Caudoviricetes;;,d__Bacteria;p__Bacillota;c__Bacilli;o__Staphylococcales;f__Staphylococcaceae;g__Staphylococcus,temperate
T2109198931:k141_193288_length_41382_cov_944.0000	Viruses;Duplodnaviria;Heunggongvirae;Uroviricota;Caudoviricetes;;,d__Bacteria;p__Bacillota;c__Bacilli;o__Bacillales;f__Bacillaceae_G;g__Bacillus_A,temperate
T2109198931:k141_139119_length_36835_cov_97.9154	Viruses;Duplodnaviria;Heunggongvirae;Uroviricota;Caudoviricetes;;,d__Bacteria;p__Bacillota;c__Bacilli;o__Staphylococcales;f__Staphylococcaceae;g__Staphylococcus,virulent
T2109198931:k141_67527_length_22514_cov_771.4054	Viruses;Duplodnaviria;Heunggongvirae;Uroviricota;Caudoviricetes;;,d__Bacteria;p__Bacillota;c__Bacilli;o__Staphylococcales;f__Staphylococcaceae;g__Staphylococcus,temperate
T2108173984:k141_128250_length_43427_cov_77.6779	Viruses;Duplodnaviria;Heunggongvirae;Uroviricota;Caudoviricetes;;,d__Bacteria;p__Bacteroidota;c__Bacteroidia;o__Bacteroidales;f__Bacteroidaceae;g__Prevotella,temperate
T2108173984:k141_1269611_length_42072_cov_124.6003	Viruses;Duplodnaviria;Heunggongvirae;Uroviricota;Caudoviricetes;;,NA,virulent
T2108173984:k141_355649_length_41054_cov_475.0000	Viruses;Duplodnaviria;Heunggongvirae;Uroviricota;Caudoviricetes;;,d__Bacteria;p__Actinomycetota;c__Actinomycetes;o__Mycobacteriales;f__Mycobacteriaceae;g__Corynebacterium,virulent
T2108173984:k141_1064511_length_36961_cov_820.6804	Viruses;Duplodnaviria;Heunggongvirae;Uroviricota;Caudoviricetes;;,NA,virulent
1111525849479042:k141_1801095_length_40378_cov_43.0011	Viruses;Duplodnaviria;Heunggongvirae;Uroviricota;Caudoviricetes;;Autographiviridae,NA,virulent
T2108173867:k141_1432861_length_16596_cov_243.9409	Viruses;Duplodnaviria;Heunggongvirae;Uroviricota;Caudoviricetes;;Rountreeviridae,d__Bacteria;p__Bacillota;c__Bacilli;o__Lactobacillales;f__Streptococcaceae;g__Streptococcus,virulent
T2109199066:k141_100031_length_44974_cov_61.9687	Viruses;Duplodnaviria;Heunggongvirae;Uroviricota;Caudoviricetes;;,d__Bacteria;p__Bacillota;c__Bacilli;o__Staphylococcales;f__Staphylococcaceae;g__Staphylococcus,temperate
T2109199066:k141_68158_length_11766_cov_106.0000	Viruses;Duplodnaviria;Heunggongvirae;Uroviricota;Caudoviricetes;;,NA,temperate
T2109199066:k141_111433_length_7986_cov_123.0314	Viruses;Duplodnaviria;Heunggongvirae;Uroviricota;Caudoviricetes;;,d__Bacteria;p__Bacillota;c__Bacilli;o__Staphylococcales;f__Staphylococcaceae;g__Staphylococcus,virulent
1111525849742904:k141_324442_length_11613_cov_108.0397	Viruses;Duplodnaviria;Heunggongvirae;Uroviricota;Caudoviricetes;;,NA,virulent
T2109199147:k141_49728_length_13689_cov_94.0000	Viruses;Duplodnaviria;Heunggongvirae;Uroviricota;Caudoviricetes;;,d__Bacteria;p__Bacillota;c__Bacilli;o__Staphylococcales;f__Staphylococcaceae;g__Staphylococcus,virulent
T2107171987:k141_29108_length_59700_cov_181.0000	Viruses;Duplodnaviria;Heunggongvirae;Uroviricota;Caudoviricetes;;,NA,virulent
T2107171987:k141_305859_length_48177_cov_703.0021	Viruses;Duplodnaviria;Heunggongvirae;Uroviricota;Caudoviricetes;;,d__Bacteria;p__Bacteroidota;c__Bacteroidia;o__Flavobacteriales;f__Weeksellaceae;g__Chryseobacterium,virulent
T2107171987:k141_544584_length_29509_cov_871.0000	Viruses;Duplodnaviria;Heunggongvirae;Uroviricota;Caudoviricetes;;,d__Bacteria;p__Actinomycetota;c__Actinomycetes;o__Propionibacteriales;f__Propionibacteriaceae;g__Cutibacterium,virulent
T2108174129:k141_40386_length_82215_cov_78.0000	Viruses;Duplodnaviria;Heunggongvirae;Uroviricota;Caudoviricetes;;,NA,virulent
T2108174129:k141_531061_length_23836_cov_40.0000	Viruses;Duplodnaviria;Heunggongvirae;Uroviricota;Caudoviricetes;;,d__Bacteria;p__Pseudomonadota;c__Gammaproteobacteria;o__Enterobacterales;f__Enterobacteriaceae;g__Pantoea,temperate
T2108174048:k141_248636_length_377347_cov_449.2115	Viruses;Duplodnaviria;Heunggongvirae;Uroviricota;Caudoviricetes;;,NA,virulent
T2108174048:k141_241854_length_48845_cov_2665.4551	Viruses;Duplodnaviria;Heunggongvirae;Uroviricota;Caudoviricetes;;,d__Bacteria;p__Actinomycetota;c__Actinomycetes;o__Mycobacteriales;f__Mycobacteriaceae;g__Corynebacterium,virulent
T2108174048:k141_89480_length_43888_cov_82.8832	Viruses;Duplodnaviria;Heunggongvirae;Uroviricota;Caudoviricetes;;,d__Bacteria;p__Actinomycetota;c__Actinomycetes;o__Mycobacteriales;f__Mycobacteriaceae;g__Corynebacterium,temperate
T2108174048:k141_361641_length_42957_cov_203.0000	Viruses;Duplodnaviria;Heunggongvirae;Uroviricota;Caudoviricetes;;,d__Bacteria;p__Bacillota;c__Clostridia;o__Tissierellales;f__Peptoniphilaceae;g__Anaerococcus,temperate
T2108174048:k141_391090_length_39910_cov_143.0815	Viruses;Duplodnaviria;Heunggongvirae;Uroviricota;Caudoviricetes;;,d__Bacteria;p__Pseudomonadota;c__Gammaproteobacteria;o__Pseudomonadales;f__Moraxellaceae;g__Moraxella_A,virulent
T2108174048:k141_136071_length_29928_cov_499.0000	Viruses;Duplodnaviria;Heunggongvirae;Uroviricota;Caudoviricetes;;,d__Bacteria;p__Actinomycetota;c__Actinomycetes;o__Mycobacteriales;f__Mycobacteriaceae;g__Corynebacterium,virulent
T2108174048:k141_521969_length_22486_cov_108.3389	Viruses;Duplodnaviria;Heunggongvirae;Uroviricota;Caudoviricetes;;,NA,temperate
T2108174048:k141_102946_length_21934_cov_48.6932	Viruses;Duplodnaviria;Heunggongvirae;Uroviricota;Caudoviricetes;;,d__Bacteria;p__Bacillota;c__Bacilli;o__Staphylococcales;f__Staphylococcaceae;g__Staphylococcus,temperate
T2108174048:k141_231789_length_16324_cov_58.0000	Viruses;Duplodnaviria;Heunggongvirae;Uroviricota;Caudoviricetes;;Rountreeviridae,d__Bacteria;p__Bacillota;c__Bacilli;o__Staphylococcales;f__Staphylococcaceae;g__Staphylococcus,virulent
MET0179:k119_33954_length_258444_cov_292.5746	Viruses;Duplodnaviria;Heunggongvirae;Uroviricota;Caudoviricetes;;,NA,virulent
MET0179:k119_1352_length_41738_cov_419.1138	Viruses;Duplodnaviria;Heunggongvirae;Uroviricota;Caudoviricetes;;,d__Bacteria;p__Actinomycetota;c__Actinomycetes;o__Mycobacteriales;f__Mycobacteriaceae;g__Corynebacterium,temperate
MET0179:k119_3896_length_37309_cov_334.4080	Viruses;Duplodnaviria;Heunggongvirae;Uroviricota;Caudoviricetes;;,d__Bacteria;p__Actinomycetota;c__Actinomycetes;o__Mycobacteriales;f__Mycobacteriaceae;g__Corynebacterium,temperate
MET0179:k119_8145_length_32871_cov_525.9038	Viruses;Duplodnaviria;Heunggongvirae;Uroviricota;Caudoviricetes;;,d__Bacteria;p__Actinomycetota;c__Actinomycetes;o__Mycobacteriales;f__Mycobacteriaceae;g__Corynebacterium,virulent
MET0179:k119_4490_length_26111_cov_316.8207	Viruses;Duplodnaviria;Heunggongvirae;Uroviricota;Caudoviricetes;;,d__Bacteria;p__Actinomycetota;c__Actinomycetes;o__Mycobacteriales;f__Mycobacteriaceae;g__Corynebacterium,virulent
MET0179:k119_23493_length_6170_cov_1012.0000	Viruses;Duplodnaviria;Heunggongvirae;Uroviricota;Caudoviricetes;;,NA,virulent
T2108174084:k141_4046_length_17776_cov_736.2905	Viruses;Duplodnaviria;Heunggongvirae;Uroviricota;Caudoviricetes;;Rountreeviridae,NA,virulent
T2109199112:k141_19725_length_11375_cov_5861.3395	Viruses;Duplodnaviria;Heunggongvirae;Uroviricota;Caudoviricetes;;,d__Bacteria;p__Bacillota;c__Bacilli;o__Staphylococcales;f__Staphylococcaceae;g__Staphylococcus,temperate
T2109199031:k141_18222_length_14301_cov_10360.8638	Viruses;Duplodnaviria;Heunggongvirae;Uroviricota;Caudoviricetes;;,d__Bacteria;p__Bacillota;c__Bacilli;o__Staphylococcales;f__Staphylococcaceae;g__Staphylococcus,virulent
T2109199031:k141_23420_length_8944_cov_9474.1535	Viruses;Duplodnaviria;Heunggongvirae;Uroviricota;Caudoviricetes;;,d__Bacteria;p__Bacillota;c__Bacilli;o__Staphylococcales;f__Staphylococcaceae;g__Staphylococcus,temperate
R_T2109198893:k119_1363_length_46388_cov_298.7359	Viruses;Duplodnaviria;Heunggongvirae;Uroviricota;Caudoviricetes;;,d__Bacteria;p__Bacillota;c__Bacilli;o__Staphylococcales;f__Staphylococcaceae;g__Staphylococcus,temperate
R_T2109198893:k119_7769_length_37957_cov_10.0003	Viruses;Duplodnaviria;Heunggongvirae;Uroviricota;Caudoviricetes;;,d__Bacteria;p__Bacillota;c__Bacilli;o__Lactobacillales;f__Aerococcaceae;g__Aerococcus,temperate
R_T2109198893:k119_8144_length_31075_cov_179.6730	Viruses;Duplodnaviria;Heunggongvirae;Uroviricota;Caudoviricetes;;,d__Bacteria;p__Bacillota;c__Bacilli;o__Staphylococcales;f__Staphylococcaceae;g__Staphylococcus,temperate
R_T2109198893:k119_10132_length_30690_cov_11773.4648	Viruses;Duplodnaviria;Heunggongvirae;Uroviricota;Caudoviricetes;;,d__Bacteria;p__Bacillota;c__Bacilli;o__Staphylococcales;f__Staphylococcaceae;g__Staphylococcus,temperate
R_T2109198893:k119_9053_length_29952_cov_8344.1793	Viruses;Duplodnaviria;Heunggongvirae;Uroviricota;Caudoviricetes;;,d__Bacteria;p__Bacillota;c__Bacilli;o__Staphylococcales;f__Staphylococcaceae;g__Staphylococcus,temperate
R_T2109198893:k119_9230_length_25633_cov_13.9220	Viruses;Duplodnaviria;Heunggongvirae;Uroviricota;Caudoviricetes;;,d__Bacteria;p__Bacillota;c__Bacilli;o__Staphylococcales;f__Staphylococcaceae;g__Staphylococcus,temperate
T2108174066:k141_1170897_length_43778_cov_101.0000	Viruses;Duplodnaviria;Heunggongvirae;Uroviricota;Caudoviricetes;;,d__Bacteria;p__Bacillota;c__Bacilli;o__Staphylococcales;f__Staphylococcaceae;g__Staphylococcus,temperate
T2108174066:k141_1900470_length_7897_cov_193.6978	NA,d__Bacteria;p__Bacillota;c__Bacilli;o__Lactobacillales;f__Streptococcaceae;g__Streptococcus,temperate
T2109199013:k141_24190_length_27948_cov_204.5728	Viruses;Duplodnaviria;Heunggongvirae;Uroviricota;Caudoviricetes;;,d__Bacteria;p__Bacillota;c__Bacilli;o__Staphylococcales;f__Staphylococcaceae;g__Staphylococcus,temperate
T2109199013:k141_51137_length_26496_cov_65.9858	Viruses;Duplodnaviria;Heunggongvirae;Uroviricota;Caudoviricetes;;,d__Bacteria;p__Bacillota;c__Bacilli;o__Staphylococcales;f__Staphylococcaceae;g__Staphylococcus,temperate
T2109199013:k141_5998_length_25164_cov_3920.8602	Viruses;Duplodnaviria;Heunggongvirae;Uroviricota;Caudoviricetes;;,d__Bacteria;p__Bacillota;c__Bacilli;o__Staphylococcales;f__Staphylococcaceae;g__Staphylococcus,temperate
T2109199013:k141_10931_length_13965_cov_1812.5976	Viruses;Duplodnaviria;Heunggongvirae;Uroviricota;Caudoviricetes;;,d__Bacteria;p__Bacillota;c__Bacilli;o__Staphylococcales;f__Staphylococcaceae;g__Staphylococcus,virulent
T2109199013:k141_21170_length_8001_cov_383.8359	Viruses;Duplodnaviria;Heunggongvirae;Uroviricota;Caudoviricetes;;,d__Bacteria;p__Bacillota;c__Bacilli;o__Staphylococcales;f__Staphylococcaceae;g__Staphylococcus,temperate
T2108173931:k141_69279_length_23224_cov_81.6451	Viruses;Duplodnaviria;Heunggongvirae;Uroviricota;Caudoviricetes;;,d__Bacteria;p__Bacillota;c__Bacilli;o__Staphylococcales;f__Staphylococcaceae;g__Staphylococcus,temperate
T2108173931:k141_368973_length_14959_cov_84.0827	Viruses;Duplodnaviria;Heunggongvirae;Uroviricota;Caudoviricetes;;,d__Bacteria;p__Bacillota;c__Bacilli;o__Lactobacillales;f__Streptococcaceae;g__Streptococcus,temperate
T2109199130:k141_9604_length_37940_cov_110.3274	Viruses;Duplodnaviria;Heunggongvirae;Uroviricota;Caudoviricetes;;,d__Bacteria;p__Bacillota;c__Bacilli;o__Staphylococcales;f__Staphylococcaceae;g__Staphylococcus,virulent
T2109199130:k141_1218_length_21180_cov_1901.6084	Viruses;Duplodnaviria;Heunggongvirae;Uroviricota;Caudoviricetes;;,d__Bacteria;p__Bacillota;c__Bacilli;o__Staphylococcales;f__Staphylococcaceae;g__Staphylococcus,temperate
T2108174057:k141_1003810_length_52034_cov_80.1050	Viruses;Duplodnaviria;Heunggongvirae;Uroviricota;Caudoviricetes;;,d__Bacteria;p__Actinomycetota;c__Actinomycetes;o__Mycobacteriales;f__Mycobacteriaceae;g__Corynebacterium,virulent
T2108174057:k141_1627080_length_45977_cov_192.4427	Viruses;Duplodnaviria;Heunggongvirae;Uroviricota;Caudoviricetes;;,d__Bacteria;p__Actinomycetota;c__Actinomycetes;o__Mycobacteriales;f__Mycobacteriaceae;g__Corynebacterium,temperate
T2108174057:k141_1481905_length_36456_cov_105.9364	Viruses;Duplodnaviria;Heunggongvirae;Uroviricota;Caudoviricetes;;,d__Bacteria;p__Actinomycetota;c__Actinomycetes;o__Mycobacteriales;f__Mycobacteriaceae;g__Corynebacterium,temperate
MET0188:k119_59626_length_48985_cov_175.9320	Viruses;Duplodnaviria;Heunggongvirae;Uroviricota;Caudoviricetes;;,NA,virulent
1111525849480213:k141_418321_length_16505_cov_30.0000	Viruses;Duplodnaviria;Heunggongvirae;Uroviricota;Caudoviricetes;;,NA,virulent
T2108173922:k141_284703_length_30186_cov_112.6024	Viruses;Duplodnaviria;Heunggongvirae;Uroviricota;Caudoviricetes;;,NA,temperate
T2108173922:k141_1159339_length_18751_cov_926.1334	Viruses;Duplodnaviria;Heunggongvirae;Uroviricota;Caudoviricetes;;,NA,virulent
T2108173922:k141_747275_length_17877_cov_134.8276	Viruses;Duplodnaviria;Heunggongvirae;Uroviricota;Caudoviricetes;;,NA,virulent
T2108173922:k141_98544_length_7390_cov_105.4741	Viruses;Monodnaviria;Loebvirae;Hofneiviricota;Faserviricetes;Tubulavirales;Inoviridae,d__Bacteria;p__Pseudomonadota;c__Gammaproteobacteria;o__Pseudomonadales;f__Moraxellaceae;g__Acinetobacter,temperate
T2108173922:k141_632993_length_5312_cov_161.4367	Viruses;Monodnaviria;Loebvirae;Hofneiviricota;Faserviricetes;Tubulavirales;Inoviridae,d__Bacteria;p__Pseudomonadota;c__Gammaproteobacteria;o__Pseudomonadales;f__Moraxellaceae;g__Acinetobacter,temperate
T2108173922:k141_112881_length_4308_cov_78.0000	Viruses;Monodnaviria;Loebvirae;Hofneiviricota;Faserviricetes;Tubulavirales;Inoviridae,d__Bacteria;p__Pseudomonadota;c__Gammaproteobacteria;o__Burkholderiales;f__Neisseriaceae;g__Kingella_A,virulent
MET0629:k119_4457_length_29686_cov_682.0000	Viruses;Duplodnaviria;Heunggongvirae;Uroviricota;Caudoviricetes;;,d__Bacteria;p__Actinomycetota;c__Actinomycetes;o__Propionibacteriales;f__Propionibacteriaceae;g__Cutibacterium,virulent
MET0548:k119_50837_length_138606_cov_624.3257	Viruses;Duplodnaviria;Heunggongvirae;Uroviricota;Caudoviricetes;;,NA,virulent
MET0548:k119_23619_length_73394_cov_383.0000	Viruses;Duplodnaviria;Heunggongvirae;Uroviricota;Caudoviricetes;;Schitoviridae,NA,virulent
T2109199040:k141_29838_length_36276_cov_66.4798	Viruses;Duplodnaviria;Heunggongvirae;Uroviricota;Caudoviricetes;;,d__Bacteria;p__Bacillota;c__Bacilli;o__Bacillales;f__Bacillaceae_G;g__Bacillus_A,temperate
T2109199040:k141_10609_length_25118_cov_1821.7638	Viruses;Duplodnaviria;Heunggongvirae;Uroviricota;Caudoviricetes;;,d__Bacteria;p__Bacillota;c__Bacilli;o__Staphylococcales;f__Staphylococcaceae;g__Staphylococcus,temperate
T2109199121:k141_8993_length_43424_cov_1119.7797	Viruses;Duplodnaviria;Heunggongvirae;Uroviricota;Caudoviricetes;;,d__Bacteria;p__Bacillota;c__Bacilli;o__Staphylococcales;f__Staphylococcaceae;g__Staphylococcus,temperate
T2109199121:k141_3205_length_41484_cov_97.9859	Viruses;Duplodnaviria;Heunggongvirae;Uroviricota;Caudoviricetes;;,d__Bacteria;p__Bacillota;c__Bacilli;o__Staphylococcales;f__Staphylococcaceae;g__Staphylococcus,temperate
DP1807004339:k119_96434_length_27727_cov_359.0000	Viruses;Duplodnaviria;Heunggongvirae;Uroviricota;Caudoviricetes;;,d__Bacteria;p__Actinomycetota;c__Actinomycetes;o__Propionibacteriales;f__Propionibacteriaceae;g__Cutibacterium,virulent
T2108173904:k141_1332241_length_53481_cov_824.0000	Viruses;Duplodnaviria;Heunggongvirae;Uroviricota;Caudoviricetes;;,d__Bacteria;p__Bacillota;c__Bacilli;o__Staphylococcales;f__Staphylococcaceae;g__Staphylococcus,temperate
DS1912041097-1:k141_17944_length_28954_cov_35.0508	Viruses;Duplodnaviria;Heunggongvirae;Uroviricota;Caudoviricetes;;,d__Bacteria;p__Pseudomonadota;c__Alphaproteobacteria;o__Sphingomonadales;f__Sphingomonadaceae;g__Sphingomonas,temperate
DP1807004456:k119_32871_length_29350_cov_235.7615	Viruses;Duplodnaviria;Heunggongvirae;Uroviricota;Caudoviricetes;;,d__Bacteria;p__Actinomycetota;c__Actinomycetes;o__Propionibacteriales;f__Propionibacteriaceae;g__Cutibacterium,virulent
T2108174039:k141_270801_length_30857_cov_365.0004	Viruses;Duplodnaviria;Heunggongvirae;Uroviricota;Caudoviricetes;;,d__Bacteria;p__Pseudomonadota;c__Gammaproteobacteria;o__Enterobacterales;f__Enterobacteriaceae;g__Rahnella,temperate
1111525849755863:k141_493915_length_15956_cov_47.9347	Viruses;Duplodnaviria;Heunggongvirae;Uroviricota;Caudoviricetes;;Rountreeviridae,d__Bacteria;p__Bacillota;c__Bacilli;o__Staphylococcales;f__Staphylococcaceae;g__Staphylococcus,virulent
1111525849755863:k141_64850_length_14029_cov_153.5755	Viruses;Duplodnaviria;Heunggongvirae;Uroviricota;Caudoviricetes;;,d__Bacteria;p__Bacillota;c__Bacilli;o__Staphylococcales;f__Staphylococcaceae;g__Staphylococcus,temperate
T2109198867:k141_46752_length_37037_cov_2278.4260	Viruses;Duplodnaviria;Heunggongvirae;Uroviricota;Caudoviricetes;;,d__Bacteria;p__Bacillota;c__Bacilli;o__Staphylococcales;f__Staphylococcaceae;g__Staphylococcus,temperate
T2109198867:k141_59778_length_26972_cov_881.7996	Viruses;Duplodnaviria;Heunggongvirae;Uroviricota;Caudoviricetes;;,d__Bacteria;p__Bacillota;c__Bacilli;o__Staphylococcales;f__Staphylococcaceae;g__Staphylococcus,temperate
T2109198867:k141_72396_length_10841_cov_89.6374	Viruses;Duplodnaviria;Heunggongvirae;Uroviricota;Caudoviricetes;;,d__Bacteria;p__Bacillota;c__Bacilli;o__Staphylococcales;f__Staphylococcaceae;g__Staphylococcus,virulent
1111525849853675:k141_111212_length_12858_cov_170.0000	Viruses;Duplodnaviria;Heunggongvirae;Uroviricota;Caudoviricetes;;,d__Bacteria;p__Bacillota;c__Bacilli;o__Staphylococcales;f__Staphylococcaceae;g__Staphylococcus,temperate
T2109198948:k141_71617_length_23573_cov_338.8515	Viruses;Duplodnaviria;Heunggongvirae;Uroviricota;Caudoviricetes;;,d__Bacteria;p__Bacillota;c__Bacilli;o__Staphylococcales;f__Staphylococcaceae;g__Staphylococcus,temperate
T2109198948:k141_78792_length_13481_cov_164.8374	Viruses;Duplodnaviria;Heunggongvirae;Uroviricota;Caudoviricetes;;,d__Bacteria;p__Bacillota;c__Bacilli;o__Staphylococcales;f__Staphylococcaceae;g__Staphylococcus,virulent
1111525849644767:k141_190532_length_29896_cov_111.4255	Viruses;Duplodnaviria;Heunggongvirae;Uroviricota;Caudoviricetes;;,d__Bacteria;p__Actinomycetota;c__Actinomycetes;o__Propionibacteriales;f__Propionibacteriaceae;g__Cutibacterium,virulent
1111525849644767:k141_578836_length_17839_cov_145.9733	Viruses;Duplodnaviria;Heunggongvirae;Uroviricota;Caudoviricetes;;,d__Bacteria;p__Bacillota;c__Bacilli;o__Lactobacillales;f__Streptococcaceae;g__Streptococcus,temperate
1111525849644767:k141_1685596_length_16033_cov_161.7207	Viruses;Duplodnaviria;Heunggongvirae;Uroviricota;Caudoviricetes;;,d__Bacteria;p__Bacillota;c__Bacilli;o__Lactobacillales;f__Streptococcaceae;g__Streptococcus,temperate
1111525849736936:k141_721044_length_49292_cov_288.9531	Viruses;Duplodnaviria;Heunggongvirae;Uroviricota;Caudoviricetes;;,d__Bacteria;p__Pseudomonadota;c__Gammaproteobacteria;o__Burkholderiales;f__Neisseriaceae;g__QFNR01,virulent
T2109198885:k141_38844_length_39647_cov_60972.1109	Viruses;Duplodnaviria;Heunggongvirae;Uroviricota;Caudoviricetes;;,d__Bacteria;p__Bacillota;c__Bacilli;o__Staphylococcales;f__Staphylococcaceae;g__Staphylococcus,temperate
T2109198885:k141_53459_length_28791_cov_89.0000	Viruses;Duplodnaviria;Heunggongvirae;Uroviricota;Caudoviricetes;;,d__Bacteria;p__Bacillota;c__Bacilli;o__Staphylococcales;f__Staphylococcaceae;g__Staphylococcus,temperate
T2109198885:k141_42358_length_13891_cov_991.6751	Viruses;Duplodnaviria;Heunggongvirae;Uroviricota;Caudoviricetes;;,d__Bacteria;p__Bacillota;c__Bacilli;o__Staphylococcales;f__Staphylococcaceae;g__Staphylococcus,temperate
T2109198966:k141_51106_length_40208_cov_427.8130	Viruses;Duplodnaviria;Heunggongvirae;Uroviricota;Caudoviricetes;;,d__Bacteria;p__Bacillota;c__Bacilli;o__Staphylococcales;f__Staphylococcaceae;g__Staphylococcus,temperate
T2109198966:k141_56931_length_24310_cov_973.0004	Viruses;Duplodnaviria;Heunggongvirae;Uroviricota;Caudoviricetes;;,d__Bacteria;p__Bacillota;c__Bacilli;o__Staphylococcales;f__Staphylococcaceae;g__Staphylococcus,temperate
T2109198993:k141_81622_length_45919_cov_51.1229	Viruses;Duplodnaviria;Heunggongvirae;Uroviricota;Caudoviricetes;;,d__Bacteria;p__Actinomycetota;c__Actinomycetes;o__Actinomycetales;f__Micrococcaceae;g__Rothia,temperate
T2109198993:k141_11468_length_25266_cov_34.1512	Viruses;Duplodnaviria;Heunggongvirae;Uroviricota;Caudoviricetes;;,d__Bacteria;p__Actinomycetota;c__Actinomycetes;o__Actinomycetales;f__Micrococcaceae;g__Rothia,temperate
T2109198957:k141_14668_length_30172_cov_1201.0000	Viruses;Duplodnaviria;Heunggongvirae;Uroviricota;Caudoviricetes;;,d__Bacteria;p__Bacillota;c__Bacilli;o__Staphylococcales;f__Staphylococcaceae;g__Staphylococcus,temperate
T2109198957:k141_39558_length_12727_cov_522.2938	Viruses;Duplodnaviria;Heunggongvirae;Uroviricota;Caudoviricetes;;,d__Bacteria;p__Bacillota;c__Bacilli;o__Staphylococcales;f__Staphylococcaceae;g__Staphylococcus,virulent
T2109198876:k141_37770_length_10537_cov_31.4454	Viruses;Duplodnaviria;Heunggongvirae;Uroviricota;Caudoviricetes;;,d__Bacteria;p__Bacillota;c__Bacilli;o__Staphylococcales;f__Staphylococcaceae;g__Staphylococcus,virulent
1111525849747079:k141_148941_length_20975_cov_383.7723	Viruses;Duplodnaviria;Heunggongvirae;Uroviricota;Caudoviricetes;;,d__Bacteria;p__Actinomycetota;c__Actinomycetes;o__Propionibacteriales;f__Propionibacteriaceae;g__Cutibacterium,virulent
T2109198939:k141_68531_length_21343_cov_375.0027	Viruses;Duplodnaviria;Heunggongvirae;Uroviricota;Caudoviricetes;;,d__Bacteria;p__Bacillota;c__Bacilli;o__Staphylococcales;f__Staphylococcaceae;g__Staphylococcus,temperate
T2109198939:k141_6889_length_13530_cov_1497.0000	Viruses;Duplodnaviria;Heunggongvirae;Uroviricota;Caudoviricetes;;,d__Bacteria;p__Bacillota;c__Bacilli;o__Staphylococcales;f__Staphylococcaceae;g__Staphylococcus,temperate
1111525849669823:k141_421330_length_29916_cov_62.0441	Viruses;Duplodnaviria;Heunggongvirae;Uroviricota;Caudoviricetes;;,d__Bacteria;p__Pseudomonadota;c__Gammaproteobacteria;o__Enterobacterales;f__Enterobacteriaceae;g__Enterobacter,temperate
T2109198975:k141_30418_length_37248_cov_66.0000	Viruses;Duplodnaviria;Heunggongvirae;Uroviricota;Caudoviricetes;;,NA,virulent
T2109198975:k141_63986_length_30452_cov_231.3041	Viruses;Duplodnaviria;Heunggongvirae;Uroviricota;Caudoviricetes;;,d__Bacteria;p__Actinomycetota;c__Actinomycetes;o__Actinomycetales;f__Micrococcaceae;g__Micrococcus,temperate
T2109198975:k141_9636_length_18455_cov_1188.1758	Viruses;Duplodnaviria;Heunggongvirae;Uroviricota;Caudoviricetes;;,d__Bacteria;p__Bacillota;c__Bacilli;o__Bacillales;f__Bacillaceae_G;g__Bacillus_A,virulent
T2109198975:k141_17144_length_10921_cov_44.0000	Viruses;Duplodnaviria;Heunggongvirae;Uroviricota;Caudoviricetes;;,NA,temperate
T2108174008:k141_1323661_length_18347_cov_72.7853	Viruses;Duplodnaviria;Heunggongvirae;Uroviricota;Caudoviricetes;;,d__Bacteria;p__Pseudomonadota;c__Gammaproteobacteria;o__Pseudomonadales;f__Moraxellaceae;g__Moraxella_A,temperate
T2108174080:k141_1207286_length_96583_cov_368.0278	Viruses;Duplodnaviria;Heunggongvirae;Uroviricota;Caudoviricetes;;,d__Bacteria;p__Bacillota;c__Bacilli;o__Staphylococcales;f__Staphylococcaceae;g__Staphylococcus,temperate
T2108174080:k141_45861_length_43556_cov_393.6480	Viruses;Duplodnaviria;Heunggongvirae;Uroviricota;Caudoviricetes;;,d__Bacteria;p__Actinomycetota;c__Actinomycetes;o__Mycobacteriales;f__Mycobacteriaceae;g__Corynebacterium,temperate
T2108174080:k141_665362_length_42090_cov_381.7911	Viruses;Duplodnaviria;Heunggongvirae;Uroviricota;Caudoviricetes;;,NA,temperate
T2108174080:k141_168485_length_39932_cov_236.1476	Viruses;Duplodnaviria;Heunggongvirae;Uroviricota;Caudoviricetes;;,d__Bacteria;p__Bacillota;c__Clostridia;o__Tissierellales;f__Peptoniphilaceae;g__Anaerococcus,temperate
T2108174080:k141_624176_length_39866_cov_260.0000	Viruses;Duplodnaviria;Heunggongvirae;Uroviricota;Caudoviricetes;;,NA,virulent
T2108174080:k141_687242_length_27499_cov_479.0000	Viruses;Duplodnaviria;Heunggongvirae;Uroviricota;Caudoviricetes;;,d__Bacteria;p__Actinomycetota;c__Actinomycetes;o__Mycobacteriales;f__Mycobacteriaceae;g__Corynebacterium,temperate
T2108174080:k141_1167289_length_18624_cov_112.0000	Viruses;Duplodnaviria;Heunggongvirae;Uroviricota;Caudoviricetes;;,d__Bacteria;p__Actinomycetota;c__Actinomycetes;o__Actinomycetales;f__Actinomycetaceae;g__Actinomyces,temperate
T2108174080:k141_52734_length_15337_cov_74.0000	Viruses;Duplodnaviria;Heunggongvirae;Uroviricota;Caudoviricetes;;Rountreeviridae,NA,virulent
T2108174080:k141_625730_length_10135_cov_303.9532	Viruses;Duplodnaviria;Heunggongvirae;Uroviricota;Caudoviricetes;;,NA,virulent
R_T2109199087:k119_99095_length_61754_cov_27.2769	Viruses;Duplodnaviria;Heunggongvirae;Uroviricota;Caudoviricetes;;,d__Bacteria;p__Bacillota;c__Bacilli;o__Staphylococcales;f__Staphylococcaceae;g__Staphylococcus,temperate
R_T2109199087:k119_10692_length_41095_cov_17.9813	Viruses;Duplodnaviria;Heunggongvirae;Uroviricota;Caudoviricetes;;,d__Bacteria;p__Bacteroidota;c__Bacteroidia;o__Flavobacteriales;f__Weeksellaceae;g__Elizabethkingia,virulent
R_T2109199087:k119_73200_length_38899_cov_616.1084	Viruses;Duplodnaviria;Heunggongvirae;Uroviricota;Caudoviricetes;;,d__Bacteria;p__Bacillota;c__Bacilli;o__Staphylococcales;f__Staphylococcaceae;g__Staphylococcus,temperate
R_T2109199087:k119_76639_length_33121_cov_57.9309	Viruses;Duplodnaviria;Heunggongvirae;Uroviricota;Caudoviricetes;;,d__Bacteria;p__Bacillota;c__Bacilli;o__Lactobacillales;f__Streptococcaceae;g__Lactococcus,temperate
R_T2109199087:k119_23959_length_32572_cov_68.9147	Viruses;Duplodnaviria;Heunggongvirae;Uroviricota;Caudoviricetes;;,NA,temperate
R_T2109199087:k119_37243_length_27608_cov_45.9345	Viruses;Duplodnaviria;Heunggongvirae;Uroviricota;Caudoviricetes;;,d__Bacteria;p__Bacillota;c__Bacilli;o__Staphylococcales;f__Staphylococcaceae;g__Staphylococcus,temperate
R_T2109199087:k119_80456_length_21569_cov_29.9459	Viruses;Duplodnaviria;Heunggongvirae;Uroviricota;Caudoviricetes;;,d__Bacteria;p__Bacillota;c__Bacilli;o__Lactobacillales;f__Enterococcaceae;g__Enterococcus_A,temperate
T2108174044:k141_238151_length_138350_cov_73.0045	Viruses;Duplodnaviria;Heunggongvirae;Uroviricota;Caudoviricetes;;,NA,virulent
T2108174044:k141_1371224_length_88206_cov_71.0045	Viruses;Duplodnaviria;Heunggongvirae;Uroviricota;Caudoviricetes;;,NA,virulent
T2108174044:k141_713974_length_62393_cov_72.9903	Viruses;Duplodnaviria;Heunggongvirae;Uroviricota;Caudoviricetes;;,d__Bacteria;p__Actinomycetota;c__Actinomycetes;o__Mycobacteriales;f__Mycobacteriaceae;g__Corynebacterium,virulent
T2108174044:k141_1704219_length_60116_cov_41.1262	Viruses;Duplodnaviria;Heunggongvirae;Uroviricota;Caudoviricetes;;Schitoviridae,NA,virulent
T2108174044:k141_1144781_length_51872_cov_80.0000	Viruses;Duplodnaviria;Heunggongvirae;Uroviricota;Caudoviricetes;;,NA,virulent
T2108174044:k141_147454_length_44663_cov_75.3441	Viruses;Duplodnaviria;Heunggongvirae;Uroviricota;Caudoviricetes;;,NA,temperate
T2108174044:k141_725570_length_42102_cov_142.8758	Viruses;Duplodnaviria;Heunggongvirae;Uroviricota;Caudoviricetes;;,NA,virulent
T2108174044:k141_1928629_length_39508_cov_50.0000	Viruses;Duplodnaviria;Heunggongvirae;Uroviricota;Caudoviricetes;;,d__Bacteria;p__Bacillota;c__Bacilli;o__Staphylococcales;f__Staphylococcaceae;g__Staphylococcus,temperate
T2108174044:k141_1271078_length_36224_cov_50.0000	Viruses;Duplodnaviria;Heunggongvirae;Uroviricota;Caudoviricetes;;,d__Bacteria;p__Actinomycetota;c__Actinomycetes;o__Actinomycetales;f__Micrococcaceae;g__Rothia,temperate
T2108174044:k141_193716_length_29419_cov_133.0000	Viruses;Duplodnaviria;Heunggongvirae;Uroviricota;Caudoviricetes;;,d__Bacteria;p__Actinomycetota;c__Actinomycetes;o__Propionibacteriales;f__Propionibacteriaceae;g__Cutibacterium,virulent
T2108174044:k141_1271031_length_21148_cov_34.0000	Viruses;Duplodnaviria;Heunggongvirae;Uroviricota;Caudoviricetes;;,d__Bacteria;p__Pseudomonadota;c__Gammaproteobacteria;o__Pseudomonadales;f__Moraxellaceae;g__Moraxella_A,virulent
T2108174044:k141_211012_length_20963_cov_87.0020	Viruses;Duplodnaviria;Heunggongvirae;Uroviricota;Caudoviricetes;;,NA,temperate
T2108174044:k141_462047_length_16522_cov_50.0052	Viruses;Duplodnaviria;Heunggongvirae;Uroviricota;Caudoviricetes;;,NA,virulent
T2108174044:k141_2041369_length_11782_cov_342.8876	Viruses;Duplodnaviria;Heunggongvirae;Uroviricota;Caudoviricetes;;,d__Bacteria;p__Bacillota;c__Bacilli;o__Lactobacillales;f__Streptococcaceae;g__Streptococcus,temperate
T2108174044:k141_1354809_length_11179_cov_61.8800	Viruses;Duplodnaviria;Heunggongvirae;Uroviricota;Caudoviricetes;;,NA,virulent
T2108174125:k141_644858_length_40189_cov_78.0000	Viruses;Duplodnaviria;Heunggongvirae;Uroviricota;Caudoviricetes;;,d__Bacteria;p__Pseudomonadota;c__Gammaproteobacteria;o__Enterobacterales;f__Enterobacteriaceae;g__Citrobacter,virulent
T2108174125:k141_889718_length_10477_cov_132.0128	Viruses;Duplodnaviria;Heunggongvirae;Uroviricota;Caudoviricetes;;,NA,temperate
MET0490:k119_18007_length_13042_cov_513.0000	Viruses;Duplodnaviria;Heunggongvirae;Uroviricota;Caudoviricetes;;Rountreeviridae,d__Bacteria;p__Bacillota;c__Bacilli;o__Staphylococcales;f__Staphylococcaceae;g__Staphylococcus,virulent
MET0094:k119_15737_length_17513_cov_60.0000	Viruses;Duplodnaviria;Heunggongvirae;Uroviricota;Caudoviricetes;;,d__Bacteria;p__Actinomycetota;c__Actinomycetes;o__Actinomycetales;f__Actinomycetaceae;g__Actinomyces,virulent
MET0094:k119_2740_length_15138_cov_83.9668	Viruses;Duplodnaviria;Heunggongvirae;Uroviricota;Caudoviricetes;;,d__Bacteria;p__Actinomycetota;c__Actinomycetes;o__Actinomycetales;f__Actinomycetaceae;g__Actinomyces,virulent
R_T2109198934:k119_27486_length_32854_cov_91.8832	Viruses;Duplodnaviria;Heunggongvirae;Uroviricota;Caudoviricetes;;,NA,temperate
R_T2109198934:k119_10237_length_9958_cov_72.8536	Viruses;Duplodnaviria;Heunggongvirae;Uroviricota;Caudoviricetes;;,d__Bacteria;p__Bacillota;c__Bacilli;o__Staphylococcales;f__Staphylococcaceae;g__Staphylococcus,temperate
T2108174026:k141_93109_length_30474_cov_216.2953	Viruses;Duplodnaviria;Heunggongvirae;Uroviricota;Caudoviricetes;;,d__Bacteria;p__Actinomycetota;c__Actinomycetes;o__Propionibacteriales;f__Propionibacteriaceae;g__Cutibacterium,virulent
T2108174026:k141_665317_length_24042_cov_85.7537	Viruses;Duplodnaviria;Heunggongvirae;Uroviricota;Caudoviricetes;;,d__Bacteria;p__Pseudomonadota;c__Gammaproteobacteria;o__Pseudomonadales;f__Moraxellaceae;g__Moraxella_A,temperate
T2108174026:k141_532310_length_10375_cov_86.0000	Viruses;Duplodnaviria;Heunggongvirae;Uroviricota;Caudoviricetes;;,NA,virulent
T2108174107:k141_147916_length_25894_cov_518.1537	Viruses;Duplodnaviria;Heunggongvirae;Uroviricota;Caudoviricetes;;,d__Bacteria;p__Pseudomonadota;c__Gammaproteobacteria;o__Pseudomonadales;f__Moraxellaceae;g__Moraxella_A,temperate
T2108174062:k141_18903_length_39784_cov_137.5226	Viruses;Duplodnaviria;Heunggongvirae;Uroviricota;Caudoviricetes;;,d__Bacteria;p__Bacillota;c__Bacilli;o__Staphylococcales;f__Staphylococcaceae;g__Staphylococcus,temperate
T2108174062:k141_400265_length_30679_cov_182.8679	Viruses;Duplodnaviria;Heunggongvirae;Uroviricota;Caudoviricetes;;,d__Bacteria;p__Bacillota;c__Bacilli;o__Bacillales;f__Bacillaceae_G;g__Bacillus_A,temperate
T2108174062:k141_764545_length_24520_cov_184.2329	Viruses;Duplodnaviria;Heunggongvirae;Uroviricota;Caudoviricetes;;,d__Bacteria;p__Bacillota;c__Bacilli;o__Bacillales;f__Bacillaceae_G;g__Bacillus_A,temperate
T2108174062:k141_677394_length_19617_cov_198.0866	Viruses;Duplodnaviria;Heunggongvirae;Uroviricota;Caudoviricetes;;,d__Bacteria;p__Bacillota;c__Clostridia;o__Tissierellales;f__Peptoniphilaceae;g__Anaerococcus,temperate
T2108174062:k141_502544_length_9241_cov_114.0000	Viruses;Duplodnaviria;Heunggongvirae;Uroviricota;Caudoviricetes;;Rountreeviridae,NA,virulent
T2108174017:k141_113808_length_27574_cov_2508.0129	Viruses;Duplodnaviria;Heunggongvirae;Uroviricota;Caudoviricetes;;,d__Bacteria;p__Bacillota;c__Bacilli;o__Staphylococcales;f__Staphylococcaceae;g__Staphylococcus,temperate
DP1807004434:k119_111788_length_19637_cov_2192.0000	Viruses;Duplodnaviria;Heunggongvirae;Uroviricota;Caudoviricetes;;,NA,temperate
R_T2109198961:k119_5732_length_57831_cov_157.7956	Viruses;Duplodnaviria;Heunggongvirae;Uroviricota;Caudoviricetes;;,d__Bacteria;p__Bacillota;c__Bacilli;o__Staphylococcales;f__Staphylococcaceae;g__Staphylococcus,temperate
R_T2109198961:k119_6634_length_31460_cov_35.7830	Viruses;Duplodnaviria;Heunggongvirae;Uroviricota;Caudoviricetes;;,d__Bacteria;p__Bacillota;c__Bacilli;o__Staphylococcales;f__Staphylococcaceae;g__Staphylococcus,temperate
R_T2109198961:k119_14103_length_27614_cov_86.9374	Viruses;Duplodnaviria;Heunggongvirae;Uroviricota;Caudoviricetes;;,d__Bacteria;p__Bacillota;c__Bacilli;o__Staphylococcales;f__Staphylococcaceae;g__Staphylococcus,temperate
R_T2109198961:k119_13581_length_25690_cov_8.9803	Viruses;Duplodnaviria;Heunggongvirae;Uroviricota;Caudoviricetes;;,d__Bacteria;p__Bacillota;c__Bacilli;o__Staphylococcales;f__Staphylococcaceae;g__Staphylococcus,temperate
R_T2109198961:k119_16173_length_23953_cov_82.8624	Viruses;Duplodnaviria;Heunggongvirae;Uroviricota;Caudoviricetes;;,d__Bacteria;p__Bacillota;c__Bacilli;o__Staphylococcales;f__Staphylococcaceae;g__Staphylococcus,temperate
R_T2109198961:k119_3148_length_11990_cov_34.9427	Viruses;Duplodnaviria;Heunggongvirae;Uroviricota;Caudoviricetes;;,d__Bacteria;p__Bacillota;c__Bacilli;o__Staphylococcales;f__Staphylococcaceae;g__Staphylococcus,temperate
MET0184:k119_6468_length_33815_cov_24.0000	Viruses;Duplodnaviria;Heunggongvirae;Uroviricota;Caudoviricetes;;,d__Bacteria;p__Actinomycetota;c__Actinomycetes;o__Mycobacteriales;f__Mycobacteriaceae;g__Corynebacterium,temperate
MET0346:k119_26254_length_38818_cov_1213.0000	Viruses;Duplodnaviria;Heunggongvirae;Uroviricota;Caudoviricetes;;,NA,virulent
T2108174116:k141_53382_length_13780_cov_59.0000	Viruses;Duplodnaviria;Heunggongvirae;Uroviricota;Caudoviricetes;;,d__Bacteria;p__Actinomycetota;c__Actinomycetes;o__Actinomycetales;f__Actinomycetaceae;g__Actinomyces,virulent
MET0085:k119_3466_length_19677_cov_198.0000	Viruses;Duplodnaviria;Heunggongvirae;Uroviricota;Caudoviricetes;;,d__Bacteria;p__Bacillota;c__Clostridia;o__Tissierellales;f__Peptoniphilaceae;g__Anaerococcus,temperate
MET0445:k119_3291_length_24233_cov_113.4283	Viruses;Duplodnaviria;Heunggongvirae;Uroviricota;Caudoviricetes;;,d__Bacteria;p__Bacillota;c__Bacilli;o__Lactobacillales;f__Carnobacteriaceae;g__Alloiococcus,temperate
T2108173900:k141_948870_length_261399_cov_128.9692	Viruses;Duplodnaviria;Heunggongvirae;Uroviricota;Caudoviricetes;;,NA,virulent
T2108173900:k141_1487543_length_38596_cov_120.9712	Viruses;Duplodnaviria;Heunggongvirae;Uroviricota;Caudoviricetes;;,d__Bacteria;p__Pseudomonadota;c__Gammaproteobacteria;o__Pseudomonadales;f__Moraxellaceae;g__Acinetobacter,temperate
T2108173900:k141_684743_length_15011_cov_199.3375	Viruses;Duplodnaviria;Heunggongvirae;Uroviricota;Caudoviricetes;;,d__Bacteria;p__Bacillota;c__Bacilli;o__Staphylococcales;f__Staphylococcaceae;g__Staphylococcus,temperate
T2108173997:k141_438898_length_35192_cov_87.0466	Viruses;Duplodnaviria;Heunggongvirae;Uroviricota;Caudoviricetes;;,d__Bacteria;p__Pseudomonadota;c__Gammaproteobacteria;o__Pseudomonadales;f__Moraxellaceae;g__Moraxella_A,temperate
SRR1950751:k99_11022_length_23709_cov_22.0000	Viruses;Duplodnaviria;Heunggongvirae;Uroviricota;Caudoviricetes;;,d__Bacteria;p__Pseudomonadota;c__Gammaproteobacteria;o__Pseudomonadales;f__Moraxellaceae;g__Moraxella_A,temperate
1111525849852267:k141_116207_length_41672_cov_70.4028	Viruses;Duplodnaviria;Heunggongvirae;Uroviricota;Caudoviricetes;;,d__Bacteria;p__Bacillota;c__Bacilli;o__Lactobacillales;f__Streptococcaceae;g__Streptococcus,temperate
1111525849736752:k141_702354_length_10799_cov_54.0000	Viruses;Duplodnaviria;Heunggongvirae;Uroviricota;Caudoviricetes;;,NA,virulent
T2109198881:k141_5834_length_44135_cov_221.9312	Viruses;Duplodnaviria;Heunggongvirae;Uroviricota;Caudoviricetes;;,d__Bacteria;p__Bacillota;c__Bacilli;o__Staphylococcales;f__Staphylococcaceae;g__Staphylococcus,temperate
T2108173979:k141_774361_length_53887_cov_63.0000	Viruses;Duplodnaviria;Heunggongvirae;Uroviricota;Caudoviricetes;;,NA,virulent
T2108173898:k141_217901_length_43508_cov_65.8460	Viruses;Duplodnaviria;Heunggongvirae;Uroviricota;Caudoviricetes;;,d__Bacteria;p__Actinomycetota;c__Actinomycetes;o__Actinomycetales;f__Actinomycetaceae;g__Actinomyces,temperate
T2108173898:k141_668118_length_42279_cov_79.0000	Viruses;Duplodnaviria;Heunggongvirae;Uroviricota;Caudoviricetes;;,d__Bacteria;p__Actinomycetota;c__Actinomycetes;o__Actinomycetales;f__Actinomycetaceae;g__Actinomyces,temperate
T2108173898:k141_471020_length_39448_cov_71.0076	Viruses;Duplodnaviria;Heunggongvirae;Uroviricota;Caudoviricetes;;,d__Bacteria;p__Actinomycetota;c__Actinomycetes;o__Mycobacteriales;f__Mycobacteriaceae;g__Corynebacterium,virulent
T2108173898:k141_764608_length_39321_cov_80.6390	Viruses;Duplodnaviria;Heunggongvirae;Uroviricota;Caudoviricetes;;,d__Bacteria;p__Actinomycetota;c__Actinomycetes;o__Mycobacteriales;f__Mycobacteriaceae;g__Corynebacterium,virulent
T2108173898:k141_563212_length_20641_cov_70.4313	Viruses;Duplodnaviria;Heunggongvirae;Uroviricota;Caudoviricetes;;,d__Bacteria;p__Pseudomonadota;c__Gammaproteobacteria;o__Burkholderiales;f__Neisseriaceae;g__Neisseria,virulent
T2108173898:k141_162480_length_19465_cov_164.8122	Viruses;Duplodnaviria;Heunggongvirae;Uroviricota;Caudoviricetes;;,d__Bacteria;p__Actinomycetota;c__Actinomycetes;o__Actinomycetales;f__Actinomycetaceae;g__Actinomyces,virulent
T2109199097:k141_65827_length_36598_cov_861.8023	Viruses;Duplodnaviria;Heunggongvirae;Uroviricota;Caudoviricetes;;,d__Bacteria;p__Bacillota;c__Bacilli;o__Staphylococcales;f__Staphylococcaceae;g__Staphylococcus,temperate
T2109199097:k141_4417_length_26205_cov_1876.4484	Viruses;Duplodnaviria;Heunggongvirae;Uroviricota;Caudoviricetes;;,d__Bacteria;p__Bacillota;c__Bacilli;o__Staphylococcales;f__Staphylococcaceae;g__Staphylococcus,temperate
T2109199097:k141_5629_length_12459_cov_2309.8587	Viruses;Duplodnaviria;Heunggongvirae;Uroviricota;Caudoviricetes;;,d__Bacteria;p__Bacillota;c__Bacilli;o__Staphylococcales;f__Staphylococcaceae;g__Staphylococcus,temperate
T2109198926:k141_125975_length_21755_cov_213.7595	Viruses;Duplodnaviria;Heunggongvirae;Uroviricota;Caudoviricetes;;,d__Bacteria;p__Bacillota;c__Bacilli;o__Staphylococcales;f__Staphylococcaceae;g__Staphylococcus,temperate
1111525849633549:k141_981818_length_12205_cov_89.7503	Viruses;Duplodnaviria;Heunggongvirae;Uroviricota;Caudoviricetes;;Rountreeviridae,d__Bacteria;p__Bacillota;c__Bacilli;o__Staphylococcales;f__Staphylococcaceae;g__Staphylococcus,virulent
1111525849479064:k141_692854_length_30372_cov_156.9663	Viruses;Duplodnaviria;Heunggongvirae;Uroviricota;Caudoviricetes;;,NA,virulent
1111525849479064:k141_390172_length_17532_cov_223.9988	Viruses;Duplodnaviria;Heunggongvirae;Uroviricota;Caudoviricetes;;,d__Bacteria;p__Actinomycetota;c__Actinomycetes;o__Mycobacteriales;f__Micromonosporaceae;g__Micromonospora_E,virulent
T2108173889:k141_1179853_length_75380_cov_62.5243	Viruses;Duplodnaviria;Heunggongvirae;Uroviricota;Caudoviricetes;;,d__Bacteria;p__Pseudomonadota;c__Gammaproteobacteria;o__Enterobacterales;f__Enterobacteriaceae;g__Pantoea,temperate
T2108173889:k141_2432995_length_74249_cov_107.0000	Viruses;Duplodnaviria;Heunggongvirae;Uroviricota;Caudoviricetes;;Schitoviridae,d__Bacteria;p__Pseudomonadota;c__Gammaproteobacteria;o__Pseudomonadales;f__Pseudomonadaceae;g__Pseudomonas_E,virulent
T2108173889:k141_197876_length_43180_cov_208.0000	Viruses;Duplodnaviria;Heunggongvirae;Uroviricota;Caudoviricetes;;,d__Bacteria;p__Pseudomonadota;c__Gammaproteobacteria;o__Pseudomonadales;f__Pseudomonadaceae;g__Pseudomonas_E,temperate
T2108173889:k141_223118_length_36347_cov_122.0000	Viruses;Duplodnaviria;Heunggongvirae;Uroviricota;Caudoviricetes;;,d__Bacteria;p__Bacillota;c__Bacilli;o__Lactobacillales;f__Lactobacillaceae;g__Leuconostoc,temperate
T2108173889:k141_4017976_length_6864_cov_36.9824	Viruses;Duplodnaviria;Heunggongvirae;Uroviricota;Caudoviricetes;;,NA,virulent
T2108173889:k141_1934198_length_4062_cov_20.0000	Viruses;Monodnaviria;Loebvirae;Hofneiviricota;Faserviricetes;Tubulavirales;Inoviridae,d__Bacteria;p__Pseudomonadota;c__Gammaproteobacteria;o__Pseudomonadales;f__Moraxellaceae;g__Acinetobacter,temperate
T2109198971:k141_51677_length_25721_cov_29.0000	Viruses;Duplodnaviria;Heunggongvirae;Uroviricota;Caudoviricetes;;,d__Bacteria;p__Pseudomonadota;c__Gammaproteobacteria;o__Pseudomonadales;f__Pseudomonadaceae;g__Pseudomonas_E,temperate
T2109198971:k141_23016_length_25533_cov_236.4973	Viruses;Duplodnaviria;Heunggongvirae;Uroviricota;Caudoviricetes;;,d__Bacteria;p__Bacillota;c__Bacilli;o__Staphylococcales;f__Staphylococcaceae;g__Staphylococcus,temperate
1111525849766308:k141_399452_length_21906_cov_88.7251	Viruses;Duplodnaviria;Heunggongvirae;Uroviricota;Caudoviricetes;;,NA,temperate
1111525849766308:k141_198144_length_12191_cov_149.0000	Viruses;Duplodnaviria;Heunggongvirae;Uroviricota;Caudoviricetes;;,NA,virulent
1111525849862536:k141_141126_length_11344_cov_212.6044	Viruses;Duplodnaviria;Heunggongvirae;Uroviricota;Caudoviricetes;;,d__Bacteria;p__Bacillota;c__Bacilli;o__Staphylococcales;f__Staphylococcaceae;g__Staphylococcus,temperate
1111525849736824:k141_187848_length_29569_cov_64.9619	Viruses;Duplodnaviria;Heunggongvirae;Uroviricota;Caudoviricetes;;,NA,temperate
1111525849736824:k141_453093_length_14511_cov_127.9978	Viruses;Duplodnaviria;Heunggongvirae;Uroviricota;Caudoviricetes;;,d__Bacteria;p__Bacillota;c__Bacilli;o__Lactobacillales;f__Streptococcaceae;g__Streptococcus,temperate
T2108173988:k141_453106_length_115251_cov_6344.3922	Viruses;Duplodnaviria;Heunggongvirae;Uroviricota;Caudoviricetes;;,NA,virulent
T2108173988:k141_204629_length_71039_cov_1654.7056	Viruses;Duplodnaviria;Heunggongvirae;Uroviricota;Caudoviricetes;;,d__Bacteria;p__Pseudomonadota;c__Alphaproteobacteria;o__Caulobacterales;f__Caulobacteraceae;g__Brevundimonas,virulent
T2108173988:k141_346596_length_56974_cov_81.0421	Viruses;Duplodnaviria;Heunggongvirae;Uroviricota;Caudoviricetes;;,NA,virulent
T2108173988:k141_85961_length_47704_cov_317.0000	Viruses;Duplodnaviria;Heunggongvirae;Uroviricota;Caudoviricetes;;Casjensviridae,NA,virulent
T2108173988:k141_237961_length_45928_cov_418.8513	Viruses;Duplodnaviria;Heunggongvirae;Uroviricota;Caudoviricetes;;,NA,virulent
T2108173988:k141_267541_length_45816_cov_121.6324	Viruses;Duplodnaviria;Heunggongvirae;Uroviricota;Caudoviricetes;;,NA,virulent
T2108173988:k141_341149_length_44406_cov_610.3937	Viruses;Duplodnaviria;Heunggongvirae;Uroviricota;Caudoviricetes;;,d__Bacteria;p__Pseudomonadota;c__Alphaproteobacteria;o__Caulobacterales;f__Caulobacteraceae;g__Brevundimonas,temperate
T2108173988:k141_123936_length_44120_cov_681.6338	Viruses;Duplodnaviria;Heunggongvirae;Uroviricota;Caudoviricetes;;,NA,temperate
T2108173988:k141_87948_length_39183_cov_144.8305	Viruses;Duplodnaviria;Heunggongvirae;Uroviricota;Caudoviricetes;;,d__Bacteria;p__Pseudomonadota;c__Alphaproteobacteria;o__Caulobacterales;f__Caulobacteraceae;g__Brevundimonas,temperate
T2108173988:k141_120838_length_38152_cov_985.3159	Viruses;Duplodnaviria;Heunggongvirae;Uroviricota;Caudoviricetes;;,NA,virulent
T2108173988:k141_188442_length_29488_cov_1638.6757	Viruses;Duplodnaviria;Heunggongvirae;Uroviricota;Caudoviricetes;;,NA,temperate
T2108173988:k141_157354_length_25722_cov_84.3573	Viruses;Duplodnaviria;Heunggongvirae;Uroviricota;Caudoviricetes;;,d__Bacteria;p__Pseudomonadota;c__Gammaproteobacteria;o__Pseudomonadales;f__Moraxellaceae;g__Moraxella_A,temperate
T2108173988:k141_210359_length_16879_cov_3589.6027	Viruses;Duplodnaviria;Heunggongvirae;Uroviricota;Caudoviricetes;;,d__Bacteria;p__Actinomycetota;c__Actinomycetes;o__Propionibacteriales;f__Propionibacteriaceae;g__Cutibacterium,virulent
T2108173988:k141_409312_length_16496_cov_105.5271	Viruses;Duplodnaviria;Heunggongvirae;Uroviricota;Caudoviricetes;;,d__Bacteria;p__Bacillota;c__Bacilli;o__Staphylococcales;f__Staphylococcaceae;g__Staphylococcus,temperate
T2108173988:k141_196369_length_6119_cov_812.0000	Viruses;Monodnaviria;Sangervirae;Phixviricota;Malgrandaviricetes;Petitvirales;Microviridae,NA,virulent
T2108174088:k141_898509_length_60312_cov_52.8882	Viruses;Duplodnaviria;Heunggongvirae;Uroviricota;Caudoviricetes;;,d__Bacteria;p__Bacillota;c__Bacilli;o__Lactobacillales;f__Streptococcaceae;g__Streptococcus,virulent
T2108174088:k141_1834737_length_57873_cov_67.0012	Viruses;Duplodnaviria;Heunggongvirae;Uroviricota;Caudoviricetes;;,d__Bacteria;p__Pseudomonadota;c__Gammaproteobacteria;o__Burkholderiales;f__Neisseriaceae;g__Neisseria,virulent
T2108174088:k141_1514478_length_31096_cov_113.8508	Viruses;Duplodnaviria;Heunggongvirae;Uroviricota;Caudoviricetes;;,d__Bacteria;p__Pseudomonadota;c__Gammaproteobacteria;o__Pseudomonadales;f__Moraxellaceae;g__Acinetobacter,temperate
T2108174088:k141_374208_length_16991_cov_184.8396	Viruses;Duplodnaviria;Heunggongvirae;Uroviricota;Caudoviricetes;;Rountreeviridae,NA,virulent
T2108174088:k141_504245_length_12174_cov_164.6930	Viruses;Duplodnaviria;Heunggongvirae;Uroviricota;Caudoviricetes;;,d__Bacteria;p__Actinomycetota;c__Actinomycetes;o__Actinomycetales;f__Actinomycetaceae;g__Actinomyces,virulent
T2109199035:k141_86732_length_30222_cov_253.9058	Viruses;Duplodnaviria;Heunggongvirae;Uroviricota;Caudoviricetes;;,d__Bacteria;p__Bacillota;c__Bacilli;o__Staphylococcales;f__Staphylococcaceae;g__Staphylococcus,temperate
T2107171992:k141_11283_length_53413_cov_191.4256	NA,d__Bacteria;p__Bacteroidota;c__Bacteroidia;o__Bacteroidales;f__Porphyromonadaceae;g__Porphyromonas_A,virulent
T2107171992:k141_529943_length_45508_cov_205.3907	Viruses;Duplodnaviria;Heunggongvirae;Uroviricota;Caudoviricetes;;,d__Bacteria;p__Bacteroidota;c__Bacteroidia;o__Bacteroidales;f__Porphyromonadaceae;g__Porphyromonas_A,temperate
T2107171992:k141_98587_length_42535_cov_163.0000	Viruses;Duplodnaviria;Heunggongvirae;Uroviricota;Caudoviricetes;;,d__Bacteria;p__Bacillota;c__Clostridia;o__Tissierellales;f__Peptoniphilaceae;g__Anaerococcus,temperate
T2107171992:k141_82517_length_36389_cov_322.6431	Viruses;Duplodnaviria;Heunggongvirae;Uroviricota;Caudoviricetes;;,d__Bacteria;p__Bacillota;c__Clostridia;o__Tissierellales;f__Peptoniphilaceae;g__Fenollaria,temperate
T2107171992:k141_249939_length_35199_cov_234.9388	Viruses;Duplodnaviria;Heunggongvirae;Uroviricota;Caudoviricetes;;,d__Bacteria;p__Bacillota;c__Clostridia;o__Tissierellales;f__Peptoniphilaceae;g__Fenollaria,temperate
T2107171992:k141_134405_length_33110_cov_106.1212	Viruses;Duplodnaviria;Heunggongvirae;Uroviricota;Caudoviricetes;;,d__Bacteria;p__Bacillota;c__Negativicutes;o__Veillonellales;f__Dialisteraceae;g__Dialister,temperate
T2107171992:k141_227426_length_28221_cov_226.0000	Viruses;Duplodnaviria;Heunggongvirae;Uroviricota;Caudoviricetes;;,d__Bacteria;p__Actinomycetota;c__Actinomycetes;o__Mycobacteriales;f__Mycobacteriaceae;g__Corynebacterium,temperate
T2107171992:k141_451106_length_23413_cov_140.7839	Viruses;Duplodnaviria;Heunggongvirae;Uroviricota;Caudoviricetes;;,d__Bacteria;p__Bacillota;c__Clostridia;o__Tissierellales;f__Peptoniphilaceae;g__Finegoldia,temperate
T2107171992:k141_384646_length_22010_cov_196.3800	Viruses;Duplodnaviria;Heunggongvirae;Uroviricota;Caudoviricetes;;,d__Bacteria;p__Actinomycetota;c__Coriobacteriia;o__Coriobacteriales;f__Eggerthellaceae;g__Berryella,temperate
T2107171992:k141_175882_length_21841_cov_79.4504	Viruses;Duplodnaviria;Heunggongvirae;Uroviricota;Caudoviricetes;;,d__Bacteria;p__Bacillota;c__Bacilli;o__Staphylococcales;f__Staphylococcaceae;g__Staphylococcus,temperate
T2107171992:k141_266303_length_16892_cov_90.9893	Viruses;Duplodnaviria;Heunggongvirae;Uroviricota;Caudoviricetes;;Rountreeviridae,NA,virulent
T2107171992:k141_28203_length_16825_cov_530.9646	Viruses;Duplodnaviria;Heunggongvirae;Uroviricota;Caudoviricetes;;,d__Bacteria;p__Actinomycetota;c__Actinomycetes;o__Actinomycetales;f__Bifidobacteriaceae;g__Bifidobacterium,virulent
T2107171992:k141_26013_length_15882_cov_191.0000	Viruses;Duplodnaviria;Heunggongvirae;Uroviricota;Caudoviricetes;;Rountreeviridae,d__Bacteria;p__Bacillota;c__Bacilli;o__Lactobacillales;f__Enterococcaceae;g__Enterococcus_G,virulent
T2109198900:k141_72851_length_35766_cov_1032.1492	Viruses;Duplodnaviria;Heunggongvirae;Uroviricota;Caudoviricetes;;,d__Bacteria;p__Bacillota;c__Bacilli;o__Staphylococcales;f__Staphylococcaceae;g__Staphylococcus,temperate
T2109198900:k141_39599_length_26798_cov_1632.8801	Viruses;Duplodnaviria;Heunggongvirae;Uroviricota;Caudoviricetes;;,d__Bacteria;p__Bacillota;c__Bacilli;o__Staphylococcales;f__Staphylococcaceae;g__Staphylococcus,temperate
T2109198900:k141_46224_length_17614_cov_72.8265	Viruses;Duplodnaviria;Heunggongvirae;Uroviricota;Caudoviricetes;;,NA,temperate
T2109198900:k141_17728_length_12855_cov_4524.3071	Viruses;Duplodnaviria;Heunggongvirae;Uroviricota;Caudoviricetes;;,d__Bacteria;p__Bacillota;c__Bacilli;o__Staphylococcales;f__Staphylococcaceae;g__Staphylococcus,temperate
1111525849475051:k141_1295821_length_55304_cov_50.0000	Viruses;Duplodnaviria;Heunggongvirae;Uroviricota;Caudoviricetes;;Casjensviridae,d__Bacteria;p__Pseudomonadota;c__Gammaproteobacteria;o__Xanthomonadales;f__Xanthomonadaceae;g__Solilutibacter,virulent
1111525849475051:k141_659940_length_33502_cov_36.9752	Viruses;Duplodnaviria;Heunggongvirae;Uroviricota;Caudoviricetes;;,d__Bacteria;p__Actinomycetota;c__Actinomycetes;o__Propionibacteriales;f__Propionibacteriaceae;g__Cutibacterium,temperate
T2108173953:k141_15781_length_214145_cov_136.3644	NA,d__Bacteria;p__Actinomycetota;c__Actinomycetes;o__Mycobacteriales;f__Mycobacteriaceae;g__Corynebacterium,virulent
T2109199071:k141_13816_length_39828_cov_1154.7143	Viruses;Duplodnaviria;Heunggongvirae;Uroviricota;Caudoviricetes;;,d__Bacteria;p__Bacillota;c__Bacilli;o__Staphylococcales;f__Staphylococcaceae;g__Staphylococcus,temperate
T2109199071:k141_1566_length_20710_cov_5946.2072	Viruses;Duplodnaviria;Heunggongvirae;Uroviricota;Caudoviricetes;;,d__Bacteria;p__Bacillota;c__Bacilli;o__Staphylococcales;f__Staphylococcaceae;g__Staphylococcus,temperate
T2109199071:k141_38112_length_12308_cov_9461.9925	Viruses;Duplodnaviria;Heunggongvirae;Uroviricota;Caudoviricetes;;,d__Bacteria;p__Bacillota;c__Bacilli;o__Staphylococcales;f__Staphylococcaceae;g__Staphylococcus,temperate
R_T2109198879:k119_12292_length_36428_cov_90.9504	Viruses;Duplodnaviria;Heunggongvirae;Uroviricota;Caudoviricetes;;,d__Bacteria;p__Bacillota;c__Bacilli;o__Staphylococcales;f__Staphylococcaceae;g__Staphylococcus,temperate
T2109199152:k141_4403_length_22064_cov_118.2943	Viruses;Duplodnaviria;Heunggongvirae;Uroviricota;Caudoviricetes;;,d__Bacteria;p__Bacillota;c__Bacilli;o__Staphylococcales;f__Staphylococcaceae;g__Staphylococcus,temperate
T2107171974:k141_77651_length_9659_cov_310.9208	Viruses;Duplodnaviria;Heunggongvirae;Uroviricota;Caudoviricetes;;,d__Bacteria;p__Bacillota;c__Bacilli;o__Staphylococcales;f__Staphylococcaceae;g__Staphylococcus,temperate
1111525849639130:k141_366600_length_29009_cov_56.0000	Viruses;Duplodnaviria;Heunggongvirae;Uroviricota;Caudoviricetes;;,d__Bacteria;p__Bacillota;c__Bacilli;o__Staphylococcales;f__Staphylococcaceae;g__Staphylococcus,temperate
T2109199053:k141_16596_length_64264_cov_113.9652	Viruses;Duplodnaviria;Heunggongvirae;Uroviricota;Caudoviricetes;;,d__Bacteria;p__Bacillota;c__Bacilli;o__Staphylococcales;f__Staphylococcaceae;g__Staphylococcus,virulent
T2109199134:k141_11107_length_39533_cov_3080.1593	Viruses;Duplodnaviria;Heunggongvirae;Uroviricota;Caudoviricetes;;,d__Bacteria;p__Bacillota;c__Bacilli;o__Staphylococcales;f__Staphylococcaceae;g__Staphylococcus,temperate
T2109199017:k141_24268_length_38986_cov_255.2301	Viruses;Duplodnaviria;Heunggongvirae;Uroviricota;Caudoviricetes;;,d__Bacteria;p__Bacillota;c__Bacilli;o__Staphylococcales;f__Staphylococcaceae;g__Staphylococcus,temperate
T2109199017:k141_1050_length_16728_cov_113.1727	Viruses;Duplodnaviria;Heunggongvirae;Uroviricota;Caudoviricetes;;,d__Bacteria;p__Actinomycetota;c__Actinomycetes;o__Propionibacteriales;f__Propionibacteriaceae;g__Cutibacterium,virulent
T2108173971:k141_2268670_length_55972_cov_93.0000	Viruses;Duplodnaviria;Heunggongvirae;Uroviricota;Caudoviricetes;;,NA,virulent
T2108173971:k141_483470_length_53419_cov_446.0000	Viruses;Duplodnaviria;Heunggongvirae;Uroviricota;Caudoviricetes;;,d__Bacteria;p__Pseudomonadota;c__Gammaproteobacteria;o__Burkholderiales;f__Burkholderiaceae;g__Ideonella,virulent
T2108173971:k141_599950_length_29175_cov_183.9405	Viruses;Duplodnaviria;Heunggongvirae;Uroviricota;Caudoviricetes;;,d__Bacteria;p__Bacillota;c__Bacilli;o__Lactobacillales;f__Streptococcaceae;g__Streptococcus,temperate
T2108173971:k141_1360919_length_23031_cov_97.1618	Viruses;Duplodnaviria;Heunggongvirae;Uroviricota;Caudoviricetes;;,NA,temperate
T2108173971:k141_2368520_length_22383_cov_270.0069	Viruses;Duplodnaviria;Heunggongvirae;Uroviricota;Caudoviricetes;;,d__Bacteria;p__Pseudomonadota;c__Gammaproteobacteria;o__Pseudomonadales;f__Moraxellaceae;g__Acinetobacter,temperate
T2108173971:k141_502882_length_16840_cov_190.0766	Viruses;Duplodnaviria;Heunggongvirae;Uroviricota;Caudoviricetes;;,d__Bacteria;p__Bacillota;c__Bacilli;o__Staphylococcales;f__Staphylococcaceae;g__Staphylococcus,temperate
T2108173971:k141_1179593_length_16604_cov_120.0000	Viruses;Duplodnaviria;Heunggongvirae;Uroviricota;Caudoviricetes;;Rountreeviridae,NA,virulent
T2108173890:k141_799441_length_35092_cov_49.5507	Viruses;Duplodnaviria;Heunggongvirae;Uroviricota;Caudoviricetes;;,d__Bacteria;p__Bacillota;c__Bacilli;o__Lactobacillales;f__Lactobacillaceae;g__Lactiplantibacillus,temperate
T2108173890:k141_2288918_length_34720_cov_89.0000	Viruses;Duplodnaviria;Heunggongvirae;Uroviricota;Caudoviricetes;;,d__Bacteria;p__Pseudomonadota;c__Gammaproteobacteria;o__Enterobacterales;f__Enterobacteriaceae;g__Pantoea,temperate
1111525849854221:k141_670391_length_17858_cov_51.0000	Viruses;Duplodnaviria;Heunggongvirae;Uroviricota;Caudoviricetes;;Rountreeviridae,d__Bacteria;p__Bacillota;c__Bacilli;o__Staphylococcales;f__Staphylococcaceae;g__Staphylococcus,virulent
T2107171965:k141_173985_length_38175_cov_448.0000	Viruses;Duplodnaviria;Heunggongvirae;Uroviricota;Caudoviricetes;;,d__Bacteria;p__Pseudomonadota;c__Alphaproteobacteria;o__Caulobacterales;f__Caulobacteraceae;g__Caulobacter,temperate
T2107171965:k141_179166_length_30722_cov_519.7367	Viruses;Duplodnaviria;Heunggongvirae;Uroviricota;Caudoviricetes;;,d__Bacteria;p__Pseudomonadota;c__Gammaproteobacteria;o__Pseudomonadales;f__Moraxellaceae;g__Moraxella_A,virulent
T2107171965:k141_406079_length_25558_cov_102.0000	Viruses;Duplodnaviria;Heunggongvirae;Uroviricota;Caudoviricetes;;,NA,temperate
T2108173926:k141_876585_length_29832_cov_124.9294	Viruses;Duplodnaviria;Heunggongvirae;Uroviricota;Caudoviricetes;;,d__Bacteria;p__Bacillota;c__Bacilli;o__Staphylococcales;f__Staphylococcaceae;g__Staphylococcus,temperate
T2108173926:k141_1681536_length_20583_cov_883.0000	Viruses;Duplodnaviria;Heunggongvirae;Uroviricota;Caudoviricetes;;,d__Bacteria;p__Actinomycetota;c__Actinomycetes;o__Propionibacteriales;f__Propionibacteriaceae;g__Cutibacterium,virulent
T2108173926:k141_630588_length_17399_cov_127.0108	Viruses;Duplodnaviria;Heunggongvirae;Uroviricota;Caudoviricetes;;,d__Bacteria;p__Bacillota;c__Bacilli;o__Lactobacillales;f__Streptococcaceae;g__Streptococcus,temperate
T2108173926:k141_815606_length_13513_cov_213.3889	Viruses;Duplodnaviria;Heunggongvirae;Uroviricota;Caudoviricetes;;,d__Bacteria;p__Bacillota;c__Bacilli;o__Staphylococcales;f__Staphylococcaceae;g__Staphylococcus,virulent
T2108173926:k141_615113_length_13159_cov_170.0000	Viruses;Duplodnaviria;Heunggongvirae;Uroviricota;Caudoviricetes;;,d__Bacteria;p__Bacillota;c__Bacilli;o__Staphylococcales;f__Staphylococcaceae;g__Staphylococcus,temperate
T2108173926:k141_981614_length_6551_cov_66.3329	Viruses;Monodnaviria;Loebvirae;Hofneiviricota;Faserviricetes;Tubulavirales;Inoviridae,d__Bacteria;p__Pseudomonadota;c__Gammaproteobacteria;o__Burkholderiales;f__Neisseriaceae;g__Neisseria,virulent
T2109199125:k141_50873_length_138389_cov_241.0000	Viruses;Duplodnaviria;Heunggongvirae;Uroviricota;Caudoviricetes;;Herelleviridae,d__Bacteria;p__Bacillota;c__Bacilli;o__Staphylococcales;f__Staphylococcaceae;g__Staphylococcus,virulent
T2109199125:k141_15065_length_41892_cov_5260.2357	Viruses;Duplodnaviria;Heunggongvirae;Uroviricota;Caudoviricetes;;,d__Bacteria;p__Bacillota;c__Bacilli;o__Staphylococcales;f__Staphylococcaceae;g__Staphylococcus,temperate
T2109199044:k141_20975_length_42743_cov_855.8082	Viruses;Duplodnaviria;Heunggongvirae;Uroviricota;Caudoviricetes;;,d__Bacteria;p__Bacillota;c__Bacilli;o__Staphylococcales;f__Staphylococcaceae;g__Staphylococcus,temperate
T2109199044:k141_17271_length_16750_cov_776.1856	Viruses;Duplodnaviria;Heunggongvirae;Uroviricota;Caudoviricetes;;,d__Bacteria;p__Bacillota;c__Bacilli;o__Staphylococcales;f__Staphylococcaceae;g__Staphylococcus,temperate
T2109199008:k141_87212_length_50369_cov_94.9944	Viruses;Duplodnaviria;Heunggongvirae;Uroviricota;Caudoviricetes;;,d__Bacteria;p__Bacillota;c__Bacilli;o__Bacillales;f__Bacillaceae_G;g__Bacillus_A,virulent
T2108173881:k141_21081_length_91006_cov_140.0000	Viruses;Duplodnaviria;Heunggongvirae;Uroviricota;Caudoviricetes;;,NA,virulent
T2108173881:k141_731737_length_75594_cov_111.2836	Viruses;Duplodnaviria;Heunggongvirae;Uroviricota;Caudoviricetes;;,d__Bacteria;p__Pseudomonadota;c__Gammaproteobacteria;o__Pseudomonadales;f__Moraxellaceae;g__Acinetobacter,virulent
T2108173881:k141_244140_length_46029_cov_161.0000	Viruses;Duplodnaviria;Heunggongvirae;Uroviricota;Caudoviricetes;;,NA,temperate
T2108173881:k141_334630_length_38270_cov_156.0514	Viruses;Duplodnaviria;Heunggongvirae;Uroviricota;Caudoviricetes;;,d__Bacteria;p__Pseudomonadota;c__Gammaproteobacteria;o__Burkholderiales;f__Burkholderiaceae;g__Paracidovorax,temperate
T2108173881:k141_224610_length_35095_cov_348.3713	Viruses;Duplodnaviria;Heunggongvirae;Uroviricota;Caudoviricetes;;,d__Bacteria;p__Pseudomonadota;c__Gammaproteobacteria;o__Burkholderiales;f__Burkholderiaceae;g__Acidovorax,temperate
T2108173881:k141_841890_length_32030_cov_120.9489	Viruses;Duplodnaviria;Heunggongvirae;Uroviricota;Caudoviricetes;;,d__Bacteria;p__Pseudomonadota;c__Alphaproteobacteria;o__Rhizobiales;f__Beijerinckiaceae;g__Bosea,virulent
T2108173881:k141_912119_length_31933_cov_328.2213	Viruses;Duplodnaviria;Heunggongvirae;Uroviricota;Caudoviricetes;;,d__Bacteria;p__Pseudomonadota;c__Gammaproteobacteria;o__Burkholderiales;f__Burkholderiaceae;g__Acidovorax,temperate
T2108173881:k141_289647_length_29660_cov_197.3404	Viruses;Duplodnaviria;Heunggongvirae;Uroviricota;Caudoviricetes;;,d__Bacteria;p__Pseudomonadota;c__Gammaproteobacteria;o__Pseudomonadales;f__Moraxellaceae;g__Acinetobacter,temperate
T2108173881:k141_675471_length_29397_cov_185.7666	Viruses;Duplodnaviria;Heunggongvirae;Uroviricota;Caudoviricetes;;,d__Bacteria;p__Actinomycetota;c__Actinomycetes;o__Propionibacteriales;f__Propionibacteriaceae;g__Cutibacterium,virulent
T2108173881:k141_287965_length_21840_cov_148.4086	Viruses;Duplodnaviria;Heunggongvirae;Uroviricota;Caudoviricetes;;,d__Bacteria;p__Pseudomonadota;c__Gammaproteobacteria;o__Pseudomonadales;f__Moraxellaceae;g__Acinetobacter,virulent
T2108173881:k141_577930_length_18840_cov_123.0450	Viruses;Duplodnaviria;Heunggongvirae;Uroviricota;Caudoviricetes;;,d__Bacteria;p__Pseudomonadota;c__Gammaproteobacteria;o__Pseudomonadales;f__Moraxellaceae;g__Acinetobacter,virulent
T2108173881:k141_388796_length_16305_cov_128.1131	Viruses;Monodnaviria;Loebvirae;Hofneiviricota;Faserviricetes;Tubulavirales;Inoviridae,d__Bacteria;p__Pseudomonadota;c__Gammaproteobacteria;o__Pseudomonadales;f__Moraxellaceae;g__JASLIR01,virulent
T2108173881:k141_666216_length_7002_cov_219.3298	Viruses;Monodnaviria;Loebvirae;Hofneiviricota;Faserviricetes;Tubulavirales;Inoviridae,NA,virulent
T2108173962:k141_362768_length_39853_cov_76.0019	Viruses;Duplodnaviria;Heunggongvirae;Uroviricota;Caudoviricetes;;,d__Bacteria;p__Pseudomonadota;c__Gammaproteobacteria;o__Pseudomonadales;f__Moraxellaceae;g__Moraxella_A,temperate
T2108173962:k141_263097_length_30730_cov_187.1420	Viruses;Duplodnaviria;Heunggongvirae;Uroviricota;Caudoviricetes;;,d__Bacteria;p__Bacillota;c__Bacilli;o__Staphylococcales;f__Staphylococcaceae;g__Staphylococcus,temperate
T2108173962:k141_44829_length_15491_cov_113.5951	Viruses;Duplodnaviria;Heunggongvirae;Uroviricota;Caudoviricetes;;,d__Bacteria;p__Actinomycetota;c__Actinomycetes;o__Actinomycetales;f__Actinomycetaceae;g__Actinomyces,virulent
SRR2005643:k99_5014_length_8178_cov_32.0422	Viruses;Riboviria;Pararnavirae;Artverviricota;Revtraviricetes;Ortervirales;Retroviridae,NA,virulent
T2107171983:k141_104404_length_45226_cov_73.7905	Viruses;Duplodnaviria;Heunggongvirae;Uroviricota;Caudoviricetes;;,d__Bacteria;p__Bacillota;c__Bacilli;o__Staphylococcales;f__Staphylococcaceae;g__Staphylococcus,temperate
T2108173863:k141_576463_length_366531_cov_98.1954	Viruses;Duplodnaviria;Heunggongvirae;Uroviricota;Caudoviricetes;;,NA,virulent
T2108173863:k141_200462_length_11917_cov_105.0000	Viruses;Duplodnaviria;Heunggongvirae;Uroviricota;Caudoviricetes;;,d__Bacteria;p__Actinomycetota;c__Actinomycetes;o__Propionibacteriales;f__Propionibacteriaceae;g__Cutibacterium,virulent
MET0489:k119_6049_length_13206_cov_946.4691	Viruses;Duplodnaviria;Heunggongvirae;Uroviricota;Caudoviricetes;;,d__Bacteria;p__Bacillota;c__Bacilli;o__Staphylococcales;f__Staphylococcaceae;g__Staphylococcus,temperate
T2109199143:k141_15977_length_31089_cov_6560.6666	Viruses;Duplodnaviria;Heunggongvirae;Uroviricota;Caudoviricetes;;,d__Bacteria;p__Bacillota;c__Bacilli;o__Staphylococcales;f__Staphylococcaceae;g__Staphylococcus,temperate
1111525849480910:k141_115807_length_38318_cov_98.7953	Viruses;Duplodnaviria;Heunggongvirae;Uroviricota;Caudoviricetes;;,d__Bacteria;p__Actinomycetota;c__Actinomycetes;o__Propionibacteriales;f__Propionibacteriaceae;g__Cutibacterium,temperate
T2109199107:k141_10433_length_23793_cov_1088.5467	Viruses;Duplodnaviria;Heunggongvirae;Uroviricota;Caudoviricetes;;,d__Bacteria;p__Bacillota;c__Bacilli;o__Staphylococcales;f__Staphylococcaceae;g__Staphylococcus,temperate
T2109199026:k141_12060_length_30471_cov_110.1093	Viruses;Duplodnaviria;Heunggongvirae;Uroviricota;Caudoviricetes;;,d__Bacteria;p__Bacillota;c__Bacilli;o__Staphylococcales;f__Staphylococcaceae;g__Staphylococcus,temperate
T2108173980:k141_806766_length_28855_cov_64.0540	Viruses;Duplodnaviria;Heunggongvirae;Uroviricota;Caudoviricetes;;,d__Bacteria;p__Bacillota;c__Bacilli;o__Lactobacillales;f__Carnobacteriaceae;g__Dolosigranulum,temperate
MET0687:k119_6544_length_30219_cov_878.6507	Viruses;Duplodnaviria;Heunggongvirae;Uroviricota;Caudoviricetes;;,d__Bacteria;p__Actinomycetota;c__Actinomycetes;o__Propionibacteriales;f__Propionibacteriaceae;g__Cutibacterium,virulent
1111525849645106:k141_1173742_length_28926_cov_78.0000	Viruses;Duplodnaviria;Heunggongvirae;Uroviricota;Caudoviricetes;;,d__Bacteria;p__Actinomycetota;c__Actinomycetes;o__Mycobacteriales;f__Mycobacteriaceae;g__Corynebacterium,temperate
MET0302:k119_18875_length_30602_cov_309.5773	Viruses;Duplodnaviria;Heunggongvirae;Uroviricota;Caudoviricetes;;,d__Bacteria;p__Bacillota;c__Bacilli;o__Staphylococcales;f__Staphylococcaceae;g__Staphylococcus,temperate
MET0302:k119_42241_length_23797_cov_344.4189	Viruses;Duplodnaviria;Heunggongvirae;Uroviricota;Caudoviricetes;;,d__Bacteria;p__Bacillota;c__Bacilli;o__Staphylococcales;f__Staphylococcaceae;g__Staphylococcus,temperate
MET0221:k119_8079_length_29962_cov_516.0000	Viruses;Duplodnaviria;Heunggongvirae;Uroviricota;Caudoviricetes;;,d__Bacteria;p__Actinomycetota;c__Actinomycetes;o__Propionibacteriales;f__Propionibacteriaceae;g__Cutibacterium,virulent
1111525849478649:k141_7819_length_68275_cov_135.5836	Viruses;Duplodnaviria;Heunggongvirae;Uroviricota;Caudoviricetes;;,NA,virulent
1111525849478649:k141_185156_length_29283_cov_4162.0854	Viruses;Duplodnaviria;Heunggongvirae;Uroviricota;Caudoviricetes;;,d__Bacteria;p__Actinomycetota;c__Actinomycetes;o__Propionibacteriales;f__Propionibacteriaceae;g__Cutibacterium,virulent
1111525849478649:k141_11214_length_27888_cov_543.3816	Viruses;Duplodnaviria;Heunggongvirae;Uroviricota;Caudoviricetes;;,d__Bacteria;p__Actinomycetota;c__Actinomycetes;o__Propionibacteriales;f__Propionibacteriaceae;g__Cutibacterium,virulent
MET0104:k119_3480_length_19299_cov_496.0000	Viruses;Duplodnaviria;Heunggongvirae;Uroviricota;Caudoviricetes;;,d__Bacteria;p__Actinomycetota;c__Actinomycetes;o__Propionibacteriales;f__Propionibacteriaceae;g__Cutibacterium,virulent
T2109198988:k141_2979_length_30383_cov_59.1089	Viruses;Duplodnaviria;Heunggongvirae;Uroviricota;Caudoviricetes;;,d__Bacteria;p__Pseudomonadota;c__Gammaproteobacteria;o__Pseudomonadales;f__Pseudomonadaceae;g__Pseudomonas_B,temperate
T2107172012:k141_172017_length_38019_cov_169.0000	Viruses;Duplodnaviria;Heunggongvirae;Uroviricota;Caudoviricetes;;,d__Bacteria;p__Pseudomonadota;c__Gammaproteobacteria;o__Pseudomonadales;f__Moraxellaceae;g__Moraxella_A,temperate
T2107172012:k141_86834_length_27289_cov_4344.9346	Viruses;Duplodnaviria;Heunggongvirae;Uroviricota;Caudoviricetes;;,d__Bacteria;p__Bacillota;c__Bacilli;o__Staphylococcales;f__Staphylococcaceae;g__Staphylococcus,temperate
T2107172012:k141_66245_length_17007_cov_2083.4553	Viruses;Duplodnaviria;Heunggongvirae;Uroviricota;Caudoviricetes;;Rountreeviridae,NA,virulent
T2107172012:k141_198671_length_9444_cov_3071.4090	Viruses;Duplodnaviria;Heunggongvirae;Uroviricota;Caudoviricetes;;,d__Bacteria;p__Bacillota;c__Bacilli;o__Staphylococcales;f__Staphylococcaceae;g__Staphylococcus,temperate
T2109198889:k141_17220_length_26792_cov_144.2524	Viruses;Duplodnaviria;Heunggongvirae;Uroviricota;Caudoviricetes;;,d__Bacteria;p__Bacillota;c__Bacilli;o__Staphylococcales;f__Staphylococcaceae;g__Staphylococcus,temperate
1111525849863687:k141_440199_length_27890_cov_157.6664	Viruses;Duplodnaviria;Heunggongvirae;Uroviricota;Caudoviricetes;;,d__Bacteria;p__Bacillota;c__Bacilli;o__Staphylococcales;f__Staphylococcaceae;g__Staphylococcus,temperate
T2109198997:k141_9402_length_48964_cov_198.9089	Viruses;Duplodnaviria;Heunggongvirae;Uroviricota;Caudoviricetes;;,d__Bacteria;p__Bacteroidota;c__Bacteroidia;o__Flavobacteriales;f__Weeksellaceae;g__Empedobacter,virulent
SRR1950687:k119_15435_length_26703_cov_156.0000	Viruses;Duplodnaviria;Heunggongvirae;Uroviricota;Caudoviricetes;;,d__Bacteria;p__Pseudomonadota;c__Gammaproteobacteria;o__Pseudomonadales;f__Moraxellaceae;g__Acinetobacter,temperate
T2107172003:k141_1318378_length_214439_cov_72.5691	Viruses;Duplodnaviria;Heunggongvirae;Uroviricota;Caudoviricetes;;,NA,virulent
T2107172003:k141_1011727_length_36342_cov_509.9459	Viruses;Duplodnaviria;Heunggongvirae;Uroviricota;Caudoviricetes;;,d__Bacteria;p__Pseudomonadota;c__Gammaproteobacteria;o__Pseudomonadales;f__Moraxellaceae;g__Moraxella_A,virulent
T2107172003:k141_893566_length_31933_cov_54.9359	Viruses;Duplodnaviria;Heunggongvirae;Uroviricota;Caudoviricetes;;,d__Bacteria;p__Pseudomonadota;c__Gammaproteobacteria;o__Pseudomonadales;f__Moraxellaceae;g__Moraxella_A,virulent
T2107172003:k141_521397_length_9643_cov_61.0000	NA,d__Bacteria;p__Actinomycetota;c__Actinomycetes;o__Mycobacteriales;f__Mycobacteriaceae;g__Corynebacterium,virulent
T2109198898:k141_6977_length_6121_cov_134.6868	Viruses;Monodnaviria;Loebvirae;Hofneiviricota;Faserviricetes;Tubulavirales;Inoviridae,d__Bacteria;p__Pseudomonadota;c__Gammaproteobacteria;o__Pseudomonadales;f__Pseudomonadaceae;g__Stutzerimonas,virulent
T2109198979:k141_34912_length_118542_cov_142.9448	Viruses;Duplodnaviria;Heunggongvirae;Uroviricota;Caudoviricetes;;,d__Bacteria;p__Bacillota;c__Bacilli;o__Staphylococcales;f__Staphylococcaceae;g__Staphylococcus,temperate
T2109198979:k141_10813_length_32264_cov_1241.7372	Viruses;Duplodnaviria;Heunggongvirae;Uroviricota;Caudoviricetes;;,d__Bacteria;p__Bacillota;c__Bacilli;o__Staphylococcales;f__Staphylococcaceae;g__Staphylococcus,temperate
T2109198979:k141_18124_length_14955_cov_1413.3566	Viruses;Duplodnaviria;Heunggongvirae;Uroviricota;Caudoviricetes;;,d__Bacteria;p__Bacillota;c__Bacilli;o__Staphylococcales;f__Staphylococcaceae;g__Staphylococcus,temperate
T2108174000:k141_231505_length_46676_cov_67.0000	Viruses;Duplodnaviria;Heunggongvirae;Uroviricota;Caudoviricetes;;,d__Bacteria;p__Bacillota;c__Bacilli;o__Staphylococcales;f__Staphylococcaceae;g__Staphylococcus,temperate
T2108174000:k141_1054239_length_29018_cov_55.1937	Viruses;Duplodnaviria;Heunggongvirae;Uroviricota;Caudoviricetes;;,d__Bacteria;p__Bacillota;c__Bacilli;o__Staphylococcales;f__Staphylococcaceae;g__Staphylococcus,virulent
T2108174000:k141_1091983_length_26443_cov_90.9801	Viruses;Duplodnaviria;Heunggongvirae;Uroviricota;Caudoviricetes;;,d__Bacteria;p__Pseudomonadota;c__Gammaproteobacteria;o__Pseudomonadales;f__Moraxellaceae;g__Acinetobacter,virulent
T2108174000:k141_667199_length_16950_cov_149.4770	Viruses;Duplodnaviria;Heunggongvirae;Uroviricota;Caudoviricetes;;Rountreeviridae,NA,virulent
T2108174000:k141_1790955_length_9159_cov_30.0000	Viruses;Duplodnaviria;Heunggongvirae;Uroviricota;Caudoviricetes;;Rountreeviridae,d__Bacteria;p__Bacillota;c__Bacilli;o__Staphylococcales;f__Staphylococcaceae;g__Staphylococcus,virulent
MET0206:k119_279708_length_9492_cov_38.0000	Viruses;Duplodnaviria;Heunggongvirae;Uroviricota;Caudoviricetes;;,d__Bacteria;p__Actinomycetota;c__Actinomycetes;o__Mycobacteriales;f__Mycobacteriaceae;g__Corynebacterium,virulent
MET0044:k119_16473_length_26427_cov_398.8093	Viruses;Duplodnaviria;Heunggongvirae;Uroviricota;Caudoviricetes;;,d__Bacteria;p__Bacillota;c__Bacilli;o__Staphylococcales;f__Staphylococcaceae;g__Staphylococcus,temperate
MET0107:k119_4569_length_28433_cov_90.8729	Viruses;Duplodnaviria;Heunggongvirae;Uroviricota;Caudoviricetes;;,d__Bacteria;p__Bacillota;c__Bacilli;o__Staphylococcales;f__Staphylococcaceae;g__Staphylococcus,temperate
MET0026:k119_9080_length_28884_cov_132.0046	Viruses;Duplodnaviria;Heunggongvirae;Uroviricota;Caudoviricetes;;,d__Bacteria;p__Actinomycetota;c__Actinomycetes;o__Propionibacteriales;f__Propionibacteriaceae;g__Cutibacterium,virulent
T2107172015:k141_25041_length_43019_cov_1257.0000	Viruses;Duplodnaviria;Heunggongvirae;Uroviricota;Caudoviricetes;;,d__Bacteria;p__Bacillota;c__Bacilli;o__Staphylococcales;f__Staphylococcaceae;g__Staphylococcus,temperate
T2107172015:k141_883009_length_33363_cov_61.0000	Viruses;Duplodnaviria;Heunggongvirae;Uroviricota;Caudoviricetes;;,NA,virulent
T2107172015:k141_817931_length_33361_cov_72.0098	Viruses;Duplodnaviria;Heunggongvirae;Uroviricota;Caudoviricetes;;,d__Bacteria;p__Bacillota;c__Bacilli;o__Lactobacillales;f__Streptococcaceae;g__Streptococcus,temperate
T2107172015:k141_397496_length_31206_cov_234.6781	Viruses;Duplodnaviria;Heunggongvirae;Uroviricota;Caudoviricetes;;,d__Bacteria;p__Actinomycetota;c__Actinomycetes;o__Actinomycetales;f__Actinomycetaceae;g__Actinomyces,virulent
T2107172015:k141_1171858_length_29817_cov_90.0000	Viruses;Duplodnaviria;Heunggongvirae;Uroviricota;Caudoviricetes;;,d__Bacteria;p__Actinomycetota;c__Actinomycetes;o__Actinomycetales;f__Actinomycetaceae;g__Actinomyces,virulent
T2107172015:k141_705465_length_20818_cov_249.0000	Viruses;Duplodnaviria;Heunggongvirae;Uroviricota;Caudoviricetes;;,d__Bacteria;p__Pseudomonadota;c__Gammaproteobacteria;o__Pseudomonadales;f__Moraxellaceae;g__Psychrobacter,temperate
T2107172015:k141_327042_length_17320_cov_130.9358	Viruses;Duplodnaviria;Heunggongvirae;Uroviricota;Caudoviricetes;;,d__Bacteria;p__Actinomycetota;c__Actinomycetes;o__Actinomycetales;f__Actinomycetaceae;g__Actinomyces,virulent
MET0341:k119_23348_length_22696_cov_18.9681	Viruses;Duplodnaviria;Heunggongvirae;Uroviricota;Caudoviricetes;;,d__Bacteria;p__Bacillota;c__Bacilli;o__Staphylococcales;f__Staphylococcaceae;g__Staphylococcus,temperate
MET0305:k119_10757_length_29596_cov_76.0000	Viruses;Duplodnaviria;Heunggongvirae;Uroviricota;Caudoviricetes;;,d__Bacteria;p__Actinomycetota;c__Actinomycetes;o__Propionibacteriales;f__Propionibacteriaceae;g__Cutibacterium,virulent
MET0224:k119_7489_length_350669_cov_327.9813	Viruses;Duplodnaviria;Heunggongvirae;Uroviricota;Caudoviricetes;;,NA,virulent
MET0224:k119_7747_length_41838_cov_343.8800	Viruses;Duplodnaviria;Heunggongvirae;Uroviricota;Caudoviricetes;;,d__Bacteria;p__Actinomycetota;c__Actinomycetes;o__Mycobacteriales;f__Mycobacteriaceae;g__Corynebacterium,virulent
MET0224:k119_64491_length_31402_cov_171.8041	Viruses;Duplodnaviria;Heunggongvirae;Uroviricota;Caudoviricetes;;,d__Bacteria;p__Pseudomonadota;c__Alphaproteobacteria;o__Rhodobacterales;f__Rhodobacteraceae;g__Haematobacter,temperate
MET0224:k119_82074_length_30589_cov_193.1861	Viruses;Duplodnaviria;Heunggongvirae;Uroviricota;Caudoviricetes;;,d__Bacteria;p__Pseudomonadota;c__Alphaproteobacteria;o__Rhodobacterales;f__Rhodobacteraceae;g__Haematobacter,temperate
MET0224:k119_26646_length_30012_cov_520.3564	Viruses;Duplodnaviria;Heunggongvirae;Uroviricota;Caudoviricetes;;,d__Bacteria;p__Actinomycetota;c__Actinomycetes;o__Propionibacteriales;f__Propionibacteriaceae;g__Cutibacterium,virulent
MET0224:k119_87500_length_28671_cov_170.5331	Viruses;Duplodnaviria;Heunggongvirae;Uroviricota;Caudoviricetes;;,d__Bacteria;p__Bacillota;c__Bacilli;o__Staphylococcales;f__Staphylococcaceae;g__Staphylococcus,temperate
MET0224:k119_80788_length_27768_cov_103.9106	Viruses;Duplodnaviria;Heunggongvirae;Uroviricota;Caudoviricetes;;,d__Bacteria;p__Bacillota;c__Bacilli;o__Staphylococcales;f__Staphylococcaceae;g__Staphylococcus,temperate
MET0224:k119_786_length_15318_cov_187.8770	Viruses;Duplodnaviria;Heunggongvirae;Uroviricota;Caudoviricetes;;,d__Bacteria;p__Actinomycetota;c__Actinomycetes;o__Mycobacteriales;f__Mycobacteriaceae;g__Corynebacterium,virulent
T2108174012:k141_29674_length_49826_cov_368.0000	Viruses;Duplodnaviria;Heunggongvirae;Uroviricota;Caudoviricetes;;,NA,virulent
T2108174120:k141_763347_length_65639_cov_212.2925	Viruses;Duplodnaviria;Heunggongvirae;Uroviricota;Caudoviricetes;;,NA,virulent
T2108174120:k141_297699_length_42870_cov_549.7045	Viruses;Duplodnaviria;Heunggongvirae;Uroviricota;Caudoviricetes;;,NA,virulent
T2108174120:k141_187918_length_34636_cov_88.2304	Viruses;Duplodnaviria;Heunggongvirae;Uroviricota;Caudoviricetes;;,NA,temperate
T2108174120:k141_397768_length_24762_cov_73.7031	Viruses;Duplodnaviria;Heunggongvirae;Uroviricota;Caudoviricetes;;,d__Bacteria;p__Pseudomonadota;c__Gammaproteobacteria;o__Pseudomonadales;f__Moraxellaceae;g__Moraxella_A,temperate
T2108174120:k141_38755_length_24192_cov_86.0000	Viruses;Duplodnaviria;Heunggongvirae;Uroviricota;Caudoviricetes;;,NA,virulent
T2108174120:k141_569112_length_14761_cov_71.0000	Viruses;Duplodnaviria;Heunggongvirae;Uroviricota;Caudoviricetes;;,d__Bacteria;p__Actinomycetota;c__Actinomycetes;o__Mycobacteriales;f__Mycobacteriaceae;g__Corynebacterium,virulent
T2108174120:k141_672262_length_12604_cov_65.6296	Viruses;Duplodnaviria;Heunggongvirae;Uroviricota;Caudoviricetes;;,NA,temperate
T2107172006:k141_12624_length_74411_cov_118.7806	Viruses;Duplodnaviria;Heunggongvirae;Uroviricota;Caudoviricetes;;,d__Bacteria;p__Pseudomonadota;c__Alphaproteobacteria;o__Caulobacterales;f__Caulobacteraceae;g__Brevundimonas,temperate
MET0251:k119_34775_length_29962_cov_503.7671	Viruses;Duplodnaviria;Heunggongvirae;Uroviricota;Caudoviricetes;;,d__Bacteria;p__Bacillota;c__Bacilli;o__Lactobacillales;f__Lactobacillaceae;g__Lactobacillus,temperate
MET0413:k119_5665_length_33093_cov_1578.7653	Viruses;Duplodnaviria;Heunggongvirae;Uroviricota;Caudoviricetes;;,d__Bacteria;p__Actinomycetota;c__Actinomycetes;o__Mycobacteriales;f__Mycobacteriaceae;g__Corynebacterium,virulent
T2108174003:k141_1494750_length_34724_cov_48.9965	Viruses;Duplodnaviria;Heunggongvirae;Uroviricota;Caudoviricetes;;,d__Bacteria;p__Pseudomonadota;c__Gammaproteobacteria;o__Pseudomonadales;f__Moraxellaceae;g__Acinetobacter,temperate
T2108174003:k141_1815230_length_6805_cov_327.0000	Viruses;Duplodnaviria;Heunggongvirae;Uroviricota;Caudoviricetes;;,d__Bacteria;p__Bacillota;c__Bacilli;o__Lactobacillales;f__Streptococcaceae;g__Streptococcus,temperate
T2108174102:k141_1205367_length_35364_cov_118.9631	Viruses;Duplodnaviria;Heunggongvirae;Uroviricota;Caudoviricetes;;,d__Bacteria;p__Bacillota;c__Clostridia;o__Tissierellales;f__Peptoniphilaceae;g__Fenollaria,temperate
T2108174102:k141_1332437_length_15792_cov_135.0426	Viruses;Duplodnaviria;Heunggongvirae;Uroviricota;Caudoviricetes;;,d__Bacteria;p__Actinomycetota;c__Actinomycetes;o__Propionibacteriales;f__Propionibacteriaceae;g__Cutibacterium,virulent
T2108173866:k141_327172_length_256382_cov_280.0753	NA,NA,virulent
T2108173866:k141_207783_length_44786_cov_397.1318	Viruses;Duplodnaviria;Heunggongvirae;Uroviricota;Caudoviricetes;;,d__Bacteria;p__Bacillota;c__Bacilli;o__Staphylococcales;f__Staphylococcaceae;g__Staphylococcus,temperate
T2108173866:k141_284150_length_27087_cov_75.9661	Viruses;Duplodnaviria;Heunggongvirae;Uroviricota;Caudoviricetes;;,d__Bacteria;p__Bacillota;c__Clostridia;o__Tissierellales;f__Peptoniphilaceae;g__Fenollaria,virulent
T2108173866:k141_148734_length_17787_cov_222.1438	Viruses;Duplodnaviria;Heunggongvirae;Uroviricota;Caudoviricetes;;,d__Bacteria;p__Bacillota;c__Bacilli;o__Lactobacillales;f__Aerococcaceae;g__Abiotrophia,temperate
T2108173947:k141_1523278_length_27188_cov_127.3866	Viruses;Duplodnaviria;Heunggongvirae;Uroviricota;Caudoviricetes;;,d__Bacteria;p__Pseudomonadota;c__Gammaproteobacteria;o__Pseudomonadales;f__Moraxellaceae;g__Moraxella_A,temperate
T2108173947:k141_998_length_6547_cov_115.7232	Viruses;Monodnaviria;Loebvirae;Hofneiviricota;Faserviricetes;Tubulavirales;Inoviridae,d__Bacteria;p__Pseudomonadota;c__Gammaproteobacteria;o__Pseudomonadales;f__Moraxellaceae;g__Acinetobacter,temperate
T2108173947:k141_1181572_length_6543_cov_72.7067	Viruses;Monodnaviria;Loebvirae;Hofneiviricota;Faserviricetes;Tubulavirales;Inoviridae,d__Bacteria;p__Pseudomonadota;c__Gammaproteobacteria;o__Pseudomonadales;f__Moraxellaceae;g__Acinetobacter,temperate
T2109199065:k141_75633_length_123009_cov_115.9785	Viruses;Duplodnaviria;Heunggongvirae;Uroviricota;Caudoviricetes;;,d__Bacteria;p__Bacillota;c__Bacilli;o__Staphylococcales;f__Staphylococcaceae;g__Staphylococcus,temperate
T2109199065:k141_27597_length_39728_cov_1484.2816	Viruses;Duplodnaviria;Heunggongvirae;Uroviricota;Caudoviricetes;;,d__Bacteria;p__Bacillota;c__Bacilli;o__Staphylococcales;f__Staphylococcaceae;g__Staphylococcus,temperate
T2109199065:k141_2260_length_39440_cov_2299.9195	Viruses;Duplodnaviria;Heunggongvirae;Uroviricota;Caudoviricetes;;,d__Bacteria;p__Bacillota;c__Bacilli;o__Staphylococcales;f__Staphylococcaceae;g__Staphylococcus,temperate
T2109199065:k141_45331_length_32814_cov_319.1402	Viruses;Duplodnaviria;Heunggongvirae;Uroviricota;Caudoviricetes;;,d__Bacteria;p__Bacillota;c__Bacilli;o__Staphylococcales;f__Staphylococcaceae;g__Staphylococcus,temperate
T2109199065:k141_68503_length_26467_cov_58.0000	Viruses;Duplodnaviria;Heunggongvirae;Uroviricota;Caudoviricetes;;,d__Bacteria;p__Bacillota;c__Bacilli;o__Staphylococcales;f__Staphylococcaceae;g__Staphylococcus,temperate
T2109199065:k141_54677_length_25243_cov_194.8009	Viruses;Duplodnaviria;Heunggongvirae;Uroviricota;Caudoviricetes;;,d__Bacteria;p__Bacillota;c__Bacilli;o__Staphylococcales;f__Staphylococcaceae;g__Staphylococcus,temperate
T2109199065:k141_109157_length_9714_cov_23.9904	Viruses;Duplodnaviria;Heunggongvirae;Uroviricota;Caudoviricetes;;,d__Bacteria;p__Bacillota;c__Bacilli;o__Staphylococcales;f__Staphylococcaceae;g__Staphylococcus,virulent
1111525849861046:k141_80434_length_44905_cov_56.0000	Viruses;Duplodnaviria;Heunggongvirae;Uroviricota;Caudoviricetes;;,d__Bacteria;p__Bacillota;c__Bacilli;o__Staphylococcales;f__Staphylococcaceae;g__Staphylococcus,temperate
T2109199029:k141_7707_length_30912_cov_78.0000	Viruses;Duplodnaviria;Heunggongvirae;Uroviricota;Caudoviricetes;;,d__Bacteria;p__Bacillota;c__Bacilli;o__Staphylococcales;f__Staphylococcaceae;g__Staphylococcus,temperate
T2109199083:k141_7841_length_40878_cov_257.0910	Viruses;Duplodnaviria;Heunggongvirae;Uroviricota;Caudoviricetes;;,d__Bacteria;p__Bacillota;c__Bacilli;o__Staphylococcales;f__Staphylococcaceae;g__Staphylococcus,temperate
1111525849742525:k141_60963_length_3684_cov_132.0000	Viruses;Monodnaviria;Loebvirae;Hofneiviricota;Faserviricetes;Tubulavirales;Inoviridae,d__Bacteria;p__Pseudomonadota;c__Gammaproteobacteria;o__Xanthomonadales;f__Xanthomonadaceae;g__Xanthomonas,temperate
1111525849739510:k141_86064_length_40803_cov_56.0000	Viruses;Duplodnaviria;Heunggongvirae;Uroviricota;Caudoviricetes;;,d__Bacteria;p__Actinomycetota;c__Actinomycetes;o__Mycobacteriales;f__Mycobacteriaceae;g__Corynebacterium,virulent
T2107171968:k141_604029_length_26734_cov_41.9707	Viruses;Duplodnaviria;Heunggongvirae;Uroviricota;Caudoviricetes;;,d__Bacteria;p__Bacillota;c__Bacilli;o__Staphylococcales;f__Staphylococcaceae;g__Staphylococcus,temperate
T2107171968:k141_211078_length_15426_cov_38.4354	Viruses;Duplodnaviria;Heunggongvirae;Uroviricota;Caudoviricetes;;,NA,virulent
T2107171968:k141_1104938_length_14323_cov_33.9907	Viruses;Duplodnaviria;Heunggongvirae;Uroviricota;Caudoviricetes;;,NA,virulent
T2109199128:k141_58279_length_31862_cov_187.8165	Viruses;Duplodnaviria;Heunggongvirae;Uroviricota;Caudoviricetes;;,d__Bacteria;p__Bacillota;c__Bacilli;o__Staphylococcales;f__Staphylococcaceae;g__Staphylococcus,temperate
T2109199128:k141_14009_length_8766_cov_169.8543	Viruses;Duplodnaviria;Heunggongvirae;Uroviricota;Caudoviricetes;;,d__Bacteria;p__Bacillota;c__Bacilli;o__Staphylococcales;f__Staphylococcaceae;g__Staphylococcus,temperate
1111525849854017:k141_204771_length_11401_cov_62.6012	Viruses;Duplodnaviria;Heunggongvirae;Uroviricota;Caudoviricetes;;,NA,virulent
T2109199209:k141_85402_length_26008_cov_79.0000	Viruses;Duplodnaviria;Heunggongvirae;Uroviricota;Caudoviricetes;;,d__Bacteria;p__Actinomycetota;c__Actinomycetes;o__Propionibacteriales;f__Propionibacteriaceae;g__Cutibacterium,virulent
T2109199209:k141_3074_length_13650_cov_1595.5644	Viruses;Duplodnaviria;Heunggongvirae;Uroviricota;Caudoviricetes;;,d__Bacteria;p__Bacillota;c__Bacilli;o__Staphylococcales;f__Staphylococcaceae;g__Staphylococcus,temperate
T2109199047:k141_33512_length_41393_cov_570.0000	Viruses;Duplodnaviria;Heunggongvirae;Uroviricota;Caudoviricetes;;,d__Bacteria;p__Pseudomonadota;c__Gammaproteobacteria;o__Pseudomonadales;f__Pseudomonadaceae;g__Stutzerimonas,temperate
T2108173956:k141_438762_length_42795_cov_191.0000	Viruses;Duplodnaviria;Heunggongvirae;Uroviricota;Caudoviricetes;;,d__Bacteria;p__Bacillota;c__Bacilli;o__Staphylococcales;f__Staphylococcaceae;g__Staphylococcus,temperate
T2108173956:k141_437965_length_16484_cov_75.0000	Viruses;Duplodnaviria;Heunggongvirae;Uroviricota;Caudoviricetes;;,d__Bacteria;p__Actinomycetota;c__Actinomycetes;o__Actinomycetales;f__Actinomycetaceae;g__Actinomyces,virulent
T2109199074:k141_38777_length_40454_cov_15908.6840	Viruses;Duplodnaviria;Heunggongvirae;Uroviricota;Caudoviricetes;;,d__Bacteria;p__Bacillota;c__Bacilli;o__Staphylococcales;f__Staphylococcaceae;g__Staphylococcus,temperate
T2109199074:k141_17934_length_23891_cov_303.5487	Viruses;Duplodnaviria;Heunggongvirae;Uroviricota;Caudoviricetes;;,d__Bacteria;p__Bacillota;c__Bacilli;o__Staphylococcales;f__Staphylococcaceae;g__Staphylococcus,temperate
1111525849660463:k141_128853_length_35691_cov_88.7890	Viruses;Duplodnaviria;Heunggongvirae;Uroviricota;Caudoviricetes;;,d__Bacteria;p__Actinomycetota;c__Actinomycetes;o__Actinomycetales;f__Actinomycetaceae;g__Actinomyces,virulent
T2109198903:k141_18248_length_46028_cov_354.4462	Viruses;Duplodnaviria;Heunggongvirae;Uroviricota;Caudoviricetes;;,d__Bacteria;p__Bacillota;c__Bacilli;o__Staphylococcales;f__Staphylococcaceae;g__Staphylococcus,temperate
T2109198903:k141_7511_length_23526_cov_142.0687	Viruses;Duplodnaviria;Heunggongvirae;Uroviricota;Caudoviricetes;;,d__Bacteria;p__Bacillota;c__Bacilli;o__Staphylococcales;f__Staphylococcaceae;g__Staphylococcus,temperate
T2109198903:k141_3749_length_13832_cov_516.1332	Viruses;Duplodnaviria;Heunggongvirae;Uroviricota;Caudoviricetes;;,d__Bacteria;p__Bacillota;c__Bacilli;o__Staphylococcales;f__Staphylococcaceae;g__Staphylococcus,virulent
T2109198903:k141_17707_length_7622_cov_1461.3696	Viruses;Duplodnaviria;Heunggongvirae;Uroviricota;Caudoviricetes;;,d__Bacteria;p__Bacillota;c__Bacilli;o__Staphylococcales;f__Staphylococcaceae;g__Staphylococcus,temperate
T2107171995:k141_84606_length_28929_cov_473.0000	Viruses;Duplodnaviria;Heunggongvirae;Uroviricota;Caudoviricetes;;,d__Bacteria;p__Actinomycetota;c__Actinomycetes;o__Propionibacteriales;f__Propionibacteriaceae;g__Cutibacterium,virulent
T2107171995:k141_623329_length_28467_cov_194.1987	Viruses;Duplodnaviria;Heunggongvirae;Uroviricota;Caudoviricetes;;,NA,temperate
T2107171995:k141_161148_length_25300_cov_426.0446	Viruses;Duplodnaviria;Heunggongvirae;Uroviricota;Caudoviricetes;;,d__Bacteria;p__Actinomycetota;c__Actinomycetes;o__Mycobacteriales;f__Mycobacteriaceae;g__Corynebacterium,temperate
T2107171995:k141_476309_length_14871_cov_119.2485	Viruses;Duplodnaviria;Heunggongvirae;Uroviricota;Caudoviricetes;;,d__Bacteria;p__Actinomycetota;c__Actinomycetes;o__Mycobacteriales;f__Mycobacteriaceae;g__Corynebacterium,virulent
T2107171995:k141_24723_length_13128_cov_375.3886	Viruses;Duplodnaviria;Heunggongvirae;Uroviricota;Caudoviricetes;;,d__Bacteria;p__Bacillota;c__Bacilli;o__Staphylococcales;f__Staphylococcaceae;g__Staphylococcus,temperate
T2107171995:k141_573775_length_10878_cov_232.0000	Viruses;Duplodnaviria;Heunggongvirae;Uroviricota;Caudoviricetes;;,d__Bacteria;p__Bacillota;c__Bacilli;o__Staphylococcales;f__Staphylococcaceae;g__Staphylococcus,virulent
T2107171995:k141_343242_length_5812_cov_425.9055	Viruses;Monodnaviria;Loebvirae;Hofneiviricota;Faserviricetes;Tubulavirales;Inoviridae,d__Bacteria;p__Pseudomonadota;c__Gammaproteobacteria;o__Pseudomonadales;f__Moraxellaceae;g__Acinetobacter,virulent
T2108173992:k141_198457_length_37880_cov_912.0000	Viruses;Duplodnaviria;Heunggongvirae;Uroviricota;Caudoviricetes;;,NA,temperate
T2108173992:k141_464270_length_33394_cov_120.0000	Viruses;Duplodnaviria;Heunggongvirae;Uroviricota;Caudoviricetes;;,d__Bacteria;p__Bacillota;c__Bacilli;o__Staphylococcales;f__Staphylococcaceae;g__Staphylococcus,temperate
T2108173992:k141_31089_length_29292_cov_144.4554	Viruses;Duplodnaviria;Heunggongvirae;Uroviricota;Caudoviricetes;;,d__Bacteria;p__Bacillota;c__Bacilli;o__Staphylococcales;f__Staphylococcaceae;g__Staphylococcus,temperate
T2107171959:k141_327705_length_50750_cov_79.4181	Viruses;Duplodnaviria;Heunggongvirae;Uroviricota;Caudoviricetes;;,d__Bacteria;p__Deinococcota;c__Deinococci;o__Deinococcales;f__Deinococcaceae;g__Deinococcus,temperate
T2107171959:k141_471730_length_38206_cov_147.3437	Viruses;Duplodnaviria;Heunggongvirae;Uroviricota;Caudoviricetes;;,d__Bacteria;p__Pseudomonadota;c__Gammaproteobacteria;o__Pseudomonadales;f__Moraxellaceae;g__Moraxella_A,temperate
T2109199191:k141_15071_length_41877_cov_3954.4604	Viruses;Duplodnaviria;Heunggongvirae;Uroviricota;Caudoviricetes;;,d__Bacteria;p__Pseudomonadota;c__Gammaproteobacteria;o__Pseudomonadales;f__Moraxellaceae;g__Acinetobacter,temperate
T2109199191:k141_64814_length_39188_cov_2818.9563	Viruses;Duplodnaviria;Heunggongvirae;Uroviricota;Caudoviricetes;;,d__Bacteria;p__Bacillota;c__Bacilli;o__Staphylococcales;f__Staphylococcaceae;g__Staphylococcus,temperate
T2109199191:k141_79782_length_33618_cov_779.8716	Viruses;Duplodnaviria;Heunggongvirae;Uroviricota;Caudoviricetes;;,d__Bacteria;p__Pseudomonadota;c__Gammaproteobacteria;o__Pseudomonadales;f__Moraxellaceae;g__Moraxella_A,temperate
T2108173974:k141_118510_length_39264_cov_510.6153	Viruses;Duplodnaviria;Heunggongvirae;Uroviricota;Caudoviricetes;;,d__Bacteria;p__Bacillota;c__Bacilli;o__Staphylococcales;f__Staphylococcaceae;g__Staphylococcus,temperate
T2108173974:k141_1197893_length_20806_cov_123.0000	Viruses;Duplodnaviria;Heunggongvirae;Uroviricota;Caudoviricetes;;,d__Bacteria;p__Bacillota;c__Clostridia;o__Tissierellales;f__Peptoniphilaceae;g__Anaerococcus,temperate
T2108173893:k141_98794_length_39683_cov_2.8655	Viruses;Duplodnaviria;Heunggongvirae;Uroviricota;Caudoviricetes;;,d__Bacteria;p__Bacteroidota;c__Bacteroidia;o__Flavobacteriales;f__Weeksellaceae;g__Kaistella,virulent
1111525849743902:k141_17342_length_38096_cov_341.8615	Viruses;Duplodnaviria;Heunggongvirae;Uroviricota;Caudoviricetes;;,d__Bacteria;p__Pseudomonadota;c__Gammaproteobacteria;o__Pseudomonadales;f__Moraxellaceae;g__Moraxella_A,temperate
T2109199173:k141_30315_length_33604_cov_196.7549	Viruses;Duplodnaviria;Heunggongvirae;Uroviricota;Caudoviricetes;;,d__Bacteria;p__Bacillota;c__Bacilli;o__Staphylococcales;f__Staphylococcaceae;g__Staphylococcus,temperate
T2109199173:k141_53673_length_17378_cov_3740.9782	Viruses;Duplodnaviria;Heunggongvirae;Uroviricota;Caudoviricetes;;,d__Bacteria;p__Bacillota;c__Bacilli;o__Staphylococcales;f__Staphylococcaceae;g__Staphylococcus,temperate
1111525849662506:k141_377044_length_34949_cov_77.9857	Viruses;Duplodnaviria;Heunggongvirae;Uroviricota;Caudoviricetes;;,NA,virulent
T2109198921:k141_19127_length_33669_cov_450.2169	Viruses;Duplodnaviria;Heunggongvirae;Uroviricota;Caudoviricetes;;,d__Bacteria;p__Bacillota;c__Bacilli;o__Staphylococcales;f__Staphylococcaceae;g__Staphylococcus,temperate
T2109198921:k141_40377_length_15900_cov_231.3257	Viruses;Duplodnaviria;Heunggongvirae;Uroviricota;Caudoviricetes;;,d__Bacteria;p__Bacillota;c__Bacilli;o__Staphylococcales;f__Staphylococcaceae;g__Staphylococcus,temperate
1111525849640249:k141_1263684_length_12741_cov_23.0000	Viruses;Duplodnaviria;Heunggongvirae;Uroviricota;Caudoviricetes;;,d__Bacteria;p__Actinomycetota;c__Actinomycetes;o__Mycobacteriales;f__Mycobacteriaceae;g__Corynebacterium,virulent
MET0798:k119_2017_length_12168_cov_1352.5026	Viruses;Duplodnaviria;Heunggongvirae;Uroviricota;Caudoviricetes;;Rountreeviridae,d__Bacteria;p__Bacillota;c__Bacilli;o__Staphylococcales;f__Staphylococcaceae;g__Staphylococcus,temperate
T2109199056:k141_10014_length_118562_cov_8146.3820	Viruses;Duplodnaviria;Heunggongvirae;Uroviricota;Caudoviricetes;;,d__Bacteria;p__Bacillota;c__Bacilli;o__Staphylococcales;f__Staphylococcaceae;g__Staphylococcus,temperate
1111525849736171:k141_602586_length_42799_cov_160.8875	Viruses;Duplodnaviria;Heunggongvirae;Uroviricota;Caudoviricetes;;Fredfastierviridae,NA,virulent
T2109199137:k141_15074_length_26696_cov_289.4681	Viruses;Duplodnaviria;Heunggongvirae;Uroviricota;Caudoviricetes;;,d__Bacteria;p__Bacillota;c__Bacilli;o__Staphylococcales;f__Staphylococcaceae;g__Staphylococcus,temperate
T2109199137:k141_1995_length_25318_cov_772.0859	Viruses;Duplodnaviria;Heunggongvirae;Uroviricota;Caudoviricetes;;,d__Bacteria;p__Bacillota;c__Bacilli;o__Staphylococcales;f__Staphylococcaceae;g__Staphylococcus,temperate
T2108173938:k141_127057_length_52211_cov_389.0664	Viruses;Duplodnaviria;Heunggongvirae;Uroviricota;Caudoviricetes;;,NA,temperate
T2108173938:k141_48243_length_44020_cov_697.3860	Viruses;Duplodnaviria;Heunggongvirae;Uroviricota;Caudoviricetes;;,d__Bacteria;p__Bacillota;c__Bacilli;o__Staphylococcales;f__Staphylococcaceae;g__Staphylococcus,temperate
T2108173938:k141_851812_length_43140_cov_85.0020	Viruses;Duplodnaviria;Heunggongvirae;Uroviricota;Caudoviricetes;;,NA,temperate
T2108173938:k141_177220_length_32461_cov_276.0133	Viruses;Duplodnaviria;Heunggongvirae;Uroviricota;Caudoviricetes;;,d__Bacteria;p__Bacillota;c__Bacilli;o__Staphylococcales;f__Staphylococcaceae;g__Staphylococcus,temperate
T2108173938:k141_440666_length_29617_cov_3807.0000	Viruses;Duplodnaviria;Heunggongvirae;Uroviricota;Caudoviricetes;;,d__Bacteria;p__Actinomycetota;c__Actinomycetes;o__Propionibacteriales;f__Propionibacteriaceae;g__Cutibacterium,virulent
R_T2109199198:k119_49501_length_98747_cov_126.9476	Viruses;Duplodnaviria;Heunggongvirae;Uroviricota;Caudoviricetes;;,d__Bacteria;p__Pseudomonadota;c__Gammaproteobacteria;o__Pseudomonadales;f__Moraxellaceae;g__Acinetobacter,virulent
R_T2109199198:k119_14963_length_86828_cov_531.0000	Viruses;Duplodnaviria;Heunggongvirae;Uroviricota;Caudoviricetes;;,d__Bacteria;p__Pseudomonadota;c__Gammaproteobacteria;o__Enterobacterales;f__Enterobacteriaceae;g__Leclercia,virulent
R_T2109199198:k119_50041_length_84690_cov_69.0008	Viruses;Duplodnaviria;Heunggongvirae;Uroviricota;Caudoviricetes;;,d__Bacteria;p__Pseudomonadota;c__Gammaproteobacteria;o__Pseudomonadales;f__Pseudomonadaceae;g__Pseudomonas_E,temperate
R_T2109199198:k119_4608_length_51062_cov_1042.8278	Viruses;Duplodnaviria;Heunggongvirae;Uroviricota;Caudoviricetes;;,d__Bacteria;p__Pseudomonadota;c__Gammaproteobacteria;o__Enterobacterales;f__Enterobacteriaceae;g__Enterobacter,temperate
R_T2109199198:k119_6230_length_47195_cov_2489.9421	Viruses;Duplodnaviria;Heunggongvirae;Uroviricota;Caudoviricetes;;,d__Bacteria;p__Pseudomonadota;c__Gammaproteobacteria;o__Enterobacterales;f__Enterobacteriaceae;g__Enterobacter,temperate
R_T2109199198:k119_36173_length_44432_cov_195.8196	Viruses;Duplodnaviria;Heunggongvirae;Uroviricota;Caudoviricetes;;,d__Bacteria;p__Pseudomonadota;c__Gammaproteobacteria;o__Enterobacterales;f__Enterobacteriaceae;g__Klebsiella,temperate
R_T2109199198:k119_23911_length_42763_cov_17.9841	Viruses;Duplodnaviria;Heunggongvirae;Uroviricota;Caudoviricetes;;,d__Bacteria;p__Pseudomonadota;c__Gammaproteobacteria;o__Enterobacterales;f__Enterobacteriaceae;g__Pluralibacter,temperate
R_T2109199198:k119_44508_length_39590_cov_27.8071	Viruses;Duplodnaviria;Heunggongvirae;Uroviricota;Caudoviricetes;;,d__Bacteria;p__Bacillota;c__Bacilli;o__Staphylococcales;f__Staphylococcaceae;g__Staphylococcus,temperate
R_T2109199198:k119_31906_length_37843_cov_24.0000	Viruses;Duplodnaviria;Heunggongvirae;Uroviricota;Caudoviricetes;;,NA,temperate
R_T2109199198:k119_1365_length_36241_cov_486.5969	Viruses;Duplodnaviria;Heunggongvirae;Uroviricota;Caudoviricetes;;,d__Bacteria;p__Pseudomonadota;c__Gammaproteobacteria;o__Enterobacterales;f__Enterobacteriaceae;g__Klebsiella,virulent
R_T2109199198:k119_24744_length_36072_cov_132.9243	Viruses;Duplodnaviria;Heunggongvirae;Uroviricota;Caudoviricetes;;,d__Bacteria;p__Pseudomonadota;c__Gammaproteobacteria;o__Enterobacterales;f__Enterobacteriaceae;g__Klebsiella,temperate
R_T2109199198:k119_22511_length_35970_cov_82.9543	Viruses;Duplodnaviria;Heunggongvirae;Uroviricota;Caudoviricetes;;,d__Bacteria;p__Pseudomonadota;c__Gammaproteobacteria;o__Enterobacterales;f__Enterobacteriaceae;g__Klebsiella,virulent
R_T2109199198:k119_6693_length_31075_cov_2552.8045	Viruses;Duplodnaviria;Heunggongvirae;Uroviricota;Caudoviricetes;;,d__Bacteria;p__Pseudomonadota;c__Gammaproteobacteria;o__Enterobacterales;f__Enterobacteriaceae;g__Enterobacter,temperate
R_T2109199198:k119_18423_length_27563_cov_44.5702	Viruses;Duplodnaviria;Heunggongvirae;Uroviricota;Caudoviricetes;;,d__Bacteria;p__Pseudomonadota;c__Gammaproteobacteria;o__Pseudomonadales;f__Pseudomonadaceae;g__Pseudomonas_E,virulent
R_T2109199198:k119_24955_length_25982_cov_61.9057	Viruses;Duplodnaviria;Heunggongvirae;Uroviricota;Caudoviricetes;;,d__Bacteria;p__Pseudomonadota;c__Gammaproteobacteria;o__Pseudomonadales;f__Pseudomonadaceae;g__Pseudomonas_E,temperate
R_T2109199198:k119_8207_length_23552_cov_43.1618	Viruses;Duplodnaviria;Heunggongvirae;Uroviricota;Caudoviricetes;;,d__Bacteria;p__Pseudomonadota;c__Gammaproteobacteria;o__Pseudomonadales;f__Pseudomonadaceae;g__Pseudomonas_E,temperate
R_T2109199198:k119_45046_length_21415_cov_349.2539	Viruses;Duplodnaviria;Heunggongvirae;Uroviricota;Caudoviricetes;;,d__Bacteria;p__Pseudomonadota;c__Gammaproteobacteria;o__Enterobacterales;f__Enterobacteriaceae;g__Leclercia,temperate
R_T2109199198:k119_40576_length_12650_cov_297.5260	Viruses;Duplodnaviria;Heunggongvirae;Uroviricota;Caudoviricetes;;,d__Bacteria;p__Pseudomonadota;c__Gammaproteobacteria;o__Enterobacterales;f__Enterobacteriaceae;g__Klebsiella,temperate
R_T2109199198:k119_24504_length_8009_cov_13.0000	Viruses;Monodnaviria;Loebvirae;Hofneiviricota;Faserviricetes;Tubulavirales;Inoviridae,d__Bacteria;p__Pseudomonadota;c__Gammaproteobacteria;o__Pseudomonadales;f__Pseudomonadaceae;g__Pseudomonas_E,virulent
MET0565:k119_25142_length_36342_cov_691.2369	Viruses;Duplodnaviria;Heunggongvirae;Uroviricota;Caudoviricetes;;,d__Bacteria;p__Actinomycetota;c__Actinomycetes;o__Mycobacteriales;f__Mycobacteriaceae;g__Corynebacterium,virulent
MET0565:k119_14423_length_24767_cov_818.6709	Viruses;Duplodnaviria;Heunggongvirae;Uroviricota;Caudoviricetes;;,d__Bacteria;p__Actinomycetota;c__Actinomycetes;o__Mycobacteriales;f__Mycobacteriaceae;g__Corynebacterium,virulent
MET0484:k119_24807_length_19804_cov_223.0000	Viruses;Duplodnaviria;Heunggongvirae;Uroviricota;Caudoviricetes;;,d__Bacteria;p__Pseudomonadota;c__Gammaproteobacteria;o__Pseudomonadales;f__Pseudomonadaceae;g__Pseudomonas_E,temperate
T2108174038:k141_398225_length_14845_cov_369.7595	Viruses;Duplodnaviria;Heunggongvirae;Uroviricota;Caudoviricetes;;,d__Bacteria;p__Actinomycetota;c__Actinomycetes;o__Propionibacteriales;f__Propionibacteriaceae;g__Cutibacterium,virulent
R_T2109198946:k119_4856_length_77064_cov_2323.1120	NA,d__Bacteria;p__Pseudomonadota;c__Gammaproteobacteria;o__Enterobacterales;f__Enterobacteriaceae;g__Enterobacter,temperate
R_T2109198946:k119_14883_length_47046_cov_461.0533	Viruses;Duplodnaviria;Heunggongvirae;Uroviricota;Caudoviricetes;;,d__Bacteria;p__Pseudomonadota;c__Gammaproteobacteria;o__Enterobacterales;f__Enterobacteriaceae;g__Enterobacter,temperate
R_T2109198946:k119_14971_length_34405_cov_1458.1495	Viruses;Duplodnaviria;Heunggongvirae;Uroviricota;Caudoviricetes;;,NA,virulent
R_T2109198946:k119_3325_length_33967_cov_1084.9656	Viruses;Duplodnaviria;Heunggongvirae;Uroviricota;Caudoviricetes;;,d__Bacteria;p__Pseudomonadota;c__Gammaproteobacteria;o__Enterobacterales;f__Enterobacteriaceae;g__Klebsiella,temperate
R_T2109198946:k119_22672_length_31938_cov_407.6155	Viruses;Duplodnaviria;Heunggongvirae;Uroviricota;Caudoviricetes;;,d__Bacteria;p__Pseudomonadota;c__Gammaproteobacteria;o__Enterobacterales;f__Enterobacteriaceae;g__Enterobacter,temperate
R_T2109198946:k119_15694_length_31531_cov_1095.6044	Viruses;Duplodnaviria;Heunggongvirae;Uroviricota;Caudoviricetes;;,d__Bacteria;p__Pseudomonadota;c__Gammaproteobacteria;o__Enterobacterales;f__Enterobacteriaceae;g__Klebsiella,temperate
R_T2109198946:k119_8806_length_30819_cov_436.4319	Viruses;Duplodnaviria;Heunggongvirae;Uroviricota;Caudoviricetes;;,d__Bacteria;p__Pseudomonadota;c__Gammaproteobacteria;o__Enterobacterales;f__Enterobacteriaceae;g__Salmonella,temperate
R_T2109198946:k119_21367_length_29390_cov_30.0000	Viruses;Duplodnaviria;Heunggongvirae;Uroviricota;Caudoviricetes;;,d__Bacteria;p__Actinomycetota;c__Actinomycetes;o__Propionibacteriales;f__Propionibacteriaceae;g__Cutibacterium,virulent
R_T2109198946:k119_3307_length_26530_cov_55.5594	Viruses;Duplodnaviria;Heunggongvirae;Uroviricota;Caudoviricetes;;,d__Bacteria;p__Pseudomonadota;c__Gammaproteobacteria;o__Enterobacterales;f__Enterobacteriaceae;g__Klebsiella,temperate
R_T2109198946:k119_7192_length_22540_cov_975.0000	Viruses;Duplodnaviria;Heunggongvirae;Uroviricota;Caudoviricetes;;,d__Bacteria;p__Pseudomonadota;c__Gammaproteobacteria;o__Enterobacterales;f__Enterobacteriaceae;g__Klebsiella,temperate
DP1807004491:k119_6157_length_27846_cov_2128.0000	Viruses;Duplodnaviria;Heunggongvirae;Uroviricota;Caudoviricetes;;,d__Bacteria;p__Actinomycetota;c__Actinomycetes;o__Propionibacteriales;f__Propionibacteriaceae;g__Cutibacterium,virulent
T2109199021:k141_2260_length_44708_cov_475.2028	Viruses;Duplodnaviria;Heunggongvirae;Uroviricota;Caudoviricetes;;,d__Bacteria;p__Bacillota;c__Bacilli;o__Staphylococcales;f__Staphylococcaceae;g__Staphylococcus,temperate
T2109199021:k141_6066_length_38803_cov_75.0066	Viruses;Duplodnaviria;Heunggongvirae;Uroviricota;Caudoviricetes;;,d__Bacteria;p__Bacillota;c__Bacilli;o__Staphylococcales;f__Staphylococcaceae;g__Staphylococcus,temperate
T2109199021:k141_15887_length_38571_cov_123.0984	Viruses;Duplodnaviria;Heunggongvirae;Uroviricota;Caudoviricetes;;,d__Bacteria;p__Bacillota;c__Bacilli;o__Staphylococcales;f__Staphylococcaceae;g__Staphylococcus,temperate
T2108174074:k141_558150_length_24769_cov_147.4587	Viruses;Duplodnaviria;Heunggongvirae;Uroviricota;Caudoviricetes;;,d__Bacteria;p__Actinomycetota;c__Actinomycetes;o__Actinomycetales;f__Actinomycetaceae;g__Actinomyces,temperate
MET0268:k119_10193_length_14836_cov_1008.0685	Viruses;Duplodnaviria;Heunggongvirae;Uroviricota;Caudoviricetes;;,d__Bacteria;p__Actinomycetota;c__Actinomycetes;o__Mycobacteriales;f__Mycobacteriaceae;g__Corynebacterium,virulent
T2108174056:k141_371780_length_65093_cov_82.9836	Viruses;Duplodnaviria;Heunggongvirae;Uroviricota;Caudoviricetes;;,NA,virulent
T2108174056:k141_722266_length_50343_cov_72.5088	Viruses;Duplodnaviria;Heunggongvirae;Uroviricota;Caudoviricetes;;,d__Bacteria;p__Pseudomonadota;c__Gammaproteobacteria;o__Pseudomonadales;f__Moraxellaceae;g__Moraxella_A,temperate
T2108174056:k141_1122114_length_35910_cov_441.0000	Viruses;Duplodnaviria;Heunggongvirae;Uroviricota;Caudoviricetes;;,d__Bacteria;p__Actinomycetota;c__Actinomycetes;o__Propionibacteriales;f__Propionibacteriaceae;g__Cutibacterium,virulent
T2108174056:k141_145742_length_29220_cov_42680.0000	Viruses;Duplodnaviria;Heunggongvirae;Uroviricota;Caudoviricetes;;,d__Bacteria;p__Actinomycetota;c__Actinomycetes;o__Propionibacteriales;f__Propionibacteriaceae;g__Cutibacterium,virulent
T2108174056:k141_1096046_length_24736_cov_58.0000	Viruses;Duplodnaviria;Heunggongvirae;Uroviricota;Caudoviricetes;;,d__Bacteria;p__Actinomycetota;c__Actinomycetes;o__Mycobacteriales;f__Mycobacteriaceae;g__Corynebacterium,temperate
T2108174056:k141_124915_length_15128_cov_39.0000	Viruses;Duplodnaviria;Heunggongvirae;Uroviricota;Caudoviricetes;;,d__Bacteria;p__Actinomycetota;c__Actinomycetes;o__Actinomycetales;f__Dermabacteraceae;g__Dermabacter,temperate
T2108174137:k141_325011_length_115481_cov_143.0324	Viruses;Duplodnaviria;Heunggongvirae;Uroviricota;Caudoviricetes;;,NA,virulent
T2108174137:k141_475259_length_77024_cov_95.0438	Viruses;Duplodnaviria;Heunggongvirae;Uroviricota;Caudoviricetes;;,d__Bacteria;p__Bacillota;c__Clostridia;o__Lachnospirales;f__Lachnospiraceae;g__Blautia_A,temperate
T2108174137:k141_963601_length_49955_cov_136.0220	Viruses;Duplodnaviria;Heunggongvirae;Uroviricota;Caudoviricetes;;,d__Bacteria;p__Actinomycetota;c__Actinomycetes;o__Mycobacteriales;f__Mycobacteriaceae;g__Corynebacterium,temperate
T2108174137:k141_317105_length_33969_cov_202.4816	Viruses;Duplodnaviria;Heunggongvirae;Uroviricota;Caudoviricetes;;,d__Bacteria;p__Actinomycetota;c__Actinomycetes;o__Mycobacteriales;f__Mycobacteriaceae;g__Corynebacterium,temperate
T2108174137:k141_930996_length_30006_cov_84.0000	Viruses;Duplodnaviria;Heunggongvirae;Uroviricota;Caudoviricetes;;,d__Bacteria;p__Bacillota;c__Bacilli;o__Staphylococcales;f__Staphylococcaceae;g__Staphylococcus,temperate
T2108174137:k141_464686_length_9778_cov_74.9300	Viruses;Duplodnaviria;Heunggongvirae;Uroviricota;Caudoviricetes;;,NA,virulent
T2108174137:k141_809183_length_9642_cov_286.6438	Viruses;Duplodnaviria;Heunggongvirae;Uroviricota;Caudoviricetes;;,NA,temperate
MET0628:k119_12412_length_29712_cov_269.0091	Viruses;Duplodnaviria;Heunggongvirae;Uroviricota;Caudoviricetes;;,d__Bacteria;p__Actinomycetota;c__Actinomycetes;o__Propionibacteriales;f__Propionibacteriaceae;g__Cutibacterium,virulent
T2109199201:k141_2361_length_27301_cov_463.1374	Viruses;Duplodnaviria;Heunggongvirae;Uroviricota;Caudoviricetes;;,d__Bacteria;p__Bacillota;c__Bacilli;o__Staphylococcales;f__Staphylococcaceae;g__Staphylococcus,temperate
T2109199201:k141_21060_length_26465_cov_149.3225	Viruses;Duplodnaviria;Heunggongvirae;Uroviricota;Caudoviricetes;;,d__Bacteria;p__Bacillota;c__Bacilli;o__Staphylococcales;f__Staphylococcaceae;g__Staphylococcus,temperate
DT2007044663-1:k141_165836_length_29647_cov_201.4894	Viruses;Duplodnaviria;Heunggongvirae;Uroviricota;Caudoviricetes;;,d__Bacteria;p__Actinomycetota;c__Actinomycetes;o__Propionibacteriales;f__Propionibacteriaceae;g__Cutibacterium,virulent
DP1807004518:k119_73484_length_17347_cov_480.8832	Viruses;Duplodnaviria;Heunggongvirae;Uroviricota;Caudoviricetes;;,NA,temperate
T2108174092:k141_119403_length_19207_cov_193.0000	Viruses;Duplodnaviria;Heunggongvirae;Uroviricota;Caudoviricetes;;,d__Bacteria;p__Pseudomonadota;c__Gammaproteobacteria;o__Pseudomonadales;f__Moraxellaceae;g__Acinetobacter,virulent
T2107171960:k141_1219875_length_21559_cov_178.0000	Viruses;Duplodnaviria;Heunggongvirae;Uroviricota;Caudoviricetes;;,d__Bacteria;p__Bacillota;c__Clostridia;o__Tissierellales;f__Peptoniphilaceae;g__Peptoniphilus_A,temperate
MET0259:k119_94018_length_29238_cov_280.8077	Viruses;Duplodnaviria;Heunggongvirae;Uroviricota;Caudoviricetes;;,d__Bacteria;p__Actinomycetota;c__Actinomycetes;o__Propionibacteriales;f__Propionibacteriaceae;g__Cutibacterium,virulent
1111525849753200:k141_650911_length_21397_cov_260.2389	Viruses;Duplodnaviria;Heunggongvirae;Uroviricota;Caudoviricetes;;,d__Bacteria;p__Bacillota;c__Bacilli;o__Staphylococcales;f__Staphylococcaceae;g__Staphylococcus,temperate
T2108174128:k141_155915_length_272574_cov_22492.3672	Viruses;Duplodnaviria;Heunggongvirae;Uroviricota;Caudoviricetes;;,d__Bacteria;p__Bacteroidota;c__Bacteroidia;o__Bacteroidales;f__Bacteroidaceae;g__Prevotella,virulent
T2108174128:k141_598605_length_164753_cov_327.1460	Viruses;Duplodnaviria;Heunggongvirae;Uroviricota;Caudoviricetes;;,NA,virulent
T2108174128:k141_758777_length_54319_cov_81.4277	Viruses;Duplodnaviria;Heunggongvirae;Uroviricota;Caudoviricetes;;,d__Bacteria;p__Pseudomonadota;c__Gammaproteobacteria;o__Pseudomonadales;f__Moraxellaceae;g__Acinetobacter,virulent
T2108174128:k141_113971_length_51301_cov_324.3963	Viruses;Duplodnaviria;Heunggongvirae;Uroviricota;Caudoviricetes;;,NA,virulent
T2108174128:k141_249082_length_43952_cov_100.3025	Viruses;Duplodnaviria;Heunggongvirae;Uroviricota;Caudoviricetes;;,d__Bacteria;p__Pseudomonadota;c__Gammaproteobacteria;o__Pseudomonadales;f__Moraxellaceae;g__Acinetobacter,temperate
T2108174128:k141_486093_length_39011_cov_304.0078	Viruses;Duplodnaviria;Heunggongvirae;Uroviricota;Caudoviricetes;;,NA,temperate
T2108174128:k141_168702_length_36084_cov_952.0373	Viruses;Duplodnaviria;Heunggongvirae;Uroviricota;Caudoviricetes;;,d__Bacteria;p__Pseudomonadota;c__Gammaproteobacteria;o__Pseudomonadales;f__Moraxellaceae;g__Acinetobacter,temperate
T2108174128:k141_71847_length_31731_cov_339.0091	Viruses;Duplodnaviria;Heunggongvirae;Uroviricota;Caudoviricetes;;,d__Bacteria;p__Pseudomonadota;c__Gammaproteobacteria;o__Pseudomonadales;f__Moraxellaceae;g__Acinetobacter,temperate
T2108174128:k141_388447_length_26394_cov_1729.7841	Viruses;Duplodnaviria;Heunggongvirae;Uroviricota;Caudoviricetes;;,d__Bacteria;p__Pseudomonadota;c__Gammaproteobacteria;o__Pseudomonadales;f__Moraxellaceae;g__Acinetobacter,temperate
T2108174128:k141_439696_length_25462_cov_168.3079	Viruses;Duplodnaviria;Heunggongvirae;Uroviricota;Caudoviricetes;;,d__Bacteria;p__Pseudomonadota;c__Gammaproteobacteria;o__Pseudomonadales;f__Moraxellaceae;g__Acinetobacter,temperate
T2108174128:k141_514204_length_23384_cov_99.6147	Viruses;Duplodnaviria;Heunggongvirae;Uroviricota;Caudoviricetes;;,d__Bacteria;p__Pseudomonadota;c__Gammaproteobacteria;o__Pseudomonadales;f__Moraxellaceae;g__Acinetobacter,temperate
T2108174128:k141_38059_length_22909_cov_137.3232	Viruses;Duplodnaviria;Heunggongvirae;Uroviricota;Caudoviricetes;;,d__Bacteria;p__Pseudomonadota;c__Gammaproteobacteria;o__Pseudomonadales;f__Pseudomonadaceae;g__Pseudomonas_E,temperate
T2108174128:k141_597541_length_3679_cov_352.6201	Viruses;Monodnaviria;Loebvirae;Hofneiviricota;Faserviricetes;Tubulavirales;Inoviridae,d__Bacteria;p__Pseudomonadota;c__Gammaproteobacteria;o__Pseudomonadales;f__Moraxellaceae;g__Acinetobacter,temperate
MET0376:k119_10394_length_52750_cov_27.0000	Viruses;Duplodnaviria;Heunggongvirae;Uroviricota;Caudoviricetes;;,d__Bacteria;p__Bacillota;c__Bacilli;o__Staphylococcales;f__Staphylococcaceae;g__Staphylococcus,temperate
MET0376:k119_14375_length_35779_cov_29.9837	Viruses;Duplodnaviria;Heunggongvirae;Uroviricota;Caudoviricetes;;,d__Bacteria;p__Bacillota;c__Bacilli;o__Staphylococcales;f__Staphylococcaceae;g__Staphylococcus,temperate
MET0376:k119_1145_length_34689_cov_31.0000	Viruses;Duplodnaviria;Heunggongvirae;Uroviricota;Caudoviricetes;;,NA,temperate
MET0376:k119_3926_length_24093_cov_56.0000	Viruses;Duplodnaviria;Heunggongvirae;Uroviricota;Caudoviricetes;;,d__Bacteria;p__Bacillota;c__Bacilli;o__Staphylococcales;f__Staphylococcaceae;g__Staphylococcus,temperate
R_T2109198919:k119_25241_length_46446_cov_156.8283	Viruses;Duplodnaviria;Heunggongvirae;Uroviricota;Caudoviricetes;;,d__Bacteria;p__Bacillota;c__Bacilli;o__Staphylococcales;f__Staphylococcaceae;g__Staphylococcus,temperate
R_T2109198919:k119_17800_length_23325_cov_5182.3070	Viruses;Duplodnaviria;Heunggongvirae;Uroviricota;Caudoviricetes;;,d__Bacteria;p__Bacillota;c__Bacilli;o__Staphylococcales;f__Staphylococcaceae;g__Macrococcoides,temperate
R_T2109198919:k119_5229_length_11580_cov_210.5212	Viruses;Duplodnaviria;Heunggongvirae;Uroviricota;Caudoviricetes;;,d__Bacteria;p__Bacillota;c__Bacilli;o__Staphylococcales;f__Staphylococcaceae;g__Staphylococcus,temperate
MET0772:k119_328882_length_41024_cov_87.0021	Viruses;Duplodnaviria;Heunggongvirae;Uroviricota;Caudoviricetes;;,NA,temperate
DP1807004428:k119_2407_length_14806_cov_205.1663	Viruses;Duplodnaviria;Heunggongvirae;Uroviricota;Caudoviricetes;;,d__Bacteria;p__Actinomycetota;c__Actinomycetes;o__Propionibacteriales;f__Propionibacteriaceae;g__Cutibacterium,virulent
MET0439:k141_16514_length_29401_cov_1486.6922	Viruses;Duplodnaviria;Heunggongvirae;Uroviricota;Caudoviricetes;;,d__Bacteria;p__Actinomycetota;c__Actinomycetes;o__Propionibacteriales;f__Propionibacteriaceae;g__Cutibacterium,virulent
T2108174146:k141_95757_length_25105_cov_295.4241	Viruses;Duplodnaviria;Heunggongvirae;Uroviricota;Caudoviricetes;;,d__Bacteria;p__Bacillota;c__Bacilli;o__Lactobacillales;f__Aerococcaceae;g__Aerococcus,temperate
T2108174146:k141_992566_length_19651_cov_96.0000	Viruses;Duplodnaviria;Heunggongvirae;Uroviricota;Caudoviricetes;;,d__Bacteria;p__Pseudomonadota;c__Gammaproteobacteria;o__Pseudomonadales;f__Moraxellaceae;g__Moraxella_A,virulent
R_T2109198892:k119_40527_length_40846_cov_12.9876	Viruses;Duplodnaviria;Heunggongvirae;Uroviricota;Caudoviricetes;;,d__Bacteria;p__Pseudomonadota;c__Alphaproteobacteria;o__Caulobacterales;f__Caulobacteraceae;g__Brevundimonas,temperate
R_T2109198892:k119_47620_length_36938_cov_3184.2699	Viruses;Duplodnaviria;Heunggongvirae;Uroviricota;Caudoviricetes;;,d__Bacteria;p__Pseudomonadota;c__Gammaproteobacteria;o__Pseudomonadales;f__Moraxellaceae;g__Acinetobacter,virulent
R_T2109198892:k119_46560_length_30037_cov_3604.5366	Viruses;Duplodnaviria;Heunggongvirae;Uroviricota;Caudoviricetes;;,d__Bacteria;p__Pseudomonadota;c__Gammaproteobacteria;o__Pseudomonadales;f__Moraxellaceae;g__Acinetobacter,temperate
R_T2109198892:k119_38155_length_29805_cov_1164.5392	Viruses;Duplodnaviria;Heunggongvirae;Uroviricota;Caudoviricetes;;,d__Bacteria;p__Pseudomonadota;c__Gammaproteobacteria;o__Pseudomonadales;f__Moraxellaceae;g__Acinetobacter,temperate
R_T2109198892:k119_9317_length_21750_cov_1134.6358	Viruses;Duplodnaviria;Heunggongvirae;Uroviricota;Caudoviricetes;;,d__Bacteria;p__Pseudomonadota;c__Gammaproteobacteria;o__Pseudomonadales;f__Moraxellaceae;g__Acinetobacter,temperate
R_T2109198892:k119_45441_length_6462_cov_1071.1688	Viruses;Monodnaviria;Loebvirae;Hofneiviricota;Faserviricetes;Tubulavirales;Inoviridae,d__Bacteria;p__Pseudomonadota;c__Gammaproteobacteria;o__Pseudomonadales;f__Pseudomonadaceae;g__Pseudomonas_E,virulent
T2108174065:k141_526022_length_94103_cov_1326.9675	Viruses;Duplodnaviria;Heunggongvirae;Uroviricota;Caudoviricetes;;,NA,virulent
T2108174065:k141_178986_length_29269_cov_1764.7832	Viruses;Duplodnaviria;Heunggongvirae;Uroviricota;Caudoviricetes;;,d__Bacteria;p__Actinomycetota;c__Actinomycetes;o__Propionibacteriales;f__Propionibacteriaceae;g__Cutibacterium,virulent
T2108174065:k141_121999_length_7864_cov_175.2556	Viruses;Duplodnaviria;Heunggongvirae;Uroviricota;Caudoviricetes;;,d__Bacteria;p__Bacillota;c__Bacilli;o__Staphylococcales;f__Staphylococcaceae;g__Staphylococcus,temperate
T2108173930:k141_120818_length_33311_cov_3.3668	Viruses;Duplodnaviria;Heunggongvirae;Uroviricota;Caudoviricetes;;,d__Bacteria;p__Actinomycetota;c__Actinomycetes;o__Mycobacteriales;f__Mycobacteriaceae;g__Mycobacterium,temperate
T2108173930:k141_119212_length_16522_cov_2.4627	Viruses;Duplodnaviria;Heunggongvirae;Uroviricota;Caudoviricetes;;Rountreeviridae,NA,virulent
MET0394:k141_7933_length_13188_cov_539.0000	Viruses;Duplodnaviria;Heunggongvirae;Uroviricota;Caudoviricetes;;,d__Bacteria;p__Bacillota;c__Bacilli;o__Staphylococcales;f__Staphylococcaceae;g__Staphylococcus,temperate
T2109198893:k141_20732_length_38083_cov_50.8340	Viruses;Duplodnaviria;Heunggongvirae;Uroviricota;Caudoviricetes;;,d__Bacteria;p__Bacillota;c__Bacilli;o__Lactobacillales;f__Aerococcaceae;g__Aerococcus,temperate
T2109198974:k141_96969_length_32546_cov_105.9678	Viruses;Duplodnaviria;Heunggongvirae;Uroviricota;Caudoviricetes;;,d__Bacteria;p__Pseudomonadota;c__Gammaproteobacteria;o__Pseudomonadales;f__Moraxellaceae;g__Moraxella_A,temperate
T2109198974:k141_139691_length_25793_cov_6492.7981	Viruses;Duplodnaviria;Heunggongvirae;Uroviricota;Caudoviricetes;;,d__Bacteria;p__Bacillota;c__Bacilli;o__Staphylococcales;f__Staphylococcaceae;g__Staphylococcus,temperate
1111525849481488:k141_879275_length_9573_cov_120.0000	Viruses;Duplodnaviria;Heunggongvirae;Uroviricota;Caudoviricetes;;,d__Bacteria;p__Bacillota;c__Bacilli;o__Staphylococcales;f__Staphylococcaceae;g__Staphylococcus,temperate
T2109198875:k141_95477_length_34784_cov_88.0000	Viruses;Duplodnaviria;Heunggongvirae;Uroviricota;Caudoviricetes;;,d__Bacteria;p__Bacillota;c__Bacilli;o__Bacillales_A;f__Planococcaceae;g__Lysinibacillus,temperate
T2109198956:k141_101502_length_41428_cov_102.0412	Viruses;Duplodnaviria;Heunggongvirae;Uroviricota;Caudoviricetes;;,d__Bacteria;p__Bacillota;c__Bacilli;o__Staphylococcales;f__Staphylococcaceae;g__Staphylococcus,temperate
T2109198956:k141_2145_length_11781_cov_97.2000	Viruses;Duplodnaviria;Heunggongvirae;Uroviricota;Caudoviricetes;;,NA,temperate
T2109198983:k141_117588_length_6544_cov_113.4261	Viruses;Monodnaviria;Loebvirae;Hofneiviricota;Faserviricetes;Tubulavirales;Inoviridae,d__Bacteria;p__Pseudomonadota;c__Gammaproteobacteria;o__Pseudomonadales;f__Pseudomonadaceae;g__Stutzerimonas,virulent
T2109198947:k141_36391_length_32632_cov_1466.9224	Viruses;Duplodnaviria;Heunggongvirae;Uroviricota;Caudoviricetes;;,d__Bacteria;p__Bacillota;c__Bacilli;o__Lactobacillales;f__Enterococcaceae;g__Enterococcus,temperate
T2109198947:k141_32156_length_14253_cov_282.8953	Viruses;Duplodnaviria;Heunggongvirae;Uroviricota;Caudoviricetes;;,d__Bacteria;p__Bacillota;c__Bacilli;o__Staphylococcales;f__Staphylococcaceae;g__Staphylococcus,temperate
T2109198947:k141_19563_length_8126_cov_643.2094	Viruses;Duplodnaviria;Heunggongvirae;Uroviricota;Caudoviricetes;;,d__Bacteria;p__Bacillota;c__Bacilli;o__Staphylococcales;f__Staphylococcaceae;g__Staphylococcus,temperate
1111525849486744:k141_241168_length_28688_cov_102.0989	Viruses;Duplodnaviria;Heunggongvirae;Uroviricota;Caudoviricetes;;,d__Bacteria;p__Pseudomonadota;c__Alphaproteobacteria;o__Caulobacterales;f__Caulobacteraceae;g__Brevundimonas,temperate
1111525849486744:k141_185304_length_28401_cov_173.1164	Viruses;Duplodnaviria;Heunggongvirae;Uroviricota;Caudoviricetes;;,d__Bacteria;p__Bacillota;c__Bacilli;o__Staphylococcales;f__Staphylococcaceae;g__Staphylococcus,temperate
1111525849486744:k141_427301_length_21150_cov_58.4893	Viruses;Duplodnaviria;Heunggongvirae;Uroviricota;Caudoviricetes;;,d__Bacteria;p__Pseudomonadota;c__Alphaproteobacteria;o__Caulobacterales;f__Caulobacteraceae;g__Brevundimonas,virulent
1111525849486744:k141_32490_length_19375_cov_98.0000	Viruses;Duplodnaviria;Heunggongvirae;Uroviricota;Caudoviricetes;;,NA,temperate
1111525849486744:k141_752576_length_14873_cov_34.0023	Viruses;Duplodnaviria;Heunggongvirae;Uroviricota;Caudoviricetes;;,d__Bacteria;p__Actinomycetota;c__Actinomycetes;o__Mycobacteriales;f__Mycobacteriaceae;g__Corynebacterium,virulent
T2109198866:k141_12436_length_41770_cov_295.5260	Viruses;Duplodnaviria;Heunggongvirae;Uroviricota;Caudoviricetes;;,d__Bacteria;p__Bacillota;c__Bacilli;o__Staphylococcales;f__Staphylococcaceae;g__Staphylococcus,temperate
T2109198866:k141_39223_length_23814_cov_340.1137	Viruses;Duplodnaviria;Heunggongvirae;Uroviricota;Caudoviricetes;;,d__Bacteria;p__Bacillota;c__Bacilli;o__Staphylococcales;f__Staphylococcaceae;g__Staphylococcus,temperate
T2109198866:k141_40830_length_16490_cov_2171.0789	Viruses;Duplodnaviria;Heunggongvirae;Uroviricota;Caudoviricetes;;,d__Bacteria;p__Bacillota;c__Bacilli;o__Staphylococcales;f__Staphylococcaceae;g__Staphylococcus,temperate
1111525849737367:k141_444969_length_4497_cov_213.0489	Viruses;Monodnaviria;Sangervirae;Phixviricota;Malgrandaviricetes;Petitvirales;Microviridae,d__Bacteria;p__Bacteroidota;c__Bacteroidia;o__Flavobacteriales;f__Weeksellaceae;g__Elizabethkingia,virulent
T2109199199:k141_31150_length_39964_cov_203.8240	Viruses;Duplodnaviria;Heunggongvirae;Uroviricota;Caudoviricetes;;,d__Bacteria;p__Bacillota;c__Bacilli;o__Staphylococcales;f__Staphylococcaceae;g__Staphylococcus,temperate
T2109199199:k141_37683_length_36633_cov_1108.9084	Viruses;Duplodnaviria;Heunggongvirae;Uroviricota;Caudoviricetes;;,d__Bacteria;p__Bacillota;c__Bacilli;o__Staphylococcales;f__Staphylococcaceae;g__Staphylococcus,temperate
T2109199199:k141_23486_length_9727_cov_235.9309	Viruses;Duplodnaviria;Heunggongvirae;Uroviricota;Caudoviricetes;;,d__Bacteria;p__Bacillota;c__Bacilli;o__Staphylococcales;f__Staphylococcaceae;g__Staphylococcus,temperate
1111525849667770:k141_297857_length_21528_cov_50.4034	Viruses;Duplodnaviria;Heunggongvirae;Uroviricota;Caudoviricetes;;,d__Bacteria;p__Bacillota;c__Bacilli;o__Lactobacillales;f__Streptococcaceae;g__Streptococcus,temperate
T2109198929:k141_70666_length_26840_cov_62.0000	Viruses;Duplodnaviria;Heunggongvirae;Uroviricota;Caudoviricetes;;,d__Bacteria;p__Actinomycetota;c__Actinomycetes;o__Propionibacteriales;f__Propionibacteriaceae;g__Cutibacterium,virulent
T2109198929:k141_22350_length_18813_cov_15330.8732	Viruses;Duplodnaviria;Heunggongvirae;Uroviricota;Caudoviricetes;;,d__Bacteria;p__Bacillota;c__Bacilli;o__Staphylococcales;f__Staphylococcaceae;g__Staphylococcus,temperate
T2109198929:k141_13009_length_18254_cov_60.6124	Viruses;Duplodnaviria;Heunggongvirae;Uroviricota;Caudoviricetes;;,d__Bacteria;p__Bacillota;c__Bacilli;o__Bacillales;f__Bacillaceae_G;g__Bacillus_A,temperate
1111525849478545:k141_246075_length_21015_cov_30.0000	Viruses;Duplodnaviria;Heunggongvirae;Uroviricota;Caudoviricetes;;Autographiviridae,NA,virulent
T2109198965:k141_3374_length_32733_cov_537.2107	Viruses;Duplodnaviria;Heunggongvirae;Uroviricota;Caudoviricetes;;,d__Bacteria;p__Bacillota;c__Bacilli;o__Staphylococcales;f__Staphylococcaceae;g__Staphylococcus,temperate
T2109198884:k141_14052_length_50265_cov_171.3468	Viruses;Duplodnaviria;Heunggongvirae;Uroviricota;Caudoviricetes;;,d__Bacteria;p__Bacillota;c__Bacilli;o__Staphylococcales;f__Staphylococcaceae;g__Staphylococcus,virulent
1111525849478743:k141_1063074_length_5419_cov_34.2785	Viruses;Monodnaviria;Loebvirae;Hofneiviricota;Faserviricetes;Tubulavirales;Inoviridae,d__Bacteria;p__Pseudomonadota;c__Gammaproteobacteria;o__Burkholderiales;f__Rhodocyclaceae;g__Methyloversatilis,virulent
T2108174070:k141_164857_length_48378_cov_943.0000	Viruses;Duplodnaviria;Heunggongvirae;Uroviricota;Caudoviricetes;;,d__Bacteria;p__Pseudomonadota;c__Gammaproteobacteria;o__Burkholderiales;f__Neisseriaceae;g__QFNR01,virulent
MET0444:k141_50256_length_30990_cov_151.6867	Viruses;Duplodnaviria;Heunggongvirae;Uroviricota;Caudoviricetes;;,d__Bacteria;p__Actinomycetota;c__Actinomycetes;o__Mycobacteriales;f__Mycobacteriaceae;g__Corynebacterium,temperate
MET0444:k141_66815_length_26963_cov_135.0000	Viruses;Duplodnaviria;Heunggongvirae;Uroviricota;Caudoviricetes;;,d__Bacteria;p__Actinomycetota;c__Actinomycetes;o__Mycobacteriales;f__Mycobacteriaceae;g__Corynebacterium,virulent
R_T2109198906:k119_11412_length_30996_cov_154.4229	Viruses;Duplodnaviria;Heunggongvirae;Uroviricota;Caudoviricetes;;,d__Bacteria;p__Bacillota;c__Bacilli;o__Staphylococcales;f__Staphylococcaceae;g__Staphylococcus,temperate
R_T2109198906:k119_3855_length_30933_cov_28.0000	Viruses;Duplodnaviria;Heunggongvirae;Uroviricota;Caudoviricetes;;,d__Bacteria;p__Bacillota;c__Bacilli;o__Staphylococcales;f__Staphylococcaceae;g__Staphylococcus,temperate
R_T2109198906:k119_5023_length_24980_cov_8349.2786	Viruses;Duplodnaviria;Heunggongvirae;Uroviricota;Caudoviricetes;;,d__Bacteria;p__Pseudomonadota;c__Gammaproteobacteria;o__Enterobacterales;f__Enterobacteriaceae;g__Serratia,temperate
R_T2109198906:k119_5628_length_24469_cov_19.9844	Viruses;Duplodnaviria;Heunggongvirae;Uroviricota;Caudoviricetes;;,d__Bacteria;p__Bacillota;c__Bacilli;o__Staphylococcales;f__Staphylococcaceae;g__Staphylococcus,temperate
R_T2109198906:k119_8938_length_23966_cov_62.8960	Viruses;Duplodnaviria;Heunggongvirae;Uroviricota;Caudoviricetes;;,d__Bacteria;p__Pseudomonadota;c__Gammaproteobacteria;o__Pseudomonadales;f__Moraxellaceae;g__Acinetobacter,temperate
R_T2109198906:k119_8379_length_12569_cov_81.7398	Viruses;Duplodnaviria;Heunggongvirae;Uroviricota;Caudoviricetes;;,d__Bacteria;p__Bacillota;c__Bacilli;o__Staphylococcales;f__Staphylococcaceae;g__Staphylococcus,temperate
R_T2109198906:k119_9358_length_12513_cov_15.9504	Viruses;Duplodnaviria;Heunggongvirae;Uroviricota;Caudoviricetes;;,d__Bacteria;p__Bacillota;c__Bacilli;o__Staphylococcales;f__Staphylococcaceae;g__Staphylococcus,temperate
R_T2109198906:k119_4051_length_9976_cov_32.9351	Viruses;Duplodnaviria;Heunggongvirae;Uroviricota;Caudoviricetes;;,d__Bacteria;p__Bacillota;c__Bacilli;o__Staphylococcales;f__Staphylococcaceae;g__Staphylococcus,temperate
R_T2109198942:k119_13243_length_94317_cov_454.0048	Viruses;Duplodnaviria;Heunggongvirae;Uroviricota;Caudoviricetes;;,d__Bacteria;p__Bacillota;c__Bacilli;o__Staphylococcales;f__Staphylococcaceae;g__Staphylococcus,temperate
R_T2109198942:k119_4063_length_39420_cov_28.0000	Viruses;Duplodnaviria;Heunggongvirae;Uroviricota;Caudoviricetes;;,d__Bacteria;p__Pseudomonadota;c__Gammaproteobacteria;o__Burkholderiales;f__Burkholderiaceae;g__Comamonas,virulent
R_T2109198942:k119_6222_length_31303_cov_139.0000	Viruses;Duplodnaviria;Heunggongvirae;Uroviricota;Caudoviricetes;;,d__Bacteria;p__Pseudomonadota;c__Gammaproteobacteria;o__Pseudomonadales;f__Moraxellaceae;g__Acinetobacter,temperate
R_T2109198942:k119_6723_length_28921_cov_1035.5612	Viruses;Duplodnaviria;Heunggongvirae;Uroviricota;Caudoviricetes;;,d__Bacteria;p__Bacillota;c__Bacilli;o__Staphylococcales;f__Staphylococcaceae;g__Staphylococcus,temperate
MET0624:k119_10031_length_13576_cov_655.6724	Viruses;Duplodnaviria;Heunggongvirae;Uroviricota;Caudoviricetes;;Rountreeviridae,NA,virulent
T2108174016:k141_867570_length_39995_cov_107.9031	Viruses;Duplodnaviria;Heunggongvirae;Uroviricota;Caudoviricetes;;,d__Bacteria;p__Actinomycetota;c__Actinomycetes;o__Mycobacteriales;f__Mycobacteriaceae;g__Corynebacterium,virulent
T2108174016:k141_628149_length_19998_cov_269.8175	Viruses;Duplodnaviria;Heunggongvirae;Uroviricota;Caudoviricetes;;,NA,temperate
T2108174016:k141_1224818_length_17627_cov_104.0000	Viruses;Duplodnaviria;Heunggongvirae;Uroviricota;Caudoviricetes;;Rountreeviridae,d__Bacteria;p__Bacillota;c__Bacilli;o__Staphylococcales;f__Staphylococcaceae;g__Staphylococcus,virulent
T2108174016:k141_141595_length_16122_cov_447.0000	Viruses;Duplodnaviria;Heunggongvirae;Uroviricota;Caudoviricetes;;,d__Bacteria;p__Actinomycetota;c__Actinomycetes;o__Propionibacteriales;f__Propionibacteriaceae;g__Cutibacterium,virulent
T2108174016:k141_30207_length_12231_cov_106.0035	Viruses;Duplodnaviria;Heunggongvirae;Uroviricota;Caudoviricetes;;,d__Bacteria;p__Bacillota;c__Bacilli;o__Staphylococcales;f__Staphylococcaceae;g__Staphylococcus,temperate
T2108174016:k141_452457_length_11703_cov_52.7572	Viruses;Duplodnaviria;Heunggongvirae;Uroviricota;Caudoviricetes;;,d__Bacteria;p__Actinomycetota;c__Actinomycetes;o__Actinomycetales;f__Actinomycetaceae;g__Varibaculum,temperate
T2108174016:k141_887028_length_8055_cov_1951.0000	Viruses;Monodnaviria;Loebvirae;Hofneiviricota;Faserviricetes;Tubulavirales;Inoviridae,d__Bacteria;p__Pseudomonadota;c__Gammaproteobacteria;o__Pseudomonadales;f__Moraxellaceae;g__Acinetobacter,temperate
T2107172019:k141_449563_length_4388_cov_84.1055	Viruses;Monodnaviria;Loebvirae;Hofneiviricota;Faserviricetes;Tubulavirales;Inoviridae,d__Bacteria;p__Pseudomonadota;c__Gammaproteobacteria;o__Burkholderiales;f__Neisseriaceae;g__Neisseria,virulent
MET0660:k119_9720_length_15840_cov_610.5732	Viruses;Duplodnaviria;Heunggongvirae;Uroviricota;Caudoviricetes;;,NA,virulent
T2108174052:k141_214271_length_35499_cov_653.7385	Viruses;Duplodnaviria;Heunggongvirae;Uroviricota;Caudoviricetes;;,d__Bacteria;p__Actinomycetota;c__Actinomycetes;o__Mycobacteriales;f__Mycobacteriaceae;g__Corynebacterium,temperate
T2108174052:k141_29184_length_29469_cov_894.5945	Viruses;Duplodnaviria;Heunggongvirae;Uroviricota;Caudoviricetes;;,d__Bacteria;p__Actinomycetota;c__Actinomycetes;o__Propionibacteriales;f__Propionibacteriaceae;g__Cutibacterium,virulent
R_T2109198960:k119_20951_length_38150_cov_5410.3053	Viruses;Duplodnaviria;Heunggongvirae;Uroviricota;Caudoviricetes;;,d__Bacteria;p__Bacillota;c__Bacilli;o__Staphylococcales;f__Staphylococcaceae;g__Staphylococcus,virulent
R_T2109198960:k119_11399_length_27814_cov_81.6146	Viruses;Duplodnaviria;Heunggongvirae;Uroviricota;Caudoviricetes;;,d__Bacteria;p__Bacillota;c__Bacilli;o__Staphylococcales;f__Staphylococcaceae;g__Staphylococcus,temperate
R_T2109198960:k119_17553_length_27719_cov_39.9407	Viruses;Duplodnaviria;Heunggongvirae;Uroviricota;Caudoviricetes;;,d__Bacteria;p__Pseudomonadota;c__Gammaproteobacteria;o__Pseudomonadales;f__Moraxellaceae;g__Moraxella_A,temperate
R_T2109198960:k119_894_length_24920_cov_304.5466	Viruses;Duplodnaviria;Heunggongvirae;Uroviricota;Caudoviricetes;;,d__Bacteria;p__Bacillota;c__Bacilli;o__Staphylococcales;f__Staphylococcaceae;g__Staphylococcus,temperate
R_T2109198960:k119_10053_length_24182_cov_92.0239	Viruses;Duplodnaviria;Heunggongvirae;Uroviricota;Caudoviricetes;;,d__Bacteria;p__Bacillota;c__Bacilli;o__Staphylococcales;f__Staphylococcaceae;g__Staphylococcus,temperate
R_T2109198960:k119_8968_length_14011_cov_59.8301	Viruses;Duplodnaviria;Heunggongvirae;Uroviricota;Caudoviricetes;;,d__Bacteria;p__Bacillota;c__Bacilli;o__Staphylococcales;f__Staphylococcaceae;g__Staphylococcus,temperate
MET0219:k119_23952_length_66234_cov_214.5224	Viruses;Duplodnaviria;Heunggongvirae;Uroviricota;Caudoviricetes;;,d__Bacteria;p__Actinomycetota;c__Actinomycetes;o__Mycobacteriales;f__Mycobacteriaceae;g__Corynebacterium,virulent
MET0930:k141_3029_length_25394_cov_754.0000	Viruses;Duplodnaviria;Heunggongvirae;Uroviricota;Caudoviricetes;;,d__Bacteria;p__Bacillota;c__Bacilli;o__Staphylococcales;f__Staphylococcaceae;g__Staphylococcus,temperate
MET0453:k119_55187_length_45094_cov_239.0053	Viruses;Duplodnaviria;Heunggongvirae;Uroviricota;Caudoviricetes;;,NA,virulent
T2108174007:k141_582941_length_142911_cov_100.9909	NA,NA,virulent
T2108174124:k141_402358_length_39097_cov_99.0140	Viruses;Duplodnaviria;Heunggongvirae;Uroviricota;Caudoviricetes;;,d__Bacteria;p__Bacillota;c__Bacilli;o__Staphylococcales;f__Staphylococcaceae;g__Staphylococcus,temperate
T2108174124:k141_63586_length_35967_cov_99.1003	Viruses;Duplodnaviria;Heunggongvirae;Uroviricota;Caudoviricetes;;,d__Bacteria;p__Bacillota;c__Bacilli;o__Staphylococcales;f__Staphylococcaceae;g__Staphylococcus,temperate
T2108174124:k141_170628_length_23684_cov_87.9187	Viruses;Duplodnaviria;Heunggongvirae;Uroviricota;Caudoviricetes;;,d__Bacteria;p__Bacillota;c__Bacilli;o__Staphylococcales;f__Staphylococcaceae;g__Staphylococcus,temperate
T2108174124:k141_1361322_length_14538_cov_72.9900	Viruses;Duplodnaviria;Heunggongvirae;Uroviricota;Caudoviricetes;;,d__Bacteria;p__Bacillota;c__Bacilli;o__Staphylococcales;f__Staphylococcaceae;g__Staphylococcus,temperate
T2108174106:k141_88046_length_35750_cov_311.4273	Viruses;Duplodnaviria;Heunggongvirae;Uroviricota;Caudoviricetes;;,d__Bacteria;p__Bacillota;c__Bacilli;o__Staphylococcales;f__Staphylococcaceae;g__Staphylococcus,temperate
T2108174106:k141_982705_length_15471_cov_111.0000	Viruses;Duplodnaviria;Heunggongvirae;Uroviricota;Caudoviricetes;;Autographiviridae,NA,temperate
MET0354:k119_115692_length_7564_cov_19.0000	Viruses;Duplodnaviria;Heunggongvirae;Uroviricota;Caudoviricetes;;,d__Bacteria;p__Bacillota;c__Bacilli;o__Lactobacillales;f__Streptococcaceae;g__Streptococcus,temperate
MET0192:k119_35998_length_7842_cov_112.0000	Viruses;Duplodnaviria;Heunggongvirae;Uroviricota;Caudoviricetes;;,d__Bacteria;p__Bacillota;c__Bacilli;o__Staphylococcales;f__Staphylococcaceae;g__Staphylococcus,virulent
MET0750:k119_8832_length_18351_cov_426.3214	Viruses;Duplodnaviria;Heunggongvirae;Uroviricota;Caudoviricetes;;,d__Bacteria;p__Actinomycetota;c__Actinomycetes;o__Propionibacteriales;f__Propionibacteriaceae;g__Cutibacterium,virulent
MET1560:k141_3121_length_23722_cov_46.0000	Viruses;Duplodnaviria;Heunggongvirae;Uroviricota;Caudoviricetes;;,d__Bacteria;p__Bacillota;c__Bacilli;o__Staphylococcales;f__Staphylococcaceae;g__Staphylococcus,temperate
DP1807004325:k119_73532_length_41598_cov_1562.9247	Viruses;Duplodnaviria;Heunggongvirae;Uroviricota;Caudoviricetes;;,d__Bacteria;p__Pseudomonadota;c__Alphaproteobacteria;o__Rhizobiales;f__Rhizobiaceae;g__Brucella,virulent
T2108174061:k141_1576318_length_79092_cov_114.9554	Viruses;Duplodnaviria;Heunggongvirae;Uroviricota;Caudoviricetes;;Schitoviridae,NA,virulent
T2108174061:k141_626502_length_53593_cov_129.9875	Viruses;Duplodnaviria;Heunggongvirae;Uroviricota;Caudoviricetes;;,d__Bacteria;p__Bacillota;c__Bacilli;o__Staphylococcales;f__Staphylococcaceae;g__Staphylococcus,temperate
T2108174061:k141_2315759_length_45846_cov_140.0000	Viruses;Duplodnaviria;Heunggongvirae;Uroviricota;Caudoviricetes;;,NA,virulent
T2108174061:k141_1935102_length_41567_cov_247.0000	Viruses;Duplodnaviria;Heunggongvirae;Uroviricota;Caudoviricetes;;,d__Bacteria;p__Pseudomonadota;c__Gammaproteobacteria;o__Pseudomonadales;f__Pseudomonadaceae;g__Pseudomonas_E,temperate
T2108174061:k141_2571438_length_39380_cov_92.7056	Viruses;Duplodnaviria;Heunggongvirae;Uroviricota;Caudoviricetes;;,d__Bacteria;p__Bacillota;c__Clostridia;o__Tissierellales;f__Peptoniphilaceae;g__Anaerococcus,temperate
T2108174061:k141_1758884_length_37543_cov_131.0763	Viruses;Duplodnaviria;Heunggongvirae;Uroviricota;Caudoviricetes;;,d__Bacteria;p__Actinomycetota;c__Actinomycetes;o__Mycobacteriales;f__Mycobacteriaceae;g__Corynebacterium,virulent
T2108174061:k141_1265046_length_25051_cov_92.4417	Viruses;Duplodnaviria;Heunggongvirae;Uroviricota;Caudoviricetes;;,d__Bacteria;p__Bacillota;c__Bacilli;o__Staphylococcales;f__Staphylococcaceae;g__Staphylococcus,temperate
T2108174061:k141_2232451_length_23362_cov_98.0000	Viruses;Duplodnaviria;Heunggongvirae;Uroviricota;Caudoviricetes;;,d__Bacteria;p__Bacillota;c__Clostridia;o__Tissierellales;f__Peptoniphilaceae;g__Anaerococcus,temperate
T2108174061:k141_2318573_length_9735_cov_98.0807	Viruses;Duplodnaviria;Heunggongvirae;Uroviricota;Caudoviricetes;;,d__Bacteria;p__Actinomycetota;c__Actinomycetes;o__Actinomycetales;f__Actinomycetaceae;g__Mobiluncus,virulent
T2108174142:k141_45928_length_128940_cov_6397.0000	NA,d__Bacteria;p__Bacillota;c__Bacilli;o__Staphylococcales;f__Staphylococcaceae;g__Staphylococcus,temperate
1111525849753914:k141_1063123_length_13850_cov_68.0000	Viruses;Duplodnaviria;Heunggongvirae;Uroviricota;Caudoviricetes;;,NA,temperate
1111525849753914:k141_132810_length_6116_cov_28.0000	Viruses;Monodnaviria;Loebvirae;Hofneiviricota;Faserviricetes;Tubulavirales;Inoviridae,d__Bacteria;p__Pseudomonadota;c__Gammaproteobacteria;o__Pseudomonadales;f__Moraxellaceae;g__Moraxella_C,virulent
T2109199069:k141_5684_length_28705_cov_18798.5696	Viruses;Duplodnaviria;Heunggongvirae;Uroviricota;Caudoviricetes;;,d__Bacteria;p__Bacillota;c__Bacilli;o__Staphylococcales;f__Staphylococcaceae;g__Staphylococcus,temperate
T2109198871:k141_76696_length_9900_cov_1014.0310	Viruses;Duplodnaviria;Heunggongvirae;Uroviricota;Caudoviricetes;;,d__Bacteria;p__Bacillota;c__Bacilli;o__Staphylococcales;f__Staphylococcaceae;g__Staphylococcus,temperate
T2109198871:k141_27531_length_8305_cov_641.0000	Viruses;Duplodnaviria;Heunggongvirae;Uroviricota;Caudoviricetes;;,NA,temperate
T2109198916:k141_72755_length_30330_cov_114.0000	Viruses;Duplodnaviria;Heunggongvirae;Uroviricota;Caudoviricetes;;,d__Bacteria;p__Bacillota;c__Bacilli;o__Bacillales_A;f__Planococcaceae;g__Lysinibacillus,temperate
T2109198916:k141_46009_length_27869_cov_234.2676	Viruses;Duplodnaviria;Heunggongvirae;Uroviricota;Caudoviricetes;;,d__Bacteria;p__Bacillota;c__Bacilli;o__Staphylococcales;f__Staphylococcaceae;g__Staphylococcus,temperate
T2109198916:k141_48574_length_14554_cov_5598.5522	Viruses;Duplodnaviria;Heunggongvirae;Uroviricota;Caudoviricetes;;,d__Bacteria;p__Bacillota;c__Bacilli;o__Staphylococcales;f__Staphylococcaceae;g__Staphylococcus,temperate
T2109198916:k141_28689_length_11307_cov_136.7808	Viruses;Duplodnaviria;Heunggongvirae;Uroviricota;Caudoviricetes;;,NA,temperate
T2109198916:k141_24912_length_9249_cov_877.1270	Viruses;Duplodnaviria;Heunggongvirae;Uroviricota;Caudoviricetes;;,d__Bacteria;p__Bacillota;c__Bacilli;o__Staphylococcales;f__Staphylococcaceae;g__Staphylococcus,temperate
T2109199087:k141_161364_length_24980_cov_35.0000	NA,d__Bacteria;p__Bacillota;c__Bacilli;o__Bacillales;f__Bacillaceae_G;g__Bacillus_A,temperate
T2108173996:k141_440562_length_90081_cov_99.0000	Viruses;Duplodnaviria;Heunggongvirae;Uroviricota;Caudoviricetes;;,NA,temperate
T2108173996:k141_440246_length_48929_cov_665.7431	Viruses;Duplodnaviria;Heunggongvirae;Uroviricota;Caudoviricetes;;,d__Bacteria;p__Pseudomonadota;c__Alphaproteobacteria;o__Caulobacterales;f__Caulobacteraceae;g__Brevundimonas,virulent
T2108173996:k141_145955_length_43379_cov_143.1881	Viruses;Duplodnaviria;Heunggongvirae;Uroviricota;Caudoviricetes;;Autographiviridae,d__Bacteria;p__Pseudomonadota;c__Alphaproteobacteria;o__Caulobacterales;f__Caulobacteraceae;g__Brevundimonas,temperate
T2108173996:k141_72957_length_42857_cov_74.7439	Viruses;Duplodnaviria;Heunggongvirae;Uroviricota;Caudoviricetes;;,d__Bacteria;p__Pseudomonadota;c__Gammaproteobacteria;o__Pseudomonadales;f__Moraxellaceae;g__Moraxella_A,temperate
T2108173996:k141_12653_length_42653_cov_156.0186	Viruses;Duplodnaviria;Heunggongvirae;Uroviricota;Caudoviricetes;;,d__Bacteria;p__Pseudomonadota;c__Gammaproteobacteria;o__Pseudomonadales;f__Moraxellaceae;g__Moraxella_A,virulent
T2108173996:k141_472251_length_42245_cov_95.2375	Viruses;Duplodnaviria;Heunggongvirae;Uroviricota;Caudoviricetes;;,NA,temperate
T2108173996:k141_115926_length_41622_cov_284.7190	Viruses;Duplodnaviria;Heunggongvirae;Uroviricota;Caudoviricetes;;,d__Bacteria;p__Pseudomonadota;c__Gammaproteobacteria;o__Pseudomonadales;f__Moraxellaceae;g__Moraxella_A,virulent
T2108173996:k141_409004_length_40396_cov_227.3386	Viruses;Duplodnaviria;Heunggongvirae;Uroviricota;Caudoviricetes;;,d__Bacteria;p__Pseudomonadota;c__Gammaproteobacteria;o__Pseudomonadales;f__Moraxellaceae;g__Moraxella_A,virulent
T2108173996:k141_73263_length_39699_cov_115.1088	Viruses;Duplodnaviria;Heunggongvirae;Uroviricota;Caudoviricetes;;,d__Bacteria;p__Pseudomonadota;c__Alphaproteobacteria;o__Caulobacterales;f__Caulobacteraceae;g__Brevundimonas,temperate
T2108173996:k141_125759_length_38015_cov_142.4649	Viruses;Duplodnaviria;Heunggongvirae;Uroviricota;Caudoviricetes;;,d__Bacteria;p__Bacillota;c__Bacilli;o__Staphylococcales;f__Staphylococcaceae;g__Staphylococcus,temperate
T2108173996:k141_294292_length_35289_cov_950.5037	Viruses;Duplodnaviria;Heunggongvirae;Uroviricota;Caudoviricetes;;,d__Bacteria;p__Bacteroidota;c__Bacteroidia;o__Flavobacteriales;f__Weeksellaceae;g__Epilithonimonas,temperate
T2108173996:k141_442442_length_33876_cov_117.3693	Viruses;Duplodnaviria;Heunggongvirae;Uroviricota;Caudoviricetes;;,d__Bacteria;p__Pseudomonadota;c__Gammaproteobacteria;o__Pseudomonadales;f__Pseudomonadaceae;g__Pseudomonas,temperate
T2108173996:k141_412727_length_30870_cov_147.9607	Viruses;Duplodnaviria;Heunggongvirae;Uroviricota;Caudoviricetes;;,d__Bacteria;p__Pseudomonadota;c__Gammaproteobacteria;o__Pseudomonadales;f__Moraxellaceae;g__Moraxella_A,temperate
T2108173996:k141_78430_length_28440_cov_337.7883	Viruses;Duplodnaviria;Heunggongvirae;Uroviricota;Caudoviricetes;;,d__Bacteria;p__Pseudomonadota;c__Gammaproteobacteria;o__Pseudomonadales;f__Moraxellaceae;g__Moraxella_A,temperate
T2108173996:k141_112864_length_26102_cov_73.4766	Viruses;Duplodnaviria;Heunggongvirae;Uroviricota;Caudoviricetes;;,NA,temperate
T2108173996:k141_37598_length_21780_cov_78.3402	Viruses;Duplodnaviria;Heunggongvirae;Uroviricota;Caudoviricetes;;,d__Bacteria;p__Pseudomonadota;c__Gammaproteobacteria;o__Burkholderiales;f__Burkholderiaceae;g__Paenacidovorax,temperate
T2108173996:k141_141893_length_13333_cov_130.2834	Viruses;Duplodnaviria;Heunggongvirae;Uroviricota;Caudoviricetes;;,d__Bacteria;p__Bacillota;c__Bacilli;o__Staphylococcales;f__Staphylococcaceae;g__Staphylococcus,virulent
T2108173996:k141_60711_length_11813_cov_161.2395	Viruses;Duplodnaviria;Heunggongvirae;Uroviricota;Caudoviricetes;;,d__Bacteria;p__Bacillota;c__Bacilli;o__Staphylococcales;f__Staphylococcaceae;g__Staphylococcus,temperate
1111525849645752:k141_298801_length_20607_cov_75.0000	Viruses;Duplodnaviria;Heunggongvirae;Uroviricota;Caudoviricetes;;,d__Bacteria;p__Bacillota;c__Bacilli;o__Lactobacillales;f__Lactobacillaceae;g__Lactobacillus,temperate
1111525849645752:k141_209237_length_3678_cov_72.0000	Viruses;Monodnaviria;Loebvirae;Hofneiviricota;Faserviricetes;Tubulavirales;Inoviridae,d__Bacteria;p__Pseudomonadota;c__Gammaproteobacteria;o__Pseudomonadales;f__Moraxellaceae;g__Acinetobacter,temperate
T2109198943:k141_2878_length_31682_cov_108.0068	Viruses;Duplodnaviria;Heunggongvirae;Uroviricota;Caudoviricetes;;,d__Bacteria;p__Bacillota;c__Bacilli;o__Staphylococcales;f__Staphylococcaceae;g__Staphylococcus,temperate
T2109198943:k141_41650_length_29288_cov_103.1952	Viruses;Duplodnaviria;Heunggongvirae;Uroviricota;Caudoviricetes;;,d__Bacteria;p__Bacillota;c__Bacilli;o__Staphylococcales;f__Staphylococcaceae;g__Staphylococcus,temperate
T2109198943:k141_26563_length_22247_cov_98.0471	Viruses;Duplodnaviria;Heunggongvirae;Uroviricota;Caudoviricetes;;,d__Bacteria;p__Bacillota;c__Bacilli;o__Staphylococcales;f__Staphylococcaceae;g__Staphylococcus,temperate
T2109198943:k141_41346_length_9500_cov_5272.6430	Viruses;Duplodnaviria;Heunggongvirae;Uroviricota;Caudoviricetes;;,d__Bacteria;p__Bacillota;c__Bacilli;o__Staphylococcales;f__Staphylococcaceae;g__Staphylococcus,temperate
T2109198943:k141_23364_length_8474_cov_1881.5269	Viruses;Duplodnaviria;Heunggongvirae;Uroviricota;Caudoviricetes;;,d__Bacteria;p__Bacillota;c__Bacilli;o__Staphylococcales;f__Staphylococcaceae;g__Staphylococcus,temperate
T2108173879:k141_108692_length_20258_cov_69.0000	Viruses;Duplodnaviria;Heunggongvirae;Uroviricota;Caudoviricetes;;,d__Bacteria;p__Bacillota;c__Clostridia;o__Tissierellales;f__Peptoniphilaceae;g__Peptoniphilus_A,virulent
T2109198925:k141_39679_length_30416_cov_226.0000	Viruses;Duplodnaviria;Heunggongvirae;Uroviricota;Caudoviricetes;;,d__Bacteria;p__Bacillota;c__Bacilli;o__Staphylococcales;f__Staphylococcaceae;g__Staphylococcus,temperate
T2109198925:k141_39831_length_10124_cov_93.3665	Viruses;Duplodnaviria;Heunggongvirae;Uroviricota;Caudoviricetes;;,d__Bacteria;p__Bacillota;c__Bacilli;o__Staphylococcales;f__Staphylococcaceae;g__Staphylococcus,temperate
1111525849743663:k141_375137_length_41431_cov_30.9106	Viruses;Duplodnaviria;Heunggongvirae;Uroviricota;Caudoviricetes;;,d__Bacteria;p__Bacillota;c__Bacilli;o__Staphylococcales;f__Staphylococcaceae;g__Staphylococcus,virulent
1111525849478145:k141_443307_length_38500_cov_92.0000	Viruses;Duplodnaviria;Heunggongvirae;Uroviricota;Caudoviricetes;;,d__Bacteria;p__Pseudomonadota;c__Gammaproteobacteria;o__Burkholderiales;f__Neisseriaceae;g__Neisseria,temperate
1111525849478145:k141_423485_length_21235_cov_1001.4065	Viruses;Duplodnaviria;Heunggongvirae;Uroviricota;Caudoviricetes;;,d__Bacteria;p__Pseudomonadota;c__Gammaproteobacteria;o__Burkholderiales;f__Neisseriaceae;g__Neisseria,temperate
1111525849478145:k141_44379_length_7695_cov_131.0000	Viruses;Monodnaviria;Loebvirae;Hofneiviricota;Faserviricetes;Tubulavirales;Inoviridae,d__Bacteria;p__Pseudomonadota;c__Gammaproteobacteria;o__Burkholderiales;f__Neisseriaceae;g__Neisseria,virulent
T2108173978:k141_1725116_length_87545_cov_76.0009	Viruses;Duplodnaviria;Heunggongvirae;Uroviricota;Caudoviricetes;;,NA,virulent
T2108173897:k141_1412249_length_81662_cov_113.9835	Viruses;Duplodnaviria;Heunggongvirae;Uroviricota;Caudoviricetes;;,NA,temperate
T2108173897:k141_992330_length_52615_cov_127.1115	Viruses;Duplodnaviria;Heunggongvirae;Uroviricota;Caudoviricetes;;,d__Bacteria;p__Actinomycetota;c__Actinomycetes;o__Mycobacteriales;f__Mycobacteriaceae;g__Corynebacterium,virulent
T2108173897:k141_1851177_length_37621_cov_78.6207	Viruses;Duplodnaviria;Heunggongvirae;Uroviricota;Caudoviricetes;;,d__Bacteria;p__Bacillota;c__Bacilli;o__Lactobacillales;f__Lactobacillaceae;g__Lactobacillus,temperate
T2108173897:k141_1987923_length_24481_cov_58.0000	Viruses;Duplodnaviria;Heunggongvirae;Uroviricota;Caudoviricetes;;,d__Bacteria;p__Bacillota;c__Bacilli;o__Lactobacillales;f__Lactobacillaceae;g__Lactobacillus,temperate
DSKIN0029-1:k141_27287_length_29531_cov_718.0035	Viruses;Duplodnaviria;Heunggongvirae;Uroviricota;Caudoviricetes;;,d__Bacteria;p__Actinomycetota;c__Actinomycetes;o__Propionibacteriales;f__Propionibacteriaceae;g__Cutibacterium,virulent
T2108173907:k141_270362_length_37422_cov_1299.0000	Viruses;Duplodnaviria;Heunggongvirae;Uroviricota;Caudoviricetes;;,d__Bacteria;p__Bacillota;c__Bacilli;o__Lactobacillales;f__Lactobacillaceae;g__Lactobacillus,temperate
T2108173907:k141_785683_length_34450_cov_76.0082	Viruses;Duplodnaviria;Heunggongvirae;Uroviricota;Caudoviricetes;;,d__Bacteria;p__Bacillota;c__Clostridia;o__Tissierellales;f__Peptoniphilaceae;g__Anaerococcus,temperate
T2108173907:k141_590504_length_27410_cov_84.2376	Viruses;Duplodnaviria;Heunggongvirae;Uroviricota;Caudoviricetes;;,d__Bacteria;p__Actinomycetota;c__Actinomycetes;o__Mycobacteriales;f__Mycobacteriaceae;g__Corynebacterium,virulent
T2108173907:k141_2024666_length_26707_cov_136.9292	Viruses;Duplodnaviria;Heunggongvirae;Uroviricota;Caudoviricetes;;,d__Bacteria;p__Bacillota;c__Clostridia;o__Tissierellales;f__Peptoniphilaceae;g__Peptoniphilus_A,temperate
T2108173907:k141_591459_length_19489_cov_319.6970	Viruses;Duplodnaviria;Heunggongvirae;Uroviricota;Caudoviricetes;;,d__Bacteria;p__Actinomycetota;c__Actinomycetes;o__Mycobacteriales;f__Mycobacteriaceae;g__Corynebacterium,temperate
DP1808006771:k119_26980_length_29580_cov_4462.7744	Viruses;Duplodnaviria;Heunggongvirae;Uroviricota;Caudoviricetes;;,d__Bacteria;p__Actinomycetota;c__Actinomycetes;o__Propionibacteriales;f__Propionibacteriaceae;g__Cutibacterium,virulent
DP1808006771:k119_27089_length_15525_cov_300.0000	Viruses;Duplodnaviria;Heunggongvirae;Uroviricota;Caudoviricetes;;,NA,virulent
DP1807004495:k119_171815_length_33606_cov_1551.2408	Viruses;Duplodnaviria;Heunggongvirae;Uroviricota;Caudoviricetes;;,NA,virulent
T2108174078:k141_32626_length_29365_cov_2240.0000	Viruses;Duplodnaviria;Heunggongvirae;Uroviricota;Caudoviricetes;;,d__Bacteria;p__Actinomycetota;c__Actinomycetes;o__Propionibacteriales;f__Propionibacteriaceae;g__Cutibacterium,virulent
T2108173943:k141_270722_length_46140_cov_490.0000	Viruses;Duplodnaviria;Heunggongvirae;Uroviricota;Caudoviricetes;;,d__Bacteria;p__Pseudomonadota;c__Gammaproteobacteria;o__Burkholderiales;f__Burkholderiaceae;g__Acidovorax,temperate
T2108173943:k141_486744_length_43009_cov_38.0009	Viruses;Duplodnaviria;Heunggongvirae;Uroviricota;Caudoviricetes;;Autographiviridae,d__Bacteria;p__Pseudomonadota;c__Alphaproteobacteria;o__Sphingomonadales;f__Sphingomonadaceae;g__Sphingomonas,virulent
T2108173943:k141_69436_length_42431_cov_62.8886	Viruses;Duplodnaviria;Heunggongvirae;Uroviricota;Caudoviricetes;;Autographiviridae,NA,virulent
T2108173943:k141_350245_length_41676_cov_77.2449	Viruses;Duplodnaviria;Heunggongvirae;Uroviricota;Caudoviricetes;;,NA,temperate
T2108173943:k141_499441_length_41501_cov_143.0000	Viruses;Duplodnaviria;Heunggongvirae;Uroviricota;Caudoviricetes;;,d__Bacteria;p__Pseudomonadota;c__Gammaproteobacteria;o__Burkholderiales;f__Burkholderiaceae;g__Acidovorax,temperate
T2108173943:k141_329863_length_39724_cov_90.4225	Viruses;Duplodnaviria;Heunggongvirae;Uroviricota;Caudoviricetes;;,NA,virulent
T2108173943:k141_11638_length_37575_cov_94.2632	Viruses;Duplodnaviria;Heunggongvirae;Uroviricota;Caudoviricetes;;,d__Bacteria;p__Pseudomonadota;c__Gammaproteobacteria;o__Pseudomonadales;f__Moraxellaceae;g__Moraxella_A,temperate
T2108173943:k141_103831_length_35263_cov_34.7677	Viruses;Duplodnaviria;Heunggongvirae;Uroviricota;Caudoviricetes;;,d__Bacteria;p__Pseudomonadota;c__Alphaproteobacteria;o__Rhizobiales;f__Rhizobiaceae;g__Agrobacterium,temperate
T2108173943:k141_694011_length_34330_cov_1582.5906	Viruses;Duplodnaviria;Heunggongvirae;Uroviricota;Caudoviricetes;;,d__Bacteria;p__Actinomycetota;c__Actinomycetes;o__Actinomycetales;f__Micrococcaceae;g__Neomicrococcus,virulent
T2108173943:k141_156864_length_33564_cov_74.5397	Viruses;Duplodnaviria;Heunggongvirae;Uroviricota;Caudoviricetes;;,d__Bacteria;p__Pseudomonadota;c__Gammaproteobacteria;o__Pseudomonadales;f__Moraxellaceae;g__Moraxella_A,temperate
T2108173943:k141_35741_length_32794_cov_103.9274	Viruses;Duplodnaviria;Heunggongvirae;Uroviricota;Caudoviricetes;;,d__Bacteria;p__Pseudomonadota;c__Alphaproteobacteria;o__Caulobacterales;f__Caulobacteraceae;g__Brevundimonas,temperate
T2108173943:k141_209904_length_27994_cov_50.0048	Viruses;Duplodnaviria;Heunggongvirae;Uroviricota;Caudoviricetes;;,d__Bacteria;p__Actinomycetota;c__Actinomycetes;o__Propionibacteriales;f__Propionibacteriaceae;g__Cutibacterium,virulent
T2108173943:k141_226996_length_21194_cov_69.0000	Viruses;Duplodnaviria;Heunggongvirae;Uroviricota;Caudoviricetes;;,NA,temperate
T2108173943:k141_303230_length_20897_cov_46.8274	Viruses;Duplodnaviria;Heunggongvirae;Uroviricota;Caudoviricetes;;,d__Bacteria;p__Pseudomonadota;c__Gammaproteobacteria;o__Pseudomonadales;f__Moraxellaceae;g__Moraxella_A,temperate
T2108173862:k141_81597_length_43813_cov_156.2768	Viruses;Duplodnaviria;Heunggongvirae;Uroviricota;Caudoviricetes;;,NA,virulent
T2108173862:k141_447215_length_41947_cov_152.0113	NA,d__Bacteria;p__Bacillota;c__Bacilli;o__Staphylococcales;f__Staphylococcaceae;g__Staphylococcus,temperate
T2108173862:k141_105839_length_19354_cov_259.6756	Viruses;Duplodnaviria;Heunggongvirae;Uroviricota;Caudoviricetes;;,d__Bacteria;p__Actinomycetota;c__Actinomycetes;o__Actinomycetales;f__Microbacteriaceae;g__Microbacterium,temperate
T2109199061:k141_21107_length_33999_cov_241.1432	Viruses;Duplodnaviria;Heunggongvirae;Uroviricota;Caudoviricetes;;,d__Bacteria;p__Bacillota;c__Bacilli;o__Staphylococcales;f__Staphylococcaceae;g__Staphylococcus,temperate
T2109199061:k141_1263_length_28661_cov_35.8785	Viruses;Duplodnaviria;Heunggongvirae;Uroviricota;Caudoviricetes;;,d__Bacteria;p__Bacillota;c__Bacilli;o__Staphylococcales;f__Staphylococcaceae;g__Staphylococcus,temperate
1111525849485004:k141_1663687_length_43673_cov_60.2211	Viruses;Duplodnaviria;Heunggongvirae;Uroviricota;Caudoviricetes;;,d__Bacteria;p__Bacillota;c__Bacilli;o__Lactobacillales;f__Streptococcaceae;g__Streptococcus,temperate
T2107171982:k141_13770_length_29010_cov_205.8864	Viruses;Duplodnaviria;Heunggongvirae;Uroviricota;Caudoviricetes;;,d__Bacteria;p__Actinomycetota;c__Actinomycetes;o__Propionibacteriales;f__Propionibacteriaceae;g__Cutibacterium,virulent
T2109199043:k141_21006_length_26503_cov_82.3286	Viruses;Duplodnaviria;Heunggongvirae;Uroviricota;Caudoviricetes;;,d__Bacteria;p__Pseudomonadota;c__Gammaproteobacteria;o__Enterobacterales;f__Enterobacteriaceae;g__Klebsiella,temperate
T2107171964:k141_252471_length_41552_cov_208.8805	Viruses;Duplodnaviria;Heunggongvirae;Uroviricota;Caudoviricetes;;,d__Bacteria;p__Pseudomonadota;c__Gammaproteobacteria;o__Pseudomonadales;f__Moraxellaceae;g__Moraxella_A,virulent
T2107171964:k141_321047_length_29326_cov_393.0000	Viruses;Duplodnaviria;Heunggongvirae;Uroviricota;Caudoviricetes;;,d__Bacteria;p__Actinomycetota;c__Actinomycetes;o__Propionibacteriales;f__Propionibacteriaceae;g__Cutibacterium,virulent
T2108174096:k141_160276_length_65465_cov_277.0267	Viruses;Duplodnaviria;Heunggongvirae;Uroviricota;Caudoviricetes;;,NA,temperate
T2108174096:k141_1707092_length_48725_cov_200.2274	NA,d__Bacteria;p__Pseudomonadota;c__Gammaproteobacteria;o__Pseudomonadales;f__Pseudomonadaceae;g__Pseudomonas_E,temperate
T2108174096:k141_1363217_length_36261_cov_197.9595	Viruses;Duplodnaviria;Heunggongvirae;Uroviricota;Caudoviricetes;;,d__Bacteria;p__Bacillota;c__Bacilli;o__Lactobacillales;f__Streptococcaceae;g__Streptococcus,temperate
T2108174096:k141_733874_length_24944_cov_86.1512	Viruses;Duplodnaviria;Heunggongvirae;Uroviricota;Caudoviricetes;;,d__Bacteria;p__Bacillota;c__Clostridia;o__Tissierellales;f__Peptoniphilaceae;g__Finegoldia,temperate
T2108174096:k141_400879_length_22279_cov_69.4781	Viruses;Duplodnaviria;Heunggongvirae;Uroviricota;Caudoviricetes;;,d__Bacteria;p__Bacillota;c__Bacilli;o__Staphylococcales;f__Staphylococcaceae;g__Staphylococcus,temperate
T2108174096:k141_792400_length_21820_cov_60.9981	Viruses;Duplodnaviria;Heunggongvirae;Uroviricota;Caudoviricetes;;,d__Bacteria;p__Bacillota;c__Bacilli;o__Lactobacillales;f__Streptococcaceae;g__Streptococcus,temperate
T2108174096:k141_2574735_length_20959_cov_64.0000	Viruses;Duplodnaviria;Heunggongvirae;Uroviricota;Caudoviricetes;;,d__Bacteria;p__Bacillota;c__Clostridia;o__Tissierellales;f__Peptoniphilaceae;g__Finegoldia,virulent
T2108174096:k141_2906788_length_15101_cov_73.0000	Viruses;Duplodnaviria;Heunggongvirae;Uroviricota;Caudoviricetes;;,d__Bacteria;p__Actinomycetota;c__Coriobacteriia;o__Coriobacteriales;f__Atopobiaceae;g__Lancefieldella,temperate
T2108174096:k141_2643868_length_4430_cov_120.0000	Viruses;Monodnaviria;Loebvirae;Hofneiviricota;Faserviricetes;Tubulavirales;Inoviridae,d__Bacteria;p__Pseudomonadota;c__Gammaproteobacteria;o__Burkholderiales;f__Neisseriaceae;g__Neisseria,virulent
T2108173880:k141_182441_length_56217_cov_123.9934	Viruses;Duplodnaviria;Heunggongvirae;Uroviricota;Caudoviricetes;;,NA,virulent
MET1478:k141_282_length_15267_cov_626.0414	Viruses;Duplodnaviria;Heunggongvirae;Uroviricota;Caudoviricetes;;,d__Bacteria;p__Actinomycetota;c__Actinomycetes;o__Mycobacteriales;f__Mycobacteriaceae;g__Corynebacterium,virulent
MET0299:k119_8208_length_27771_cov_221.0000	Viruses;Duplodnaviria;Heunggongvirae;Uroviricota;Caudoviricetes;;,d__Bacteria;p__Bacillota;c__Bacilli;o__Staphylococcales;f__Staphylococcaceae;g__Staphylococcus,temperate
T2107171955:k141_18993_length_35840_cov_52.0000	Viruses;Duplodnaviria;Heunggongvirae;Uroviricota;Caudoviricetes;;,d__Bacteria;p__Actinomycetota;c__Actinomycetes;o__Mycobacteriales;f__Mycobacteriaceae;g__Corynebacterium,temperate
T2107171955:k141_54304_length_15516_cov_557.6302	Viruses;Duplodnaviria;Heunggongvirae;Uroviricota;Caudoviricetes;;,d__Bacteria;p__Actinomycetota;c__Actinomycetes;o__Propionibacteriales;f__Propionibacteriaceae;g__Cutibacterium,virulent
T2108173871:k141_119764_length_42573_cov_287.8512	Viruses;Duplodnaviria;Heunggongvirae;Uroviricota;Caudoviricetes;;,d__Bacteria;p__Bacillota;c__Bacilli;o__Staphylococcales;f__Staphylococcaceae;g__Staphylococcus,temperate
T2109199151:k141_26123_length_10415_cov_93.6514	Viruses;Duplodnaviria;Heunggongvirae;Uroviricota;Caudoviricetes;;,d__Bacteria;p__Bacillota;c__Bacilli;o__Staphylococcales;f__Staphylococcaceae;g__Staphylococcus,virulent
T2109199070:k141_13905_length_24200_cov_466.2305	Viruses;Duplodnaviria;Heunggongvirae;Uroviricota;Caudoviricetes;;,d__Bacteria;p__Bacillota;c__Bacilli;o__Staphylococcales;f__Staphylococcaceae;g__Staphylococcus,temperate
1111525849743403:k141_118025_length_16888_cov_147.6029	Viruses;Duplodnaviria;Heunggongvirae;Uroviricota;Caudoviricetes;;,NA,virulent
T2107171991:k141_225868_length_66753_cov_449.6154	Viruses;Duplodnaviria;Heunggongvirae;Uroviricota;Caudoviricetes;;,d__Bacteria;p__Pseudomonadota;c__Gammaproteobacteria;o__Pseudomonadales;f__Moraxellaceae;g__Moraxella_A,virulent
T2107171991:k141_409286_length_48758_cov_114.0000	Viruses;Duplodnaviria;Heunggongvirae;Uroviricota;Caudoviricetes;;,d__Bacteria;p__Bacteroidota;c__Bacteroidia;o__Flavobacteriales;f__Weeksellaceae;g__Kaistella,virulent
T2107171991:k141_78147_length_36482_cov_459.4209	Viruses;Duplodnaviria;Heunggongvirae;Uroviricota;Caudoviricetes;;,d__Bacteria;p__Pseudomonadota;c__Gammaproteobacteria;o__Pseudomonadales;f__Moraxellaceae;g__Moraxella_A,temperate
T2107171991:k141_335824_length_29362_cov_152.2788	Viruses;Duplodnaviria;Heunggongvirae;Uroviricota;Caudoviricetes;;,d__Bacteria;p__Actinomycetota;c__Actinomycetes;o__Propionibacteriales;f__Propionibacteriaceae;g__Cutibacterium,virulent
T2107171991:k141_32487_length_18710_cov_183.7794	NA,d__Bacteria;p__Pseudomonadota;c__Gammaproteobacteria;o__Pseudomonadales;f__Moraxellaceae;g__Moraxella_A,temperate
T2108173934:k141_1217764_length_87930_cov_58.0000	Viruses;Duplodnaviria;Heunggongvirae;Uroviricota;Caudoviricetes;Crassvirales;,NA,virulent
T2108173934:k141_614275_length_32148_cov_193.9410	Viruses;Duplodnaviria;Heunggongvirae;Uroviricota;Caudoviricetes;;,d__Bacteria;p__Bacillota;c__Bacilli;o__Lactobacillales;f__Streptococcaceae;g__Streptococcus,temperate
T2108173934:k141_90984_length_23071_cov_242.0106	Viruses;Duplodnaviria;Heunggongvirae;Uroviricota;Caudoviricetes;;,d__Bacteria;p__Bacillota;c__Bacilli;o__Lactobacillales;f__Streptococcaceae;g__Streptococcus,temperate
T2108173934:k141_308854_length_21419_cov_132.0000	Viruses;Duplodnaviria;Heunggongvirae;Uroviricota;Caudoviricetes;;,d__Bacteria;p__Actinomycetota;c__Actinomycetes;o__Mycobacteriales;f__Mycobacteriaceae;g__Corynebacterium,virulent
T2108173934:k141_382464_length_20804_cov_438.0397	Viruses;Duplodnaviria;Heunggongvirae;Uroviricota;Caudoviricetes;;,d__Bacteria;p__Pseudomonadota;c__Gammaproteobacteria;o__Enterobacterales;f__Pasteurellaceae;g__Haemophilus_D,virulent
T2108173934:k141_155715_length_20547_cov_99.9127	Viruses;Duplodnaviria;Heunggongvirae;Uroviricota;Caudoviricetes;;,d__Bacteria;p__Bacillota;c__Clostridia;o__Tissierellales;f__Peptoniphilaceae;g__Anaerococcus,temperate
T2108173934:k141_1618_length_19389_cov_228.9111	Viruses;Duplodnaviria;Heunggongvirae;Uroviricota;Caudoviricetes;;,d__Bacteria;p__Bacillota;c__Bacilli;o__Lactobacillales;f__Streptococcaceae;g__Streptococcus,virulent
T2108173934:k141_78207_length_17414_cov_356.1651	Viruses;Duplodnaviria;Heunggongvirae;Uroviricota;Caudoviricetes;;,NA,virulent
T2108173934:k141_316791_length_13684_cov_59.9564	Viruses;Duplodnaviria;Heunggongvirae;Uroviricota;Caudoviricetes;;Rountreeviridae,d__Bacteria;p__Bacillota;c__Bacilli;o__Staphylococcales;f__Staphylococcaceae;g__Staphylococcus,virulent
T2109199214:k141_24564_length_17717_cov_44595.0000	Viruses;Duplodnaviria;Heunggongvirae;Uroviricota;Caudoviricetes;;Rountreeviridae,d__Bacteria;p__Bacillota;c__Bacilli;o__Staphylococcales;f__Staphylococcaceae;g__Staphylococcus,virulent
T2108174069:k141_459716_length_44142_cov_260.0000	Viruses;Duplodnaviria;Heunggongvirae;Uroviricota;Caudoviricetes;;,d__Bacteria;p__Bacillota;c__Bacilli;o__Lactobacillales;f__Streptococcaceae;g__Streptococcus,temperate
T2108174069:k141_100414_length_26680_cov_827.5035	Viruses;Duplodnaviria;Heunggongvirae;Uroviricota;Caudoviricetes;;,d__Bacteria;p__Actinomycetota;c__Actinomycetes;o__Propionibacteriales;f__Propionibacteriaceae;g__Arachnia,virulent
T2108174069:k141_119274_length_25739_cov_201.7869	Viruses;Duplodnaviria;Heunggongvirae;Uroviricota;Caudoviricetes;;Autographiviridae,NA,virulent
T2108174069:k141_579634_length_18155_cov_133.2880	Viruses;Duplodnaviria;Heunggongvirae;Uroviricota;Caudoviricetes;;,d__Bacteria;p__Actinomycetota;c__Actinomycetes;o__Actinomycetales;f__Actinomycetaceae;g__Actinomyces,virulent
T2108174069:k141_12342_length_17810_cov_339.4151	Viruses;Duplodnaviria;Heunggongvirae;Uroviricota;Caudoviricetes;;,d__Bacteria;p__Actinomycetota;c__Actinomycetes;o__Actinomycetales;f__Actinomycetaceae;g__Actinomyces,virulent
T2108174069:k141_546191_length_13950_cov_527.3175	Viruses;Duplodnaviria;Heunggongvirae;Uroviricota;Caudoviricetes;;,d__Bacteria;p__Bacillota;c__Bacilli;o__Staphylococcales;f__Staphylococcaceae;g__Staphylococcus,temperate
T2108174069:k141_612308_length_6639_cov_360.2927	Viruses;Duplodnaviria;Heunggongvirae;Uroviricota;Caudoviricetes;;,d__Bacteria;p__Bacillota;c__Bacilli;o__Lactobacillales;f__Streptococcaceae;g__Streptococcus,temperate
R_T2109198896:k119_17831_length_48848_cov_270.0378	Viruses;Duplodnaviria;Heunggongvirae;Uroviricota;Caudoviricetes;;,d__Bacteria;p__Bacillota;c__Bacilli;o__Staphylococcales;f__Staphylococcaceae;g__Staphylococcus,temperate
R_T2109198896:k119_40901_length_38482_cov_34.9155	Viruses;Duplodnaviria;Heunggongvirae;Uroviricota;Caudoviricetes;;,d__Bacteria;p__Bacillota;c__Bacilli;o__Staphylococcales;f__Staphylococcaceae;g__Staphylococcus,temperate
R_T2109198896:k119_27374_length_34651_cov_79.9062	Viruses;Duplodnaviria;Heunggongvirae;Uroviricota;Caudoviricetes;;,d__Bacteria;p__Bacillota;c__Bacilli;o__Staphylococcales;f__Staphylococcaceae;g__Staphylococcus,temperate
R_T2109198896:k119_45380_length_27093_cov_46.9318	Viruses;Duplodnaviria;Heunggongvirae;Uroviricota;Caudoviricetes;;,d__Bacteria;p__Bacillota;c__Bacilli;o__Staphylococcales;f__Staphylococcaceae;g__Staphylococcus,temperate
R_T2109198896:k119_43464_length_26496_cov_47.9287	Viruses;Duplodnaviria;Heunggongvirae;Uroviricota;Caudoviricetes;;,d__Bacteria;p__Bacillota;c__Bacilli;o__Staphylococcales;f__Staphylococcaceae;g__Staphylococcus,temperate
R_T2109198896:k119_1258_length_13517_cov_55.8317	Viruses;Duplodnaviria;Heunggongvirae;Uroviricota;Caudoviricetes;;,d__Bacteria;p__Bacillota;c__Bacilli;o__Staphylococcales;f__Staphylococcaceae;g__Staphylococcus,virulent
MET0211:k119_3049_length_24743_cov_17.9862	Viruses;Duplodnaviria;Heunggongvirae;Uroviricota;Caudoviricetes;;,d__Bacteria;p__Bacillota;c__Bacilli;o__Staphylococcales;f__Staphylococcaceae;g__Staphylococcus,temperate
1111525849479926:k141_850137_length_44299_cov_148.3091	Viruses;Duplodnaviria;Heunggongvirae;Uroviricota;Caudoviricetes;;,d__Bacteria;p__Bacillota;c__Bacilli;o__Staphylococcales;f__Staphylococcaceae;g__Staphylococcus,temperate
1111525849479926:k141_1982377_length_33327_cov_99.6205	Viruses;Duplodnaviria;Heunggongvirae;Uroviricota;Caudoviricetes;;,d__Bacteria;p__Pseudomonadota;c__Gammaproteobacteria;o__Pseudomonadales;f__Moraxellaceae;g__Acinetobacter,temperate
1111525849479926:k141_1256220_length_17040_cov_129.7584	Viruses;Duplodnaviria;Heunggongvirae;Uroviricota;Caudoviricetes;;,d__Bacteria;p__Actinomycetota;c__Actinomycetes;o__Propionibacteriales;f__Propionibacteriaceae;g__Cutibacterium,virulent
1111525849479926:k141_1873187_length_16978_cov_59.0000	Viruses;Duplodnaviria;Heunggongvirae;Uroviricota;Caudoviricetes;;Rountreeviridae,d__Bacteria;p__Bacillota;c__Bacilli;o__Staphylococcales;f__Staphylococcaceae;g__Staphylococcus,virulent
1111525849479926:k141_1224166_length_16390_cov_95.0000	Viruses;Duplodnaviria;Heunggongvirae;Uroviricota;Caudoviricetes;;,d__Bacteria;p__Actinomycetota;c__Actinomycetes;o__Actinomycetales;f__Actinomycetaceae;g__Actinomyces,virulent
T2109198978:k141_6686_length_44144_cov_6190.5187	Viruses;Duplodnaviria;Heunggongvirae;Uroviricota;Caudoviricetes;;,d__Bacteria;p__Bacillota;c__Bacilli;o__Staphylococcales;f__Staphylococcaceae;g__Staphylococcus,temperate
T2109198978:k141_47622_length_10521_cov_41.2062	Viruses;Duplodnaviria;Heunggongvirae;Uroviricota;Caudoviricetes;;,d__Bacteria;p__Bacillota;c__Bacilli;o__Staphylococcales;f__Staphylococcaceae;g__Staphylococcus,virulent
T2109198897:k141_14080_length_26101_cov_17880.8589	Viruses;Duplodnaviria;Heunggongvirae;Uroviricota;Caudoviricetes;;,d__Bacteria;p__Bacillota;c__Bacilli;o__Staphylococcales;f__Staphylococcaceae;g__Staphylococcus,temperate
T2109198897:k141_7699_length_8528_cov_3398.5441	Viruses;Duplodnaviria;Heunggongvirae;Uroviricota;Caudoviricetes;;,d__Bacteria;p__Bacillota;c__Bacilli;o__Staphylococcales;f__Staphylococcaceae;g__Staphylococcus,temperate
T2107172002:k141_783628_length_56806_cov_128.0000	Viruses;Duplodnaviria;Heunggongvirae;Uroviricota;Caudoviricetes;;,NA,virulent
T2107172002:k141_529030_length_46902_cov_295.0882	NA,d__Bacteria;p__Pseudomonadota;c__Gammaproteobacteria;o__Pseudomonadales;f__Moraxellaceae;g__Moraxella_A,temperate
T2107172002:k141_1058199_length_11236_cov_195.0000	Viruses;Duplodnaviria;Heunggongvirae;Uroviricota;Caudoviricetes;;,NA,virulent
T2107172002:k141_1528066_length_10186_cov_129.1614	Viruses;Duplodnaviria;Heunggongvirae;Uroviricota;Caudoviricetes;;,NA,virulent
1111525849475849:k141_268795_length_34538_cov_233.1496	Viruses;Duplodnaviria;Heunggongvirae;Uroviricota;Caudoviricetes;;,NA,temperate
1111525849475849:k141_251245_length_30436_cov_157.5647	Viruses;Duplodnaviria;Heunggongvirae;Uroviricota;Caudoviricetes;;,d__Bacteria;p__Actinomycetota;c__Actinomycetes;o__Mycobacteriales;f__Mycobacteriaceae;g__Corynebacterium,virulent
1111525849475849:k141_657097_length_22187_cov_81.1303	Viruses;Duplodnaviria;Heunggongvirae;Uroviricota;Caudoviricetes;;,d__Bacteria;p__Bacillota;c__Bacilli;o__Staphylococcales;f__Staphylococcaceae;g__Staphylococcus,temperate
1111525849475849:k141_1354507_length_15561_cov_55.1860	Viruses;Duplodnaviria;Heunggongvirae;Uroviricota;Caudoviricetes;;,d__Bacteria;p__Bacillota;c__Bacilli;o__Staphylococcales;f__Staphylococcaceae;g__Staphylococcus,temperate
1111525849666496:k141_225815_length_29648_cov_88.0000	Viruses;Duplodnaviria;Heunggongvirae;Uroviricota;Caudoviricetes;;,d__Bacteria;p__Actinomycetota;c__Actinomycetes;o__Propionibacteriales;f__Propionibacteriaceae;g__Cutibacterium,virulent
MET0310:k119_259630_length_60700_cov_84.0000	Viruses;Duplodnaviria;Heunggongvirae;Uroviricota;Caudoviricetes;;,NA,temperate
MET0310:k119_6742_length_24210_cov_168.0859	Viruses;Duplodnaviria;Heunggongvirae;Uroviricota;Caudoviricetes;;,d__Bacteria;p__Pseudomonadota;c__Gammaproteobacteria;o__Pseudomonadales;f__Moraxellaceae;g__Acinetobacter,temperate
MET0031:k119_10392_length_24827_cov_187.0000	Viruses;Duplodnaviria;Heunggongvirae;Uroviricota;Caudoviricetes;;,d__Bacteria;p__Actinomycetota;c__Actinomycetes;o__Propionibacteriales;f__Propionibacteriaceae;g__Cutibacterium,virulent
1111525849771679:k141_972146_length_18223_cov_210.0537	Viruses;Duplodnaviria;Heunggongvirae;Uroviricota;Caudoviricetes;;,d__Bacteria;p__Bacillota;c__Bacilli;o__Staphylococcales;f__Staphylococcaceae;g__Staphylococcus,temperate
MET0301:k119_532_length_21745_cov_78.9279	Viruses;Duplodnaviria;Heunggongvirae;Uroviricota;Caudoviricetes;;,d__Bacteria;p__Bacillota;c__Bacilli;o__Staphylococcales;f__Staphylococcaceae;g__Staphylococcus,temperate
T2109198987:k141_57688_length_25712_cov_184.9172	Viruses;Duplodnaviria;Heunggongvirae;Uroviricota;Caudoviricetes;;,d__Bacteria;p__Pseudomonadota;c__Gammaproteobacteria;o__Pseudomonadales;f__Moraxellaceae;g__Acinetobacter,virulent
T2109198987:k141_65738_length_12514_cov_100.0081	Viruses;Duplodnaviria;Heunggongvirae;Uroviricota;Caudoviricetes;;,d__Bacteria;p__Bacillota;c__Bacilli;o__Staphylococcales;f__Staphylococcaceae;g__Staphylococcus,temperate
T2109198888:k141_8222_length_25347_cov_183.0225	Viruses;Duplodnaviria;Heunggongvirae;Uroviricota;Caudoviricetes;;,d__Bacteria;p__Actinomycetota;c__Actinomycetes;o__Actinomycetales;f__Micrococcaceae;g__Rothia,temperate
T2109198969:k141_101608_length_28616_cov_132.4966	Viruses;Duplodnaviria;Heunggongvirae;Uroviricota;Caudoviricetes;;,d__Bacteria;p__Bacillota;c__Bacilli;o__Staphylococcales;f__Staphylococcaceae;g__Staphylococcus,temperate
T2109198969:k141_65543_length_27233_cov_146.0000	Viruses;Duplodnaviria;Heunggongvirae;Uroviricota;Caudoviricetes;;,d__Bacteria;p__Bacillota;c__Bacilli;o__Staphylococcales;f__Staphylococcaceae;g__Staphylococcus,temperate
T2109198969:k141_36480_length_27007_cov_97.6983	Viruses;Duplodnaviria;Heunggongvirae;Uroviricota;Caudoviricetes;;,d__Bacteria;p__Bacillota;c__Bacilli;o__Staphylococcales;f__Staphylococcaceae;g__Staphylococcus,temperate
T2109198969:k141_13529_length_26041_cov_199.9160	Viruses;Duplodnaviria;Heunggongvirae;Uroviricota;Caudoviricetes;;,d__Bacteria;p__Bacillota;c__Bacilli;o__Staphylococcales;f__Staphylococcaceae;g__Staphylococcus,temperate
MET0202:k119_2147_length_20611_cov_189.0542	Viruses;Duplodnaviria;Heunggongvirae;Uroviricota;Caudoviricetes;;,d__Bacteria;p__Actinomycetota;c__Actinomycetes;o__Propionibacteriales;f__Propionibacteriaceae;g__Cutibacterium,virulent
1111525849478864:k141_764585_length_34047_cov_96.3246	Viruses;Duplodnaviria;Heunggongvirae;Uroviricota;Caudoviricetes;;,d__Bacteria;p__Pseudomonadota;c__Gammaproteobacteria;o__Pseudomonadales;f__Moraxellaceae;g__Moraxella_A,temperate
T2107172017:k141_497555_length_33221_cov_706.9930	Viruses;Duplodnaviria;Heunggongvirae;Uroviricota;Caudoviricetes;;,d__Bacteria;p__Actinomycetota;c__Actinomycetes;o__Actinomycetales;f__Actinomycetaceae;g__Actinomyces,temperate
T2108174050:k141_283659_length_111982_cov_168.7341	Viruses;Duplodnaviria;Heunggongvirae;Uroviricota;Caudoviricetes;;Demerecviridae,NA,virulent
MET0181:k119_14229_length_13910_cov_1255.4048	Viruses;Duplodnaviria;Heunggongvirae;Uroviricota;Caudoviricetes;;,NA,virulent
MET1036:k141_81118_length_32423_cov_461.0000	Viruses;Duplodnaviria;Heunggongvirae;Uroviricota;Caudoviricetes;;,d__Bacteria;p__Bacillota;c__Bacilli;o__Staphylococcales;f__Staphylococcaceae;g__Staphylococcus,temperate
R_T2109198922:k119_13871_length_44901_cov_96.5341	Viruses;Duplodnaviria;Heunggongvirae;Uroviricota;Caudoviricetes;;,d__Bacteria;p__Bacillota;c__Bacilli;o__Staphylococcales;f__Staphylococcaceae;g__Staphylococcus,temperate
R_T2109198922:k119_13963_length_43758_cov_53.1364	Viruses;Duplodnaviria;Heunggongvirae;Uroviricota;Caudoviricetes;;,d__Bacteria;p__Bacillota;c__Bacilli;o__Staphylococcales;f__Staphylococcaceae;g__Staphylococcus,temperate
R_T2109198922:k119_5196_length_30022_cov_100.3043	Viruses;Duplodnaviria;Heunggongvirae;Uroviricota;Caudoviricetes;;,d__Bacteria;p__Bacillota;c__Bacilli;o__Staphylococcales;f__Staphylococcaceae;g__Staphylococcus,temperate
R_T2109198922:k119_11482_length_29973_cov_17.0000	Viruses;Duplodnaviria;Heunggongvirae;Uroviricota;Caudoviricetes;;,d__Bacteria;p__Actinomycetota;c__Actinomycetes;o__Propionibacteriales;f__Propionibacteriaceae;g__Cutibacterium,virulent
R_T2109198922:k119_11966_length_27457_cov_68.1718	Viruses;Duplodnaviria;Heunggongvirae;Uroviricota;Caudoviricetes;;,d__Bacteria;p__Bacillota;c__Bacilli;o__Staphylococcales;f__Staphylococcaceae;g__Staphylococcus,temperate
R_T2109198922:k119_13881_length_23513_cov_902.3788	Viruses;Duplodnaviria;Heunggongvirae;Uroviricota;Caudoviricetes;;,d__Bacteria;p__Pseudomonadota;c__Gammaproteobacteria;o__Pseudomonadales;f__Moraxellaceae;g__Acinetobacter,temperate
R_T2109198922:k119_12590_length_14828_cov_65.6761	Viruses;Duplodnaviria;Heunggongvirae;Uroviricota;Caudoviricetes;;,d__Bacteria;p__Bacillota;c__Bacilli;o__Staphylococcales;f__Staphylococcaceae;g__Staphylococcus,temperate
R_T2109198922:k119_5409_length_8674_cov_2454.4746	Viruses;Monodnaviria;Loebvirae;Hofneiviricota;Faserviricetes;Tubulavirales;Inoviridae,d__Bacteria;p__Pseudomonadota;c__Gammaproteobacteria;o__Pseudomonadales;f__Moraxellaceae;g__Acinetobacter,virulent
R_T2109198922:k119_1058_length_6489_cov_2264.7413	Viruses;Monodnaviria;Loebvirae;Hofneiviricota;Faserviricetes;Tubulavirales;Inoviridae,d__Bacteria;p__Pseudomonadota;c__Gammaproteobacteria;o__Pseudomonadales;f__Moraxellaceae;g__Acinetobacter,virulent
1111525849858985:k141_290003_length_29252_cov_74.0000	Viruses;Duplodnaviria;Heunggongvirae;Uroviricota;Caudoviricetes;;,d__Bacteria;p__Actinomycetota;c__Actinomycetes;o__Propionibacteriales;f__Propionibacteriaceae;g__Cutibacterium,virulent
T2108174140:k141_536440_length_49380_cov_642.9795	Viruses;Duplodnaviria;Heunggongvirae;Uroviricota;Caudoviricetes;;,NA,virulent
T2108174140:k141_291877_length_41206_cov_163.5783	Viruses;Duplodnaviria;Heunggongvirae;Uroviricota;Caudoviricetes;;,NA,virulent
T2108174140:k141_489714_length_38444_cov_142.6240	Viruses;Duplodnaviria;Heunggongvirae;Uroviricota;Caudoviricetes;;,NA,virulent
T2108174140:k141_453818_length_25689_cov_140.0000	Viruses;Duplodnaviria;Heunggongvirae;Uroviricota;Caudoviricetes;;,d__Bacteria;p__Bacillota;c__Bacilli;o__Lactobacillales;f__Streptococcaceae;g__Streptococcus,temperate
T2108174140:k141_76158_length_23924_cov_225.5726	Viruses;Duplodnaviria;Heunggongvirae;Uroviricota;Caudoviricetes;;,d__Bacteria;p__Bacillota;c__Bacilli;o__Staphylococcales;f__Staphylococcaceae;g__Staphylococcus,temperate
T2108174140:k141_619851_length_18532_cov_106.1462	Viruses;Duplodnaviria;Heunggongvirae;Uroviricota;Caudoviricetes;;,d__Bacteria;p__Actinomycetota;c__Actinomycetes;o__Actinomycetales;f__Actinomycetaceae;g__Actinomyces,virulent
T2108174140:k141_20406_length_17808_cov_145.1473	Viruses;Duplodnaviria;Heunggongvirae;Uroviricota;Caudoviricetes;;,d__Bacteria;p__Actinomycetota;c__Actinomycetes;o__Actinomycetales;f__Actinomycetaceae;g__Actinomyces,virulent
T2108174140:k141_639975_length_12733_cov_281.4365	Viruses;Duplodnaviria;Heunggongvirae;Uroviricota;Caudoviricetes;;,NA,virulent
MET0271:k119_2518_length_29148_cov_114.0000	Viruses;Duplodnaviria;Heunggongvirae;Uroviricota;Caudoviricetes;;,d__Bacteria;p__Actinomycetota;c__Actinomycetes;o__Propionibacteriales;f__Propionibacteriaceae;g__Cutibacterium,virulent
MET0235:k119_5438_length_31748_cov_475.0000	Viruses;Duplodnaviria;Heunggongvirae;Uroviricota;Caudoviricetes;;,d__Bacteria;p__Actinomycetota;c__Actinomycetes;o__Actinomycetales;f__Micrococcaceae;g__Rothia,virulent
T2108174104:k141_61010_length_20738_cov_612.9974	Viruses;Duplodnaviria;Heunggongvirae;Uroviricota;Caudoviricetes;;,d__Bacteria;p__Bacillota;c__Bacilli;o__Staphylococcales;f__Staphylococcaceae;g__Staphylococcus,temperate
T2108174104:k141_128651_length_15036_cov_243.4438	Viruses;Duplodnaviria;Heunggongvirae;Uroviricota;Caudoviricetes;;,d__Bacteria;p__Actinomycetota;c__Actinomycetes;o__Mycobacteriales;f__Mycobacteriaceae;g__Corynebacterium,virulent
T2108174104:k141_158492_length_12428_cov_2098.3498	Viruses;Duplodnaviria;Heunggongvirae;Uroviricota;Caudoviricetes;;,d__Bacteria;p__Bacillota;c__Bacilli;o__Staphylococcales;f__Staphylococcaceae;g__Staphylococcus,temperate
DP1807004422:k119_14699_length_23090_cov_2430.0000	Viruses;Duplodnaviria;Heunggongvirae;Uroviricota;Caudoviricetes;;,d__Bacteria;p__Pseudomonadota;c__Gammaproteobacteria;o__Pseudomonadales;f__Moraxellaceae;g__Moraxella_A,temperate
MET0055:k119_3762_length_69887_cov_240.9897	Viruses;Duplodnaviria;Heunggongvirae;Uroviricota;Caudoviricetes;;,d__Bacteria;p__Bacillota;c__Bacilli;o__Lactobacillales;f__Streptococcaceae;g__Streptococcus,temperate
T2108174005:k141_64942_length_36836_cov_60.3195	Viruses;Duplodnaviria;Heunggongvirae;Uroviricota;Caudoviricetes;;,NA,virulent
T2108174005:k141_89283_length_7327_cov_85.0000	Viruses;Monodnaviria;Loebvirae;Hofneiviricota;Faserviricetes;Tubulavirales;Inoviridae,d__Bacteria;p__Pseudomonadota;c__Gammaproteobacteria;o__Pseudomonadales;f__Moraxellaceae;g__Acinetobacter,temperate
MET0415:k119_70243_length_65974_cov_582.0000	Viruses;Duplodnaviria;Heunggongvirae;Uroviricota;Caudoviricetes;;,d__Bacteria;p__Pseudomonadota;c__Gammaproteobacteria;o__Pseudomonadales;f__Pseudomonadaceae;g__Pseudomonas,virulent
MET0415:k119_4428_length_32888_cov_675.2333	Viruses;Duplodnaviria;Heunggongvirae;Uroviricota;Caudoviricetes;;,NA,temperate
T2108174041:k141_1904016_length_47155_cov_87.9018	Viruses;Duplodnaviria;Heunggongvirae;Uroviricota;Caudoviricetes;;,d__Bacteria;p__Pseudomonadota;c__Gammaproteobacteria;o__Pseudomonadales;f__Moraxellaceae;g__Moraxella_A,temperate
T2108174041:k141_1162767_length_28951_cov_209.9311	Viruses;Duplodnaviria;Heunggongvirae;Uroviricota;Caudoviricetes;;,d__Bacteria;p__Pseudomonadota;c__Gammaproteobacteria;o__Pseudomonadales;f__Moraxellaceae;g__Moraxella_A,temperate
T2108174041:k141_2765740_length_17367_cov_134.2029	Viruses;Duplodnaviria;Heunggongvirae;Uroviricota;Caudoviricetes;;,d__Bacteria;p__Bacillota;c__Bacilli;o__Staphylococcales;f__Staphylococcaceae;g__Staphylococcus,temperate
T2108174041:k141_3972740_length_16890_cov_88.0000	Viruses;Duplodnaviria;Heunggongvirae;Uroviricota;Caudoviricetes;;,d__Bacteria;p__Actinomycetota;c__Actinomycetes;o__Actinomycetales;f__Actinomycetaceae;g__Actinomyces,virulent
T2108174041:k141_3951029_length_10385_cov_105.1390	Viruses;Duplodnaviria;Heunggongvirae;Uroviricota;Caudoviricetes;;,NA,virulent
T2108174122:k141_492319_length_52722_cov_61.0000	Viruses;Duplodnaviria;Heunggongvirae;Uroviricota;Caudoviricetes;;,NA,virulent
T2108174122:k141_1041879_length_42917_cov_109.0000	Viruses;Duplodnaviria;Heunggongvirae;Uroviricota;Caudoviricetes;;,d__Bacteria;p__Actinomycetota;c__Actinomycetes;o__Actinomycetales;f__Actinomycetaceae;g__Actinomyces,temperate
T2108174122:k141_228487_length_31236_cov_263.8076	Viruses;Duplodnaviria;Heunggongvirae;Uroviricota;Caudoviricetes;;,d__Bacteria;p__Actinomycetota;c__Actinomycetes;o__Actinomycetales;f__Actinomycetaceae;g__Pauljensenia,virulent
T2108174122:k141_139115_length_27067_cov_62.8953	Viruses;Duplodnaviria;Heunggongvirae;Uroviricota;Caudoviricetes;;Autographiviridae,NA,virulent
T2108174122:k141_870403_length_19303_cov_69.0000	Viruses;Duplodnaviria;Heunggongvirae;Uroviricota;Caudoviricetes;;,NA,virulent
T2108174122:k141_899538_length_15713_cov_44.6624	Viruses;Duplodnaviria;Heunggongvirae;Uroviricota;Caudoviricetes;;,d__Bacteria;p__Actinomycetota;c__Actinomycetes;o__Actinomycetales;f__Actinomycetaceae;g__Actinomyces,virulent
1111525849858958:k141_254714_length_20838_cov_102.0000	Viruses;Duplodnaviria;Heunggongvirae;Uroviricota;Caudoviricetes;;,d__Bacteria;p__Pseudomonadota;c__Gammaproteobacteria;o__Burkholderiales;f__Burkholderiaceae;g__Lautropia,temperate
T2107172008:k141_42441_length_29075_cov_221.0000	Viruses;Duplodnaviria;Heunggongvirae;Uroviricota;Caudoviricetes;;,d__Bacteria;p__Actinomycetota;c__Actinomycetes;o__Propionibacteriales;f__Propionibacteriaceae;g__Cutibacterium,virulent
T2107172008:k141_27564_length_23752_cov_151.9616	Viruses;Duplodnaviria;Heunggongvirae;Uroviricota;Caudoviricetes;;,d__Bacteria;p__Pseudomonadota;c__Gammaproteobacteria;o__Enterobacterales;f__Enterobacteriaceae;g__Pseudescherichia,temperate
T2109199085:k141_37179_length_52751_cov_230.0446	Viruses;Duplodnaviria;Heunggongvirae;Uroviricota;Caudoviricetes;;,d__Bacteria;p__Bacillota;c__Bacilli;o__Bacillales;f__Bacillaceae_G;g__Bacillus_A,temperate
T2109199085:k141_43306_length_40884_cov_546.1372	Viruses;Duplodnaviria;Heunggongvirae;Uroviricota;Caudoviricetes;;,d__Bacteria;p__Bacillota;c__Bacilli;o__Staphylococcales;f__Staphylococcaceae;g__Staphylococcus,temperate
T2109199085:k141_57164_length_36046_cov_52.7596	Viruses;Duplodnaviria;Heunggongvirae;Uroviricota;Caudoviricetes;;,d__Bacteria;p__Bacteroidota;c__Bacteroidia;o__Flavobacteriales;f__Weeksellaceae;g__Kaistella,temperate
T2109199085:k141_14829_length_24668_cov_38.0065	Viruses;Duplodnaviria;Heunggongvirae;Uroviricota;Caudoviricetes;;,d__Bacteria;p__Actinomycetota;c__Actinomycetes;o__Actinomycetales;f__Micrococcaceae;g__Rothia,temperate
T2108173886:k141_374744_length_67911_cov_400.0031	Viruses;Duplodnaviria;Heunggongvirae;Uroviricota;Caudoviricetes;;,NA,temperate
T2108173886:k141_720354_length_62743_cov_452.4101	Viruses;Duplodnaviria;Heunggongvirae;Uroviricota;Caudoviricetes;;,NA,virulent
T2108173886:k141_222563_length_55981_cov_370.2121	Viruses;Duplodnaviria;Heunggongvirae;Uroviricota;Caudoviricetes;;,d__Bacteria;p__Actinomycetota;c__Actinomycetes;o__Actinomycetales;f__Bifidobacteriaceae;g__Bifidobacterium,temperate
T2108173886:k141_734018_length_51167_cov_118.5403	Viruses;Duplodnaviria;Heunggongvirae;Uroviricota;Caudoviricetes;;,NA,temperate
T2108173886:k141_724952_length_41332_cov_318.7741	Viruses;Duplodnaviria;Heunggongvirae;Uroviricota;Caudoviricetes;;,d__Bacteria;p__Pseudomonadota;c__Gammaproteobacteria;o__Burkholderiales;f__Burkholderiaceae;g__Acidovorax,temperate
T2108173886:k141_57930_length_37163_cov_213.0000	Viruses;Duplodnaviria;Heunggongvirae;Uroviricota;Caudoviricetes;;,d__Bacteria;p__Pseudomonadota;c__Gammaproteobacteria;o__Burkholderiales;f__Burkholderiaceae;g__Ideonella,temperate
T2108173886:k141_1105515_length_35162_cov_452.4355	Viruses;Duplodnaviria;Heunggongvirae;Uroviricota;Caudoviricetes;;,d__Bacteria;p__Pseudomonadota;c__Gammaproteobacteria;o__Pseudomonadales;f__Moraxellaceae;g__Acinetobacter,temperate
T2108173886:k141_354705_length_35036_cov_99.0000	Viruses;Duplodnaviria;Heunggongvirae;Uroviricota;Caudoviricetes;;,NA,temperate
T2108173886:k141_27054_length_32900_cov_193.2458	Viruses;Duplodnaviria;Heunggongvirae;Uroviricota;Caudoviricetes;;,d__Bacteria;p__Pseudomonadota;c__Gammaproteobacteria;o__Pseudomonadales;f__Moraxellaceae;g__Moraxella_A,temperate
T2108173886:k141_912194_length_28176_cov_569.1326	Viruses;Duplodnaviria;Heunggongvirae;Uroviricota;Caudoviricetes;;,NA,temperate
T2108173886:k141_175529_length_27413_cov_230.0787	Viruses;Duplodnaviria;Heunggongvirae;Uroviricota;Caudoviricetes;;,d__Bacteria;p__Pseudomonadota;c__Gammaproteobacteria;o__Burkholderiales;f__Burkholderiaceae;g__Ottowia,temperate
T2108173886:k141_837508_length_26840_cov_114.4991	Viruses;Duplodnaviria;Heunggongvirae;Uroviricota;Caudoviricetes;;,d__Bacteria;p__Pseudomonadota;c__Gammaproteobacteria;o__Burkholderiales;f__Burkholderiaceae;g__Pelomonas,temperate
T2108173886:k141_344454_length_16332_cov_143.9558	Viruses;Duplodnaviria;Heunggongvirae;Uroviricota;Caudoviricetes;;,d__Bacteria;p__Bacillota;c__Bacilli;o__Staphylococcales;f__Staphylococcaceae;g__Staphylococcus,temperate
T2108173886:k141_363916_length_7276_cov_317.0000	Viruses;Monodnaviria;Loebvirae;Hofneiviricota;Faserviricetes;Tubulavirales;Inoviridae,d__Bacteria;p__Pseudomonadota;c__Gammaproteobacteria;o__Pseudomonadales;f__Moraxellaceae;g__Acinetobacter,temperate
T2108173967:k141_94000_length_43753_cov_160.7386	NA,d__Bacteria;p__Pseudomonadota;c__Alphaproteobacteria;o__Caulobacterales;f__Caulobacteraceae;g__Brevundimonas,temperate
T2108173967:k141_836728_length_33160_cov_133.2884	Viruses;Duplodnaviria;Heunggongvirae;Uroviricota;Caudoviricetes;;,d__Bacteria;p__Bacillota;c__Clostridia;o__Tissierellales;f__Peptoniphilaceae;g__Anaerococcus,temperate
T2108173967:k141_92927_length_29250_cov_182.4409	Viruses;Duplodnaviria;Heunggongvirae;Uroviricota;Caudoviricetes;;,d__Bacteria;p__Actinomycetota;c__Actinomycetes;o__Propionibacteriales;f__Propionibacteriaceae;g__Cutibacterium,virulent
T2108173967:k141_762731_length_26425_cov_71.7259	Viruses;Duplodnaviria;Heunggongvirae;Uroviricota;Caudoviricetes;;,NA,temperate
T2108173967:k141_795797_length_23883_cov_159.0000	Viruses;Duplodnaviria;Heunggongvirae;Uroviricota;Caudoviricetes;;,d__Bacteria;p__Bacillota;c__Clostridia;o__Tissierellales;f__Peptoniphilaceae;g__Anaerococcus,temperate
T2108173967:k141_847717_length_10836_cov_103.0000	Viruses;Duplodnaviria;Heunggongvirae;Uroviricota;Caudoviricetes;;,NA,virulent
T2109198914:k141_22364_length_8731_cov_10226.3995	Viruses;Duplodnaviria;Heunggongvirae;Uroviricota;Caudoviricetes;;,d__Bacteria;p__Pseudomonadota;c__Gammaproteobacteria;o__Enterobacterales;f__Enterobacteriaceae;g__Klebsiella,temperate
1111525849638712:k141_30067_length_18046_cov_44.0000	Viruses;Duplodnaviria;Heunggongvirae;Uroviricota;Caudoviricetes;;Rountreeviridae,d__Bacteria;p__Bacillota;c__Bacilli;o__Staphylococcales;f__Staphylococcaceae;g__Staphylococcus,virulent
T2109199049:k141_8619_length_28741_cov_323.2106	Viruses;Duplodnaviria;Heunggongvirae;Uroviricota;Caudoviricetes;;,d__Bacteria;p__Bacillota;c__Bacilli;o__Staphylococcales;f__Staphylococcaceae;g__Staphylococcus,temperate
T2109199049:k141_6745_length_18007_cov_337.9199	Viruses;Duplodnaviria;Heunggongvirae;Uroviricota;Caudoviricetes;;,d__Bacteria;p__Bacillota;c__Bacilli;o__Staphylococcales;f__Staphylococcaceae;g__Staphylococcus,temperate
T2109198932:k141_148076_length_26026_cov_119.0000	Viruses;Duplodnaviria;Heunggongvirae;Uroviricota;Caudoviricetes;;,d__Bacteria;p__Bacillota;c__Bacilli;o__Staphylococcales;f__Staphylococcaceae;g__Staphylococcus,temperate
1111525849737037:k141_246083_length_48571_cov_1178.0000	Viruses;Duplodnaviria;Heunggongvirae;Uroviricota;Caudoviricetes;;,d__Bacteria;p__Pseudomonadota;c__Gammaproteobacteria;o__Enterobacterales;f__Enterobacteriaceae;g__Escherichia,temperate
T2108173949:k141_114831_length_28573_cov_81.0925	Viruses;Duplodnaviria;Heunggongvirae;Uroviricota;Caudoviricetes;;,d__Bacteria;p__Bacillota;c__Bacilli;o__Staphylococcales;f__Staphylococcaceae;g__Staphylococcus,temperate
1111525849644733:k141_31598_length_35049_cov_162.0454	Viruses;Duplodnaviria;Heunggongvirae;Uroviricota;Caudoviricetes;;,d__Bacteria;p__Actinomycetota;c__Actinomycetes;o__Mycobacteriales;f__Mycobacteriaceae;g__Corynebacterium,temperate
1111525849644733:k141_68580_length_18215_cov_62.5069	Viruses;Duplodnaviria;Heunggongvirae;Uroviricota;Caudoviricetes;;,d__Bacteria;p__Actinomycetota;c__Actinomycetes;o__Mycobacteriales;f__Mycobacteriaceae;g__Corynebacterium,virulent
1111525849644733:k141_82403_length_16988_cov_259.5564	Viruses;Duplodnaviria;Heunggongvirae;Uroviricota;Caudoviricetes;;Rountreeviridae,d__Bacteria;p__Bacillota;c__Bacilli;o__Staphylococcales;f__Staphylococcaceae;g__Staphylococcus,virulent
1111525849644733:k141_9008_length_8589_cov_120.0000	Viruses;Duplodnaviria;Heunggongvirae;Uroviricota;Caudoviricetes;;,d__Bacteria;p__Bacillota;c__Bacilli;o__Staphylococcales;f__Staphylococcaceae;g__Staphylococcus,temperate
T2109199067:k141_144258_length_14639_cov_527.9683	Viruses;Duplodnaviria;Heunggongvirae;Uroviricota;Caudoviricetes;;,d__Bacteria;p__Bacillota;c__Bacilli;o__Staphylococcales;f__Staphylococcaceae;g__Staphylococcus,temperate
T2108173976:k141_8561_length_37159_cov_95.3987	Viruses;Duplodnaviria;Heunggongvirae;Uroviricota;Caudoviricetes;;,d__Bacteria;p__Bacillota;c__Bacilli;o__Staphylococcales;f__Staphylococcaceae;g__Staphylococcus,temperate
T2109198923:k141_46576_length_41958_cov_277.9762	Viruses;Duplodnaviria;Heunggongvirae;Uroviricota;Caudoviricetes;;,d__Bacteria;p__Bacillota;c__Bacilli;o__Staphylococcales;f__Staphylococcaceae;g__Staphylococcus,temperate
T2109198923:k141_58692_length_37189_cov_146.8621	Viruses;Duplodnaviria;Heunggongvirae;Uroviricota;Caudoviricetes;;,d__Bacteria;p__Pseudomonadota;c__Gammaproteobacteria;o__Xanthomonadales;f__Xanthomonadaceae;g__Stenotrophomonas,virulent
1111525849475830:k141_1720558_length_67458_cov_45.5609	Viruses;Duplodnaviria;Heunggongvirae;Uroviricota;Caudoviricetes;;,NA,virulent
T2107171979:k141_113301_length_35825_cov_94.7260	Viruses;Duplodnaviria;Heunggongvirae;Uroviricota;Caudoviricetes;;,NA,temperate
T2109199058:k141_57401_length_28099_cov_311.2860	Viruses;Duplodnaviria;Heunggongvirae;Uroviricota;Caudoviricetes;;,d__Bacteria;p__Bacillota;c__Bacilli;o__Staphylococcales;f__Staphylococcaceae;g__Staphylococcus,temperate
T2109199058:k141_25557_length_9413_cov_221.0170	Viruses;Duplodnaviria;Heunggongvirae;Uroviricota;Caudoviricetes;;,d__Bacteria;p__Bacillota;c__Bacilli;o__Staphylococcales;f__Staphylococcaceae;g__Staphylococcus,temperate
T2109199193:k141_4547_length_39856_cov_9632.5493	Viruses;Duplodnaviria;Heunggongvirae;Uroviricota;Caudoviricetes;;,d__Bacteria;p__Bacillota;c__Bacilli;o__Staphylococcales;f__Staphylococcaceae;g__Staphylococcus,temperate
T2109199193:k141_25310_length_31467_cov_167.3600	Viruses;Duplodnaviria;Heunggongvirae;Uroviricota;Caudoviricetes;;,d__Bacteria;p__Bacillota;c__Bacilli;o__Staphylococcales;f__Staphylococcaceae;g__Staphylococcus,temperate
T2109199193:k141_94912_length_26442_cov_415.7749	Viruses;Duplodnaviria;Heunggongvirae;Uroviricota;Caudoviricetes;;,d__Bacteria;p__Bacillota;c__Bacilli;o__Staphylococcales;f__Staphylococcaceae;g__Staphylococcus,temperate
T2109199193:k141_10257_length_17588_cov_657.0000	Viruses;Duplodnaviria;Heunggongvirae;Uroviricota;Caudoviricetes;;Rountreeviridae,d__Bacteria;p__Bacillota;c__Bacilli;o__Staphylococcales;f__Staphylococcaceae;g__Staphylococcus,virulent
T2109199193:k141_66375_length_10101_cov_891.7591	Viruses;Duplodnaviria;Heunggongvirae;Uroviricota;Caudoviricetes;;,d__Bacteria;p__Bacillota;c__Bacilli;o__Staphylococcales;f__Staphylococcaceae;g__Staphylococcus,temperate
T2108173994:k141_1396717_length_29581_cov_116.9803	Viruses;Duplodnaviria;Heunggongvirae;Uroviricota;Caudoviricetes;;,d__Bacteria;p__Actinomycetota;c__Actinomycetes;o__Propionibacteriales;f__Propionibacteriaceae;g__Cutibacterium,virulent
1111525849861219:k141_614868_length_45756_cov_34.0007	Viruses;Duplodnaviria;Heunggongvirae;Uroviricota;Caudoviricetes;;,d__Bacteria;p__Bacillota;c__Bacilli;o__Staphylococcales;f__Staphylococcaceae;g__Staphylococcus,temperate
1111525849760419:k141_62940_length_28297_cov_112.8568	Viruses;Duplodnaviria;Heunggongvirae;Uroviricota;Caudoviricetes;;,d__Bacteria;p__Actinomycetota;c__Actinomycetes;o__Propionibacteriales;f__Propionibacteriaceae;g__Cutibacterium,temperate
1111525849760419:k141_130069_length_18167_cov_60.0000	Viruses;Duplodnaviria;Heunggongvirae;Uroviricota;Caudoviricetes;;Rountreeviridae,d__Bacteria;p__Bacillota;c__Bacilli;o__Staphylococcales;f__Staphylococcaceae;g__Staphylococcus,virulent
T2108173958:k141_841764_length_202286_cov_107.0031	Viruses;Duplodnaviria;Heunggongvirae;Uroviricota;Caudoviricetes;;Herelleviridae,d__Bacteria;p__Actinomycetota;c__Actinomycetes;o__Mycobacteriales;f__Mycobacteriaceae;g__Corynebacterium,temperate
T2108173958:k141_627887_length_178369_cov_169.3681	Viruses;Duplodnaviria;Heunggongvirae;Uroviricota;Caudoviricetes;;,NA,virulent
T2108173958:k141_7763_length_78702_cov_150.3396	Viruses;Duplodnaviria;Heunggongvirae;Uroviricota;Caudoviricetes;;,d__Bacteria;p__Actinomycetota;c__Actinomycetes;o__Mycobacteriales;f__Mycobacteriaceae;g__Corynebacterium,virulent
T2108173958:k141_1532161_length_53427_cov_124.1189	Viruses;Duplodnaviria;Heunggongvirae;Uroviricota;Caudoviricetes;;,d__Bacteria;p__Bacillota;c__Bacilli;o__Staphylococcales;f__Staphylococcaceae;g__Staphylococcus,temperate
T2108173958:k141_1329368_length_51891_cov_239.0000	Viruses;Duplodnaviria;Heunggongvirae;Uroviricota;Caudoviricetes;;,d__Bacteria;p__Actinomycetota;c__Actinomycetes;o__Mycobacteriales;f__Mycobacteriaceae;g__Corynebacterium,temperate
T2108173958:k141_644865_length_41904_cov_127.7780	Viruses;Duplodnaviria;Heunggongvirae;Uroviricota;Caudoviricetes;;,d__Bacteria;p__Actinomycetota;c__Actinomycetes;o__Mycobacteriales;f__Mycobacteriaceae;g__Corynebacterium,virulent
T2108173958:k141_695790_length_40774_cov_75.6419	Viruses;Duplodnaviria;Heunggongvirae;Uroviricota;Caudoviricetes;;,d__Bacteria;p__Pseudomonadota;c__Gammaproteobacteria;o__Pseudomonadales;f__Pseudomonadaceae;g__Pseudomonas_E,virulent
T2108173958:k141_87321_length_39173_cov_121.6807	Viruses;Duplodnaviria;Heunggongvirae;Uroviricota;Caudoviricetes;;,d__Bacteria;p__Actinomycetota;c__Actinomycetes;o__Mycobacteriales;f__Mycobacteriaceae;g__Corynebacterium,temperate
T2108173958:k141_250860_length_39055_cov_75.0459	Viruses;Duplodnaviria;Heunggongvirae;Uroviricota;Caudoviricetes;;,NA,virulent
T2108173958:k141_165382_length_35539_cov_221.9323	Viruses;Duplodnaviria;Heunggongvirae;Uroviricota;Caudoviricetes;;,d__Bacteria;p__Actinomycetota;c__Actinomycetes;o__Mycobacteriales;f__Mycobacteriaceae;g__Corynebacterium,temperate
T2108173958:k141_898704_length_25306_cov_182.0941	Viruses;Duplodnaviria;Heunggongvirae;Uroviricota;Caudoviricetes;;,d__Bacteria;p__Actinomycetota;c__Actinomycetes;o__Mycobacteriales;f__Mycobacteriaceae;g__Corynebacterium,temperate
T2108173958:k141_123677_length_24376_cov_130.5668	Viruses;Duplodnaviria;Heunggongvirae;Uroviricota;Caudoviricetes;;,d__Bacteria;p__Bacillota;c__Clostridia;o__Tissierellales;f__Peptoniphilaceae;g__Anaerococcus,temperate
T2108173958:k141_572607_length_23425_cov_132.2526	Viruses;Duplodnaviria;Heunggongvirae;Uroviricota;Caudoviricetes;;,d__Bacteria;p__Actinomycetota;c__Actinomycetes;o__Mycobacteriales;f__Mycobacteriaceae;g__Corynebacterium,temperate
T2108173958:k141_399746_length_22745_cov_185.1115	Viruses;Duplodnaviria;Heunggongvirae;Uroviricota;Caudoviricetes;;,d__Bacteria;p__Actinomycetota;c__Actinomycetes;o__Mycobacteriales;f__Mycobacteriaceae;g__Corynebacterium,virulent
T2108173958:k141_365761_length_21088_cov_373.0000	Viruses;Duplodnaviria;Heunggongvirae;Uroviricota;Caudoviricetes;;,NA,temperate
T2108173958:k141_1395112_length_15023_cov_109.8389	Viruses;Duplodnaviria;Heunggongvirae;Uroviricota;Caudoviricetes;;,d__Bacteria;p__Actinomycetota;c__Actinomycetes;o__Mycobacteriales;f__Mycobacteriaceae;g__Corynebacterium,virulent
T2108173958:k141_200873_length_11327_cov_104.0000	Viruses;Duplodnaviria;Heunggongvirae;Uroviricota;Caudoviricetes;;,NA,virulent
T2108173958:k141_957466_length_9796_cov_121.0000	Viruses;Duplodnaviria;Heunggongvirae;Uroviricota;Caudoviricetes;;,NA,virulent
T2108173958:k141_809656_length_8027_cov_162.3235	Viruses;Duplodnaviria;Heunggongvirae;Uroviricota;Caudoviricetes;;,d__Bacteria;p__Bacteroidota;c__Bacteroidia;o__Bacteroidales;f__Barnesiellaceae;g__Barnesiella,virulent
T2108173877:k141_170697_length_150549_cov_120.6364	Viruses;Duplodnaviria;Heunggongvirae;Uroviricota;Caudoviricetes;;,NA,virulent
T2108173877:k141_105706_length_144395_cov_95.6369	Viruses;Duplodnaviria;Heunggongvirae;Uroviricota;Caudoviricetes;;,NA,virulent
T2108173877:k141_267165_length_140396_cov_90.1552	NA,d__Bacteria;p__Bacillota;c__Bacilli;o__Lactobacillales;f__Streptococcaceae;g__Streptococcus,virulent
T2108173877:k141_149627_length_113121_cov_141.6412	Viruses;Duplodnaviria;Heunggongvirae;Uroviricota;Caudoviricetes;;,NA,virulent
T2108173877:k141_278302_length_44306_cov_78.0000	Viruses;Duplodnaviria;Heunggongvirae;Uroviricota;Caudoviricetes;;,d__Bacteria;p__Actinomycetota;c__Actinomycetes;o__Mycobacteriales;f__Mycobacteriaceae;g__Corynebacterium,virulent
T2108173877:k141_32095_length_43879_cov_192.7798	Viruses;Duplodnaviria;Heunggongvirae;Uroviricota;Caudoviricetes;;,d__Bacteria;p__Actinomycetota;c__Actinomycetes;o__Mycobacteriales;f__Mycobacteriaceae;g__Corynebacterium,virulent
T2108173877:k141_84195_length_40283_cov_107.7631	Viruses;Duplodnaviria;Heunggongvirae;Uroviricota;Caudoviricetes;;,d__Bacteria;p__Bacillota;c__Clostridia;o__Tissierellales;f__Peptoniphilaceae;g__Finegoldia,temperate
T2108173877:k141_86991_length_39620_cov_175.0000	Viruses;Duplodnaviria;Heunggongvirae;Uroviricota;Caudoviricetes;;,d__Bacteria;p__Actinomycetota;c__Actinomycetes;o__Mycobacteriales;f__Mycobacteriaceae;g__Corynebacterium,virulent
T2108173877:k141_579898_length_36108_cov_108.1009	Viruses;Duplodnaviria;Heunggongvirae;Uroviricota;Caudoviricetes;;,d__Bacteria;p__Bacillota;c__Bacilli;o__Staphylococcales;f__Staphylococcaceae;g__Staphylococcus,temperate
T2108173877:k141_14647_length_29366_cov_2543.0000	Viruses;Duplodnaviria;Heunggongvirae;Uroviricota;Caudoviricetes;;,d__Bacteria;p__Actinomycetota;c__Actinomycetes;o__Propionibacteriales;f__Propionibacteriaceae;g__Cutibacterium,virulent
T2108173877:k141_470170_length_28664_cov_84.7755	Viruses;Duplodnaviria;Heunggongvirae;Uroviricota;Caudoviricetes;;,NA,temperate
T2108173877:k141_182054_length_28577_cov_142.9707	Viruses;Duplodnaviria;Heunggongvirae;Uroviricota;Caudoviricetes;;,d__Bacteria;p__Pseudomonadota;c__Gammaproteobacteria;o__Pseudomonadales;f__Moraxellaceae;g__Moraxella_A,virulent
T2108173877:k141_448755_length_26199_cov_121.5403	Viruses;Duplodnaviria;Heunggongvirae;Uroviricota;Caudoviricetes;;,d__Bacteria;p__Bacillota;c__Clostridia;o__Tissierellales;f__Peptoniphilaceae;g__Anaerococcus,temperate
T2108173877:k141_1025772_length_23387_cov_152.4260	Viruses;Duplodnaviria;Heunggongvirae;Uroviricota;Caudoviricetes;;,d__Bacteria;p__Actinomycetota;c__Actinomycetes;o__Mycobacteriales;f__Mycobacteriaceae;g__Corynebacterium,temperate
T2108173877:k141_199360_length_7316_cov_144.0000	Viruses;Duplodnaviria;Heunggongvirae;Uroviricota;Caudoviricetes;;,d__Bacteria;p__Bacillota;c__Bacilli;o__Staphylococcales;f__Staphylococcaceae;g__Staphylococcus,virulent
1111525849478044:k141_841228_length_40357_cov_82.0000	Viruses;Duplodnaviria;Heunggongvirae;Uroviricota;Caudoviricetes;;Autographiviridae,NA,virulent
T2109199076:k141_75249_length_23184_cov_155.0000	Viruses;Duplodnaviria;Heunggongvirae;Uroviricota;Caudoviricetes;;,d__Bacteria;p__Bacillota;c__Bacilli;o__Staphylococcales;f__Staphylococcaceae;g__Staphylococcus,temperate
T2109199157:k141_4431_length_42222_cov_72.9778	Viruses;Duplodnaviria;Heunggongvirae;Uroviricota;Caudoviricetes;;,d__Bacteria;p__Bacillota;c__Bacilli;o__Staphylococcales;f__Staphylococcaceae;g__Staphylococcus,temperate
T2109199005:k141_5323_length_34866_cov_42723.6407	Viruses;Duplodnaviria;Heunggongvirae;Uroviricota;Caudoviricetes;;,d__Bacteria;p__Bacillota;c__Bacilli;o__Staphylococcales;f__Staphylococcaceae;g__Staphylococcus,temperate
T2108174139:k141_729952_length_33458_cov_67.9536	Viruses;Duplodnaviria;Heunggongvirae;Uroviricota;Caudoviricetes;;,d__Bacteria;p__Bacillota;c__Bacilli;o__Staphylococcales;f__Staphylococcaceae;g__Staphylococcus,temperate
T2108174058:k141_606132_length_20838_cov_140.7116	Viruses;Duplodnaviria;Heunggongvirae;Uroviricota;Caudoviricetes;;,d__Bacteria;p__Bacillota;c__Bacilli;o__Staphylococcales;f__Staphylococcaceae;g__Staphylococcus,temperate
T2108174058:k141_827892_length_19672_cov_122.8856	Viruses;Duplodnaviria;Heunggongvirae;Uroviricota;Caudoviricetes;;,d__Bacteria;p__Bacillota;c__Bacilli;o__Staphylococcales;f__Staphylococcaceae;g__Staphylococcus,temperate
T2109199041:k141_25738_length_27495_cov_12328.4478	Viruses;Duplodnaviria;Heunggongvirae;Uroviricota;Caudoviricetes;;,d__Bacteria;p__Bacillota;c__Bacilli;o__Staphylococcales;f__Staphylococcaceae;g__Staphylococcus,temperate
T2109199041:k141_8430_length_17608_cov_13697.1730	Viruses;Duplodnaviria;Heunggongvirae;Uroviricota;Caudoviricetes;;,d__Bacteria;p__Bacillota;c__Bacilli;o__Staphylococcales;f__Staphylococcaceae;g__Staphylococcus,temperate
T2108173923:k141_130268_length_29319_cov_4191.0296	Viruses;Duplodnaviria;Heunggongvirae;Uroviricota;Caudoviricetes;;,d__Bacteria;p__Actinomycetota;c__Actinomycetes;o__Propionibacteriales;f__Propionibacteriaceae;g__Cutibacterium,virulent
T2108174094:k141_1562820_length_364756_cov_69.2674	Viruses;Duplodnaviria;Heunggongvirae;Uroviricota;Caudoviricetes;;,NA,virulent
T2109199023:k141_11280_length_14586_cov_7844.1139	Viruses;Duplodnaviria;Heunggongvirae;Uroviricota;Caudoviricetes;;,d__Bacteria;p__Bacillota;c__Bacilli;o__Staphylococcales;f__Staphylococcaceae;g__Staphylococcus,temperate
1111525849481321:k141_91819_length_5032_cov_174.9601	Viruses;Monodnaviria;Loebvirae;Hofneiviricota;Faserviricetes;Tubulavirales;Inoviridae,d__Bacteria;p__Pseudomonadota;c__Gammaproteobacteria;o__Xanthomonadales;f__Xanthomonadaceae;g__Stenotrophomonas,temperate
T2108173941:k141_273529_length_10854_cov_162.9849	Viruses;Duplodnaviria;Heunggongvirae;Uroviricota;Caudoviricetes;;,d__Bacteria;p__Bacillota;c__Bacilli;o__Lactobacillales;f__Streptococcaceae;g__Streptococcus,temperate
T2107171980:k141_13542_length_41534_cov_6420.2841	Viruses;Duplodnaviria;Heunggongvirae;Uroviricota;Caudoviricetes;;,d__Bacteria;p__Bacillota;c__Bacilli;o__Staphylococcales;f__Staphylococcaceae;g__Staphylococcus,temperate
T2107171980:k141_157126_length_27446_cov_85.3299	Viruses;Duplodnaviria;Heunggongvirae;Uroviricota;Caudoviricetes;;,d__Bacteria;p__Actinomycetota;c__Actinomycetes;o__Propionibacteriales;f__Propionibacteriaceae;g__Cutibacterium,virulent
T2107171980:k141_308469_length_17218_cov_82.0000	Viruses;Duplodnaviria;Heunggongvirae;Uroviricota;Caudoviricetes;;Rountreeviridae,d__Bacteria;p__Bacillota;c__Bacilli;o__Staphylococcales;f__Staphylococcaceae;g__Staphylococcus,virulent
T2107171980:k141_30982_length_10923_cov_294.5620	Viruses;Duplodnaviria;Heunggongvirae;Uroviricota;Caudoviricetes;;,d__Bacteria;p__Bacillota;c__Bacilli;o__Staphylococcales;f__Staphylococcaceae;g__Staphylococcus,temperate
T2109199014:k141_51235_length_34249_cov_157.6007	Viruses;Duplodnaviria;Heunggongvirae;Uroviricota;Caudoviricetes;;,d__Bacteria;p__Bacillota;c__Bacilli;o__Staphylococcales;f__Staphylococcaceae;g__Staphylococcus,temperate
MET0675:k119_5768_length_30175_cov_230.0000	Viruses;Duplodnaviria;Heunggongvirae;Uroviricota;Caudoviricetes;;,d__Bacteria;p__Actinomycetota;c__Actinomycetes;o__Propionibacteriales;f__Propionibacteriaceae;g__Cutibacterium,virulent
MET0396:k119_35480_length_32079_cov_708.5569	Viruses;Duplodnaviria;Heunggongvirae;Uroviricota;Caudoviricetes;;Casjensviridae,NA,virulent
T2109199113:k141_1262_length_30535_cov_2422.3222	Viruses;Duplodnaviria;Heunggongvirae;Uroviricota;Caudoviricetes;;,d__Bacteria;p__Bacillota;c__Bacilli;o__Staphylococcales;f__Staphylococcaceae;g__Staphylococcus,temperate
T2109199032:k141_20322_length_31162_cov_2389.1059	Viruses;Duplodnaviria;Heunggongvirae;Uroviricota;Caudoviricetes;;,d__Bacteria;p__Bacillota;c__Bacilli;o__Lactobacillales;f__Enterococcaceae;g__Enterococcus_B,temperate
T2108173914:k141_34994_length_92624_cov_113.9450	Viruses;Duplodnaviria;Heunggongvirae;Uroviricota;Caudoviricetes;;,d__Bacteria;p__Pseudomonadota;c__Gammaproteobacteria;o__Pseudomonadales;f__Pseudomonadaceae;g__Pseudomonas_E,virulent
T2108173914:k141_162179_length_62472_cov_128.2120	Viruses;Duplodnaviria;Heunggongvirae;Uroviricota;Caudoviricetes;;,d__Bacteria;p__Bacteroidota;c__Bacteroidia;o__Bacteroidales;f__Bacteroidaceae;g__Prevotella,virulent
T2108173914:k141_923588_length_51439_cov_83.5626	Viruses;Duplodnaviria;Heunggongvirae;Uroviricota;Caudoviricetes;;,d__Bacteria;p__Actinomycetota;c__Actinomycetes;o__Mycobacteriales;f__Mycobacteriaceae;g__Corynebacterium,temperate
T2108173914:k141_258870_length_49824_cov_235.5303	Viruses;Duplodnaviria;Heunggongvirae;Uroviricota;Caudoviricetes;;,d__Bacteria;p__Pseudomonadota;c__Gammaproteobacteria;o__Pseudomonadales;f__Moraxellaceae;g__Acinetobacter,temperate
T2108173914:k141_289409_length_45730_cov_100.9725	Viruses;Duplodnaviria;Heunggongvirae;Uroviricota;Caudoviricetes;;,d__Bacteria;p__Actinomycetota;c__Actinomycetes;o__Mycobacteriales;f__Mycobacteriaceae;g__Corynebacterium,temperate
T2108173914:k141_514547_length_37316_cov_194.7985	Viruses;Duplodnaviria;Heunggongvirae;Uroviricota;Caudoviricetes;;,d__Bacteria;p__Actinomycetota;c__Actinomycetes;o__Mycobacteriales;f__Mycobacteriaceae;g__Corynebacterium,temperate
T2108173914:k141_369384_length_35435_cov_166.7946	Viruses;Duplodnaviria;Heunggongvirae;Uroviricota;Caudoviricetes;;,d__Bacteria;p__Pseudomonadota;c__Gammaproteobacteria;o__Pseudomonadales;f__Moraxellaceae;g__Psychrobacter,temperate
T2108173914:k141_858414_length_31331_cov_81.0000	Viruses;Duplodnaviria;Heunggongvirae;Uroviricota;Caudoviricetes;;,d__Bacteria;p__Actinomycetota;c__Actinomycetes;o__Mycobacteriales;f__Mycobacteriaceae;g__Corynebacterium,virulent
T2108173914:k141_304136_length_28803_cov_154.4064	Viruses;Duplodnaviria;Heunggongvirae;Uroviricota;Caudoviricetes;;,d__Bacteria;p__Actinomycetota;c__Actinomycetes;o__Mycobacteriales;f__Mycobacteriaceae;g__Corynebacterium,virulent
T2108173914:k141_36653_length_28449_cov_378.0912	Viruses;Duplodnaviria;Heunggongvirae;Uroviricota;Caudoviricetes;;,d__Bacteria;p__Pseudomonadota;c__Gammaproteobacteria;o__Pseudomonadales;f__Moraxellaceae;g__Acinetobacter,temperate
T2108173914:k141_132870_length_27944_cov_172.8713	Viruses;Duplodnaviria;Heunggongvirae;Uroviricota;Caudoviricetes;;,d__Bacteria;p__Bacillota;c__Bacilli;o__Lactobacillales;f__Aerococcaceae;g__Aerococcus,temperate
T2108173914:k141_325788_length_24333_cov_232.6708	Viruses;Duplodnaviria;Heunggongvirae;Uroviricota;Caudoviricetes;;,d__Bacteria;p__Pseudomonadota;c__Gammaproteobacteria;o__Pseudomonadales;f__Moraxellaceae;g__Acinetobacter,temperate
T2108173914:k141_197080_length_15143_cov_222.8787	Viruses;Duplodnaviria;Heunggongvirae;Uroviricota;Caudoviricetes;;,d__Bacteria;p__Actinomycetota;c__Actinomycetes;o__Propionibacteriales;f__Propionibacteriaceae;g__Cutibacterium,virulent
T2108174085:k141_2045178_length_30963_cov_158.0000	Viruses;Duplodnaviria;Heunggongvirae;Uroviricota;Caudoviricetes;;,d__Bacteria;p__Bacillota;c__Bacilli;o__Lactobacillales;f__Streptococcaceae;g__Streptococcus,temperate
T2108174085:k141_924549_length_28160_cov_66.4227	Viruses;Duplodnaviria;Heunggongvirae;Uroviricota;Caudoviricetes;;Autographiviridae,d__Bacteria;p__Bacillota;c__Negativicutes;o__Veillonellales;f__Veillonellaceae;g__Veillonella,virulent
T2108174085:k141_616276_length_20240_cov_119.2092	Viruses;Duplodnaviria;Heunggongvirae;Uroviricota;Caudoviricetes;;,NA,virulent
T2108174085:k141_674229_length_17334_cov_202.9729	Viruses;Duplodnaviria;Heunggongvirae;Uroviricota;Caudoviricetes;;,d__Bacteria;p__Bacillota;c__Bacilli;o__Lactobacillales;f__Streptococcaceae;g__Streptococcus,temperate
T2108174085:k141_474676_length_6258_cov_244.5159	Viruses;Duplodnaviria;Heunggongvirae;Uroviricota;Caudoviricetes;;,d__Bacteria;p__Bacillota;c__Bacilli;o__Lactobacillales;f__Streptococcaceae;g__Streptococcus,temperate
T2107171953:k141_1533687_length_365670_cov_56.5701	Viruses;Duplodnaviria;Heunggongvirae;Uroviricota;Caudoviricetes;;,NA,virulent
T2107171953:k141_579249_length_34686_cov_81.1776	Viruses;Duplodnaviria;Heunggongvirae;Uroviricota;Caudoviricetes;;,d__Bacteria;p__Pseudomonadota;c__Gammaproteobacteria;o__Pseudomonadales;f__Moraxellaceae;g__Moraxella_A,virulent
T2107171953:k141_1104436_length_31273_cov_53.0000	Viruses;Duplodnaviria;Heunggongvirae;Uroviricota;Caudoviricetes;;,NA,temperate
T2107171953:k141_979052_length_25095_cov_104.0744	Viruses;Duplodnaviria;Heunggongvirae;Uroviricota;Caudoviricetes;;,d__Bacteria;p__Pseudomonadota;c__Gammaproteobacteria;o__Pseudomonadales;f__Moraxellaceae;g__Moraxella_A,temperate
MET1467:k141_1367_length_24937_cov_68.0000	Viruses;Duplodnaviria;Heunggongvirae;Uroviricota;Caudoviricetes;;,d__Bacteria;p__Bacillota;c__Bacilli;o__Staphylococcales;f__Staphylococcaceae;g__Staphylococcus,temperate
T2109198994:k141_39081_length_330528_cov_44.5264	Viruses;Duplodnaviria;Heunggongvirae;Uroviricota;Caudoviricetes;;,NA,virulent
MET0110:k119_2679_length_43777_cov_144.0033	Viruses;Duplodnaviria;Heunggongvirae;Uroviricota;Caudoviricetes;;,d__Bacteria;p__Bacillota;c__Bacilli;o__Staphylococcales;f__Staphylococcaceae;g__Staphylococcus,temperate
T2109198958:k141_9446_length_46244_cov_1917.6980	Viruses;Duplodnaviria;Heunggongvirae;Uroviricota;Caudoviricetes;;,d__Bacteria;p__Bacillota;c__Bacilli;o__Bacillales;f__Bacillaceae_G;g__Bacillus_A,temperate
T2109198958:k141_1248_length_43300_cov_4904.6921	Viruses;Duplodnaviria;Heunggongvirae;Uroviricota;Caudoviricetes;;,d__Bacteria;p__Bacillota;c__Bacilli;o__Bacillales;f__Bacillaceae_G;g__Bacillus_A,virulent
T2109198877:k141_10066_length_8683_cov_1046.4357	Viruses;Duplodnaviria;Heunggongvirae;Uroviricota;Caudoviricetes;;,d__Bacteria;p__Bacillota;c__Bacilli;o__Staphylococcales;f__Staphylococcaceae;g__Staphylococcus,temperate
T2109198877:k141_31693_length_8108_cov_758.5719	Viruses;Duplodnaviria;Heunggongvirae;Uroviricota;Caudoviricetes;;,d__Bacteria;p__Bacillota;c__Bacilli;o__Staphylococcales;f__Staphylococcaceae;g__Staphylococcus,temperate
DS1912041100-1:k141_147095_length_32902_cov_125.0000	Viruses;Duplodnaviria;Heunggongvirae;Uroviricota;Caudoviricetes;;,d__Bacteria;p__Pseudomonadota;c__Gammaproteobacteria;o__Burkholderiales;f__Burkholderiaceae;g__Comamonas,temperate
DS1912041100-1:k141_12248_length_30673_cov_221.4809	Viruses;Duplodnaviria;Heunggongvirae;Uroviricota;Caudoviricetes;;,d__Bacteria;p__Pseudomonadota;c__Gammaproteobacteria;o__Burkholderiales;f__Burkholderiaceae;g__Comamonas,virulent
T2109198976:k141_70271_length_273137_cov_27311.3092	Viruses;Duplodnaviria;Heunggongvirae;Uroviricota;Caudoviricetes;;,NA,virulent
R_T2109199202:k119_10753_length_43662_cov_2183.9969	Viruses;Duplodnaviria;Heunggongvirae;Uroviricota;Caudoviricetes;;,d__Bacteria;p__Bacillota;c__Bacilli;o__Staphylococcales;f__Staphylococcaceae;g__Staphylococcus,temperate
R_T2109199202:k119_14307_length_30357_cov_63.2458	Viruses;Duplodnaviria;Heunggongvirae;Uroviricota;Caudoviricetes;;,d__Bacteria;p__Bacillota;c__Bacilli;o__Staphylococcales;f__Staphylococcaceae;g__Staphylococcus,temperate
T2107172000:k141_924569_length_34194_cov_71.0000	Viruses;Duplodnaviria;Heunggongvirae;Uroviricota;Caudoviricetes;;,d__Bacteria;p__Bacillota;c__Bacilli;o__Lactobacillales;f__Streptococcaceae;g__Streptococcus,temperate
T2107172000:k141_470948_length_16876_cov_155.0000	Viruses;Duplodnaviria;Heunggongvirae;Uroviricota;Caudoviricetes;;Rountreeviridae,NA,virulent
T2109198967:k141_18249_length_8767_cov_191.2680	Viruses;Duplodnaviria;Heunggongvirae;Uroviricota;Caudoviricetes;;,d__Bacteria;p__Bacillota;c__Bacilli;o__Staphylococcales;f__Staphylococcaceae;g__Staphylococcus,temperate
T2109198868:k141_28108_length_31345_cov_377.1153	Viruses;Duplodnaviria;Heunggongvirae;Uroviricota;Caudoviricetes;;,d__Bacteria;p__Bacillota;c__Bacilli;o__Staphylococcales;f__Staphylococcaceae;g__Staphylococcus,temperate
T2109198868:k141_9703_length_22020_cov_282.2228	Viruses;Duplodnaviria;Heunggongvirae;Uroviricota;Caudoviricetes;;,d__Bacteria;p__Bacillota;c__Bacilli;o__Staphylococcales;f__Staphylococcaceae;g__Staphylococcus,temperate
T2109198868:k141_4066_length_8855_cov_1639.7853	Viruses;Duplodnaviria;Heunggongvirae;Uroviricota;Caudoviricetes;;,d__Bacteria;p__Bacillota;c__Bacilli;o__Staphylococcales;f__Staphylococcaceae;g__Staphylococcus,temperate
T2109198868:k141_36713_length_7187_cov_57.0000	Viruses;Monodnaviria;Loebvirae;Hofneiviricota;Faserviricetes;Tubulavirales;Inoviridae,d__Bacteria;p__Pseudomonadota;c__Gammaproteobacteria;o__Pseudomonadales;f__Pseudomonadaceae;g__Pseudomonas_E,virulent
T2109198949:k141_33055_length_13822_cov_1511.9155	Viruses;Duplodnaviria;Heunggongvirae;Uroviricota;Caudoviricetes;;,d__Bacteria;p__Bacillota;c__Bacilli;o__Staphylococcales;f__Staphylococcaceae;g__Staphylococcus,temperate
T2109198985:k141_19573_length_44530_cov_403.1632	Viruses;Duplodnaviria;Heunggongvirae;Uroviricota;Caudoviricetes;;,d__Bacteria;p__Bacillota;c__Bacilli;o__Staphylococcales;f__Staphylococcaceae;g__Staphylococcus,temperate
T2109198985:k141_31134_length_43903_cov_1594.1523	Viruses;Duplodnaviria;Heunggongvirae;Uroviricota;Caudoviricetes;;,d__Bacteria;p__Bacillota;c__Bacilli;o__Staphylococcales;f__Staphylococcaceae;g__Staphylococcus,temperate
T2109198985:k141_10140_length_41076_cov_4749.6955	Viruses;Duplodnaviria;Heunggongvirae;Uroviricota;Caudoviricetes;;,d__Bacteria;p__Pseudomonadota;c__Gammaproteobacteria;o__Pseudomonadales;f__Moraxellaceae;g__Acinetobacter,temperate
T2109198985:k141_2522_length_37748_cov_6133.6918	Viruses;Duplodnaviria;Heunggongvirae;Uroviricota;Caudoviricetes;;,d__Bacteria;p__Pseudomonadota;c__Gammaproteobacteria;o__Pseudomonadales;f__Moraxellaceae;g__Acinetobacter,temperate
T2109198985:k141_20800_length_34998_cov_6163.0673	Viruses;Duplodnaviria;Heunggongvirae;Uroviricota;Caudoviricetes;;,d__Bacteria;p__Bacillota;c__Bacilli;o__Staphylococcales;f__Staphylococcaceae;g__Staphylococcus,temperate
T2109198985:k141_26096_length_29354_cov_7081.1419	Viruses;Duplodnaviria;Heunggongvirae;Uroviricota;Caudoviricetes;;,d__Bacteria;p__Bacillota;c__Bacilli;o__Staphylococcales;f__Staphylococcaceae;g__Staphylococcus,temperate
T2109198985:k141_31204_length_23179_cov_112.8890	Viruses;Duplodnaviria;Heunggongvirae;Uroviricota;Caudoviricetes;;,d__Bacteria;p__Bacillota;c__Bacilli;o__Staphylococcales;f__Staphylococcaceae;g__Staphylococcus,temperate
T2109198985:k141_21859_length_15892_cov_2435.6345	Viruses;Duplodnaviria;Heunggongvirae;Uroviricota;Caudoviricetes;;,d__Bacteria;p__Bacillota;c__Bacilli;o__Staphylococcales;f__Staphylococcaceae;g__Staphylococcus,temperate
R_T2109198926:k119_6081_length_41022_cov_420.2608	Viruses;Duplodnaviria;Heunggongvirae;Uroviricota;Caudoviricetes;;,d__Bacteria;p__Bacillota;c__Bacilli;o__Staphylococcales;f__Staphylococcaceae;g__Staphylococcus,temperate
R_T2109198926:k119_23482_length_37971_cov_4618.2228	Viruses;Duplodnaviria;Heunggongvirae;Uroviricota;Caudoviricetes;;,d__Bacteria;p__Bacillota;c__Bacilli;o__Staphylococcales;f__Staphylococcaceae;g__Staphylococcus,temperate
R_T2109198926:k119_4239_length_31354_cov_5544.6648	Viruses;Duplodnaviria;Heunggongvirae;Uroviricota;Caudoviricetes;;,d__Bacteria;p__Pseudomonadota;c__Gammaproteobacteria;o__Pseudomonadales;f__Moraxellaceae;g__Acinetobacter,temperate
R_T2109198926:k119_2009_length_28016_cov_7120.4973	Viruses;Duplodnaviria;Heunggongvirae;Uroviricota;Caudoviricetes;;,d__Bacteria;p__Pseudomonadota;c__Gammaproteobacteria;o__Pseudomonadales;f__Moraxellaceae;g__Acinetobacter,virulent
R_T2109198926:k119_20329_length_27953_cov_99.4327	Viruses;Duplodnaviria;Heunggongvirae;Uroviricota;Caudoviricetes;;,d__Bacteria;p__Bacillota;c__Bacilli;o__Staphylococcales;f__Staphylococcaceae;g__Staphylococcus,temperate
R_T2109198926:k119_2998_length_25744_cov_5741.2211	Viruses;Duplodnaviria;Heunggongvirae;Uroviricota;Caudoviricetes;;,d__Bacteria;p__Pseudomonadota;c__Gammaproteobacteria;o__Pseudomonadales;f__Moraxellaceae;g__Acinetobacter,temperate
R_T2109198926:k119_20444_length_6151_cov_23738.5385	Viruses;Monodnaviria;Loebvirae;Hofneiviricota;Faserviricetes;Tubulavirales;Inoviridae,d__Bacteria;p__Pseudomonadota;c__Gammaproteobacteria;o__Pseudomonadales;f__Moraxellaceae;g__Acinetobacter,temperate
DP1807004471:k119_20814_length_29413_cov_438.7412	Viruses;Duplodnaviria;Heunggongvirae;Uroviricota;Caudoviricetes;;,d__Bacteria;p__Actinomycetota;c__Actinomycetes;o__Propionibacteriales;f__Propionibacteriaceae;g__Cutibacterium,virulent
DP1807004390:k119_16712_length_29835_cov_659.8938	Viruses;Duplodnaviria;Heunggongvirae;Uroviricota;Caudoviricetes;;,d__Bacteria;p__Actinomycetota;c__Actinomycetes;o__Propionibacteriales;f__Propionibacteriaceae;g__Cutibacterium,virulent
T2108174036:k141_245756_length_21730_cov_125.0000	Viruses;Duplodnaviria;Heunggongvirae;Uroviricota;Caudoviricetes;;,d__Bacteria;p__Actinomycetota;c__Actinomycetes;o__Propionibacteriales;f__Propionibacteriaceae;g__Cutibacterium,temperate
T2108174036:k141_1735658_length_21009_cov_117.0000	Viruses;Duplodnaviria;Heunggongvirae;Uroviricota;Caudoviricetes;;,NA,temperate
T2109199100:k141_23398_length_32378_cov_110.0000	Viruses;Duplodnaviria;Heunggongvirae;Uroviricota;Caudoviricetes;;,d__Bacteria;p__Pseudomonadota;c__Gammaproteobacteria;o__Enterobacterales;f__Enterobacteriaceae;g__Pantoea,temperate
T2108174072:k141_173846_length_61420_cov_140.0000	Viruses;Duplodnaviria;Heunggongvirae;Uroviricota;Caudoviricetes;;,NA,virulent
T2108174072:k141_67926_length_60384_cov_67.4466	Viruses;Duplodnaviria;Heunggongvirae;Uroviricota;Caudoviricetes;;,d__Bacteria;p__Actinomycetota;c__Actinomycetes;o__Actinomycetales;f__Actinomycetaceae;g__Actinomyces,virulent
T2108174072:k141_353487_length_57007_cov_53.7474	Viruses;Duplodnaviria;Heunggongvirae;Uroviricota;Caudoviricetes;;,d__Bacteria;p__Pseudomonadota;c__Gammaproteobacteria;o__Pseudomonadales;f__Moraxellaceae;g__Moraxella_A,temperate
T2108174072:k141_397174_length_47320_cov_78.3627	Viruses;Duplodnaviria;Heunggongvirae;Uroviricota;Caudoviricetes;;,d__Bacteria;p__Actinomycetota;c__Actinomycetes;o__Mycobacteriales;f__Mycobacteriaceae;g__Corynebacterium,virulent
T2108174072:k141_356466_length_44229_cov_140.1799	Viruses;Duplodnaviria;Heunggongvirae;Uroviricota;Caudoviricetes;;,d__Bacteria;p__Actinomycetota;c__Actinomycetes;o__Mycobacteriales;f__Mycobacteriaceae;g__Corynebacterium,temperate
T2108174072:k141_757810_length_30807_cov_55.9999	Viruses;Duplodnaviria;Heunggongvirae;Uroviricota;Caudoviricetes;;,d__Bacteria;p__Bacillota;c__Bacilli;o__Staphylococcales;f__Staphylococcaceae;g__Staphylococcus,temperate
T2108174072:k141_134270_length_29517_cov_121.3260	Viruses;Duplodnaviria;Heunggongvirae;Uroviricota;Caudoviricetes;;,d__Bacteria;p__Actinomycetota;c__Actinomycetes;o__Propionibacteriales;f__Propionibacteriaceae;g__Cutibacterium,virulent
T2108174072:k141_62153_length_28358_cov_107.9749	Viruses;Duplodnaviria;Heunggongvirae;Uroviricota;Caudoviricetes;;,d__Bacteria;p__Pseudomonadota;c__Gammaproteobacteria;o__Pseudomonadales;f__Moraxellaceae;g__Moraxella_A,temperate
T2108174072:k141_316591_length_26697_cov_68.9651	Viruses;Duplodnaviria;Heunggongvirae;Uroviricota;Caudoviricetes;;,d__Bacteria;p__Bacillota;c__Bacilli;o__Staphylococcales;f__Staphylococcaceae;g__Staphylococcus,temperate
T2108174072:k141_726650_length_21404_cov_69.4256	Viruses;Duplodnaviria;Heunggongvirae;Uroviricota;Caudoviricetes;;,d__Bacteria;p__Pseudomonadota;c__Gammaproteobacteria;o__Burkholderiales;f__Neisseriaceae;g__Neisseria,virulent
T2108174072:k141_46650_length_19135_cov_57.2290	Viruses;Duplodnaviria;Heunggongvirae;Uroviricota;Caudoviricetes;;,d__Bacteria;p__Pseudomonadota;c__Gammaproteobacteria;o__Pseudomonadales;f__Moraxellaceae;g__Moraxella_A,virulent
T2108174072:k141_707247_length_18706_cov_72.9591	Viruses;Duplodnaviria;Heunggongvirae;Uroviricota;Caudoviricetes;;,d__Bacteria;p__Actinomycetota;c__Actinomycetes;o__Actinomycetales;f__Actinomycetaceae;g__Peptidiphaga,virulent
T2108174072:k141_555254_length_18098_cov_429.0850	Viruses;Duplodnaviria;Heunggongvirae;Uroviricota;Caudoviricetes;;Rountreeviridae,d__Bacteria;p__Bacillota;c__Bacilli;o__Staphylococcales;f__Staphylococcaceae;g__Staphylococcus,virulent
T2108174072:k141_248540_length_16885_cov_55.0000	Viruses;Duplodnaviria;Heunggongvirae;Uroviricota;Caudoviricetes;;Rountreeviridae,d__Bacteria;p__Bacillota;c__Bacilli;o__Staphylococcales;f__Staphylococcaceae;g__Staphylococcus,virulent
T2108174072:k141_521158_length_10168_cov_46.5229	Viruses;Duplodnaviria;Heunggongvirae;Uroviricota;Caudoviricetes;;,NA,temperate
MET0680:k119_6217_length_14220_cov_1301.0000	Viruses;Duplodnaviria;Heunggongvirae;Uroviricota;Caudoviricetes;;,d__Bacteria;p__Bacillota;c__Bacilli;o__Staphylococcales;f__Staphylococcaceae;g__Staphylococcus,virulent
DP1807004336:k119_32158_length_27988_cov_216.0000	Viruses;Duplodnaviria;Heunggongvirae;Uroviricota;Caudoviricetes;;,d__Bacteria;p__Actinomycetota;c__Actinomycetes;o__Propionibacteriales;f__Propionibacteriaceae;g__Cutibacterium,virulent
DP1807004336:k119_12912_length_17660_cov_486.0000	Viruses;Duplodnaviria;Heunggongvirae;Uroviricota;Caudoviricetes;;,NA,temperate
R_T2109199187:k119_8241_length_53168_cov_8083.7177	Viruses;Duplodnaviria;Heunggongvirae;Uroviricota;Caudoviricetes;;,d__Bacteria;p__Bacillota;c__Bacilli;o__Bacillales;f__Bacillaceae_G;g__Bacillus_A,temperate
R_T2109199187:k119_11787_length_48696_cov_79.9585	Viruses;Duplodnaviria;Heunggongvirae;Uroviricota;Caudoviricetes;;,d__Bacteria;p__Bacillota;c__Bacilli;o__Staphylococcales;f__Staphylococcaceae;g__Staphylococcus,temperate
R_T2109199187:k119_5276_length_45969_cov_19.5057	Viruses;Duplodnaviria;Heunggongvirae;Uroviricota;Caudoviricetes;;,d__Bacteria;p__Bacillota;c__Bacilli;o__Staphylococcales;f__Staphylococcaceae;g__Staphylococcus,temperate
R_T2109199187:k119_13305_length_43170_cov_12.9967	Viruses;Duplodnaviria;Heunggongvirae;Uroviricota;Caudoviricetes;;,d__Bacteria;p__Bacillota;c__Bacilli;o__Staphylococcales;f__Staphylococcaceae;g__Staphylococcus,temperate
R_T2109199187:k119_2510_length_38091_cov_124.8628	Viruses;Duplodnaviria;Heunggongvirae;Uroviricota;Caudoviricetes;;,d__Bacteria;p__Bacillota;c__Bacilli;o__Staphylococcales;f__Staphylococcaceae;g__Staphylococcus,temperate
R_T2109199187:k119_4394_length_28048_cov_43.2008	Viruses;Duplodnaviria;Heunggongvirae;Uroviricota;Caudoviricetes;;,d__Bacteria;p__Bacillota;c__Bacilli;o__Staphylococcales;f__Staphylococcaceae;g__Staphylococcus,temperate
R_T2109199187:k119_4951_length_25843_cov_114.9073	Viruses;Duplodnaviria;Heunggongvirae;Uroviricota;Caudoviricetes;;,d__Bacteria;p__Bacillota;c__Bacilli;o__Staphylococcales;f__Staphylococcaceae;g__Staphylococcus,temperate
R_T2109199187:k119_14002_length_22257_cov_7.0000	Viruses;Duplodnaviria;Heunggongvirae;Uroviricota;Caudoviricetes;;,d__Bacteria;p__Bacillota;c__Bacilli;o__Staphylococcales;f__Staphylococcaceae;g__Staphylococcus,temperate
R_T2109199187:k119_18466_length_19292_cov_2042.1989	Viruses;Duplodnaviria;Heunggongvirae;Uroviricota;Caudoviricetes;;,d__Bacteria;p__Bacillota;c__Bacilli;o__Bacillales;f__Bacillaceae_G;g__Bacillus_A,temperate
R_T2109199187:k119_1100_length_17108_cov_114.8591	Viruses;Duplodnaviria;Heunggongvirae;Uroviricota;Caudoviricetes;;,d__Bacteria;p__Bacillota;c__Bacilli;o__Staphylococcales;f__Staphylococcaceae;g__Staphylococcus,temperate
R_T2109199187:k119_12819_length_7961_cov_622.4111	Viruses;Duplodnaviria;Heunggongvirae;Uroviricota;Caudoviricetes;;,d__Bacteria;p__Bacillota;c__Bacilli;o__Staphylococcales;f__Staphylococcaceae;g__Staphylococcus,temperate
DP1806001277:k119_95939_length_28083_cov_348.0000	Viruses;Duplodnaviria;Heunggongvirae;Uroviricota;Caudoviricetes;;,d__Bacteria;p__Actinomycetota;c__Actinomycetes;o__Propionibacteriales;f__Propionibacteriaceae;g__Cutibacterium,virulent
T2108174108:k141_30099_length_32211_cov_198.9022	Viruses;Duplodnaviria;Heunggongvirae;Uroviricota;Caudoviricetes;;,NA,virulent
T2108174108:k141_79543_length_25971_cov_1681.0000	Viruses;Duplodnaviria;Heunggongvirae;Uroviricota;Caudoviricetes;;,NA,virulent
T2108174108:k141_666012_length_20840_cov_150.1147	NA,d__Bacteria;p__Actinomycetota;c__Actinomycetes;o__Actinomycetales;f__Micrococcaceae;g__Micrococcus,temperate
R_T2109198935:k119_8395_length_49352_cov_3220.9190	Viruses;Duplodnaviria;Heunggongvirae;Uroviricota;Caudoviricetes;;,d__Bacteria;p__Pseudomonadota;c__Gammaproteobacteria;o__Enterobacterales;f__Enterobacteriaceae;g__Enterobacter,temperate
R_T2109198935:k119_21250_length_36685_cov_193.8892	Viruses;Duplodnaviria;Heunggongvirae;Uroviricota;Caudoviricetes;;,d__Bacteria;p__Pseudomonadota;c__Gammaproteobacteria;o__Enterobacterales;f__Enterobacteriaceae;g__Enterobacter,temperate
R_T2109198935:k119_13299_length_34313_cov_212.7396	Viruses;Duplodnaviria;Heunggongvirae;Uroviricota;Caudoviricetes;;,d__Bacteria;p__Pseudomonadota;c__Gammaproteobacteria;o__Enterobacterales;f__Enterobacteriaceae;g__Enterobacter,temperate
R_T2109198935:k119_24836_length_8163_cov_5.9975	Viruses;Duplodnaviria;Heunggongvirae;Uroviricota;Caudoviricetes;;,d__Bacteria;p__Bacillota;c__Bacilli;o__Staphylococcales;f__Staphylococcaceae;g__Staphylococcus,temperate
R_T2109198935:k119_15965_length_5597_cov_292.8532	Viruses;Monodnaviria;Loebvirae;Hofneiviricota;Faserviricetes;Tubulavirales;Inoviridae,d__Bacteria;p__Pseudomonadota;c__Gammaproteobacteria;o__Pseudomonadales;f__Moraxellaceae;g__Acinetobacter,virulent
DP1806001394:k119_27286_length_29786_cov_615.0000	Viruses;Duplodnaviria;Heunggongvirae;Uroviricota;Caudoviricetes;;,d__Bacteria;p__Actinomycetota;c__Actinomycetes;o__Propionibacteriales;f__Propionibacteriaceae;g__Cutibacterium,virulent
T2108174144:k141_274241_length_67291_cov_78.0000	Viruses;Duplodnaviria;Heunggongvirae;Uroviricota;Caudoviricetes;;,NA,virulent
T2108174144:k141_342854_length_62352_cov_823.5823	Viruses;Duplodnaviria;Heunggongvirae;Uroviricota;Caudoviricetes;;,d__Bacteria;p__Actinomycetota;c__Actinomycetes;o__Mycobacteriales;f__Mycobacteriaceae;g__Corynebacterium,virulent
T2108174144:k141_227301_length_45644_cov_66.0000	Viruses;Duplodnaviria;Heunggongvirae;Uroviricota;Caudoviricetes;;,NA,temperate
T2108174144:k141_41234_length_32198_cov_108.5072	Viruses;Duplodnaviria;Heunggongvirae;Uroviricota;Caudoviricetes;;,NA,temperate
T2108174144:k141_148333_length_29324_cov_76.0000	Viruses;Duplodnaviria;Heunggongvirae;Uroviricota;Caudoviricetes;;,NA,temperate
T2108174144:k141_115268_length_28210_cov_118.3059	Viruses;Duplodnaviria;Heunggongvirae;Uroviricota;Caudoviricetes;;,d__Bacteria;p__Actinomycetota;c__Actinomycetes;o__Mycobacteriales;f__Mycobacteriaceae;g__Corynebacterium,virulent
T2108174144:k141_108363_length_20618_cov_97.5486	Viruses;Duplodnaviria;Heunggongvirae;Uroviricota;Caudoviricetes;;,d__Bacteria;p__Pseudomonadota;c__Gammaproteobacteria;o__Pseudomonadales;f__Moraxellaceae;g__Acinetobacter,temperate
T2108174144:k141_573663_length_17808_cov_86.9292	Viruses;Duplodnaviria;Heunggongvirae;Uroviricota;Caudoviricetes;;,d__Bacteria;p__Actinomycetota;c__Actinomycetes;o__Actinomycetales;f__Actinomycetaceae;g__Actinomyces,virulent
T2108174144:k141_98084_length_16347_cov_277.0000	Viruses;Duplodnaviria;Heunggongvirae;Uroviricota;Caudoviricetes;;,NA,temperate
R_T2109198890:k119_6269_length_46375_cov_28.9758	Viruses;Duplodnaviria;Heunggongvirae;Uroviricota;Caudoviricetes;;,d__Bacteria;p__Bacillota;c__Bacilli;o__Staphylococcales;f__Staphylococcaceae;g__Staphylococcus,temperate
R_T2109198890:k119_12537_length_44705_cov_3565.9869	Viruses;Duplodnaviria;Heunggongvirae;Uroviricota;Caudoviricetes;;,d__Bacteria;p__Pseudomonadota;c__Gammaproteobacteria;o__Pseudomonadales;f__Moraxellaceae;g__Acinetobacter,temperate
R_T2109198890:k119_20605_length_42169_cov_734.3018	Viruses;Duplodnaviria;Heunggongvirae;Uroviricota;Caudoviricetes;;,d__Bacteria;p__Bacillota;c__Bacilli;o__Staphylococcales;f__Staphylococcaceae;g__Staphylococcus,temperate
R_T2109198890:k119_5189_length_33570_cov_23.9718	Viruses;Duplodnaviria;Heunggongvirae;Uroviricota;Caudoviricetes;;,d__Bacteria;p__Pseudomonadota;c__Gammaproteobacteria;o__Pseudomonadales;f__Moraxellaceae;g__Moraxella_A,temperate
R_T2109198890:k119_1972_length_24625_cov_23.0066	Viruses;Duplodnaviria;Heunggongvirae;Uroviricota;Caudoviricetes;;,d__Bacteria;p__Bacillota;c__Bacilli;o__Staphylococcales;f__Staphylococcaceae;g__Staphylococcus,temperate
R_T2109198890:k119_17636_length_10952_cov_35.8708	Viruses;Duplodnaviria;Heunggongvirae;Uroviricota;Caudoviricetes;;,d__Bacteria;p__Bacillota;c__Bacilli;o__Staphylococcales;f__Staphylococcaceae;g__Staphylococcus,virulent
MET0176:k119_11778_length_31220_cov_819.2862	Viruses;Duplodnaviria;Heunggongvirae;Uroviricota;Caudoviricetes;;,d__Bacteria;p__Pseudomonadota;c__Gammaproteobacteria;o__Pseudomonadales;f__Pseudomonadaceae;g__Pseudomonas_E,temperate
T2108174126:k141_73186_length_29203_cov_750.1506	Viruses;Duplodnaviria;Heunggongvirae;Uroviricota;Caudoviricetes;;,d__Bacteria;p__Actinomycetota;c__Actinomycetes;o__Mycobacteriales;f__Mycobacteriaceae;g__Corynebacterium,temperate
T2108174126:k141_720593_length_17259_cov_189.0000	Viruses;Duplodnaviria;Heunggongvirae;Uroviricota;Caudoviricetes;;Rountreeviridae,d__Bacteria;p__Bacillota;c__Bacilli;o__Staphylococcales;f__Staphylococcaceae;g__Staphylococcus,virulent
T2108174045:k141_95060_length_29419_cov_11640.0000	Viruses;Duplodnaviria;Heunggongvirae;Uroviricota;Caudoviricetes;;,d__Bacteria;p__Actinomycetota;c__Actinomycetes;o__Propionibacteriales;f__Propionibacteriaceae;g__Cutibacterium,virulent
T2108174045:k141_1073933_length_16985_cov_113.8582	Viruses;Duplodnaviria;Heunggongvirae;Uroviricota;Caudoviricetes;;Rountreeviridae,NA,virulent
R_T2109198917:k119_24489_length_46400_cov_14.0003	Viruses;Duplodnaviria;Heunggongvirae;Uroviricota;Caudoviricetes;;,d__Bacteria;p__Pseudomonadota;c__Gammaproteobacteria;o__Pseudomonadales;f__Pseudomonadaceae;g__Pseudomonas_E,temperate
R_T2109198917:k119_687_length_35731_cov_375.7423	Viruses;Duplodnaviria;Heunggongvirae;Uroviricota;Caudoviricetes;;,d__Bacteria;p__Pseudomonadota;c__Gammaproteobacteria;o__Pseudomonadales;f__Pseudomonadaceae;g__Pseudomonas_E,temperate
R_T2109198917:k119_6829_length_30615_cov_89.1854	Viruses;Duplodnaviria;Heunggongvirae;Uroviricota;Caudoviricetes;;,d__Bacteria;p__Pseudomonadota;c__Gammaproteobacteria;o__Pseudomonadales;f__Pseudomonadaceae;g__Pseudomonas,temperate
R_T2109198917:k119_9672_length_26915_cov_32.3886	Viruses;Duplodnaviria;Heunggongvirae;Uroviricota;Caudoviricetes;;,d__Bacteria;p__Bacillota;c__Bacilli;o__Staphylococcales;f__Staphylococcaceae;g__Staphylococcus,temperate
R_T2109198917:k119_23920_length_26317_cov_54.9134	Viruses;Duplodnaviria;Heunggongvirae;Uroviricota;Caudoviricetes;;,d__Bacteria;p__Pseudomonadota;c__Gammaproteobacteria;o__Pseudomonadales;f__Moraxellaceae;g__Acinetobacter,virulent
R_T2109198917:k119_11378_length_13718_cov_11.1069	Viruses;Duplodnaviria;Heunggongvirae;Uroviricota;Caudoviricetes;;,d__Bacteria;p__Bacillota;c__Bacilli;o__Staphylococcales;f__Staphylococcaceae;g__Staphylococcus,temperate
R_T2109198917:k119_4792_length_13154_cov_9.0000	Viruses;Duplodnaviria;Heunggongvirae;Uroviricota;Caudoviricetes;;,d__Bacteria;p__Bacillota;c__Bacilli;o__Staphylococcales;f__Staphylococcaceae;g__Staphylococcus,temperate
R_T2109198917:k119_4136_length_12838_cov_32.3212	Viruses;Duplodnaviria;Heunggongvirae;Uroviricota;Caudoviricetes;;,d__Bacteria;p__Bacillota;c__Bacilli;o__Staphylococcales;f__Staphylococcaceae;g__Staphylococcus,temperate
T2108173910:k141_272394_length_40876_cov_85.0740	Viruses;Duplodnaviria;Heunggongvirae;Uroviricota;Caudoviricetes;;,NA,temperate
T2108173910:k141_1573315_length_25598_cov_79.0000	Viruses;Duplodnaviria;Heunggongvirae;Uroviricota;Caudoviricetes;;,d__Bacteria;p__Pseudomonadota;c__Alphaproteobacteria;o__Rhodobacterales;f__Rhodobacteraceae;g__Falsirhodobacter,temperate
T2108173910:k141_15033_length_8118_cov_106.0000	Viruses;Duplodnaviria;Heunggongvirae;Uroviricota;Caudoviricetes;;,d__Bacteria;p__Bacillota;c__Bacilli;o__Staphylococcales;f__Staphylococcaceae;g__Staphylococcus,temperate
T2108173910:k141_522265_length_3757_cov_105.0000	Viruses;Riboviria;Pararnavirae;Artverviricota;Revtraviricetes;Ortervirales;Retroviridae,NA,virulent
MET0293:k119_43393_length_8329_cov_79.8076	Viruses;Monodnaviria;Loebvirae;Hofneiviricota;Faserviricetes;Tubulavirales;Inoviridae,d__Bacteria;p__Pseudomonadota;c__Gammaproteobacteria;o__Xanthomonadales;f__Xanthomonadaceae;g__Stenotrophomonas,temperate
T2108174081:k141_482438_length_29678_cov_222.9293	Viruses;Duplodnaviria;Heunggongvirae;Uroviricota;Caudoviricetes;;,d__Bacteria;p__Actinomycetota;c__Actinomycetes;o__Propionibacteriales;f__Propionibacteriaceae;g__Cutibacterium,virulent
R_T2109199169:k119_13775_length_64112_cov_3268.0677	NA,d__Bacteria;p__Pseudomonadota;c__Gammaproteobacteria;o__Pseudomonadales;f__Pseudomonadaceae;g__Pseudomonas_E,virulent
R_T2109199169:k119_20120_length_46754_cov_4119.7068	Viruses;Duplodnaviria;Heunggongvirae;Uroviricota;Caudoviricetes;;,d__Bacteria;p__Pseudomonadota;c__Gammaproteobacteria;o__Enterobacterales;f__Enterobacteriaceae;g__Enterobacter,temperate
R_T2109199169:k119_27482_length_41672_cov_4422.8785	Viruses;Duplodnaviria;Heunggongvirae;Uroviricota;Caudoviricetes;;,d__Bacteria;p__Pseudomonadota;c__Gammaproteobacteria;o__Enterobacterales;f__Enterobacteriaceae;g__Enterobacter,temperate
R_T2109199169:k119_4061_length_36303_cov_4984.4849	Viruses;Duplodnaviria;Heunggongvirae;Uroviricota;Caudoviricetes;;,d__Bacteria;p__Pseudomonadota;c__Gammaproteobacteria;o__Enterobacterales;f__Enterobacteriaceae;g__Citrobacter,temperate
R_T2109199169:k119_21316_length_36119_cov_724.7048	Viruses;Duplodnaviria;Heunggongvirae;Uroviricota;Caudoviricetes;;,d__Bacteria;p__Pseudomonadota;c__Gammaproteobacteria;o__Enterobacterales;f__Enterobacteriaceae;g__Klebsiella,temperate
R_T2109199169:k119_41172_length_30056_cov_505.2451	Viruses;Duplodnaviria;Heunggongvirae;Uroviricota;Caudoviricetes;;,d__Bacteria;p__Bacillota;c__Bacilli;o__Staphylococcales;f__Staphylococcaceae;g__Staphylococcus,temperate
R_T2109199169:k119_14917_length_29963_cov_17.9886	Viruses;Duplodnaviria;Heunggongvirae;Uroviricota;Caudoviricetes;;,d__Bacteria;p__Bacillota;c__Bacilli;o__Staphylococcales;f__Staphylococcaceae;g__Staphylococcus,temperate
R_T2109199169:k119_7941_length_29354_cov_4325.2911	Viruses;Duplodnaviria;Heunggongvirae;Uroviricota;Caudoviricetes;;,d__Bacteria;p__Pseudomonadota;c__Gammaproteobacteria;o__Enterobacterales;f__Enterobacteriaceae;g__Enterobacter,temperate
R_T2109199169:k119_2512_length_24904_cov_4517.6724	Viruses;Duplodnaviria;Heunggongvirae;Uroviricota;Caudoviricetes;;,d__Bacteria;p__Pseudomonadota;c__Gammaproteobacteria;o__Enterobacterales;f__Enterobacteriaceae;g__Enterobacter,temperate
R_T2109199169:k119_13369_length_24586_cov_745.7804	Viruses;Duplodnaviria;Heunggongvirae;Uroviricota;Caudoviricetes;;,d__Bacteria;p__Pseudomonadota;c__Gammaproteobacteria;o__Enterobacterales;f__Enterobacteriaceae;g__Enterobacter,temperate
1111525849852394:k141_365518_length_41842_cov_163.0000	Viruses;Duplodnaviria;Heunggongvirae;Uroviricota;Caudoviricetes;;,d__Bacteria;p__Bacillota;c__Bacilli;o__Staphylococcales;f__Staphylococcaceae;g__Staphylococcus,temperate
T2109198873:k141_40256_length_47162_cov_1059.6156	Viruses;Duplodnaviria;Heunggongvirae;Uroviricota;Caudoviricetes;;,d__Bacteria;p__Bacillota;c__Bacilli;o__Staphylococcales;f__Staphylococcaceae;g__Staphylococcus,virulent
T2109198873:k141_63249_length_39855_cov_34.0000	Viruses;Duplodnaviria;Heunggongvirae;Uroviricota;Caudoviricetes;;,d__Bacteria;p__Bacillota;c__Bacilli;o__Staphylococcales;f__Staphylococcaceae;g__Staphylococcus,temperate
T2109198873:k141_97617_length_37178_cov_3450.8435	Viruses;Duplodnaviria;Heunggongvirae;Uroviricota;Caudoviricetes;;,d__Bacteria;p__Bacillota;c__Bacilli;o__Staphylococcales;f__Staphylococcaceae;g__Staphylococcus,temperate
SRR1950725:k119_40056_length_22441_cov_33.0000	Viruses;Duplodnaviria;Heunggongvirae;Uroviricota;Caudoviricetes;;,NA,temperate
T2109198990:k141_5881_length_59955_cov_16465.8464	Viruses;Duplodnaviria;Heunggongvirae;Uroviricota;Caudoviricetes;;,d__Bacteria;p__Bacillota;c__Bacilli;o__Staphylococcales;f__Staphylococcaceae;g__Staphylococcus,temperate
T2109198990:k141_6620_length_26007_cov_24.0000	Viruses;Duplodnaviria;Heunggongvirae;Uroviricota;Caudoviricetes;;,d__Bacteria;p__Bacillota;c__Bacilli;o__Staphylococcales;f__Staphylococcaceae;g__Staphylococcus,temperate
T2109199089:k141_37721_length_16416_cov_661.4213	Viruses;Duplodnaviria;Heunggongvirae;Uroviricota;Caudoviricetes;;,d__Bacteria;p__Bacillota;c__Bacilli;o__Staphylococcales;f__Staphylococcaceae;g__Staphylococcus,temperate
1111525849861727:k141_156486_length_27570_cov_37.2143	Viruses;Duplodnaviria;Heunggongvirae;Uroviricota;Caudoviricetes;;,d__Bacteria;p__Bacteroidota;c__Bacteroidia;o__Bacteroidales;f__Bacteroidaceae;g__Prevotella,virulent
T2109198891:k141_32308_length_64130_cov_3611.0000	Viruses;Duplodnaviria;Heunggongvirae;Uroviricota;Caudoviricetes;;,d__Bacteria;p__Pseudomonadota;c__Gammaproteobacteria;o__Pseudomonadales;f__Pseudomonadaceae;g__Pseudomonas_B,temperate
T2109198891:k141_39037_length_37233_cov_35.3213	Viruses;Duplodnaviria;Heunggongvirae;Uroviricota;Caudoviricetes;;,d__Bacteria;p__Bacillota;c__Bacilli;o__Staphylococcales;f__Staphylococcaceae;g__Staphylococcus,temperate
1111525849768046:k141_382006_length_44861_cov_48.4040	Viruses;Duplodnaviria;Heunggongvirae;Uroviricota;Caudoviricetes;;,d__Bacteria;p__Bacillota;c__Bacilli;o__Staphylococcales;f__Staphylococcaceae;g__Staphylococcus,temperate
T2109198936:k141_13007_length_32693_cov_57.4381	Viruses;Duplodnaviria;Heunggongvirae;Uroviricota;Caudoviricetes;;,d__Bacteria;p__Bacillota;c__Bacilli;o__Staphylococcales;f__Staphylococcaceae;g__Staphylococcus,temperate
T2108173989:k141_52156_length_80239_cov_40.9961	Viruses;Duplodnaviria;Heunggongvirae;Uroviricota;Caudoviricetes;;,d__Bacteria;p__Bacillota;c__Bacilli;o__Staphylococcales;f__Staphylococcaceae;g__Staphylococcus,virulent
T2108173989:k141_89943_length_27328_cov_634.9688	Viruses;Duplodnaviria;Heunggongvirae;Uroviricota;Caudoviricetes;;,NA,virulent
T2108173989:k141_72370_length_15827_cov_716.0000	Viruses;Duplodnaviria;Heunggongvirae;Uroviricota;Caudoviricetes;;,NA,virulent
T2108173989:k141_189355_length_5962_cov_22.0101	Viruses;Monodnaviria;Loebvirae;Hofneiviricota;Faserviricetes;Tubulavirales;Inoviridae,d__Bacteria;p__Pseudomonadota;c__Gammaproteobacteria;o__Pseudomonadales;f__Moraxellaceae;g__Acinetobacter,virulent
1111525849737518:k141_203560_length_5692_cov_80.7966	Viruses;Monodnaviria;Loebvirae;Hofneiviricota;Faserviricetes;Tubulavirales;Inoviridae,NA,temperate
T2109198963:k141_39654_length_25001_cov_201.4459	Viruses;Duplodnaviria;Heunggongvirae;Uroviricota;Caudoviricetes;;,d__Bacteria;p__Bacillota;c__Bacilli;o__Staphylococcales;f__Staphylococcaceae;g__Staphylococcus,temperate
1111525849755644:k141_369263_length_23567_cov_308.0519	Viruses;Duplodnaviria;Heunggongvirae;Uroviricota;Caudoviricetes;;,d__Bacteria;p__Pseudomonadota;c__Gammaproteobacteria;o__Burkholderiales;f__Neisseriaceae;g__Neisseria,virulent
1111525849755644:k141_803930_length_8320_cov_151.9935	Viruses;Monodnaviria;Loebvirae;Hofneiviricota;Faserviricetes;Tubulavirales;Inoviridae,d__Bacteria;p__Pseudomonadota;c__Gammaproteobacteria;o__Burkholderiales;f__Neisseriaceae;g__Neisseria,temperate
1111525849755644:k141_232803_length_7914_cov_565.9204	Viruses;Monodnaviria;Loebvirae;Hofneiviricota;Faserviricetes;Tubulavirales;Inoviridae,d__Bacteria;p__Pseudomonadota;c__Gammaproteobacteria;o__Burkholderiales;f__Neisseriaceae;g__Neisseria,virulent
1111525849759280:k141_261648_length_105521_cov_62.6831	Viruses;Duplodnaviria;Heunggongvirae;Uroviricota;Caudoviricetes;;,d__Bacteria;p__Bacillota;c__Bacilli;o__Staphylococcales;f__Staphylococcaceae;g__Macrococcoides,virulent
1111525849759280:k141_53217_length_38068_cov_49.6178	Viruses;Duplodnaviria;Heunggongvirae;Uroviricota;Caudoviricetes;;,NA,virulent
1111525849861439:k141_2162023_length_4252_cov_67.0000	Viruses;Monodnaviria;Loebvirae;Hofneiviricota;Faserviricetes;Tubulavirales;Inoviridae,d__Bacteria;p__Pseudomonadota;c__Gammaproteobacteria;o__Xanthomonadales;f__Xanthomonadaceae;g__Xanthomonas,temperate
T2109199179:k141_42719_length_49119_cov_2002.0409	Viruses;Duplodnaviria;Heunggongvirae;Uroviricota;Caudoviricetes;;,d__Bacteria;p__Bacillota;c__Bacilli;o__Bacillales;f__Bacillaceae_G;g__Bacillus_A,temperate
T2109199179:k141_7505_length_8662_cov_575.2285	Viruses;Duplodnaviria;Heunggongvirae;Uroviricota;Caudoviricetes;;,d__Bacteria;p__Bacillota;c__Bacilli;o__Staphylococcales;f__Staphylococcaceae;g__Staphylococcus,temperate
1111525849481954:k141_29374_length_39013_cov_77.9842	Viruses;Duplodnaviria;Heunggongvirae;Uroviricota;Caudoviricetes;;,d__Bacteria;p__Bacillota;c__Bacilli;o__Staphylococcales;f__Staphylococcaceae;g__Staphylococcus,temperate
T2109199098:k141_41426_length_121100_cov_194.9262	Viruses;Duplodnaviria;Heunggongvirae;Uroviricota;Caudoviricetes;;,d__Bacteria;p__Bacillota;c__Bacilli;o__Staphylococcales;f__Staphylococcaceae;g__Staphylococcus,temperate
1111525849669352:k141_1239464_length_5726_cov_60.0000	Viruses;Monodnaviria;Shotokuvirae;Cressdnaviricota;Arfiviricetes;Cirlivirales;,d__Bacteria;p__Actinomycetota;c__Actinomycetes;o__Mycobacteriales;f__Mycobacteriaceae;g__Corynebacterium,temperate
T2109198981:k141_61416_length_41304_cov_1699.7614	Viruses;Duplodnaviria;Heunggongvirae;Uroviricota;Caudoviricetes;;,d__Bacteria;p__Bacillota;c__Bacilli;o__Staphylococcales;f__Staphylococcaceae;g__Staphylococcus,temperate
T2108173998:k141_121239_length_38008_cov_68.3211	Viruses;Duplodnaviria;Heunggongvirae;Uroviricota;Caudoviricetes;;,d__Bacteria;p__Pseudomonadota;c__Gammaproteobacteria;o__Pseudomonadales;f__Moraxellaceae;g__Moraxella_A,temperate
T2109199197:k141_43913_length_29577_cov_245.0000	Viruses;Duplodnaviria;Heunggongvirae;Uroviricota;Caudoviricetes;;,d__Bacteria;p__Bacillota;c__Bacilli;o__Staphylococcales;f__Staphylococcaceae;g__Staphylococcus,temperate
T2109199197:k141_31679_length_12201_cov_785.8172	Viruses;Duplodnaviria;Heunggongvirae;Uroviricota;Caudoviricetes;;,d__Bacteria;p__Pseudomonadota;c__Gammaproteobacteria;o__Enterobacterales;f__Enterobacteriaceae;g__Klebsiella,temperate
T2109199207:k141_47440_length_30713_cov_2909.4590	Viruses;Duplodnaviria;Heunggongvirae;Uroviricota;Caudoviricetes;;,d__Bacteria;p__Bacillota;c__Bacilli;o__Staphylococcales;f__Staphylococcaceae;g__Staphylococcus,temperate
T2108173927:k141_62215_length_46148_cov_306.0000	Viruses;Duplodnaviria;Heunggongvirae;Uroviricota;Caudoviricetes;;,d__Bacteria;p__Bacillota;c__Bacilli;o__Staphylococcales;f__Staphylococcaceae;g__Staphylococcus,temperate
T2108174098:k141_910846_length_8146_cov_188.9676	Viruses;Duplodnaviria;Heunggongvirae;Uroviricota;Caudoviricetes;;,d__Bacteria;p__Bacillota;c__Bacilli;o__Staphylococcales;f__Staphylococcaceae;g__Staphylococcus,temperate
T2109199162:k141_15831_length_41748_cov_70.0000	Viruses;Duplodnaviria;Heunggongvirae;Uroviricota;Caudoviricetes;;,d__Bacteria;p__Bacillota;c__Bacilli;o__Staphylococcales;f__Staphylococcaceae;g__Staphylococcus,temperate
T2109199162:k141_3086_length_27063_cov_109.9813	Viruses;Duplodnaviria;Heunggongvirae;Uroviricota;Caudoviricetes;;,d__Bacteria;p__Pseudomonadota;c__Gammaproteobacteria;o__Pseudomonadales;f__Moraxellaceae;g__Moraxella_A,temperate
T2109199162:k141_11648_length_12866_cov_67.0000	Viruses;Duplodnaviria;Heunggongvirae;Uroviricota;Caudoviricetes;;,d__Bacteria;p__Bacillota;c__Bacilli;o__Staphylococcales;f__Staphylococcaceae;g__Staphylococcus,temperate
T2108173963:k141_13922_length_35280_cov_937.9392	Viruses;Duplodnaviria;Heunggongvirae;Uroviricota;Caudoviricetes;;,d__Bacteria;p__Actinomycetota;c__Actinomycetes;o__Mycobacteriales;f__Mycobacteriaceae;g__Lawsonella,virulent
T2108173963:k141_57498_length_29407_cov_92.0000	Viruses;Duplodnaviria;Heunggongvirae;Uroviricota;Caudoviricetes;;,d__Bacteria;p__Actinomycetota;c__Actinomycetes;o__Propionibacteriales;f__Propionibacteriaceae;g__Cutibacterium,virulent
T2108173882:k141_676026_length_48322_cov_50.3594	Viruses;Duplodnaviria;Heunggongvirae;Uroviricota;Caudoviricetes;;,NA,temperate
T2108173882:k141_191847_length_46413_cov_71.0665	Viruses;Duplodnaviria;Heunggongvirae;Uroviricota;Caudoviricetes;;,NA,virulent
T2108173882:k141_170985_length_42979_cov_46.8369	Viruses;Duplodnaviria;Heunggongvirae;Uroviricota;Caudoviricetes;;,NA,virulent
T2108173882:k141_678540_length_35918_cov_49.0000	Viruses;Duplodnaviria;Heunggongvirae;Uroviricota;Caudoviricetes;;,d__Bacteria;p__Pseudomonadota;c__Gammaproteobacteria;o__Pseudomonadales;f__Moraxellaceae;g__Acinetobacter,temperate
T2108173882:k141_280540_length_35314_cov_502.0000	Viruses;Duplodnaviria;Heunggongvirae;Uroviricota;Caudoviricetes;;,NA,temperate
T2108173882:k141_291604_length_31005_cov_39.0000	Viruses;Duplodnaviria;Heunggongvirae;Uroviricota;Caudoviricetes;;,d__Bacteria;p__Actinomycetota;c__Actinomycetes;o__Mycobacteriales;f__Mycobacteriaceae;g__Corynebacterium,temperate
T2108173882:k141_270085_length_28205_cov_41.9556	Viruses;Duplodnaviria;Heunggongvirae;Uroviricota;Caudoviricetes;;,d__Bacteria;p__Pseudomonadota;c__Gammaproteobacteria;o__Burkholderiales;f__Burkholderiaceae;g__Acidovorax,temperate
T2108173882:k141_774029_length_22911_cov_80.9675	Viruses;Duplodnaviria;Heunggongvirae;Uroviricota;Caudoviricetes;;,d__Bacteria;p__Bacteroidota;c__Bacteroidia;o__Flavobacteriales;f__Weeksellaceae;g__Epilithonimonas,temperate
T2108173882:k141_63504_length_20612_cov_51.0731	Viruses;Duplodnaviria;Heunggongvirae;Uroviricota;Caudoviricetes;;,NA,temperate
T2108173882:k141_735824_length_6439_cov_83.7213	Viruses;Monodnaviria;Loebvirae;Hofneiviricota;Faserviricetes;Tubulavirales;Inoviridae,NA,virulent
T2108173882:k141_79885_length_6123_cov_100.7043	Viruses;Monodnaviria;Loebvirae;Hofneiviricota;Faserviricetes;Tubulavirales;Inoviridae,d__Bacteria;p__Pseudomonadota;c__Gammaproteobacteria;o__Pseudomonadales;f__Moraxellaceae;g__Acinetobacter,virulent
DP1807004398:k119_25125_length_27998_cov_188.4740	Viruses;Duplodnaviria;Heunggongvirae;Uroviricota;Caudoviricetes;;,d__Bacteria;p__Actinomycetota;c__Actinomycetes;o__Propionibacteriales;f__Propionibacteriaceae;g__Cutibacterium,virulent
T2109199009:k141_9670_length_77341_cov_7838.7082	Viruses;Duplodnaviria;Heunggongvirae;Uroviricota;Caudoviricetes;;,d__Bacteria;p__Pseudomonadota;c__Gammaproteobacteria;o__Pseudomonadales;f__Moraxellaceae;g__Acinetobacter,virulent
T2109199009:k141_16826_length_50369_cov_11887.0000	Viruses;Duplodnaviria;Heunggongvirae;Uroviricota;Caudoviricetes;;,d__Bacteria;p__Bacillota;c__Bacilli;o__Bacillales;f__Bacillaceae_G;g__Bacillus_A,virulent
T2109199009:k141_19937_length_31317_cov_8810.5042	Viruses;Duplodnaviria;Heunggongvirae;Uroviricota;Caudoviricetes;;,d__Bacteria;p__Pseudomonadota;c__Gammaproteobacteria;o__Pseudomonadales;f__Moraxellaceae;g__Acinetobacter,temperate
T2109199063:k141_68158_length_29206_cov_171.2495	Viruses;Duplodnaviria;Heunggongvirae;Uroviricota;Caudoviricetes;;,d__Bacteria;p__Bacillota;c__Bacilli;o__Staphylococcales;f__Staphylococcaceae;g__Staphylococcus,temperate
T2108173981:k141_100921_length_87555_cov_58.0000	Viruses;Duplodnaviria;Heunggongvirae;Uroviricota;Caudoviricetes;;,NA,virulent
T2108173981:k141_388040_length_40498_cov_43.0000	Viruses;Duplodnaviria;Heunggongvirae;Uroviricota;Caudoviricetes;;Schitoviridae,NA,virulent
T2108173981:k141_691183_length_28632_cov_1365.5485	Viruses;Duplodnaviria;Heunggongvirae;Uroviricota;Caudoviricetes;;,d__Bacteria;p__Pseudomonadota;c__Gammaproteobacteria;o__Enterobacterales;f__Enterobacteriaceae;g__Leclercia,temperate
T2108173981:k141_233760_length_20143_cov_55.0000	Viruses;Duplodnaviria;Heunggongvirae;Uroviricota;Caudoviricetes;;,d__Bacteria;p__Bacillota;c__Bacilli;o__Lactobacillales;f__Lactobacillaceae;g__Leuconostoc,virulent
T2109199027:k141_11465_length_36999_cov_7638.9474	Viruses;Duplodnaviria;Heunggongvirae;Uroviricota;Caudoviricetes;;,d__Bacteria;p__Bacillota;c__Bacilli;o__Staphylococcales;f__Staphylococcaceae;g__Staphylococcus,temperate
T2109199054:k141_22449_length_15006_cov_51.5756	Viruses;Duplodnaviria;Heunggongvirae;Uroviricota;Caudoviricetes;;,d__Bacteria;p__Bacillota;c__Bacilli;o__Staphylococcales;f__Staphylococcaceae;g__Staphylococcus,temperate
SRR2005455:k99_6707_length_11579_cov_22.0000	Viruses;Duplodnaviria;Heunggongvirae;Uroviricota;Caudoviricetes;;,d__Bacteria;p__Bacillota;c__Bacilli;o__Staphylococcales;f__Staphylococcaceae;g__Staphylococcus,temperate
T2108173936:k141_931802_length_8677_cov_238.4344	Viruses;Duplodnaviria;Heunggongvirae;Uroviricota;Caudoviricetes;;,d__Bacteria;p__Bacillota;c__Bacilli;o__Staphylococcales;f__Staphylococcaceae;g__Staphylococcus,temperate
T2107171975:k141_558918_length_41033_cov_956.0000	Viruses;Duplodnaviria;Heunggongvirae;Uroviricota;Caudoviricetes;;,NA,temperate
T2107171975:k141_340145_length_15959_cov_1693.1629	Viruses;Duplodnaviria;Heunggongvirae;Uroviricota;Caudoviricetes;;,d__Bacteria;p__Actinomycetota;c__Actinomycetes;o__Propionibacteriales;f__Propionibacteriaceae;g__Cutibacterium,virulent
T2109199171:k141_48449_length_35439_cov_192.0077	Viruses;Duplodnaviria;Heunggongvirae;Uroviricota;Caudoviricetes;;,d__Bacteria;p__Bacillota;c__Bacilli;o__Staphylococcales;f__Staphylococcaceae;g__Staphylococcus,temperate
T2109199171:k141_80477_length_25710_cov_699.1329	Viruses;Duplodnaviria;Heunggongvirae;Uroviricota;Caudoviricetes;;,d__Bacteria;p__Bacillota;c__Bacilli;o__Staphylococcales;f__Staphylococcaceae;g__Staphylococcus,temperate
T2108173972:k141_1049346_length_7772_cov_75.0000	Viruses;Duplodnaviria;Heunggongvirae;Uroviricota;Caudoviricetes;;,d__Bacteria;p__Bacillota;c__Bacilli;o__Staphylococcales;f__Staphylococcaceae;g__Staphylococcus,temperate
DP1808006764:k119_1959_length_53160_cov_1420.0000	Viruses;Duplodnaviria;Heunggongvirae;Uroviricota;Caudoviricetes;;,NA,virulent
DP1808006764:k119_99177_length_26894_cov_345.0000	Viruses;Duplodnaviria;Heunggongvirae;Uroviricota;Caudoviricetes;;,NA,temperate
1111525849644360:k141_69096_length_42418_cov_60.0723	Viruses;Duplodnaviria;Heunggongvirae;Uroviricota;Caudoviricetes;;,d__Bacteria;p__Actinomycetota;c__Actinomycetes;o__Mycobacteriales;f__Mycobacteriaceae;g__Corynebacterium,virulent
T2109199153:k141_14222_length_31459_cov_1898.2137	Viruses;Duplodnaviria;Heunggongvirae;Uroviricota;Caudoviricetes;;,d__Bacteria;p__Bacillota;c__Bacilli;o__Staphylococcales;f__Staphylococcaceae;g__Staphylococcus,temperate
T2109199153:k141_11944_length_15582_cov_20.8907	Viruses;Duplodnaviria;Heunggongvirae;Uroviricota;Caudoviricetes;;,NA,virulent
T2108173873:k141_523427_length_210121_cov_60.2551	Viruses;Duplodnaviria;Heunggongvirae;Uroviricota;Caudoviricetes;;Herelleviridae,d__Bacteria;p__Bacillota;c__Bacilli;o__Lactobacillales;f__Streptococcaceae;g__Streptococcus,temperate
T2108173873:k141_235088_length_53392_cov_72.2633	NA,NA,temperate
T2108173873:k141_224505_length_49790_cov_90.1196	Viruses;Duplodnaviria;Heunggongvirae;Uroviricota;Caudoviricetes;;,d__Bacteria;p__Actinomycetota;c__Actinomycetes;o__Mycobacteriales;f__Mycobacteriaceae;g__Rhodococcus_F,temperate
T2108173873:k141_55258_length_41922_cov_187.1198	Viruses;Duplodnaviria;Heunggongvirae;Uroviricota;Caudoviricetes;;,d__Bacteria;p__Pseudomonadota;c__Gammaproteobacteria;o__Pseudomonadales;f__Moraxellaceae;g__Moraxella_A,temperate
T2108173873:k141_432074_length_41743_cov_282.0000	Viruses;Duplodnaviria;Heunggongvirae;Uroviricota;Caudoviricetes;;,NA,temperate
T2108173873:k141_840549_length_41087_cov_64.0000	Viruses;Duplodnaviria;Heunggongvirae;Uroviricota;Caudoviricetes;;,NA,temperate
T2108173873:k141_778952_length_40485_cov_89.0238	Viruses;Duplodnaviria;Heunggongvirae;Uroviricota;Caudoviricetes;;,NA,temperate
T2108173873:k141_259041_length_31213_cov_116.9817	Viruses;Duplodnaviria;Heunggongvirae;Uroviricota;Caudoviricetes;;,d__Bacteria;p__Pseudomonadota;c__Gammaproteobacteria;o__Pseudomonadales;f__Moraxellaceae;g__Moraxella_A,temperate
T2108173873:k141_724494_length_29604_cov_138.9518	Viruses;Duplodnaviria;Heunggongvirae;Uroviricota;Caudoviricetes;;,NA,temperate
T2108173873:k141_863574_length_29344_cov_83.0000	Viruses;Duplodnaviria;Heunggongvirae;Uroviricota;Caudoviricetes;;,d__Bacteria;p__Pseudomonadota;c__Gammaproteobacteria;o__Burkholderiales;f__Burkholderiaceae;g__Hydrogenophaga,temperate
T2108173873:k141_141180_length_29137_cov_234.9932	Viruses;Duplodnaviria;Heunggongvirae;Uroviricota;Caudoviricetes;;,d__Bacteria;p__Actinomycetota;c__Actinomycetes;o__Propionibacteriales;f__Propionibacteriaceae;g__Cutibacterium,virulent
T2108173873:k141_66775_length_27948_cov_173.3027	Viruses;Duplodnaviria;Heunggongvirae;Uroviricota;Caudoviricetes;;,d__Bacteria;p__Pseudomonadota;c__Gammaproteobacteria;o__Pseudomonadales;f__Moraxellaceae;g__Moraxella_A,temperate
T2108173873:k141_924846_length_17367_cov_81.9194	Viruses;Duplodnaviria;Heunggongvirae;Uroviricota;Caudoviricetes;;,NA,virulent
T2108173954:k141_735886_length_20178_cov_231.0000	Viruses;Duplodnaviria;Heunggongvirae;Uroviricota;Caudoviricetes;;,d__Bacteria;p__Pseudomonadota;c__Gammaproteobacteria;o__Pseudomonadales;f__Moraxellaceae;g__Moraxella_A,temperate
T2107171993:k141_557570_length_44133_cov_216.7718	Viruses;Duplodnaviria;Heunggongvirae;Uroviricota;Caudoviricetes;;,NA,temperate
T2107171993:k141_143907_length_35070_cov_160.9299	Viruses;Duplodnaviria;Heunggongvirae;Uroviricota;Caudoviricetes;;,d__Bacteria;p__Pseudomonadota;c__Gammaproteobacteria;o__Burkholderiales;f__Neisseriaceae;g__Neisseria,temperate
T2107171993:k141_26604_length_29362_cov_872.0000	Viruses;Duplodnaviria;Heunggongvirae;Uroviricota;Caudoviricetes;;,d__Bacteria;p__Actinomycetota;c__Actinomycetes;o__Propionibacteriales;f__Propionibacteriaceae;g__Cutibacterium,virulent
DP1808006827:k119_47372_length_23871_cov_192.0000	Viruses;Duplodnaviria;Heunggongvirae;Uroviricota;Caudoviricetes;;,d__Bacteria;p__Pseudomonadota;c__Gammaproteobacteria;o__Xanthomonadales;f__Xanthomonadaceae;g__CU05unknown9,virulent
DSKIN0041-1:k141_601248_length_31060_cov_30.8933	Viruses;Duplodnaviria;Heunggongvirae;Uroviricota;Caudoviricetes;;,d__Bacteria;p__Bacillota;c__Bacilli;o__Staphylococcales;f__Staphylococcaceae;g__Staphylococcus,temperate
T2107171957:k141_228138_length_167130_cov_87.0000	Viruses;Duplodnaviria;Heunggongvirae;Uroviricota;Caudoviricetes;;Herelleviridae,NA,temperate
T2107171957:k141_115094_length_39999_cov_145.3319	Viruses;Duplodnaviria;Heunggongvirae;Uroviricota;Caudoviricetes;;,d__Bacteria;p__Actinomycetota;c__Actinomycetes;o__Mycobacteriales;f__Mycobacteriaceae;g__Corynebacterium,temperate
T2107171957:k141_662244_length_26568_cov_230.7460	Viruses;Duplodnaviria;Heunggongvirae;Uroviricota;Caudoviricetes;;,d__Bacteria;p__Bacillota;c__Bacilli;o__Staphylococcales;f__Staphylococcaceae;g__Staphylococcus,temperate
T2107171957:k141_525067_length_25589_cov_99.1668	Viruses;Duplodnaviria;Heunggongvirae;Uroviricota;Caudoviricetes;;,d__Bacteria;p__Actinomycetota;c__Actinomycetes;o__Mycobacteriales;f__Mycobacteriaceae;g__Corynebacterium,virulent
T2107171957:k141_60872_length_10226_cov_119.0000	Viruses;Duplodnaviria;Heunggongvirae;Uroviricota;Caudoviricetes;;Rountreeviridae,d__Bacteria;p__Bacillota;c__Bacilli;o__Staphylococcales;f__Staphylococcaceae;g__Staphylococcus,virulent
T2108173990:k141_1132444_length_53278_cov_146.1005	Viruses;Duplodnaviria;Heunggongvirae;Uroviricota;Caudoviricetes;;,d__Bacteria;p__Actinomycetota;c__Actinomycetes;o__Actinomycetales;f__Actinomycetaceae;g__Actinomyces,virulent
T2108173990:k141_63062_length_42059_cov_124.8566	Viruses;Duplodnaviria;Heunggongvirae;Uroviricota;Caudoviricetes;;,d__Bacteria;p__Bacillota;c__Bacilli;o__Staphylococcales;f__Staphylococcaceae;g__Staphylococcus,temperate
T2108173990:k141_127952_length_32039_cov_413.7613	Viruses;Duplodnaviria;Heunggongvirae;Uroviricota;Caudoviricetes;;,d__Bacteria;p__Pseudomonadota;c__Gammaproteobacteria;o__Xanthomonadales;f__Xanthomonadaceae;g__Stenotrophomonas,temperate
T2108173990:k141_605732_length_25256_cov_109.6542	Viruses;Duplodnaviria;Heunggongvirae;Uroviricota;Caudoviricetes;;,d__Bacteria;p__Bacillota;c__Bacilli;o__Staphylococcales;f__Staphylococcaceae;g__Staphylococcus,temperate
T2108173990:k141_1325442_length_22568_cov_293.9491	Viruses;Duplodnaviria;Heunggongvirae;Uroviricota;Caudoviricetes;;,d__Bacteria;p__Pseudomonadota;c__Gammaproteobacteria;o__Pseudomonadales;f__Moraxellaceae;g__Acinetobacter,virulent
T2108173990:k141_700953_length_16665_cov_150.0272	Viruses;Duplodnaviria;Heunggongvirae;Uroviricota;Caudoviricetes;;Rountreeviridae,NA,virulent
T2108173990:k141_1484806_length_10471_cov_109.7145	Viruses;Duplodnaviria;Heunggongvirae;Uroviricota;Caudoviricetes;;,NA,virulent
T2108173990:k141_498044_length_7654_cov_191.0490	Viruses;Monodnaviria;Loebvirae;Hofneiviricota;Faserviricetes;Tubulavirales;Inoviridae,d__Bacteria;p__Pseudomonadota;c__Gammaproteobacteria;o__Pseudomonadales;f__Moraxellaceae;g__Acinetobacter,virulent
T2108173990:k141_1295503_length_5806_cov_21.0000	Viruses;Monodnaviria;Loebvirae;Hofneiviricota;Faserviricetes;Tubulavirales;Inoviridae,d__Bacteria;p__Pseudomonadota;c__Gammaproteobacteria;o__Pseudomonadales;f__Moraxellaceae;g__Acinetobacter,virulent
T2108173918:k141_305538_length_60131_cov_80.0000	Viruses;Duplodnaviria;Heunggongvirae;Uroviricota;Caudoviricetes;;,NA,virulent
T2108173918:k141_1018260_length_45070_cov_2509.0000	Viruses;Duplodnaviria;Heunggongvirae;Uroviricota;Caudoviricetes;;,d__Bacteria;p__Pseudomonadota;c__Gammaproteobacteria;o__Pseudomonadales;f__Moraxellaceae;g__Acinetobacter,virulent
T2108173918:k141_782291_length_44146_cov_234.0000	Viruses;Duplodnaviria;Heunggongvirae;Uroviricota;Caudoviricetes;;,NA,temperate
T2108173918:k141_256954_length_43601_cov_121.0000	Viruses;Duplodnaviria;Heunggongvirae;Uroviricota;Caudoviricetes;;,d__Bacteria;p__Bacillota;c__Bacilli;o__Staphylococcales;f__Staphylococcaceae;g__Staphylococcus,temperate
T2108173918:k141_1247890_length_41935_cov_29.0000	Viruses;Duplodnaviria;Heunggongvirae;Uroviricota;Caudoviricetes;;,NA,temperate
T2108173918:k141_1166584_length_39285_cov_69.1617	Viruses;Duplodnaviria;Heunggongvirae;Uroviricota;Caudoviricetes;;,d__Bacteria;p__Actinomycetota;c__Actinomycetes;o__Actinomycetales;f__Actinomycetaceae;g__Pauljensenia,virulent
T2108173918:k141_601500_length_28084_cov_81.9744	Viruses;Duplodnaviria;Heunggongvirae;Uroviricota;Caudoviricetes;;,d__Bacteria;p__Pseudomonadota;c__Gammaproteobacteria;o__Pseudomonadales;f__Moraxellaceae;g__Moraxella_A,temperate
T2108173918:k141_1183112_length_26570_cov_109.9853	Viruses;Duplodnaviria;Heunggongvirae;Uroviricota;Caudoviricetes;;,d__Bacteria;p__Actinomycetota;c__Actinomycetes;o__Actinomycetales;f__Bifidobacteriaceae;g__Bifidobacterium,temperate
T2108173918:k141_554309_length_23661_cov_55.5988	Viruses;Duplodnaviria;Heunggongvirae;Uroviricota;Caudoviricetes;;,d__Bacteria;p__Bacillota;c__Bacilli;o__Staphylococcales;f__Staphylococcaceae;g__Staphylococcus,temperate
T2108173918:k141_861514_length_21550_cov_40.8487	Viruses;Duplodnaviria;Heunggongvirae;Uroviricota;Caudoviricetes;;,d__Bacteria;p__Bacillota;c__Clostridia;o__Tissierellales;f__Peptoniphilaceae;g__Anaerococcus,temperate
T2108173918:k141_45254_length_9077_cov_188.9235	Viruses;Duplodnaviria;Heunggongvirae;Uroviricota;Caudoviricetes;;,NA,virulent
T2108173918:k141_344792_length_8184_cov_51.3863	Viruses;Monodnaviria;Loebvirae;Hofneiviricota;Faserviricetes;Tubulavirales;Inoviridae,d__Bacteria;p__Pseudomonadota;c__Gammaproteobacteria;o__Burkholderiales;f__Neisseriaceae;g__Neisseria,virulent
T2108174100:k141_486366_length_45670_cov_69.7492	Viruses;Duplodnaviria;Heunggongvirae;Uroviricota;Caudoviricetes;;,NA,virulent
T2108174100:k141_2316950_length_26525_cov_150.5525	Viruses;Duplodnaviria;Heunggongvirae;Uroviricota;Caudoviricetes;;,d__Bacteria;p__Bacillota;c__Bacilli;o__Lactobacillales;f__Aerococcaceae;g__Aerococcus,temperate
T2108174100:k141_2436075_length_24895_cov_143.0736	Viruses;Duplodnaviria;Heunggongvirae;Uroviricota;Caudoviricetes;;,NA,virulent
T2108174100:k141_1651507_length_23307_cov_45.0000	Viruses;Duplodnaviria;Heunggongvirae;Uroviricota;Caudoviricetes;;,d__Bacteria;p__Bacillota;c__Bacilli;o__Lactobacillales;f__Streptococcaceae;g__Lactococcus,temperate
T2108174100:k141_2641955_length_17356_cov_46.0000	Viruses;Duplodnaviria;Heunggongvirae;Uroviricota;Caudoviricetes;;,NA,virulent
T2108174100:k141_2649639_length_11446_cov_76.7801	Viruses;Duplodnaviria;Heunggongvirae;Uroviricota;Caudoviricetes;;Salasmaviridae,NA,virulent
R_T2109199062:k119_9237_length_26920_cov_14.9540	Viruses;Duplodnaviria;Heunggongvirae;Uroviricota;Caudoviricetes;;,d__Bacteria;p__Bacillota;c__Bacilli;o__Staphylococcales;f__Staphylococcaceae;g__Staphylococcus,temperate
R_T2109199062:k119_22444_length_19827_cov_30.0000	Viruses;Duplodnaviria;Heunggongvirae;Uroviricota;Caudoviricetes;;,d__Bacteria;p__Actinomycetota;c__Actinomycetes;o__Propionibacteriales;f__Propionibacteriaceae;g__Cutibacterium,virulent
DP1806001314:k119_96240_length_4540_cov_212.0000	Viruses;Monodnaviria;Loebvirae;Hofneiviricota;Faserviricetes;Tubulavirales;Inoviridae,d__Bacteria;p__Pseudomonadota;c__Gammaproteobacteria;o__Xanthomonadales;f__Xanthomonadaceae;g__Stenotrophomonas,temperate
T2109198899:k141_44331_length_84715_cov_61.0000	Viruses;Duplodnaviria;Heunggongvirae;Uroviricota;Caudoviricetes;;,d__Bacteria;p__Pseudomonadota;c__Gammaproteobacteria;o__Pseudomonadales;f__Pseudomonadaceae;g__Pseudomonas_E,temperate
T2109198899:k141_22511_length_45085_cov_6501.1885	Viruses;Duplodnaviria;Heunggongvirae;Uroviricota;Caudoviricetes;;,d__Bacteria;p__Bacillota;c__Bacilli;o__Staphylococcales;f__Staphylococcaceae;g__Staphylococcus,temperate
T2109198899:k141_27718_length_32846_cov_1564.0434	Viruses;Duplodnaviria;Heunggongvirae;Uroviricota;Caudoviricetes;;,d__Bacteria;p__Bacillota;c__Bacilli;o__Staphylococcales;f__Staphylococcaceae;g__Staphylococcus,temperate
T2109198899:k141_29988_length_18313_cov_52.8253	Viruses;Duplodnaviria;Heunggongvirae;Uroviricota;Caudoviricetes;;,d__Bacteria;p__Pseudomonadota;c__Gammaproteobacteria;o__Enterobacterales;f__Enterobacteriaceae;g__Enterobacter,temperate
T2107172004:k141_326656_length_72508_cov_104.1827	Viruses;Duplodnaviria;Heunggongvirae;Uroviricota;Caudoviricetes;;,NA,virulent
T2107172004:k141_937824_length_48983_cov_187.1384	Viruses;Duplodnaviria;Heunggongvirae;Uroviricota;Caudoviricetes;;,d__Bacteria;p__Actinomycetota;c__Actinomycetes;o__Mycobacteriales;f__Mycobacteriaceae;g__Corynebacterium,temperate
T2107172004:k141_110647_length_23542_cov_222.0282	Viruses;Duplodnaviria;Heunggongvirae;Uroviricota;Caudoviricetes;;,NA,temperate
T2107172004:k141_829027_length_12381_cov_92.0000	Viruses;Duplodnaviria;Heunggongvirae;Uroviricota;Caudoviricetes;;,d__Bacteria;p__Bacillota;c__Bacilli;o__Staphylococcales;f__Staphylococcaceae;g__Staphylococcus,temperate
MET0213:k119_27117_length_32330_cov_77.9044	Viruses;Duplodnaviria;Heunggongvirae;Uroviricota;Caudoviricetes;;,d__Bacteria;p__Actinomycetota;c__Actinomycetes;o__Mycobacteriales;f__Mycobacteriaceae;g__Corynebacterium,temperate
T2108174001:k141_45880_length_29562_cov_11712.6173	Viruses;Duplodnaviria;Heunggongvirae;Uroviricota;Caudoviricetes;;,d__Bacteria;p__Actinomycetota;c__Actinomycetes;o__Propionibacteriales;f__Propionibacteriaceae;g__Cutibacterium,virulent
MET0240:k119_5249_length_37508_cov_311.2751	Viruses;Duplodnaviria;Heunggongvirae;Uroviricota;Caudoviricetes;;,d__Bacteria;p__Pseudomonadota;c__Alphaproteobacteria;o__Acetobacterales;f__Acetobacteraceae;g__Roseomonas,virulent
MET0240:k119_52444_length_24655_cov_182.5179	Viruses;Duplodnaviria;Heunggongvirae;Uroviricota;Caudoviricetes;;,d__Bacteria;p__Pseudomonadota;c__Gammaproteobacteria;o__Enterobacterales;f__Enterobacteriaceae;g__Klebsiella,temperate
1111525849853977:k141_11961_length_51980_cov_58.0000	Viruses;Duplodnaviria;Heunggongvirae;Uroviricota;Caudoviricetes;;,NA,temperate
DP1806001323:k119_22969_length_29401_cov_4302.1366	Viruses;Duplodnaviria;Heunggongvirae;Uroviricota;Caudoviricetes;;,d__Bacteria;p__Actinomycetota;c__Actinomycetes;o__Propionibacteriales;f__Propionibacteriaceae;g__Cutibacterium,virulent
MET0204:k119_3534_length_28485_cov_2794.7646	Viruses;Duplodnaviria;Heunggongvirae;Uroviricota;Caudoviricetes;;,d__Bacteria;p__Actinomycetota;c__Actinomycetes;o__Propionibacteriales;f__Propionibacteriaceae;g__Cutibacterium,virulent
MET0204:k119_4408_length_10749_cov_20.0000	Viruses;Duplodnaviria;Heunggongvirae;Uroviricota;Caudoviricetes;;Rountreeviridae,d__Bacteria;p__Bacillota;c__Bacilli;o__Staphylococcales;f__Staphylococcaceae;g__Staphylococcus,virulent
DP1806001242:k119_24297_length_34267_cov_2340.0898	Viruses;Duplodnaviria;Heunggongvirae;Uroviricota;Caudoviricetes;;,d__Bacteria;p__Actinomycetota;c__Actinomycetes;o__Propionibacteriales;f__Propionibacteriaceae;g__Cutibacterium,temperate
T2109198989:k141_6554_length_117010_cov_119.9746	Viruses;Duplodnaviria;Heunggongvirae;Uroviricota;Caudoviricetes;;,d__Bacteria;p__Bacillota;c__Bacilli;o__Staphylococcales;f__Staphylococcaceae;g__Staphylococcus,temperate
T2109198989:k141_13918_length_53359_cov_121.9898	Viruses;Duplodnaviria;Heunggongvirae;Uroviricota;Caudoviricetes;;,d__Bacteria;p__Bacillota;c__Bacilli;o__Bacillales;f__Bacillaceae_G;g__Bacillus_A,temperate
T2109198989:k141_25540_length_34550_cov_186.3785	Viruses;Duplodnaviria;Heunggongvirae;Uroviricota;Caudoviricetes;;,d__Bacteria;p__Bacillota;c__Bacilli;o__Staphylococcales;f__Staphylococcaceae;g__Staphylococcus,temperate
T2109198989:k141_21253_length_27066_cov_139.1268	Viruses;Duplodnaviria;Heunggongvirae;Uroviricota;Caudoviricetes;;,d__Bacteria;p__Bacillota;c__Bacilli;o__Bacillales;f__Bacillaceae_G;g__Bacillus_A,temperate
T2109198989:k141_993_length_12319_cov_372.0053	Viruses;Duplodnaviria;Heunggongvirae;Uroviricota;Caudoviricetes;;,d__Bacteria;p__Bacillota;c__Bacilli;o__Staphylococcales;f__Staphylococcaceae;g__Staphylococcus,temperate
T2107172013:k141_34931_length_141467_cov_438.0000	Viruses;Duplodnaviria;Heunggongvirae;Uroviricota;Caudoviricetes;;,NA,virulent
T2107172013:k141_1469155_length_37331_cov_82.9868	Viruses;Duplodnaviria;Heunggongvirae;Uroviricota;Caudoviricetes;;,d__Bacteria;p__Actinomycetota;c__Actinomycetes;o__Mycobacteriales;f__Mycobacteriaceae;g__Corynebacterium,temperate
T2107172013:k141_710147_length_29460_cov_79.3389	Viruses;Duplodnaviria;Heunggongvirae;Uroviricota;Caudoviricetes;;,d__Bacteria;p__Actinomycetota;c__Actinomycetes;o__Propionibacteriales;f__Propionibacteriaceae;g__Cutibacterium,virulent
MET0024:k119_20093_length_29385_cov_212.0072	Viruses;Duplodnaviria;Heunggongvirae;Uroviricota;Caudoviricetes;;,d__Bacteria;p__Actinomycetota;c__Actinomycetes;o__Propionibacteriales;f__Propionibacteriaceae;g__Cutibacterium,virulent
T2108174010:k141_1446848_length_20138_cov_62.9198	Viruses;Duplodnaviria;Heunggongvirae;Uroviricota;Caudoviricetes;;,d__Bacteria;p__Actinomycetota;c__Actinomycetes;o__Actinomycetales;f__Actinomycetaceae;g__Pauljensenia,temperate
T2108173959:k141_1052986_length_69926_cov_111.0000	NA,d__Bacteria;p__Bacillota;c__Clostridia;o__Tissierellales;f__Peptoniphilaceae;g__Peptoniphilus_A,temperate
R_T2109198914:k119_7742_length_71544_cov_52.9854	NA,d__Bacteria;p__Bacillota;c__Bacilli;o__Staphylococcales;f__Staphylococcaceae;g__Staphylococcus,temperate
R_T2109198941:k119_2831_length_32710_cov_33.9595	Viruses;Duplodnaviria;Heunggongvirae;Uroviricota;Caudoviricetes;;,d__Bacteria;p__Bacillota;c__Bacilli;o__Staphylococcales;f__Staphylococcaceae;g__Staphylococcus,temperate
1111525849771023:k141_73215_length_383399_cov_590.4335	Viruses;Duplodnaviria;Heunggongvirae;Uroviricota;Caudoviricetes;;,NA,virulent
T2109199150:k141_28840_length_69898_cov_260.2051	NA,d__Bacteria;p__Bacillota;c__Bacilli;o__Staphylococcales;f__Staphylococcaceae;g__Staphylococcus,temperate
T2109199150:k141_15416_length_36409_cov_271.7947	Viruses;Duplodnaviria;Heunggongvirae;Uroviricota;Caudoviricetes;;,d__Bacteria;p__Bacillota;c__Bacilli;o__Staphylococcales;f__Staphylococcaceae;g__Staphylococcus,temperate
DP1808006752:k119_7414_length_35353_cov_138.0000	Viruses;Duplodnaviria;Heunggongvirae;Uroviricota;Caudoviricetes;;,NA,virulent
T2109198991:k141_3827_length_45445_cov_441.4862	NA,d__Bacteria;p__Bacillota;c__Bacilli;o__Staphylococcales;f__Staphylococcaceae;g__Staphylococcus,temperate
T2109198883:k141_64229_length_39972_cov_156.7633	Viruses;Duplodnaviria;Heunggongvirae;Uroviricota;Caudoviricetes;;,d__Bacteria;p__Bacillota;c__Bacilli;o__Bacillales;f__Bacillaceae_G;g__Bacillus_A,temperate
T2108174145:k141_296644_length_22309_cov_238.4001	NA,d__Bacteria;p__Bacillota;c__Bacilli;o__Lactobacillales;f__Streptococcaceae;g__Streptococcus,temperate
T2107172005:k141_1250572_length_37231_cov_136.7095	NA,d__Bacteria;p__Bacillota;c__Clostridia;o__Tissierellales;f__Peptoniphilaceae;g__Anaerococcus,temperate
T2107172014:k141_47295_length_46904_cov_117.0244	Viruses;Duplodnaviria;Heunggongvirae;Uroviricota;Caudoviricetes;;,d__Bacteria;p__Bacteroidota;c__Bacteroidia;o__Bacteroidales;f__Porphyromonadaceae;g__Porphyromonas,virulent
T2109199037:k141_51284_length_89788_cov_349.4159	Viruses;Duplodnaviria;Heunggongvirae;Uroviricota;Caudoviricetes;;,d__Bacteria;p__Bacillota;c__Bacilli;o__Staphylococcales;f__Staphylococcaceae;g__Staphylococcus,temperate
MET0832:k119_2359_length_55267_cov_54.0000	NA,d__Bacteria;p__Pseudomonadota;c__Gammaproteobacteria;o__Pseudomonadales;f__Moraxellaceae;g__Moraxella,virulent
T2108174062:k141_53177_length_45127_cov_87.4408	NA,NA,temperate
T2108174062:k141_410990_length_40823_cov_107.8753	NA,d__Bacteria;p__Bacillota;c__Bacilli;o__Lactobacillales;f__Streptococcaceae;g__Streptococcus,virulent
T2108174062:k141_465929_length_36084_cov_178.7925	NA,d__Bacteria;p__Bacillota;c__Clostridia;o__Tissierellales;f__Peptoniphilaceae;g__Anaerococcus,temperate
T2108173900:k141_235143_length_39260_cov_321.1055	NA,d__Bacteria;p__Actinomycetota;c__Actinomycetes;o__Mycobacteriales;f__Mycobacteriaceae;g__Corynebacterium,virulent
T2108174000:k141_364235_length_32972_cov_71.2860	NA,d__Bacteria;p__Bacillota;c__Clostridia;o__Tissierellales;f__Peptoniphilaceae;g__Finegoldia,temperate
T2109199017:k141_16691_length_50068_cov_670.6725	NA,d__Bacteria;p__Bacillota;c__Bacilli;o__Staphylococcales;f__Staphylococcaceae;g__Staphylococcus,temperate
T2107171965:k141_535070_length_36144_cov_157.0000	Viruses;Duplodnaviria;Heunggongvirae;Uroviricota;Caudoviricetes;;,d__Bacteria;p__Bacillota;c__Bacilli;o__Staphylococcales;f__Staphylococcaceae;g__Staphylococcus,temperate
T2108174040:k141_379984_length_46317_cov_84.9673	NA,d__Bacteria;p__Bacillota;c__Bacilli;o__Staphylococcales;f__Staphylococcaceae;g__Staphylococcus,temperate
MET0252:k119_2292_length_38395_cov_159.0000	NA,d__Bacteria;p__Bacillota;c__Bacilli;o__Staphylococcales;f__Staphylococcaceae;g__Staphylococcus,temperate
T2108174043:k141_353729_length_66750_cov_69.4595	NA,d__Bacteria;p__Bacillota;c__Clostridia;o__Tissierellales;f__Peptoniphilaceae;g__Anaerococcus,temperate
T2108174133:k141_598073_length_62298_cov_348.7537	NA,d__Bacteria;p__Bacillota;c__Clostridia;o__Tissierellales;f__Peptoniphilaceae;g__Fenollaria,virulent
T2109198897:k141_10420_length_15042_cov_864.8957	NA,d__Bacteria;p__Bacillota;c__Bacilli;o__Staphylococcales;f__Staphylococcaceae;g__Staphylococcus,temperate
MET0211:k119_5075_length_47518_cov_67.9717	NA,d__Bacteria;p__Bacillota;c__Clostridia;o__Tissierellales;f__Peptoniphilaceae;g__Anaerococcus,temperate
MET0103:k119_23002_length_28933_cov_214.9981	NA,d__Bacteria;p__Bacillota;c__Bacilli;o__Lactobacillales;f__Streptococcaceae;g__Streptococcus,temperate
T2107171973:k141_186044_length_31061_cov_179.1150	NA,d__Bacteria;p__Bacillota;c__Clostridia;o__Tissierellales;f__Peptoniphilaceae;g__Peptoniphilus_A,temperate
T2108174069:k141_566750_length_56190_cov_131.9536	Viruses;Duplodnaviria;Heunggongvirae;Uroviricota;Caudoviricetes;;,d__Bacteria;p__Bacillota;c__Bacilli;o__Lactobacillales;f__Lactobacillaceae;g__Lactobacillus,temperate
T2109199151:k141_6125_length_62752_cov_470.2957	NA,d__Bacteria;p__Bacillota;c__Bacilli;o__Staphylococcales;f__Staphylococcaceae;g__Staphylococcus,temperate
T2108173907:k141_203842_length_40220_cov_161.1142	Viruses;Duplodnaviria;Heunggongvirae;Uroviricota;Caudoviricetes;;,d__Bacteria;p__Bacillota;c__Clostridia;o__Tissierellales;f__Peptoniphilaceae;g__Finegoldia,temperate
T2108174096:k141_689656_length_28742_cov_210.5076	Viruses;Duplodnaviria;Heunggongvirae;Uroviricota;Caudoviricetes;;,d__Bacteria;p__Bacillota;c__Bacilli;o__Staphylococcales;f__Staphylococcaceae;g__Staphylococcus,temperate
1111525849736908:k141_594942_length_43886_cov_64.1707	NA,d__Bacteria;p__Bacillota;c__Bacilli;o__Staphylococcales;f__Staphylococcaceae;g__Staphylococcus,temperate
T2109199199:k141_60718_length_44672_cov_225.5886	NA,d__Bacteria;p__Bacillota;c__Bacilli;o__Staphylococcales;f__Staphylococcaceae;g__Staphylococcus,temperate
T2108174146:k141_440737_length_45610_cov_73.9614	Viruses;Duplodnaviria;Heunggongvirae;Uroviricota;Caudoviricetes;;,d__Bacteria;p__Bacillota;c__Bacilli;o__Lactobacillales;f__Aerococcaceae;g__Aerococcus,temperate
T2108174102:k141_694219_length_52599_cov_120.5075	NA,d__Bacteria;p__Bacillota;c__Clostridia;o__Tissierellales;f__Peptoniphilaceae;g__Anaerococcus,temperate
T2108173992:k141_585071_length_42341_cov_126.1892	NA,d__Bacteria;p__Bacillota;c__Clostridia;o__Tissierellales;f__Peptoniphilaceae;g__Finegoldia,temperate
T2109199182:k141_10411_length_46682_cov_200.3143	Viruses;Duplodnaviria;Heunggongvirae;Uroviricota;Caudoviricetes;;,d__Bacteria;p__Bacillota;c__Bacilli;o__Staphylococcales;f__Staphylococcaceae;g__Staphylococcus,temperate
T2107171968:k141_847790_length_20909_cov_30.9973	Viruses;Duplodnaviria;Heunggongvirae;Uroviricota;Caudoviricetes;;,NA,temperate
R_T2109199187:k119_14698_length_96620_cov_1287.2510	NA,d__Bacteria;p__Bacillota;c__Bacilli;o__Staphylococcales;f__Staphylococcaceae;g__Staphylococcus,temperate
R_T2109198917:k119_6948_length_60449_cov_96.1323	NA,d__Bacteria;p__Bacillota;c__Bacilli;o__Staphylococcales;f__Staphylococcaceae;g__Staphylococcus,virulent
T2109198901:k141_12399_length_52235_cov_384.6391	NA,d__Bacteria;p__Bacillota;c__Bacilli;o__Staphylococcales;f__Staphylococcaceae;g__Staphylococcus,temperate
T2108173873:k141_19321_length_75922_cov_402.9911	NA,d__Bacteria;p__Deinococcota;c__Deinococci;o__Deinococcales;f__Deinococcaceae;g__Deinococcus,temperate
T2108173918:k141_12858_length_42935_cov_67.0705	Viruses;Duplodnaviria;Heunggongvirae;Uroviricota;Caudoviricetes;;,d__Bacteria;p__Bacillota;c__Clostridia;o__Tissierellales;f__Peptoniphilaceae;g__Anaerococcus,temperate
T2108173918:k141_1054834_length_35938_cov_51.0597	Viruses;Duplodnaviria;Heunggongvirae;Uroviricota;Caudoviricetes;;,d__Bacteria;p__Bacillota;c__Bacilli;o__Lactobacillales;f__Streptococcaceae;g__Streptococcus,temperate
T2108174089:k141_346171_length_37071_cov_217.0000	NA,d__Bacteria;p__Bacillota;c__Bacilli;o__Lactobacillales;f__Streptococcaceae;g__Streptococcus,temperate
T2108173882:k141_259754_length_32459_cov_64.0000	NA,d__Bacteria;p__Bacillota;c__Clostridia;o__Tissierellales;f__Peptoniphilaceae;g__Peptoniphilus_A,temperate
T2109198877:k141_85195_length_25957_cov_3459.4773	Viruses;Duplodnaviria;Heunggongvirae;Uroviricota;Caudoviricetes;;,d__Bacteria;p__Bacillota;c__Bacilli;o__Staphylococcales;f__Staphylococcaceae;g__Staphylococcus,temperate
T2109199131:k141_45714_length_47122_cov_83.0000	Viruses;Duplodnaviria;Heunggongvirae;Uroviricota;Caudoviricetes;;,d__Bacteria;p__Bacillota;c__Bacilli;o__Staphylococcales;f__Staphylococcaceae;g__Staphylococcus,temperate
T2108174058:k141_689015_length_36437_cov_101.7072	NA,d__Bacteria;p__Bacillota;c__Clostridia;o__Tissierellales;f__Peptoniphilaceae;g__Finegoldia,temperate
T2107171997:k141_438827_length_17928_cov_244.2979	NA,d__Bacteria;p__Bacillota;c__Bacilli;o__Staphylococcales;f__Staphylococcaceae;g__Staphylococcus,temperate
T2108173949:k141_38584_length_42876_cov_254.8654	NA,NA,temperate
T2108174000:k141_336818_length_196643_cov_97.2271_fragment_3	Viruses;Duplodnaviria;Heunggongvirae;Uroviricota;Caudoviricetes;;,NA,virulent
MET0212:k119_30316_length_52822_cov_55.0000_fragment_1	Viruses;Duplodnaviria;Heunggongvirae;Uroviricota;Caudoviricetes;;,d__Bacteria;p__Bacillota;c__Bacilli;o__Staphylococcales;f__Staphylococcaceae;g__Staphylococcus,temperate
MET0131:k119_2099_length_67140_cov_117.5908_fragment_1	Viruses;Duplodnaviria;Heunggongvirae;Uroviricota;Caudoviricetes;;,d__Bacteria;p__Actinomycetota;c__Actinomycetes;o__Mycobacteriales;f__Mycobacteriaceae;g__Corynebacterium,temperate
SRR1950687:k119_11664_length_39241_cov_154.0000_fragment_1	Viruses;Duplodnaviria;Heunggongvirae;Uroviricota;Caudoviricetes;;,d__Bacteria;p__Pseudomonadota;c__Gammaproteobacteria;o__Pseudomonadales;f__Moraxellaceae;g__Acinetobacter,temperate
1111525849480910:k141_133235_length_335004_cov_627.6955_fragment_1	Viruses;Duplodnaviria;Heunggongvirae;Uroviricota;Caudoviricetes;;,NA,virulent
T2108173881:k141_91773_length_36596_cov_538.2696_fragment_1	Viruses;Duplodnaviria;Heunggongvirae;Uroviricota;Caudoviricetes;;,NA,temperate
T2108173881:k141_4761_length_107337_cov_240.8038_fragment_1	Viruses;Duplodnaviria;Heunggongvirae;Uroviricota;Caudoviricetes;;,d__Bacteria;p__Pseudomonadota;c__Gammaproteobacteria;o__Burkholderiales;f__Burkholderiaceae;g__Aquabacterium,temperate
T2108173881:k141_447568_length_181752_cov_330.3855_fragment_1	Viruses;Duplodnaviria;Heunggongvirae;Uroviricota;Caudoviricetes;;,d__Bacteria;p__Pseudomonadota;c__Alphaproteobacteria;o__Caulobacterales;f__Caulobacteraceae;g__Brevundimonas,temperate
T2108173881:k141_306018_length_80606_cov_348.4925_fragment_1	NA,d__Bacteria;p__Pseudomonadota;c__Alphaproteobacteria;o__Caulobacterales;f__Caulobacteraceae;g__Brevundimonas,temperate
T2108173881:k141_91124_length_780191_cov_298.0136_fragment_6	Viruses;Duplodnaviria;Heunggongvirae;Uroviricota;Caudoviricetes;;,NA,virulent
T2108173881:k141_88152_length_64659_cov_993.7083_fragment_1	Viruses;Duplodnaviria;Heunggongvirae;Uroviricota;Caudoviricetes;;,d__Bacteria;p__Pseudomonadota;c__Gammaproteobacteria;o__Pseudomonadales;f__Moraxellaceae;g__Acinetobacter,temperate
T2108173881:k141_681951_length_149612_cov_370.4207_fragment_2	NA,d__Bacteria;p__Pseudomonadota;c__Alphaproteobacteria;o__Caulobacterales;f__Caulobacteraceae;g__Brevundimonas,temperate
T2108173881:k141_482175_length_555842_cov_589.3444_fragment_5	Viruses;Duplodnaviria;Heunggongvirae;Uroviricota;Caudoviricetes;;,NA,temperate
T2107171965:k141_216958_length_58432_cov_136.2566_fragment_1	Viruses;Duplodnaviria;Heunggongvirae;Uroviricota;Caudoviricetes;;,NA,temperate
T2107171965:k141_153900_length_53006_cov_166.0221_fragment_1	Viruses;Duplodnaviria;Heunggongvirae;Uroviricota;Caudoviricetes;;,d__Bacteria;p__Pseudomonadota;c__Gammaproteobacteria;o__Burkholderiales;f__Burkholderiaceae;g__Aquincola,virulent
T2107171965:k141_496196_length_74261_cov_99.6504_fragment_1	Viruses;Duplodnaviria;Heunggongvirae;Uroviricota;Caudoviricetes;;,d__Bacteria;p__Pseudomonadota;c__Alphaproteobacteria;o__Caulobacterales;f__Caulobacteraceae;g__Caulobacter,temperate
T2107171965:k141_440484_length_72415_cov_108.1882_fragment_1	NA,d__Bacteria;p__Pseudomonadota;c__Alphaproteobacteria;o__Sphingomonadales;f__Sphingomonadaceae;g__Blastomonas,virulent
T2107171965:k141_362066_length_32045_cov_201.5728_fragment_1	Viruses;Duplodnaviria;Heunggongvirae;Uroviricota;Caudoviricetes;;,NA,virulent
T2107171992:k141_168160_length_56217_cov_278.8245_fragment_1	Viruses;Duplodnaviria;Heunggongvirae;Uroviricota;Caudoviricetes;;,d__Bacteria;p__Bacillota;c__Clostridia;o__Tissierellales;f__Peptoniphilaceae;g__Anaerococcus,temperate
T2107171992:k141_551365_length_62595_cov_530.0949_fragment_1	Viruses;Duplodnaviria;Heunggongvirae;Uroviricota;Caudoviricetes;;,d__Bacteria;p__Bacteroidota;c__Bacteroidia;o__Bacteroidales;f__Bacteroidaceae;g__Bacteroides,virulent
T2107171992:k141_192348_length_54774_cov_296.6370_fragment_1	Viruses;Duplodnaviria;Heunggongvirae;Uroviricota;Caudoviricetes;;,d__Bacteria;p__Bacillota;c__Clostridia;o__Tissierellales;f__Peptoniphilaceae;g__Peptoniphilus_A,temperate
T2107171992:k141_151712_length_76212_cov_133.7685_fragment_1	Viruses;Duplodnaviria;Heunggongvirae;Uroviricota;Caudoviricetes;;,d__Bacteria;p__Bacillota;c__Negativicutes;o__Veillonellales;f__Veillonellaceae;g__Veillonella,virulent
T2107171992:k141_498395_length_40621_cov_196.0163	NA,d__Bacteria;p__Bacillota;c__Clostridia;o__Tissierellales;f__Peptoniphilaceae;g__Anaerococcus,temperate
T2107171992:k141_116328_length_18985_cov_659.2020	Viruses;Duplodnaviria;Heunggongvirae;Uroviricota;Caudoviricetes;;,NA,temperate
T2107171992:k141_779506_length_41418_cov_153.3184	Viruses;Duplodnaviria;Heunggongvirae;Uroviricota;Caudoviricetes;;,d__Bacteria;p__Bacillota;c__Clostridia;o__Tissierellales;f__Peptoniphilaceae;g__Anaerococcus,virulent
T2107171992:k141_258556_length_75494_cov_151.0972_fragment_1	Viruses;Duplodnaviria;Heunggongvirae;Uroviricota;Caudoviricetes;;,d__Bacteria;p__Bacillota;c__Negativicutes;o__Veillonellales;f__Veillonellaceae;g__Veillonella,temperate
T2107171992:k141_405930_length_52482_cov_197.3260_fragment_1	Viruses;Duplodnaviria;Heunggongvirae;Uroviricota;Caudoviricetes;;,NA,temperate
T2107171992:k141_459604_length_56290_cov_301.0341_fragment_1	Viruses;Duplodnaviria;Heunggongvirae;Uroviricota;Caudoviricetes;;,d__Bacteria;p__Bacillota;c__Clostridia;o__Tissierellales;f__Peptoniphilaceae;g__Anaerococcus,temperate
R_T2109198879:k119_10579_length_267954_cov_8188.3526_fragment_2	NA,d__Bacteria;p__Pseudomonadota;c__Gammaproteobacteria;o__Enterobacterales;f__Enterobacteriaceae;g__Serratia,temperate
R_T2109198879:k119_3425_length_110159_cov_93.0170_fragment_2	Viruses;Duplodnaviria;Heunggongvirae;Uroviricota;Caudoviricetes;;,d__Bacteria;p__Bacillota;c__Bacilli;o__Staphylococcales;f__Staphylococcaceae;g__Staphylococcus,temperate
R_T2109198879:k119_11354_length_772115_cov_8182.4693_fragment_3	Viruses;Duplodnaviria;Heunggongvirae;Uroviricota;Caudoviricetes;;,d__Bacteria;p__Pseudomonadota;c__Gammaproteobacteria;o__Enterobacterales;f__Enterobacteriaceae;g__Serratia,temperate
T2109199035:k141_25322_length_312443_cov_2171.7555_fragment_1	Viruses;Duplodnaviria;Heunggongvirae;Uroviricota;Caudoviricetes;;,d__Bacteria;p__Pseudomonadota;c__Gammaproteobacteria;o__Enterobacterales;f__Enterobacteriaceae;g__Pantoea,temperate
T2109199035:k141_4753_length_184169_cov_61.4372_fragment_1	Viruses;Duplodnaviria;Heunggongvirae;Uroviricota;Caudoviricetes;;,NA,temperate
T2108174088:k141_130969_length_196811_cov_102.5769_fragment_2	NA,d__Bacteria;p__Actinomycetota;c__Actinomycetes;o__Propionibacteriales;f__Propionibacteriaceae;g__Arachnia,temperate
T2108174088:k141_1315910_length_129669_cov_103.7534_fragment_1	Viruses;Duplodnaviria;Heunggongvirae;Uroviricota;Caudoviricetes;;,d__Bacteria;p__Bacillota;c__Bacilli;o__Lactobacillales;f__Lactobacillaceae;g__Lactobacillus,temperate
T2108174088:k141_1928661_length_49270_cov_102.8313_fragment_1	Viruses;Duplodnaviria;Heunggongvirae;Uroviricota;Caudoviricetes;;,d__Bacteria;p__Pseudomonadota;c__Gammaproteobacteria;o__Enterobacterales;f__Pasteurellaceae;g__Haemophilus_D,temperate
T2108174088:k141_564571_length_123217_cov_77.9944_fragment_1	Viruses;Duplodnaviria;Heunggongvirae;Uroviricota;Caudoviricetes;;,NA,temperate
T2108174088:k141_1659597_length_46851_cov_160.0824	Viruses;Duplodnaviria;Heunggongvirae;Uroviricota;Caudoviricetes;;,d__Bacteria;p__Actinomycetota;c__Actinomycetes;o__Mycobacteriales;f__Mycobacteriaceae;g__Corynebacterium,virulent
T2108174088:k141_1269582_length_52106_cov_72.4220_fragment_1	Viruses;Duplodnaviria;Heunggongvirae;Uroviricota;Caudoviricetes;;,d__Bacteria;p__Bacillota;c__Bacilli;o__Lactobacillales;f__Lactobacillaceae;g__Lactobacillus,temperate
T2109199017:k141_5889_length_139294_cov_420.3674_fragment_1	Viruses;Duplodnaviria;Heunggongvirae;Uroviricota;Caudoviricetes;;,d__Bacteria;p__Bacillota;c__Bacilli;o__Staphylococcales;f__Staphylococcaceae;g__Staphylococcus,temperate
T2108173971:k141_1505787_length_188627_cov_71.0670_fragment_1	Viruses;Duplodnaviria;Heunggongvirae;Uroviricota;Caudoviricetes;;,d__Bacteria;p__Bacteroidota;c__Bacteroidia;o__Bacteroidales;f__Porphyromonadaceae;g__Porphyromonas,temperate
T2108173971:k141_1253775_length_106557_cov_100.9508_fragment_1	Viruses;Duplodnaviria;Heunggongvirae;Uroviricota;Caudoviricetes;;,d__Bacteria;p__Bacillota;c__Clostridia;o__Tissierellales;f__Peptoniphilaceae;g__Anaerococcus,temperate
T2109199134:k141_12916_length_59432_cov_1152.6487_fragment_1	Viruses;Duplodnaviria;Heunggongvirae;Uroviricota;Caudoviricetes;;,d__Bacteria;p__Bacillota;c__Bacilli;o__Staphylococcales;f__Staphylococcaceae;g__Staphylococcus,temperate
T2108174116:k141_1286707_length_49757_cov_108.2691_fragment_1	Viruses;Duplodnaviria;Heunggongvirae;Uroviricota;Caudoviricetes;;,d__Bacteria;p__Bacillota;c__Bacilli;o__Lactobacillales;f__Carnobacteriaceae;g__Dolosigranulum,temperate
DP1807004335:k119_3572_length_179819_cov_912.2258_fragment_1	Viruses;Duplodnaviria;Heunggongvirae;Uroviricota;Caudoviricetes;;,d__Bacteria;p__Actinomycetota;c__Actinomycetes;o__Mycobacteriales;f__Mycobacteriaceae;g__Mycobacterium,temperate
T2109199000:k141_18761_length_24678_cov_43.5953_fragment_1	Viruses;Duplodnaviria;Heunggongvirae;Uroviricota;Caudoviricetes;;,NA,temperate
T2108174053:k141_606870_length_37393_cov_49.9954_fragment_1	Viruses;Duplodnaviria;Heunggongvirae;Uroviricota;Caudoviricetes;;,d__Bacteria;p__Bacillota;c__Clostridia;o__Tissierellales;f__Peptoniphilaceae;g__Anaerococcus,virulent
R_T2109198961:k119_20113_length_512883_cov_11726.4205_fragment_2	Viruses;Duplodnaviria;Heunggongvirae;Uroviricota;Caudoviricetes;;,d__Bacteria;p__Pseudomonadota;c__Gammaproteobacteria;o__Enterobacterales;f__Enterobacteriaceae;g__Enterobacter,temperate
R_T2109198961:k119_14582_length_452502_cov_498.6219_fragment_1	Viruses;Duplodnaviria;Heunggongvirae;Uroviricota;Caudoviricetes;;,d__Bacteria;p__Bacillota;c__Bacilli;o__Lactobacillales;f__Enterococcaceae;g__Enterococcus_B,temperate
R_T2109198961:k119_12814_length_225841_cov_13991.7424_fragment_1	Viruses;Duplodnaviria;Heunggongvirae;Uroviricota;Caudoviricetes;;,d__Bacteria;p__Pseudomonadota;c__Gammaproteobacteria;o__Enterobacterales;f__Enterobacteriaceae;g__Enterobacter,temperate
1111525849758899:k141_1509005_length_29569_cov_80.0000_fragment_1	Viruses;Duplodnaviria;Heunggongvirae;Uroviricota;Caudoviricetes;;,d__Bacteria;p__Bacillota;c__Bacilli;o__Staphylococcales;f__Staphylococcaceae;g__Staphylococcus,temperate
DP1807004515:k119_70826_length_29478_cov_1406.2117_fragment_1	Viruses;Duplodnaviria;Heunggongvirae;Uroviricota;Caudoviricetes;;,d__Bacteria;p__Pseudomonadota;c__Gammaproteobacteria;o__Pseudomonadales;f__Moraxellaceae;g__Moraxella_A,temperate
MET0337:k119_8610_length_29535_cov_1373.2723_fragment_1	Viruses;Duplodnaviria;Heunggongvirae;Uroviricota;Caudoviricetes;;,d__Bacteria;p__Bacillota;c__Bacilli;o__Staphylococcales;f__Staphylococcaceae;g__Staphylococcus,temperate
MET0490:k119_11121_length_327775_cov_282.9656_fragment_1	Viruses;Duplodnaviria;Heunggongvirae;Uroviricota;Caudoviricetes;;,d__Bacteria;p__Actinomycetota;c__Actinomycetes;o__Mycobacteriales;f__Mycobacteriaceae;g__Corynebacterium,temperate
T2108174080:k141_450321_length_49157_cov_326.3024_fragment_1	Viruses;Duplodnaviria;Heunggongvirae;Uroviricota;Caudoviricetes;;,d__Bacteria;p__Actinomycetota;c__Actinomycetes;o__Mycobacteriales;f__Mycobacteriaceae;g__Corynebacterium,temperate
T2108174080:k141_320192_length_57723_cov_677.2072_fragment_1	Viruses;Duplodnaviria;Heunggongvirae;Uroviricota;Caudoviricetes;;,d__Bacteria;p__Actinomycetota;c__Actinomycetes;o__Mycobacteriales;f__Mycobacteriaceae;g__Corynebacterium,virulent
T2108174080:k141_441885_length_115524_cov_152.6208_fragment_1	Viruses;Duplodnaviria;Heunggongvirae;Uroviricota;Caudoviricetes;;,NA,temperate
T2108174080:k141_8772_length_229434_cov_130.9878_fragment_3	NA,d__Bacteria;p__Actinomycetota;c__Actinomycetes;o__Mycobacteriales;f__Mycobacteriaceae;g__Corynebacterium,virulent
R_T2109199087:k119_10546_length_48160_cov_266.9937_fragment_1	Viruses;Duplodnaviria;Heunggongvirae;Uroviricota;Caudoviricetes;;,NA,temperate
R_T2109199087:k119_74224_length_34786_cov_45.5856	NA,d__Bacteria;p__Bacillota;c__Bacilli;o__Lactobacillales;f__Enterococcaceae;g__Enterococcus_B,temperate
R_T2109199087:k119_34800_length_68883_cov_33.8648_fragment_1	Viruses;Duplodnaviria;Heunggongvirae;Uroviricota;Caudoviricetes;;,d__Bacteria;p__Bacillota;c__Bacilli;o__Bacillales;f__Bacillaceae_G;g__Bacillus_A,temperate
T2108174026:k141_159993_length_116347_cov_112.0000_fragment_1	Viruses;Duplodnaviria;Heunggongvirae;Uroviricota;Caudoviricetes;;,d__Bacteria;p__Pseudomonadota;c__Gammaproteobacteria;o__Burkholderiales;f__Burkholderiaceae;g__Rhodoferax_C,virulent
T2108174026:k141_789771_length_13576_cov_115.7432_fragment_1	Viruses;Monodnaviria;Loebvirae;Hofneiviricota;Faserviricetes;Tubulavirales;Inoviridae,d__Bacteria;p__Pseudomonadota;c__Gammaproteobacteria;o__Pseudomonadales;f__Pseudomonadaceae;g__Pseudomonas_E,virulent
R_T2109198934:k119_2678_length_142065_cov_4321.3912_fragment_1	Viruses;Duplodnaviria;Heunggongvirae;Uroviricota;Caudoviricetes;;,d__Bacteria;p__Pseudomonadota;c__Gammaproteobacteria;o__Enterobacterales;f__Enterobacteriaceae;g__Klebsiella,temperate
R_T2109198934:k119_19936_length_100865_cov_6016.6106_fragment_1	Viruses;Duplodnaviria;Heunggongvirae;Uroviricota;Caudoviricetes;;,d__Bacteria;p__Pseudomonadota;c__Gammaproteobacteria;o__Enterobacterales;f__Enterobacteriaceae;g__Enterobacter,temperate
R_T2109198934:k119_14307_length_92425_cov_6165.5407_fragment_1	Viruses;Duplodnaviria;Heunggongvirae;Uroviricota;Caudoviricetes;;,d__Bacteria;p__Pseudomonadota;c__Gammaproteobacteria;o__Enterobacterales;f__Enterobacteriaceae;g__Enterobacter,temperate
R_T2109198934:k119_17410_length_133118_cov_5548.6929_fragment_1	Viruses;Duplodnaviria;Heunggongvirae;Uroviricota;Caudoviricetes;;,d__Bacteria;p__Pseudomonadota;c__Gammaproteobacteria;o__Enterobacterales;f__Enterobacteriaceae;g__Citrobacter,temperate
R_T2109198934:k119_15086_length_344868_cov_6553.1616_fragment_1	Viruses;Duplodnaviria;Heunggongvirae;Uroviricota;Caudoviricetes;;,d__Bacteria;p__Pseudomonadota;c__Gammaproteobacteria;o__Enterobacterales;f__Enterobacteriaceae;g__Enterobacter,temperate
T2108174107:k141_713854_length_35185_cov_238.0965	Viruses;Duplodnaviria;Heunggongvirae;Uroviricota;Caudoviricetes;;,d__Bacteria;p__Pseudomonadota;c__Gammaproteobacteria;o__Burkholderiales;f__Neisseriaceae;g__Neisseria,virulent
MET0238:k119_9372_length_316754_cov_56.0000_fragment_2	Viruses;Duplodnaviria;Heunggongvirae;Uroviricota;Caudoviricetes;;,d__Bacteria;p__Actinomycetota;c__Actinomycetes;o__Propionibacteriales;f__Propionibacteriaceae;g__Cutibacterium,virulent
1111525849766308:k141_176385_length_40423_cov_119.9766_fragment_1	Viruses;Duplodnaviria;Heunggongvirae;Uroviricota;Caudoviricetes;;,NA,temperate
T2109198890:k141_17501_length_26271_cov_3288.5647_fragment_2	Viruses;Duplodnaviria;Heunggongvirae;Uroviricota;Caudoviricetes;;,d__Bacteria;p__Bacillota;c__Bacilli;o__Staphylococcales;f__Staphylococcaceae;g__Staphylococcus,temperate
T2108173988:k141_23884_length_133902_cov_64.5079_fragment_2	Viruses;Duplodnaviria;Heunggongvirae;Uroviricota;Caudoviricetes;;,d__Bacteria;p__Pseudomonadota;c__Gammaproteobacteria;o__Pseudomonadales;f__Moraxellaceae;g__Acinetobacter,temperate
T2108173988:k141_324108_length_90283_cov_177.1392_fragment_1	NA,d__Bacteria;p__Pseudomonadota;c__Gammaproteobacteria;o__Pseudomonadales;f__Moraxellaceae;g__Acinetobacter,temperate
T2108173988:k141_107524_length_22584_cov_73.9252_fragment_1	Viruses;Monodnaviria;Loebvirae;Hofneiviricota;Faserviricetes;Tubulavirales;Inoviridae,d__Bacteria;p__Pseudomonadota;c__Gammaproteobacteria;o__Xanthomonadales;f__Xanthomonadaceae;g__Luteimonas,virulent
T2108173889:k141_2913619_length_151011_cov_109.1967_fragment_1	Viruses;Duplodnaviria;Heunggongvirae;Uroviricota;Caudoviricetes;;,d__Bacteria;p__Pseudomonadota;c__Gammaproteobacteria;o__Enterobacterales;f__Enterobacteriaceae;g__Pantoea,temperate
T2108173889:k141_1712046_length_94127_cov_72.0915_fragment_1	NA,d__Bacteria;p__Bacillota;c__Bacilli;o__Lactobacillales;f__Enterococcaceae;g__Enterococcus,virulent
T2108173889:k141_1009858_length_83166_cov_84.6753_fragment_1	Viruses;Duplodnaviria;Heunggongvirae;Uroviricota;Caudoviricetes;;,d__Bacteria;p__Pseudomonadota;c__Gammaproteobacteria;o__Enterobacterales;f__Enterobacteriaceae;g__Pantoea,temperate
1111525849479064:k141_584838_length_265832_cov_83.7098_fragment_1	Viruses;Duplodnaviria;Heunggongvirae;Uroviricota;Caudoviricetes;;,d__Bacteria;p__Pseudomonadota;c__Gammaproteobacteria;o__Enterobacterales;f__Enterobacteriaceae;g__Citrobacter,temperate
1111525849856911:k141_623701_length_41069_cov_120.0000_fragment_1	Viruses;Duplodnaviria;Heunggongvirae;Uroviricota;Caudoviricetes;;,d__Bacteria;p__Bacillota;c__Clostridia;o__Tissierellales;f__Peptoniphilaceae;g__Anaerococcus,temperate
1111525849736752:k141_564243_length_44251_cov_322.4632	Viruses;Duplodnaviria;Heunggongvirae;Uroviricota;Caudoviricetes;;,d__Bacteria;p__Pseudomonadota;c__Gammaproteobacteria;o__Pseudomonadales;f__Moraxellaceae;g__Moraxella_A,temperate
1111525849736752:k141_1032886_length_34140_cov_82.7522_fragment_1	Viruses;Duplodnaviria;Heunggongvirae;Uroviricota;Caudoviricetes;;,d__Bacteria;p__Actinomycetota;c__Actinomycetes;o__Mycobacteriales;f__Mycobacteriaceae;g__Corynebacterium,virulent
T2109198980:k141_64179_length_482489_cov_881.2808_fragment_4	Viruses;Duplodnaviria;Heunggongvirae;Uroviricota;Caudoviricetes;;,d__Bacteria;p__Bacillota;c__Bacilli;o__Bacillales;f__Bacillaceae_G;g__Bacillus_A,temperate
T2109198980:k141_5142_length_160647_cov_830.1294_fragment_1	Viruses;Duplodnaviria;Heunggongvirae;Uroviricota;Caudoviricetes;;,d__Bacteria;p__Bacillota;c__Bacilli;o__Bacillales;f__Bacillaceae_G;g__Bacillus_A,virulent
T2109198980:k141_10993_length_158686_cov_862.4838_fragment_2	NA,d__Bacteria;p__Bacillota;c__Bacilli;o__Bacillales;f__Bacillaceae_G;g__Bacillus_A,temperate
T2109198980:k141_54661_length_600837_cov_1114.8108_fragment_1	Viruses;Duplodnaviria;Heunggongvirae;Uroviricota;Caudoviricetes;;,d__Bacteria;p__Bacillota;c__Bacilli;o__Lactobacillales;f__Enterococcaceae;g__Enterococcus,temperate
T2109198980:k141_7169_length_302675_cov_1323.2838_fragment_3	Viruses;Duplodnaviria;Heunggongvirae;Uroviricota;Caudoviricetes;;,d__Bacteria;p__Bacillota;c__Bacilli;o__Lactobacillales;f__Enterococcaceae;g__Enterococcus_B,temperate
T2109198944:k141_26023_length_37917_cov_113.6946_fragment_1	Viruses;Duplodnaviria;Heunggongvirae;Uroviricota;Caudoviricetes;;,d__Bacteria;p__Bacillota;c__Bacilli;o__Staphylococcales;f__Staphylococcaceae;g__Staphylococcus,temperate
T2109199178:k141_2014_length_107304_cov_741.7826_fragment_1	Viruses;Duplodnaviria;Heunggongvirae;Uroviricota;Caudoviricetes;;,NA,temperate
1111525849766731:k141_866824_length_50223_cov_53.4213_fragment_1	Viruses;Duplodnaviria;Heunggongvirae;Uroviricota;Caudoviricetes;;,d__Bacteria;p__Pseudomonadota;c__Alphaproteobacteria;o__Sphingomonadales;f__Sphingomonadaceae;g__Blastomonas,temperate
T2109198962:k141_9436_length_100573_cov_1333.0274_fragment_3	Viruses;Duplodnaviria;Heunggongvirae;Uroviricota;Caudoviricetes;;,d__Bacteria;p__Pseudomonadota;c__Gammaproteobacteria;o__Pseudomonadales;f__Pseudomonadaceae;g__Pseudomonas_E,temperate
T2108174013:k141_602754_length_111466_cov_1308.1795_fragment_2	Viruses;Duplodnaviria;Heunggongvirae;Uroviricota;Caudoviricetes;;,d__Bacteria;p__Actinomycetota;c__Actinomycetes;o__Mycobacteriales;f__Mycobacteriaceae;g__Corynebacterium,virulent
MET0171:k119_15208_length_468502_cov_130.0536_fragment_1	Viruses;Duplodnaviria;Heunggongvirae;Uroviricota;Caudoviricetes;;,d__Bacteria;p__Pseudomonadota;c__Gammaproteobacteria;o__Pseudomonadales;f__Pseudomonadaceae;g__Pseudomonas_E,temperate
T2108174040:k141_471052_length_283536_cov_120.5222_fragment_2	Viruses;Duplodnaviria;Heunggongvirae;Uroviricota;Caudoviricetes;;,d__Bacteria;p__Bacillota;c__Bacilli;o__Lactobacillales;f__Lactobacillaceae;g__Lactobacillus,temperate
T2108174040:k141_103379_length_143660_cov_94.0742_fragment_1	Viruses;Duplodnaviria;Heunggongvirae;Uroviricota;Caudoviricetes;;,d__Bacteria;p__Bacillota;c__Bacilli;o__Lactobacillales;f__Lactobacillaceae;g__Lactiplantibacillus,temperate
T2108174022:k141_317664_length_83281_cov_181.9848_fragment_1	NA,d__Bacteria;p__Actinomycetota;c__Actinomycetes;o__Mycobacteriales;f__Mycobacteriaceae;g__Corynebacterium,virulent
T2108174022:k141_403027_length_43041_cov_170.1505_fragment_1	Viruses;Duplodnaviria;Heunggongvirae;Uroviricota;Caudoviricetes;;,d__Bacteria;p__Bacillota;c__Bacilli;o__Lactobacillales;f__Streptococcaceae;g__Streptococcus,temperate
1111525849742904:k141_877535_length_36284_cov_140.2578_fragment_1	Viruses;Duplodnaviria;Heunggongvirae;Uroviricota;Caudoviricetes;;,d__Bacteria;p__Actinomycetota;c__Actinomycetes;o__Actinomycetales;f__Bifidobacteriaceae;g__Bifidobacterium,temperate
T2109198931:k141_52358_length_214021_cov_1780.5963_fragment_1	Viruses;Duplodnaviria;Heunggongvirae;Uroviricota;Caudoviricetes;;,d__Bacteria;p__Bacillota;c__Bacilli;o__Staphylococcales;f__Staphylococcaceae;g__Staphylococcus,temperate
T2109198931:k141_71259_length_21009_cov_5979.3306_fragment_1	Viruses;Duplodnaviria;Heunggongvirae;Uroviricota;Caudoviricetes;;,d__Bacteria;p__Bacillota;c__Bacilli;o__Staphylococcales;f__Staphylococcaceae;g__Staphylococcus,temperate
T2107171996:k141_25054_length_70636_cov_305.0167_fragment_1	Viruses;Duplodnaviria;Heunggongvirae;Uroviricota;Caudoviricetes;;,d__Bacteria;p__Pseudomonadota;c__Gammaproteobacteria;o__Pseudomonadales;f__Moraxellaceae;g__Moraxella_A,virulent
1111525849663614:k141_1010108_length_60054_cov_71.9831_fragment_1	NA,NA,temperate
T2109199039:k141_11177_length_82987_cov_9186.8398_fragment_1	Viruses;Duplodnaviria;Heunggongvirae;Uroviricota;Caudoviricetes;;,NA,temperate
T2109198940:k141_24741_length_42972_cov_2852.5748	NA,d__Bacteria;p__Bacillota;c__Bacilli;o__Bacillales;f__Bacillaceae_G;g__Bacillus_A,temperate
1111525849486260:k141_13976_length_74418_cov_113.8081_fragment_2	Viruses;Duplodnaviria;Heunggongvirae;Uroviricota;Caudoviricetes;;,d__Bacteria;p__Bacillota;c__Bacilli;o__Staphylococcales;f__Staphylococcaceae;g__Staphylococcus,temperate
1111525849486260:k141_276285_length_31284_cov_112.7723	Viruses;Duplodnaviria;Heunggongvirae;Uroviricota;Caudoviricetes;;,d__Bacteria;p__Vulcanimicrobiota;c__Xenobia;o__Xenobiales;f__JADMJV01;g__JAEXNA01,temperate
1111525849742850:k141_1027958_length_73902_cov_168.4827_fragment_1	Viruses;Duplodnaviria;Heunggongvirae;Uroviricota;Caudoviricetes;;,d__Bacteria;p__Fusobacteriota;c__Fusobacteriia;o__Fusobacteriales;f__Leptotrichiaceae;g__Sneathia,temperate
T2108173894:k141_396478_length_35586_cov_89.0791_fragment_1	Viruses;Duplodnaviria;Heunggongvirae;Uroviricota;Caudoviricetes;;,NA,temperate
T2108173975:k141_167617_length_166516_cov_118.9730_fragment_1	Viruses;Duplodnaviria;Heunggongvirae;Uroviricota;Caudoviricetes;;,d__Bacteria;p__Bacillota;c__Clostridia;o__Tissierellales;f__Peptoniphilaceae;g__Anaerococcus,temperate
T2107171978:k141_336291_length_44150_cov_51.0211_fragment_1	Viruses;Duplodnaviria;Heunggongvirae;Uroviricota;Caudoviricetes;;,d__Bacteria;p__Bacillota;c__Clostridia;o__Tissierellales;f__Peptoniphilaceae;g__CAMYOU01,temperate
T2107171978:k141_255808_length_48210_cov_778.2326_fragment_1	Viruses;Duplodnaviria;Heunggongvirae;Uroviricota;Caudoviricetes;;,d__Bacteria;p__Bacillota;c__Bacilli;o__Staphylococcales;f__Staphylococcaceae;g__Staphylococcus,temperate
T2107171978:k141_128210_length_58843_cov_652.1406_fragment_1	Viruses;Duplodnaviria;Heunggongvirae;Uroviricota;Caudoviricetes;;,d__Bacteria;p__Bacillota;c__Bacilli;o__Staphylococcales;f__Staphylococcaceae;g__Staphylococcus,temperate
T2107171978:k141_352877_length_61206_cov_107.8696_fragment_1	Viruses;Duplodnaviria;Heunggongvirae;Uroviricota;Caudoviricetes;;,d__Bacteria;p__Bacillota;c__Clostridia;o__Tissierellales;f__Peptoniphilaceae;g__Anaerococcus,temperate
DS1912041097-1:k141_10285_length_45295_cov_154.4529_fragment_1	Viruses;Duplodnaviria;Heunggongvirae;Uroviricota;Caudoviricetes;;,d__Bacteria;p__Pseudomonadota;c__Alphaproteobacteria;o__Sphingomonadales;f__Sphingomonadaceae;g__Sphingomonas,temperate
T2108173904:k141_2421278_length_79290_cov_117.0210_fragment_1	NA,NA,temperate
MET0287:k119_103812_length_36017_cov_71.9664_fragment_1	NA,NA,virulent
MET0584:k119_2309_length_53153_cov_365.0000_fragment_1	Viruses;Duplodnaviria;Heunggongvirae;Uroviricota;Caudoviricetes;;,d__Bacteria;p__Bacillota;c__Bacilli;o__Lactobacillales;f__Streptococcaceae;g__Streptococcus,temperate
1111525849480213:k141_265741_length_323940_cov_45.5447_fragment_3	Viruses;Duplodnaviria;Heunggongvirae;Uroviricota;Caudoviricetes;;,d__Bacteria;p__Actinomycetota;c__Actinomycetes;o__Mycobacteriales;f__Mycobacteriaceae;g__Lawsonella,temperate
T2108173922:k141_9474_length_157664_cov_125.7822_fragment_1	Viruses;Duplodnaviria;Heunggongvirae;Uroviricota;Caudoviricetes;;,d__Bacteria;p__Bacillota;c__Bacilli;o__Lactobacillales;f__Lactobacillaceae;g__Lactobacillus,temperate
T2108174048:k141_110912_length_40772_cov_37.8303_fragment_2	Viruses;Duplodnaviria;Heunggongvirae;Uroviricota;Caudoviricetes;;,d__Bacteria;p__Actinomycetota;c__Actinomycetes;o__Mycobacteriales;f__Mycobacteriaceae;g__Corynebacterium,virulent
T2108174048:k141_724651_length_79391_cov_78.7424_fragment_2	Viruses;Duplodnaviria;Heunggongvirae;Uroviricota;Caudoviricetes;;,d__Bacteria;p__Bacillota;c__Clostridia;o__Tissierellales;f__Peptoniphilaceae;g__Anaerococcus,virulent
T2108174048:k141_24020_length_28674_cov_40.9249	Viruses;Duplodnaviria;Heunggongvirae;Uroviricota;Caudoviricetes;;,d__Bacteria;p__Pseudomonadota;c__Alphaproteobacteria;o__Rhodobacterales;f__Rhodobacteraceae;g__Paracoccus,temperate
T2108174048:k141_212281_length_388743_cov_3849.1370_fragment_6	Viruses;Duplodnaviria;Heunggongvirae;Uroviricota;Caudoviricetes;;,d__Bacteria;p__Bacillota;c__Bacilli;o__Staphylococcales;f__Staphylococcaceae;g__Staphylococcus,virulent
T2108174048:k141_42563_length_822220_cov_129.0865_fragment_1	Viruses;Duplodnaviria;Heunggongvirae;Uroviricota;Caudoviricetes;;,NA,virulent
T2108174048:k141_528462_length_50888_cov_220.0464	NA,d__Bacteria;p__Actinomycetota;c__Actinomycetes;o__Mycobacteriales;f__Mycobacteriaceae;g__Corynebacterium,temperate
T2108174048:k141_451225_length_63970_cov_69.6714_fragment_1	Viruses;Duplodnaviria;Heunggongvirae;Uroviricota;Caudoviricetes;;,NA,temperate
T2108174048:k141_525237_length_289771_cov_130.9997_fragment_3	Viruses;Duplodnaviria;Heunggongvirae;Uroviricota;Caudoviricetes;;,d__Bacteria;p__Bacillota;c__Bacilli;o__Lactobacillales;f__Enterococcaceae;g__Enterococcus,temperate
T2109199013:k141_20423_length_18243_cov_160.6460_fragment_1	Viruses;Duplodnaviria;Heunggongvirae;Uroviricota;Caudoviricetes;;,d__Bacteria;p__Bacillota;c__Bacilli;o__Staphylococcales;f__Staphylococcaceae;g__Staphylococcus,temperate
R_T2109198893:k119_6817_length_59104_cov_1236.8816_fragment_1	Viruses;Duplodnaviria;Heunggongvirae;Uroviricota;Caudoviricetes;;,d__Bacteria;p__Bacillota;c__Bacilli;o__Staphylococcales;f__Staphylococcaceae;g__Staphylococcus,temperate
1111525849742984:k141_2306452_length_54697_cov_109.1664_fragment_1	Viruses;Duplodnaviria;Heunggongvirae;Uroviricota;Caudoviricetes;;,d__Bacteria;p__Pseudomonadota;c__Gammaproteobacteria;o__Pseudomonadales;f__Pseudomonadaceae;g__Pseudomonas_E,temperate
1111525849858814:k141_68932_length_144499_cov_183.0047_fragment_5	Viruses;Duplodnaviria;Heunggongvirae;Uroviricota;Caudoviricetes;;,NA,virulent
T2109198993:k141_27049_length_21502_cov_111.9975	Viruses;Duplodnaviria;Heunggongvirae;Uroviricota;Caudoviricetes;;,d__Bacteria;p__Bacillota;c__Bacilli;o__Staphylococcales;f__Staphylococcaceae;g__Staphylococcus,virulent
T2109198984:k141_20293_length_47225_cov_697.9143_fragment_1	Viruses;Duplodnaviria;Heunggongvirae;Uroviricota;Caudoviricetes;;,d__Bacteria;p__Bacillota;c__Bacilli;o__Staphylococcales;f__Staphylococcaceae;g__Staphylococcus,temperate
1111525849858166:k141_47488_length_322849_cov_132.7328_fragment_1	Viruses;Duplodnaviria;Heunggongvirae;Uroviricota;Caudoviricetes;;,d__Bacteria;p__Actinomycetota;c__Actinomycetes;o__Mycobacteriales;f__Mycobacteriaceae;g__Lawsonella,virulent
T2109198966:k141_33622_length_22709_cov_786.6620_fragment_1	Viruses;Duplodnaviria;Heunggongvirae;Uroviricota;Caudoviricetes;;,d__Bacteria;p__Bacillota;c__Bacilli;o__Staphylococcales;f__Staphylococcaceae;g__Staphylococcus,temperate
T2108174110:k141_808708_length_88276_cov_174.3663_fragment_1	Viruses;Duplodnaviria;Heunggongvirae;Uroviricota;Caudoviricetes;;,d__Bacteria;p__Actinomycetota;c__Actinomycetes;o__Mycobacteriales;f__Mycobacteriaceae;g__Corynebacterium,virulent
MET0205:k119_7700_length_181919_cov_447.9017_fragment_1	Viruses;Duplodnaviria;Heunggongvirae;Uroviricota;Caudoviricetes;;,d__Bacteria;p__Bacillota;c__Bacilli;o__Lactobacillales;f__Carnobacteriaceae;g__Alloiococcus,virulent
T2107172014:k141_393517_length_152177_cov_203.6362_fragment_1	NA,NA,temperate
MET0223:k119_70523_length_114572_cov_201.4533_fragment_1	Viruses;Duplodnaviria;Heunggongvirae;Uroviricota;Caudoviricetes;;,d__Bacteria;p__Actinomycetota;c__Actinomycetes;o__Actinomycetales;f__Microbacteriaceae;g__Microbacterium,temperate
T2107172005:k141_1589323_length_22961_cov_128.9017	NA,d__Bacteria;p__Pseudomonadota;c__Alphaproteobacteria;o__Rhizobiales;f__Beijerinckiaceae;g__Bosea,virulent
R_T2109198910:k119_5801_length_468714_cov_9782.0903_fragment_1	Viruses;Duplodnaviria;Heunggongvirae;Uroviricota;Caudoviricetes;;,d__Bacteria;p__Pseudomonadota;c__Gammaproteobacteria;o__Enterobacterales;f__Enterobacteriaceae;g__Klebsiella,temperate
R_T2109198910:k119_3971_length_221257_cov_9009.0993_fragment_1	Viruses;Duplodnaviria;Heunggongvirae;Uroviricota;Caudoviricetes;;,d__Bacteria;p__Pseudomonadota;c__Gammaproteobacteria;o__Enterobacterales;f__Enterobacteriaceae;g__Klebsiella,temperate
R_T2109198910:k119_5581_length_162291_cov_24.9970_fragment_2	Viruses;Duplodnaviria;Heunggongvirae;Uroviricota;Caudoviricetes;;,d__Bacteria;p__Pseudomonadota;c__Gammaproteobacteria;o__Pseudomonadales;f__Moraxellaceae;g__Acinetobacter,temperate
T2107172023:k141_378930_length_54240_cov_150.1140_fragment_1	Viruses;Duplodnaviria;Heunggongvirae;Uroviricota;Caudoviricetes;;,NA,temperate
T2108174101:k141_931730_length_44300_cov_155.9935	NA,NA,virulent
T2107171985:k141_947253_length_55814_cov_146.2995_fragment_1	Viruses;Duplodnaviria;Heunggongvirae;Uroviricota;Caudoviricetes;;,d__Bacteria;p__Bacillota;c__Clostridia;o__Tissierellales;f__Peptoniphilaceae;g__Anaerococcus,temperate
T2108173946:k141_832941_length_64033_cov_94.0383_fragment_1	Viruses;Duplodnaviria;Heunggongvirae;Uroviricota;Caudoviricetes;;,d__Bacteria;p__Pseudomonadota;c__Gammaproteobacteria;o__Burkholderiales;f__Burkholderiaceae;g__Aquincola,temperate
T2108173946:k141_894024_length_98134_cov_299.2091_fragment_1	Viruses;Duplodnaviria;Heunggongvirae;Uroviricota;Caudoviricetes;;,NA,temperate
T2108173946:k141_984480_length_51147_cov_104.1281_fragment_1	Viruses;Duplodnaviria;Heunggongvirae;Uroviricota;Caudoviricetes;;,d__Bacteria;p__Pseudomonadota;c__Gammaproteobacteria;o__Burkholderiales;f__Burkholderiaceae;g__Aquincola,temperate
T2108173946:k141_485245_length_37880_cov_61.0000	Viruses;Duplodnaviria;Heunggongvirae;Uroviricota;Caudoviricetes;;,NA,virulent
T2108173946:k141_1279039_length_46416_cov_84.7492_fragment_1	Viruses;Duplodnaviria;Heunggongvirae;Uroviricota;Caudoviricetes;;,NA,temperate
T2108173946:k141_636463_length_46028_cov_100.9081	NA,NA,temperate
T2108173946:k141_1819100_length_127460_cov_134.3547_fragment_1	Viruses;Duplodnaviria;Heunggongvirae;Uroviricota;Caudoviricetes;;,d__Bacteria;p__Pseudomonadota;c__Gammaproteobacteria;o__Burkholderiales;f__Burkholderiaceae;g__Rhodoferax_A,temperate
T2109198911:k141_96149_length_222636_cov_3778.9564_fragment_1	Viruses;Duplodnaviria;Heunggongvirae;Uroviricota;Caudoviricetes;;,d__Bacteria;p__Bacillota;c__Bacilli;o__Staphylococcales;f__Staphylococcaceae;g__Staphylococcus,temperate
T2108173964:k141_1070221_length_74110_cov_93.4867_fragment_1	NA,d__Bacteria;p__Bacillota;c__Clostridia;o__Tissierellales;f__Peptoniphilaceae;g__Anaerococcus,temperate
T2109199046:k141_6373_length_243900_cov_2014.6171_fragment_1	Viruses;Duplodnaviria;Heunggongvirae;Uroviricota;Caudoviricetes;;,d__Bacteria;p__Pseudomonadota;c__Gammaproteobacteria;o__Enterobacterales;f__Enterobacteriaceae;g__Enterobacter,temperate
T2107171967:k141_954050_length_62303_cov_73.9260	NA,d__Bacteria;p__Pseudomonadota;c__Alphaproteobacteria;o__Rhodobacterales;f__Rhodobacteraceae;g__Haematobacter,temperate
T2107171994:k141_202924_length_52702_cov_199.7761_fragment_1	NA,NA,temperate
T2108173919:k141_741313_length_49030_cov_87.3237_fragment_1	Viruses;Duplodnaviria;Heunggongvirae;Uroviricota;Caudoviricetes;;,d__Bacteria;p__Pseudomonadota;c__Gammaproteobacteria;o__Pseudomonadales;f__Moraxellaceae;g__Acinetobacter,temperate
R_T2109198998:k119_7559_length_225799_cov_24.8380_fragment_1	Viruses;Duplodnaviria;Heunggongvirae;Uroviricota;Caudoviricetes;;,d__Bacteria;p__Bacillota;c__Bacilli;o__Staphylococcales;f__Staphylococcaceae;g__Staphylococcus,temperate
R_T2109198998:k119_7263_length_60474_cov_18.9436_fragment_1	Viruses;Duplodnaviria;Heunggongvirae;Uroviricota;Caudoviricetes;;,d__Bacteria;p__Bacillota;c__Bacilli;o__Lactobacillales;f__Enterococcaceae;g__Enterococcus,temperate
T2109199190:k141_53276_length_100297_cov_4978.7063_fragment_1	Viruses;Duplodnaviria;Heunggongvirae;Uroviricota;Caudoviricetes;;,d__Bacteria;p__Pseudomonadota;c__Gammaproteobacteria;o__Enterobacterales;f__Enterobacteriaceae;g__Klebsiella,temperate
T2109199190:k141_12402_length_110299_cov_5304.7980_fragment_1	Viruses;Duplodnaviria;Heunggongvirae;Uroviricota;Caudoviricetes;;,d__Bacteria;p__Pseudomonadota;c__Gammaproteobacteria;o__Enterobacterales;f__Enterobacteriaceae;g__Klebsiella,temperate
T2108173973:k141_1151093_length_229641_cov_180.7886_fragment_2	NA,d__Bacteria;p__Pseudomonadota;c__Gammaproteobacteria;o__Enterobacterales;f__Enterobacteriaceae;g__Providencia,temperate
T2108173973:k141_317388_length_86558_cov_109.1578_fragment_1	Viruses;Duplodnaviria;Heunggongvirae;Uroviricota;Caudoviricetes;;,d__Bacteria;p__Bacillota;c__Bacilli;o__Lactobacillales;f__Streptococcaceae;g__Streptococcus,temperate
T2109199055:k141_47607_length_111766_cov_807.7284_fragment_2	Viruses;Duplodnaviria;Heunggongvirae;Uroviricota;Caudoviricetes;;,d__Bacteria;p__Bacillota;c__Bacilli;o__Staphylococcales;f__Staphylococcaceae;g__Staphylococcus,temperate
1111525849480310:k141_1199809_length_48163_cov_152.4112_fragment_1	Viruses;Duplodnaviria;Heunggongvirae;Uroviricota;Caudoviricetes;;,d__Bacteria;p__Pseudomonadota;c__Gammaproteobacteria;o__Enterobacterales;f__Enterobacteriaceae;g__Yokenella,temperate
MET0483:k119_29230_length_25904_cov_177.8627_fragment_1	Viruses;Duplodnaviria;Heunggongvirae;Uroviricota;Caudoviricetes;;,NA,virulent
T2108174037:k141_55145_length_46259_cov_182.2870	NA,d__Bacteria;p__Actinomycetota;c__Actinomycetes;o__Mycobacteriales;f__Pseudonocardiaceae;g__Thermocrispum,temperate
T2108174037:k141_60755_length_62614_cov_98.1982_fragment_1	Viruses;Duplodnaviria;Heunggongvirae;Uroviricota;Caudoviricetes;;,d__Bacteria;p__Actinomycetota;c__Actinomycetes;o__Mycobacteriales;f__Mycobacteriaceae;g__Corynebacterium,virulent
T2108174037:k141_236337_length_245849_cov_138.5741_fragment_1	Viruses;Duplodnaviria;Heunggongvirae;Uroviricota;Caudoviricetes;;,d__Bacteria;p__Pseudomonadota;c__Gammaproteobacteria;o__Pseudomonadales;f__Pseudomonadaceae;g__Metapseudomonas,temperate
T2108173902:k141_469449_length_181330_cov_75.9317_fragment_3	Viruses;Duplodnaviria;Heunggongvirae;Uroviricota;Caudoviricetes;;,d__Bacteria;p__Pseudomonadota;c__Gammaproteobacteria;o__Enterobacterales;f__Alteromonadaceae;g__Pararheinheimera,virulent
R_T2109198909:k119_5899_length_301092_cov_11766.9908_fragment_2	Viruses;Duplodnaviria;Heunggongvirae;Uroviricota;Caudoviricetes;;,d__Bacteria;p__Pseudomonadota;c__Gammaproteobacteria;o__Enterobacterales;f__Enterobacteriaceae;g__Citrobacter,temperate
R_T2109198909:k119_7768_length_217959_cov_10126.6758_fragment_1	Viruses;Duplodnaviria;Heunggongvirae;Uroviricota;Caudoviricetes;;,d__Bacteria;p__Pseudomonadota;c__Gammaproteobacteria;o__Enterobacterales;f__Enterobacteriaceae;g__Klebsiella,temperate
T2108174073:k141_1176566_length_202112_cov_93.9575_fragment_1	Viruses;Duplodnaviria;Heunggongvirae;Uroviricota;Caudoviricetes;;,d__Bacteria;p__Bacillota;c__Bacilli;o__Staphylococcales;f__Staphylococcaceae;g__Staphylococcus,temperate
T2109199002:k141_2970_length_42986_cov_4725.1635_fragment_1	Viruses;Duplodnaviria;Heunggongvirae;Uroviricota;Caudoviricetes;;,d__Bacteria;p__Bacillota;c__Negativicutes;o__Veillonellales;f__Veillonellaceae;g__Veillonella,temperate
1111525849743011:k141_420429_length_38227_cov_121.8221_fragment_1	Viruses;Duplodnaviria;Heunggongvirae;Uroviricota;Caudoviricetes;;,NA,temperate
1111525849743011:k141_1379479_length_37260_cov_127.0000	NA,d__Bacteria;p__Actinomycetota;c__Actinomycetes;o__Mycobacteriales;f__Mycobacteriaceae;g__Corynebacterium,virulent
R_T2109198882:k119_2226_length_213751_cov_9267.3240_fragment_2	Viruses;Duplodnaviria;Heunggongvirae;Uroviricota;Caudoviricetes;;,d__Bacteria;p__Pseudomonadota;c__Gammaproteobacteria;o__Enterobacterales;f__Enterobacteriaceae;g__Klebsiella,temperate
T2108173920:k141_554655_length_18362_cov_98.0000	Viruses;Duplodnaviria;Heunggongvirae;Uroviricota;Caudoviricetes;;,NA,temperate
R_T2109198927:k119_3389_length_92690_cov_2434.6574_fragment_1	Viruses;Duplodnaviria;Heunggongvirae;Uroviricota;Caudoviricetes;;,d__Bacteria;p__Pseudomonadota;c__Gammaproteobacteria;o__Pseudomonadales;f__Moraxellaceae;g__Acinetobacter,temperate
R_T2109198927:k119_1734_length_68282_cov_2226.7568_fragment_1	Viruses;Duplodnaviria;Heunggongvirae;Uroviricota;Caudoviricetes;;,d__Bacteria;p__Pseudomonadota;c__Gammaproteobacteria;o__Pseudomonadales;f__Moraxellaceae;g__Acinetobacter,temperate
R_T2109198927:k119_7856_length_36640_cov_14.0000_fragment_1	NA,d__Bacteria;p__Bacillota;c__Bacilli;o__Staphylococcales;f__Staphylococcaceae;g__Staphylococcus,temperate
R_T2109198954:k119_4304_length_88664_cov_708.6458_fragment_1	Viruses;Duplodnaviria;Heunggongvirae;Uroviricota;Caudoviricetes;;,d__Bacteria;p__Bacillota;c__Bacilli;o__Staphylococcales;f__Staphylococcaceae;g__Staphylococcus,temperate
R_T2109198954:k119_11323_length_197533_cov_5223.9689_fragment_1	Viruses;Duplodnaviria;Heunggongvirae;Uroviricota;Caudoviricetes;;,d__Bacteria;p__Pseudomonadota;c__Gammaproteobacteria;o__Enterobacterales;f__Enterobacteriaceae;g__Klebsiella,temperate
R_T2109198954:k119_3708_length_97029_cov_53.9891_fragment_1	Viruses;Duplodnaviria;Heunggongvirae;Uroviricota;Caudoviricetes;;,d__Bacteria;p__Bacillota;c__Bacilli;o__Staphylococcales;f__Staphylococcaceae;g__Staphylococcus,temperate
T2108173911:k141_45726_length_131921_cov_88.8485_fragment_1	Viruses;Duplodnaviria;Heunggongvirae;Uroviricota;Caudoviricetes;;,d__Bacteria;p__Pseudomonadota;c__Alphaproteobacteria;o__Rhizobiales;f__Rhizobiaceae;g__Brucella,temperate
T2108173911:k141_98644_length_156098_cov_95.1420_fragment_1	Viruses;Duplodnaviria;Heunggongvirae;Uroviricota;Caudoviricetes;;,d__Bacteria;p__Pseudomonadota;c__Alphaproteobacteria;o__Rhodobacterales;f__Rhodobacteraceae;g__Paracoccus,temperate
T2108173911:k141_297422_length_53706_cov_120.9534	Viruses;Duplodnaviria;Heunggongvirae;Uroviricota;Caudoviricetes;;,NA,temperate
T2108173911:k141_244755_length_136795_cov_94.7300_fragment_2	Viruses;Duplodnaviria;Heunggongvirae;Uroviricota;Caudoviricetes;;,d__Bacteria;p__Pseudomonadota;c__Alphaproteobacteria;o__Rhizobiales;f__Rhizobiaceae;g__Brucella,virulent
T2108173911:k141_297797_length_56227_cov_82.0000_fragment_1	Viruses;Duplodnaviria;Heunggongvirae;Uroviricota;Caudoviricetes;;,d__Bacteria;p__Pseudomonadota;c__Alphaproteobacteria;o__Rhizobiales;f__Rhizobiaceae;g__Brucella,virulent
R_T2109198918:k119_20760_length_295886_cov_3900.4726_fragment_1	Viruses;Duplodnaviria;Heunggongvirae;Uroviricota;Caudoviricetes;;,d__Bacteria;p__Pseudomonadota;c__Gammaproteobacteria;o__Pseudomonadales;f__Moraxellaceae;g__Acinetobacter,temperate
R_T2109198918:k119_23206_length_58847_cov_38.7690_fragment_1	Viruses;Duplodnaviria;Heunggongvirae;Uroviricota;Caudoviricetes;;,d__Bacteria;p__Actinomycetota;c__Actinomycetes;o__Mycobacteriales;f__Mycobacteriaceae;g__Corynebacterium,virulent
R_T2109198918:k119_22637_length_337143_cov_83.9901_fragment_4	Viruses;Duplodnaviria;Heunggongvirae;Uroviricota;Caudoviricetes;;,d__Bacteria;p__Pseudomonadota;c__Gammaproteobacteria;o__Burkholderiales;f__Burkholderiaceae;g__Telluria,temperate
R_T2109198918:k119_18548_length_97878_cov_93.9810_fragment_1	Viruses;Duplodnaviria;Heunggongvirae;Uroviricota;Caudoviricetes;;,d__Bacteria;p__Pseudomonadota;c__Gammaproteobacteria;o__Pseudomonadales;f__Moraxellaceae;g__Acinetobacter,temperate
R_T2109198918:k119_15917_length_121193_cov_98.3500_fragment_1	Viruses;Duplodnaviria;Heunggongvirae;Uroviricota;Caudoviricetes;;,d__Bacteria;p__Pseudomonadota;c__Gammaproteobacteria;o__Burkholderiales;f__Burkholderiaceae;g__Telluria,virulent
T2108174064:k141_883363_length_52612_cov_79.0000_fragment_1	Viruses;Duplodnaviria;Heunggongvirae;Uroviricota;Caudoviricetes;;,d__Bacteria;p__Bacillota;c__Clostridia;o__Tissierellales;f__Peptoniphilaceae;g__Anaerococcus,temperate
T2108174064:k141_248307_length_42457_cov_380.2126_fragment_1	Viruses;Duplodnaviria;Heunggongvirae;Uroviricota;Caudoviricetes;;,d__Bacteria;p__Actinomycetota;c__Actinomycetes;o__Mycobacteriales;f__Mycobacteriaceae;g__Corynebacterium,virulent
T2108174064:k141_36242_length_213471_cov_78.8212_fragment_1	Viruses;Duplodnaviria;Heunggongvirae;Uroviricota;Caudoviricetes;;,d__Bacteria;p__Actinomycetota;c__Actinomycetes;o__Actinomycetales;f__Bifidobacteriaceae;g__Bifidobacterium,temperate
T2108174064:k141_304184_length_58546_cov_104.0553_fragment_1	Viruses;Duplodnaviria;Heunggongvirae;Uroviricota;Caudoviricetes;;,NA,temperate
T2108174145:k141_1148499_length_162945_cov_136.0156_fragment_1	Viruses;Duplodnaviria;Heunggongvirae;Uroviricota;Caudoviricetes;;,d__Bacteria;p__Bacillota;c__Clostridia;o__Tissierellales;f__Peptoniphilaceae;g__Peptoniphilus_A,temperate
T2108174145:k141_477892_length_239507_cov_174.9999_fragment_1	Viruses;Duplodnaviria;Heunggongvirae;Uroviricota;Caudoviricetes;;,d__Bacteria;p__Bacillota;c__Clostridia;o__Tissierellales;f__Peptoniphilaceae;g__Ezakiella,temperate
T2108174145:k141_743875_length_97933_cov_252.3483_fragment_2	NA,d__Bacteria;p__Bacillota;c__Clostridia;o__Tissierellales;f__Peptoniphilaceae;g__Aedoeadaptatus,temperate
T2108174145:k141_822673_length_383647_cov_214.6527_fragment_4	Viruses;Duplodnaviria;Heunggongvirae;Uroviricota;Caudoviricetes;;,d__Bacteria;p__Bacillota;c__Clostridia;o__Tissierellales;f__Peptoniphilaceae;g__Ezakiella,temperate
T2108174145:k141_404370_length_193015_cov_81.0074_fragment_3	Viruses;Duplodnaviria;Heunggongvirae;Uroviricota;Caudoviricetes;;,NA,temperate
T2108174145:k141_875385_length_128059_cov_260.2466_fragment_2	Viruses;Duplodnaviria;Heunggongvirae;Uroviricota;Caudoviricetes;;,d__Bacteria;p__Bacillota;c__Clostridia;o__Tissierellales;f__Peptoniphilaceae;g__Anaerococcus,temperate
T2108174145:k141_59648_length_205835_cov_110.5834_fragment_2	Viruses;Duplodnaviria;Heunggongvirae;Uroviricota;Caudoviricetes;;,NA,temperate
T2108174145:k141_653247_length_37603_cov_492.8162_fragment_1	Viruses;Duplodnaviria;Heunggongvirae;Uroviricota;Caudoviricetes;;,d__Bacteria;p__Bacillota;c__Clostridia;o__Tissierellales;f__Peptoniphilaceae;g__Aedoeadaptatus,temperate
T2108174145:k141_50904_length_62013_cov_835.2569_fragment_1	Viruses;Duplodnaviria;Heunggongvirae;Uroviricota;Caudoviricetes;;,d__Bacteria;p__Bacteroidota;c__Bacteroidia;o__Bacteroidales;f__Porphyromonadaceae;g__Porphyromonas_A,virulent
T2108174028:k141_562533_length_79332_cov_158.8410_fragment_1	Viruses;Duplodnaviria;Heunggongvirae;Uroviricota;Caudoviricetes;;,d__Bacteria;p__Pseudomonadota;c__Gammaproteobacteria;o__Pseudomonadales;f__Moraxellaceae;g__Acinetobacter,virulent
1111525849766067:k141_163037_length_28391_cov_56.9766	Viruses;Duplodnaviria;Heunggongvirae;Uroviricota;Caudoviricetes;;,d__Bacteria;p__Actinomycetota;c__Actinomycetes;o__Mycobacteriales;f__Mycobacteriaceae;g__Lawsonella,temperate
T2109198973:k141_43948_length_80379_cov_9910.4847_fragment_2	Viruses;Duplodnaviria;Heunggongvirae;Uroviricota;Caudoviricetes;;,d__Bacteria;p__Pseudomonadota;c__Gammaproteobacteria;o__Enterobacterales;f__Enterobacteriaceae;g__Leclercia_A,temperate
1111525849860954:k141_824106_length_64239_cov_124.7868_fragment_1	Viruses;Duplodnaviria;Heunggongvirae;Uroviricota;Caudoviricetes;;,d__Bacteria;p__Pseudomonadota;c__Gammaproteobacteria;o__Enterobacterales;f__Enterobacteriaceae;g__Yokenella,temperate
1111525849664457:k141_261542_length_103218_cov_239.1080_fragment_1	Viruses;Duplodnaviria;Heunggongvirae;Uroviricota;Caudoviricetes;;,d__Bacteria;p__Actinomycetota;c__Actinomycetes;o__Mycobacteriales;f__Mycobacteriaceae;g__Corynebacterium,virulent
T2109198991:k141_15198_length_46700_cov_170.4319	Viruses;Duplodnaviria;Heunggongvirae;Uroviricota;Caudoviricetes;;,d__Bacteria;p__Actinomycetota;c__Actinomycetes;o__Actinomycetales;f__Micrococcaceae;g__Rothia,virulent
T2109198874:k141_11989_length_41219_cov_28.8950	Viruses;Duplodnaviria;Heunggongvirae;Uroviricota;Caudoviricetes;;,d__Bacteria;p__Bacillota;c__Clostridia;o__Tissierellales;f__Peptoniphilaceae;g__Finegoldia,temperate
T2109198874:k141_33261_length_174589_cov_613.1535_fragment_1	NA,d__Bacteria;p__Bacillota;c__Bacilli;o__Bacillales;f__Bacillaceae_G;g__Bacillus_A,temperate
T2109198874:k141_13854_length_109773_cov_7257.8720_fragment_1	Viruses;Duplodnaviria;Heunggongvirae;Uroviricota;Caudoviricetes;;,d__Bacteria;p__Pseudomonadota;c__Gammaproteobacteria;o__Pseudomonadales;f__Moraxellaceae;g__Acinetobacter,temperate
1111525849748616:k141_688627_length_53221_cov_66.0854	Viruses;Duplodnaviria;Heunggongvirae;Uroviricota;Caudoviricetes;;,d__Bacteria;p__Actinomycetota;c__Actinomycetes;o__Mycobacteriales;f__Mycobacteriaceae;g__Corynebacterium,virulent
1111525849748616:k141_361195_length_361491_cov_50.0000_fragment_2	Viruses;Duplodnaviria;Heunggongvirae;Uroviricota;Caudoviricetes;;,NA,virulent
T2108174114:k141_234103_length_53019_cov_142.5691	NA,NA,temperate
T2108174114:k141_57746_length_60887_cov_72.0414_fragment_1	Viruses;Duplodnaviria;Heunggongvirae;Uroviricota;Caudoviricetes;;,d__Bacteria;p__Bacillota;c__Clostridia;o__Tissierellales;f__Peptoniphilaceae;g__Anaerococcus,temperate
T2108174114:k141_775888_length_193439_cov_141.0219_fragment_1	NA,d__Bacteria;p__Bacillota;c__Clostridia;o__Tissierellales;f__Peptoniphilaceae;g__Murdochiella,temperate
R_T2109198941:k119_2779_length_69249_cov_51.3269_fragment_1	Viruses;Duplodnaviria;Heunggongvirae;Uroviricota;Caudoviricetes;;,d__Bacteria;p__Bacillota;c__Bacilli;o__Lactobacillales;f__Enterococcaceae;g__Enterococcus,temperate
R_T2109198941:k119_6061_length_902272_cov_10303.9493_fragment_1	Viruses;Duplodnaviria;Heunggongvirae;Uroviricota;Caudoviricetes;;,d__Bacteria;p__Pseudomonadota;c__Gammaproteobacteria;o__Enterobacterales;f__Enterobacteriaceae;g__Serratia,temperate
R_T2109198941:k119_6061_length_902272_cov_10303.9493_fragment_2	Viruses;Duplodnaviria;Heunggongvirae;Uroviricota;Caudoviricetes;;,d__Bacteria;p__Pseudomonadota;c__Gammaproteobacteria;o__Enterobacterales;f__Enterobacteriaceae;g__Serratia,temperate
R_T2109198905:k119_8313_length_134631_cov_37.6137_fragment_2	Viruses;Duplodnaviria;Heunggongvirae;Uroviricota;Caudoviricetes;;,d__Bacteria;p__Pseudomonadota;c__Gammaproteobacteria;o__Pseudomonadales;f__Moraxellaceae;g__Acinetobacter,temperate
R_T2109198905:k119_4186_length_239780_cov_8033.5713_fragment_1	Viruses;Duplodnaviria;Heunggongvirae;Uroviricota;Caudoviricetes;;,d__Bacteria;p__Pseudomonadota;c__Gammaproteobacteria;o__Enterobacterales;f__Enterobacteriaceae;g__Klebsiella,virulent
R_T2109198905:k119_5228_length_134367_cov_1812.5127_fragment_1	NA,d__Bacteria;p__Pseudomonadota;c__Gammaproteobacteria;o__Enterobacterales;f__Enterobacteriaceae;g__Serratia,virulent
R_T2109198905:k119_6814_length_108106_cov_1183.7369_fragment_1	Viruses;Duplodnaviria;Heunggongvirae;Uroviricota;Caudoviricetes;;,d__Bacteria;p__Pseudomonadota;c__Gammaproteobacteria;o__Enterobacterales;f__Enterobacteriaceae;g__Serratia,temperate
MET0182:k119_19694_length_67771_cov_340.8995_fragment_1	Viruses;Duplodnaviria;Heunggongvirae;Uroviricota;Caudoviricetes;;,NA,temperate
MET1037:k141_11318_length_121619_cov_551.6984_fragment_2	Viruses;Duplodnaviria;Heunggongvirae;Uroviricota;Caudoviricetes;;,d__Bacteria;p__Actinomycetota;c__Actinomycetes;o__Mycobacteriales;f__Mycobacteriaceae;g__Corynebacterium,temperate
MET0308:k119_2610_length_69805_cov_522.1298_fragment_1	Viruses;Duplodnaviria;Heunggongvirae;Uroviricota;Caudoviricetes;;,d__Bacteria;p__Bacillota;c__Bacilli;o__Lactobacillales;f__Carnobacteriaceae;g__Alloiococcus,temperate
MET0308:k119_8461_length_153792_cov_386.9128_fragment_1	Viruses;Duplodnaviria;Heunggongvirae;Uroviricota;Caudoviricetes;;,d__Bacteria;p__Bacillota;c__Bacilli;o__Staphylococcales;f__Staphylococcaceae;g__Staphylococcus,temperate
MET0308:k119_8461_length_153792_cov_386.9128_fragment_2	Viruses;Duplodnaviria;Heunggongvirae;Uroviricota;Caudoviricetes;;,d__Bacteria;p__Bacillota;c__Bacilli;o__Staphylococcales;f__Staphylococcaceae;g__Staphylococcus,temperate
MET0308:k119_9143_length_1051195_cov_376.9928_fragment_1	Viruses;Duplodnaviria;Heunggongvirae;Uroviricota;Caudoviricetes;;,d__Bacteria;p__Bacillota;c__Bacilli;o__Staphylococcales;f__Staphylococcaceae;g__Staphylococcus,temperate
MET0227:k119_4528_length_600710_cov_46.7122_fragment_2	Viruses;Duplodnaviria;Heunggongvirae;Uroviricota;Caudoviricetes;;,d__Bacteria;p__Pseudomonadota;c__Gammaproteobacteria;o__Enterobacterales;f__Enterobacteriaceae;g__Serratia,temperate
R_T2109198914:k119_15741_length_81432_cov_162.9203_fragment_1	Viruses;Duplodnaviria;Heunggongvirae;Uroviricota;Caudoviricetes;;,d__Bacteria;p__Bacillota;c__Bacilli;o__Staphylococcales;f__Staphylococcaceae;g__Staphylococcus,temperate
R_T2109198914:k119_18613_length_431083_cov_253.9765_fragment_2	Viruses;Duplodnaviria;Heunggongvirae;Uroviricota;Caudoviricetes;;,d__Bacteria;p__Pseudomonadota;c__Gammaproteobacteria;o__Burkholderiales;f__Burkholderiaceae;g__Melaminivora,temperate
R_T2109198914:k119_3509_length_70138_cov_1558.3554_fragment_1	Viruses;Duplodnaviria;Heunggongvirae;Uroviricota;Caudoviricetes;;,d__Bacteria;p__Pseudomonadota;c__Gammaproteobacteria;o__Enterobacterales;f__Enterobacteriaceae;g__Klebsiella,temperate
R_T2109198914:k119_2933_length_347474_cov_249.4320_fragment_1	NA,d__Bacteria;p__Pseudomonadota;c__Gammaproteobacteria;o__Enterobacterales;f__Enterobacteriaceae;g__Pantoea,temperate
R_T2109198914:k119_3590_length_57618_cov_1568.6761_fragment_1	Viruses;Duplodnaviria;Heunggongvirae;Uroviricota;Caudoviricetes;;,d__Bacteria;p__Pseudomonadota;c__Gammaproteobacteria;o__Enterobacterales;f__Enterobacteriaceae;g__Klebsiella,temperate
R_T2109198914:k119_10530_length_224741_cov_192.0678_fragment_2	Viruses;Duplodnaviria;Heunggongvirae;Uroviricota;Caudoviricetes;;,d__Bacteria;p__Pseudomonadota;c__Gammaproteobacteria;o__Burkholderiales;f__Burkholderiaceae;g__Comamonas,temperate
MET0353:k119_52151_length_149994_cov_206.6085_fragment_2	Viruses;Duplodnaviria;Heunggongvirae;Uroviricota;Caudoviricetes;;,d__Bacteria;p__Actinomycetota;c__Actinomycetes;o__Mycobacteriales;f__Mycobacteriaceae;g__Corynebacterium,temperate
MET0353:k119_50397_length_21153_cov_72.8611_fragment_1	Viruses;Duplodnaviria;Heunggongvirae;Uroviricota;Caudoviricetes;;,d__Bacteria;p__Pseudomonadota;c__Gammaproteobacteria;o__Burkholderiales;f__Neisseriaceae;g__Neisseria,temperate
T2109199077:k141_34315_length_20263_cov_624.5853_fragment_1	Viruses;Duplodnaviria;Heunggongvirae;Uroviricota;Caudoviricetes;;,d__Bacteria;p__Bacillota;c__Bacilli;o__Staphylococcales;f__Staphylococcaceae;g__Staphylococcus,temperate
1111525849770374:k141_32132_length_91496_cov_248.9754_fragment_1	Viruses;Duplodnaviria;Heunggongvirae;Uroviricota;Caudoviricetes;;,d__Bacteria;p__Actinomycetota;c__Actinomycetes;o__Mycobacteriales;f__Mycobacteriaceae;g__Corynebacterium,virulent
T2108173977:k141_161853_length_44278_cov_93.7785	Viruses;Duplodnaviria;Heunggongvirae;Uroviricota;Caudoviricetes;;,d__Bacteria;p__Pseudomonadota;c__Gammaproteobacteria;o__Burkholderiales;f__Neisseriaceae;g__Neisseria,virulent
1111525849486442:k141_543093_length_55921_cov_223.7317_fragment_1	NA,d__Bacteria;p__Pseudomonadota;c__Gammaproteobacteria;o__Xanthomonadales;f__Xanthomonadaceae;g__Stenotrophomonas,temperate
1111525849486442:k141_316281_length_198289_cov_122.5839_fragment_1	Viruses;Duplodnaviria;Heunggongvirae;Uroviricota;Caudoviricetes;;,NA,virulent
1111525849486442:k141_187151_length_27538_cov_208.1174_fragment_1	Viruses;Duplodnaviria;Heunggongvirae;Uroviricota;Caudoviricetes;;,d__Bacteria;p__Pseudomonadota;c__Gammaproteobacteria;o__Xanthomonadales;f__Xanthomonadaceae;g__Stenotrophomonas,virulent
MET0487:k119_107787_length_74339_cov_109.9706_fragment_1	Viruses;Duplodnaviria;Heunggongvirae;Uroviricota;Caudoviricetes;;,d__Bacteria;p__Pseudomonadota;c__Gammaproteobacteria;o__Pseudomonadales;f__Pseudomonadaceae;g__Pseudomonas_E,temperate
T2109199024:k141_45361_length_120796_cov_59.0000_fragment_1	Viruses;Duplodnaviria;Heunggongvirae;Uroviricota;Caudoviricetes;;,d__Bacteria;p__Bacillota;c__Bacilli;o__Staphylococcales;f__Staphylococcaceae;g__Staphylococcus,virulent
T2108173960:k141_364663_length_28191_cov_242.0434	Viruses;Duplodnaviria;Heunggongvirae;Uroviricota;Caudoviricetes;;,d__Bacteria;p__Actinomycetota;c__Actinomycetes;o__Mycobacteriales;f__Mycobacteriaceae;g__Corynebacterium,virulent
T2109199150:k141_43108_length_53388_cov_233.0000	NA,d__Bacteria;p__Bacillota;c__Bacilli;o__Staphylococcales;f__Staphylococcaceae;g__Staphylococcus,temperate
T2108173915:k141_735860_length_172582_cov_125.3489_fragment_2	Viruses;Duplodnaviria;Heunggongvirae;Uroviricota;Caudoviricetes;;,d__Bacteria;p__Bacillota;c__Bacilli;o__Lactobacillales;f__Lactobacillaceae;g__Lactobacillus,temperate
1111525849751520:k141_124095_length_246776_cov_162.8042_fragment_5	Viruses;Duplodnaviria;Heunggongvirae;Uroviricota;Caudoviricetes;;,NA,temperate
T2109199051:k141_23696_length_136557_cov_85.9232_fragment_1	Viruses;Duplodnaviria;Heunggongvirae;Uroviricota;Caudoviricetes;;,d__Bacteria;p__Pseudomonadota;c__Gammaproteobacteria;o__Enterobacterales;f__Enterobacteriaceae;g__Klebsiella,temperate
T2109199051:k141_12273_length_79267_cov_16119.1076_fragment_1	Viruses;Duplodnaviria;Heunggongvirae;Uroviricota;Caudoviricetes;;,d__Bacteria;p__Bacillota;c__Bacilli;o__Staphylococcales;f__Staphylococcaceae;g__Staphylococcus,temperate
T2107171972:k141_386704_length_16388_cov_121.4265_fragment_1	Viruses;Duplodnaviria;Heunggongvirae;Uroviricota;Caudoviricetes;;,d__Bacteria;p__Bacillota;c__Bacilli;o__Lactobacillales;f__Streptococcaceae;g__Streptococcus,temperate
T2109198977:k141_4777_length_322714_cov_1449.9219_fragment_1	Viruses;Duplodnaviria;Heunggongvirae;Uroviricota;Caudoviricetes;;,d__Bacteria;p__Bacillota;c__Bacilli;o__Lactobacillales;f__Enterococcaceae;g__Enterococcus,temperate
T2109198977:k141_16015_length_145712_cov_84.8027_fragment_1	Viruses;Duplodnaviria;Heunggongvirae;Uroviricota;Caudoviricetes;;,d__Bacteria;p__Bacillota;c__Bacilli;o__Staphylococcales;f__Staphylococcaceae;g__Staphylococcus,temperate
T2109198977:k141_13969_length_130322_cov_1655.4001_fragment_2	Viruses;Duplodnaviria;Heunggongvirae;Uroviricota;Caudoviricetes;;,d__Bacteria;p__Bacillota;c__Bacilli;o__Lactobacillales;f__Enterococcaceae;g__Enterococcus,temperate
1111525849486576:k141_1603430_length_54912_cov_72.6964_fragment_1	Viruses;Duplodnaviria;Heunggongvirae;Uroviricota;Caudoviricetes;;,d__Bacteria;p__Bacillota;c__Bacilli;o__Staphylococcales;f__Staphylococcaceae;g__Staphylococcus,temperate
1111525849649836:k141_694464_length_117780_cov_119.0651_fragment_1	Viruses;Duplodnaviria;Heunggongvirae;Uroviricota;Caudoviricetes;;,d__Bacteria;p__Bacillota;c__Bacilli;o__Staphylococcales;f__Staphylococcaceae;g__Staphylococcus,temperate
1111525849649755:k141_779949_length_46337_cov_60.9403	Viruses;Duplodnaviria;Heunggongvirae;Uroviricota;Caudoviricetes;;,d__Bacteria;p__Bacillota;c__Bacilli;o__Lactobacillales;f__Lactobacillaceae;g__Lactobacillus,temperate
1111525849479196:k141_506020_length_215539_cov_87.8280_fragment_1	Viruses;Duplodnaviria;Heunggongvirae;Uroviricota;Caudoviricetes;;,d__Bacteria;p__Pseudomonadota;c__Gammaproteobacteria;o__Enterobacterales;f__Enterobacteriaceae;g__Citrobacter,temperate
1111525849479196:k141_2685480_length_49004_cov_82.5982_fragment_1	Viruses;Duplodnaviria;Heunggongvirae;Uroviricota;Caudoviricetes;;,d__Bacteria;p__Bacteroidota;c__Bacteroidia;o__Flavobacteriales;f__Weeksellaceae;g__Bergeyella_A,virulent
1111525849479196:k141_1088751_length_66140_cov_73.2787_fragment_1	Viruses;Duplodnaviria;Heunggongvirae;Uroviricota;Caudoviricetes;;,d__Bacteria;p__Actinomycetota;c__Actinomycetes;o__Actinomycetales;f__Actinomycetaceae;g__Winkia,temperate
MET0240:k119_32345_length_23829_cov_191.0000_fragment_1	Viruses;Monodnaviria;Loebvirae;Hofneiviricota;Faserviricetes;Tubulavirales;Inoviridae,d__Bacteria;p__Pseudomonadota;c__Gammaproteobacteria;o__Xanthomonadales;f__Xanthomonadaceae;g__Pseudoxanthomonas_A,temperate
MET0240:k119_63827_length_142334_cov_323.8981_fragment_1	Viruses;Duplodnaviria;Heunggongvirae;Uroviricota;Caudoviricetes;;,d__Bacteria;p__Pseudomonadota;c__Gammaproteobacteria;o__Pseudomonadales;f__Pseudomonadaceae;g__Pseudomonas,temperate
MET0240:k119_25944_length_147815_cov_330.8115_fragment_1	Viruses;Duplodnaviria;Heunggongvirae;Uroviricota;Caudoviricetes;;,d__Bacteria;p__Pseudomonadota;c__Gammaproteobacteria;o__Pseudomonadales;f__Pseudomonadaceae;g__Pseudomonas,temperate
MET0240:k119_57077_length_62632_cov_314.0000_fragment_2	Viruses;Duplodnaviria;Heunggongvirae;Uroviricota;Caudoviricetes;;,d__Bacteria;p__Pseudomonadota;c__Alphaproteobacteria;o__Sphingomonadales;f__Sphingomonadaceae;g__Novosphingobium,temperate
MET0240:k119_19509_length_95268_cov_360.0248_fragment_2	Viruses;Duplodnaviria;Heunggongvirae;Uroviricota;Caudoviricetes;;,d__Bacteria;p__Pseudomonadota;c__Gammaproteobacteria;o__Pseudomonadales;f__Pseudomonadaceae;g__Pseudomonas_E,virulent
MET0240:k119_17329_length_62286_cov_302.2656_fragment_1	Viruses;Duplodnaviria;Heunggongvirae;Uroviricota;Caudoviricetes;;,d__Bacteria;p__Pseudomonadota;c__Gammaproteobacteria;o__Xanthomonadales;f__Xanthomonadaceae;g__Pseudoxanthomonas_A,temperate
MET0240:k119_30857_length_157760_cov_263.9711_fragment_1	Viruses;Duplodnaviria;Heunggongvirae;Uroviricota;Caudoviricetes;;,d__Bacteria;p__Pseudomonadota;c__Gammaproteobacteria;o__Xanthomonadales;f__Xanthomonadaceae;g__Xanthomonas_B,virulent
MET0240:k119_13861_length_157216_cov_386.3260_fragment_2	Viruses;Duplodnaviria;Heunggongvirae;Uroviricota;Caudoviricetes;;,d__Bacteria;p__Pseudomonadota;c__Gammaproteobacteria;o__Burkholderiales;f__Burkholderiaceae;g__Serpentinimonas,virulent
MET0240:k119_5680_length_108497_cov_376.3040_fragment_2	NA,d__Bacteria;p__Pseudomonadota;c__Alphaproteobacteria;o__Sphingomonadales;f__Sphingomonadaceae;g__Novosphingobium,temperate
MET0240:k119_89464_length_224066_cov_313.5321_fragment_1	Viruses;Duplodnaviria;Heunggongvirae;Uroviricota;Caudoviricetes;;,d__Bacteria;p__Pseudomonadota;c__Gammaproteobacteria;o__Pseudomonadales;f__Pseudomonadaceae;g__Stutzerimonas,temperate
MET0240:k119_30255_length_62014_cov_372.8798_fragment_1	Viruses;Duplodnaviria;Heunggongvirae;Uroviricota;Caudoviricetes;;,NA,temperate
MET0240:k119_23589_length_53778_cov_294.8904_fragment_1	Viruses;Duplodnaviria;Heunggongvirae;Uroviricota;Caudoviricetes;;,NA,temperate
T2109198989:k141_2836_length_188156_cov_2822.4191_fragment_3	Viruses;Duplodnaviria;Heunggongvirae;Uroviricota;Caudoviricetes;;,d__Bacteria;p__Bacteroidota;c__Bacteroidia;o__Flavobacteriales;f__Weeksellaceae;g__Kaistella,virulent
1111525849758379:k141_283708_length_29098_cov_108.3155_fragment_1	Viruses;Duplodnaviria;Heunggongvirae;Uroviricota;Caudoviricetes;;,d__Bacteria;p__Bacillota;c__Bacilli;o__Lactobacillales;f__Streptococcaceae;g__Lactococcus,temperate
1111525849638589:k141_75134_length_7645_cov_63.2559	Viruses;Monodnaviria;Loebvirae;Hofneiviricota;Faserviricetes;Tubulavirales;Inoviridae,d__Bacteria;p__Pseudomonadota;c__Gammaproteobacteria;o__Xanthomonadales;f__Xanthomonadaceae;g__Xanthomonas,temperate
1111525849649875:k141_264073_length_86755_cov_79.4635_fragment_1	Viruses;Duplodnaviria;Heunggongvirae;Uroviricota;Caudoviricetes;;,NA,temperate
1111525849649875:k141_209864_length_81636_cov_110.0818_fragment_1	Viruses;Duplodnaviria;Heunggongvirae;Uroviricota;Caudoviricetes;;,d__Bacteria;p__Bacillota;c__Clostridia;o__Tissierellales;f__Peptoniphilaceae;g__Peptoniphilus_A,temperate
1111525849649875:k141_223831_length_80033_cov_120.1772_fragment_2	Viruses;Duplodnaviria;Heunggongvirae;Uroviricota;Caudoviricetes;;,d__Bacteria;p__Bacillota;c__Bacilli;o__Staphylococcales;f__Staphylococcaceae;g__Staphylococcus,temperate
1111525849649875:k141_725602_length_356999_cov_172.2688_fragment_1	Viruses;Duplodnaviria;Heunggongvirae;Uroviricota;Caudoviricetes;;,NA,virulent
T2107172004:k141_505742_length_53038_cov_99.5450_fragment_1	Viruses;Duplodnaviria;Heunggongvirae;Uroviricota;Caudoviricetes;;Autographiviridae,d__Bacteria;p__Pseudomonadota;c__Alphaproteobacteria;o__Caulobacterales;f__Caulobacteraceae;g__Brevundimonas,temperate
T2107172004:k141_521732_length_50480_cov_92.0000_fragment_1	Viruses;Duplodnaviria;Heunggongvirae;Uroviricota;Caudoviricetes;;,d__Bacteria;p__Pseudomonadota;c__Alphaproteobacteria;o__Caulobacterales;f__Caulobacteraceae;g__Brevundimonas,temperate
T2109198899:k141_3514_length_41646_cov_50.8754	Viruses;Duplodnaviria;Heunggongvirae;Uroviricota;Caudoviricetes;;,d__Bacteria;p__Pseudomonadota;c__Gammaproteobacteria;o__Enterobacterales;f__Enterobacteriaceae;g__Enterobacter,temperate
R_T2109199062:k119_6835_length_231092_cov_5321.0903_fragment_1	Viruses;Duplodnaviria;Heunggongvirae;Uroviricota;Caudoviricetes;;,d__Bacteria;p__Pseudomonadota;c__Gammaproteobacteria;o__Enterobacterales;f__Enterobacteriaceae;g__Klebsiella,temperate
1111525849862995:k141_1667672_length_118396_cov_39.0616_fragment_1	Viruses;Duplodnaviria;Heunggongvirae;Uroviricota;Caudoviricetes;;,d__Bacteria;p__Actinomycetota;c__Actinomycetes;o__Mycobacteriales;f__Mycobacteriaceae;g__Lawsonella,virulent
1111525849862995:k141_195353_length_277641_cov_54.4732_fragment_1	Viruses;Duplodnaviria;Heunggongvirae;Uroviricota;Caudoviricetes;;,d__Bacteria;p__Actinomycetota;c__Actinomycetes;o__Propionibacteriales;f__Propionibacteriaceae;g__Cutibacterium,temperate
MET0231:k119_15255_length_58904_cov_134.0233_fragment_1	Viruses;Duplodnaviria;Heunggongvirae;Uroviricota;Caudoviricetes;;,d__Bacteria;p__Bacillota;c__Bacilli;o__Staphylococcales;f__Staphylococcaceae;g__Staphylococcus,temperate
T2108173864:k141_895158_length_176380_cov_95.7946_fragment_1	Viruses;Duplodnaviria;Heunggongvirae;Uroviricota;Caudoviricetes;;,d__Bacteria;p__Bacillota;c__Bacilli;o__Staphylococcales;f__Staphylococcaceae;g__Staphylococcus,temperate
MET0769:k119_4059_length_304730_cov_101.4619_fragment_3	Viruses;Duplodnaviria;Heunggongvirae;Uroviricota;Caudoviricetes;;,d__Bacteria;p__Actinomycetota;c__Actinomycetes;o__Mycobacteriales;f__Mycobacteriaceae;g__Lawsonella,temperate
T2108173981:k141_491954_length_293552_cov_56.6598_fragment_1	Viruses;Duplodnaviria;Heunggongvirae;Uroviricota;Caudoviricetes;;,d__Bacteria;p__Bacillota;c__Bacilli;o__Staphylococcales;f__Staphylococcaceae;g__Staphylococcus,temperate
T2108173882:k141_481940_length_18565_cov_33.0000	Viruses;Duplodnaviria;Heunggongvirae;Uroviricota;Caudoviricetes;;,d__Bacteria;p__Pseudomonadota;c__Gammaproteobacteria;o__Pseudomonadales;f__Moraxellaceae;g__Acinetobacter,temperate
T2108173882:k141_46167_length_73548_cov_49.8761_fragment_1	NA,d__Bacteria;p__Pseudomonadota;c__Gammaproteobacteria;o__Enterobacterales;f__Alteromonadaceae;g__Pararheinheimera,temperate
T2108173882:k141_103312_length_377937_cov_65.1252_fragment_5	NA,d__Bacteria;p__Bacteroidota;c__Bacteroidia;o__Sphingobacteriales;f__Sphingobacteriaceae;g__Sphingobacterium,virulent
T2108173882:k141_65402_length_26247_cov_85.4082	NA,d__Bacteria;p__Bacillota;c__Clostridia;o__Tissierellales;f__Peptoniphilaceae;g__Anaerococcus,temperate
T2108173882:k141_404391_length_97218_cov_63.4446_fragment_2	Viruses;Duplodnaviria;Heunggongvirae;Uroviricota;Caudoviricetes;;,d__Bacteria;p__Bacteroidota;c__Bacteroidia;o__Flavobacteriales;f__Weeksellaceae;g__Moheibacter,virulent
T2109199009:k141_9740_length_62929_cov_1186.7361_fragment_1	Viruses;Duplodnaviria;Heunggongvirae;Uroviricota;Caudoviricetes;;,d__Bacteria;p__Bacillota;c__Bacilli;o__Staphylococcales;f__Staphylococcaceae;g__Staphylococcus,temperate
T2109199009:k141_1385_length_75405_cov_8918.8951_fragment_1	NA,d__Bacteria;p__Pseudomonadota;c__Gammaproteobacteria;o__Pseudomonadales;f__Moraxellaceae;g__Acinetobacter,temperate
T2109199045:k141_1789_length_48326_cov_53.0000_fragment_2	Viruses;Duplodnaviria;Heunggongvirae;Uroviricota;Caudoviricetes;;,d__Bacteria;p__Pseudomonadota;c__Gammaproteobacteria;o__Enterobacterales;f__Enterobacteriaceae;g__Klebsiella,virulent
T2108173873:k141_415591_length_106640_cov_73.9849_fragment_2	NA,NA,temperate
T2108173873:k141_222646_length_1744152_cov_111.3102_fragment_28	NA,NA,temperate
T2108173873:k141_638013_length_80380_cov_172.9689_fragment_1	NA,d__Bacteria;p__Pseudomonadota;c__Alphaproteobacteria;o__Caulobacterales;f__Caulobacteraceae;g__Brevundimonas,temperate
T2108173873:k141_322748_length_47071_cov_98.5750_fragment_1	Viruses;Duplodnaviria;Heunggongvirae;Uroviricota;Caudoviricetes;;,NA,temperate
T2108173873:k141_463134_length_322643_cov_217.0258_fragment_1	NA,d__Bacteria;p__Bacteroidota;c__Bacteroidia;o__Bacteroidales;f__Bacteroidaceae;g__Bacteroides,virulent
T2108173873:k141_119115_length_72746_cov_181.4024_fragment_1	Viruses;Duplodnaviria;Heunggongvirae;Uroviricota;Caudoviricetes;;,d__Bacteria;p__Pseudomonadota;c__Alphaproteobacteria;o__Caulobacterales;f__Caulobacteraceae;g__Brevundimonas,virulent
T2108173873:k141_25137_length_156598_cov_93.8756_fragment_1	Viruses;Duplodnaviria;Heunggongvirae;Uroviricota;Caudoviricetes;;,NA,temperate
1111525849483071:k141_113431_length_325485_cov_74.0306_fragment_3	Viruses;Duplodnaviria;Heunggongvirae;Uroviricota;Caudoviricetes;;,d__Bacteria;p__Actinomycetota;c__Actinomycetes;o__Actinomycetales;f__Actinomycetaceae;g__Winkia,temperate
1111525849483071:k141_303343_length_50585_cov_79.2748	Viruses;Duplodnaviria;Heunggongvirae;Uroviricota;Caudoviricetes;;,d__Bacteria;p__Actinomycetota;c__Actinomycetes;o__Actinomycetales;f__Actinomycetaceae;g__Winkia,temperate
T2109199171:k141_87552_length_303024_cov_6304.4541_fragment_3	Viruses;Duplodnaviria;Heunggongvirae;Uroviricota;Caudoviricetes;;,d__Bacteria;p__Bacillota;c__Bacilli;o__Staphylococcales;f__Staphylococcaceae;g__Staphylococcus,temperate
T2108174036:k141_406419_length_25631_cov_71.0000	Viruses;Duplodnaviria;Heunggongvirae;Uroviricota;Caudoviricetes;;,d__Bacteria;p__Pseudomonadota;c__Gammaproteobacteria;o__Enterobacterales;f__Enterobacteriaceae;g__Atlantibacter,temperate
T2108174072:k141_233371_length_31460_cov_537.5489	Viruses;Duplodnaviria;Heunggongvirae;Uroviricota;Caudoviricetes;;,d__Bacteria;p__Actinomycetota;c__Actinomycetes;o__Mycobacteriales;f__Mycobacteriaceae;g__Corynebacterium,virulent
T2108174072:k141_441195_length_117338_cov_211.7996_fragment_2	NA,d__Bacteria;p__Actinomycetota;c__Actinomycetes;o__Mycobacteriales;f__Mycobacteriaceae;g__Corynebacterium,temperate
T2109199100:k141_59515_length_45420_cov_67.6929	NA,d__Bacteria;p__Pseudomonadota;c__Gammaproteobacteria;o__Enterobacterales;f__Enterobacteriaceae;g__Pantoea,temperate
DT2007043851-1:k141_38241_length_218389_cov_103.1011_fragment_1	Viruses;Duplodnaviria;Heunggongvirae;Uroviricota;Caudoviricetes;;,d__Bacteria;p__Bacillota;c__Bacilli;o__Staphylococcales;f__Staphylococcaceae;g__Staphylococcus,temperate
R_T2109198926:k119_11044_length_410806_cov_277.6940_fragment_2	Viruses;Duplodnaviria;Heunggongvirae;Uroviricota;Caudoviricetes;;,d__Bacteria;p__Pseudomonadota;c__Gammaproteobacteria;o__Pseudomonadales;f__Moraxellaceae;g__Moraxella_A,temperate
R_T2109198926:k119_11044_length_410806_cov_277.6940_fragment_1	Viruses;Duplodnaviria;Heunggongvirae;Uroviricota;Caudoviricetes;;,d__Bacteria;p__Pseudomonadota;c__Gammaproteobacteria;o__Pseudomonadales;f__Moraxellaceae;g__Moraxella_A,temperate
R_T2109198926:k119_16414_length_161979_cov_14.0000_fragment_1	NA,NA,temperate
R_T2109198926:k119_20588_length_40818_cov_16.9962_fragment_1	Viruses;Duplodnaviria;Heunggongvirae;Uroviricota;Caudoviricetes;;,d__Bacteria;p__Pseudomonadota;c__Gammaproteobacteria;o__Enterobacterales;f__Enterobacteriaceae;g__Pantoea,temperate
R_T2109198926:k119_25648_length_38693_cov_18.7588_fragment_1	Viruses;Duplodnaviria;Heunggongvirae;Uroviricota;Caudoviricetes;;,d__Bacteria;p__Pseudomonadota;c__Gammaproteobacteria;o__Enterobacterales;f__Enterobacteriaceae;g__Pantoea,temperate
R_T2109199169:k119_9238_length_34724_cov_71.9179_fragment_1	Viruses;Duplodnaviria;Heunggongvirae;Uroviricota;Caudoviricetes;;,d__Bacteria;p__Bacillota;c__Bacilli;o__Staphylococcales;f__Staphylococcaceae;g__Macrococcoides,temperate
R_T2109199169:k119_9555_length_147035_cov_131.9733_fragment_1	Viruses;Duplodnaviria;Heunggongvirae;Uroviricota;Caudoviricetes;;,d__Bacteria;p__Pseudomonadota;c__Gammaproteobacteria;o__Burkholderiales;f__Burkholderiaceae;g__Telluria,virulent
R_T2109199169:k119_41552_length_274254_cov_368.9463_fragment_1	Viruses;Duplodnaviria;Heunggongvirae;Uroviricota;Caudoviricetes;;,d__Bacteria;p__Pseudomonadota;c__Gammaproteobacteria;o__Pseudomonadales;f__Moraxellaceae;g__Psychrobacter,temperate
R_T2109199169:k119_35670_length_365236_cov_66.9866_fragment_1	Viruses;Duplodnaviria;Heunggongvirae;Uroviricota;Caudoviricetes;;,d__Bacteria;p__Bacillota;c__Bacilli;o__Staphylococcales;f__Staphylococcaceae;g__Macrococcoides,temperate
R_T2109198917:k119_9812_length_172009_cov_236.9725_fragment_1	Viruses;Duplodnaviria;Heunggongvirae;Uroviricota;Caudoviricetes;;,d__Bacteria;p__Bacillota;c__Bacilli;o__Bacillales;f__Bacillaceae_G;g__Bacillus_A,temperate
R_T2109198917:k119_21880_length_104996_cov_47.9812	Viruses;Duplodnaviria;Heunggongvirae;Uroviricota;Caudoviricetes;;,d__Bacteria;p__Pseudomonadota;c__Gammaproteobacteria;o__Pseudomonadales;f__Moraxellaceae;g__Acinetobacter,virulent
R_T2109198917:k119_2751_length_79786_cov_8916.5214_fragment_1	NA,d__Bacteria;p__Pseudomonadota;c__Gammaproteobacteria;o__Pseudomonadales;f__Moraxellaceae;g__Acinetobacter,temperate
R_T2109198917:k119_13427_length_54215_cov_8149.9861_fragment_1	Viruses;Duplodnaviria;Heunggongvirae;Uroviricota;Caudoviricetes;;,d__Bacteria;p__Pseudomonadota;c__Gammaproteobacteria;o__Pseudomonadales;f__Moraxellaceae;g__Acinetobacter,temperate
R_T2109198917:k119_21788_length_47947_cov_45.0058_fragment_1	Viruses;Duplodnaviria;Heunggongvirae;Uroviricota;Caudoviricetes;;,d__Bacteria;p__Pseudomonadota;c__Gammaproteobacteria;o__Pseudomonadales;f__Moraxellaceae;g__Acinetobacter,temperate
T2108173910:k141_17101_length_50074_cov_76.0000_fragment_1	Viruses;Duplodnaviria;Heunggongvirae;Uroviricota;Caudoviricetes;;,NA,temperate
T2108173910:k141_219793_length_37728_cov_79.9909_fragment_1	Viruses;Duplodnaviria;Heunggongvirae;Uroviricota;Caudoviricetes;;,d__Bacteria;p__Actinomycetota;c__Actinomycetes;o__Mycobacteriales;f__Mycobacteriaceae;g__Corynebacterium,virulent
T2108173910:k141_630273_length_47285_cov_245.4739_fragment_1	Viruses;Duplodnaviria;Heunggongvirae;Uroviricota;Caudoviricetes;;,d__Bacteria;p__Bacillota;c__Clostridia;o__Tissierellales;f__Peptoniphilaceae;g__Peptoniphilus_A,virulent
T2108174063:k141_1527842_length_195953_cov_83.9282_fragment_2	Viruses;Duplodnaviria;Heunggongvirae;Uroviricota;Caudoviricetes;;,d__Bacteria;p__Pseudomonadota;c__Gammaproteobacteria;o__Enterobacterales;f__Enterobacteriaceae;g__Enterobacter,temperate
T2108174144:k141_176061_length_43004_cov_91.0000	NA,d__Bacteria;p__Pseudomonadota;c__Gammaproteobacteria;o__Xanthomonadales;f__Xanthomonadaceae;g__Stenotrophomonas,temperate
R_T2109198890:k119_20624_length_67476_cov_3091.1638_fragment_1	Viruses;Duplodnaviria;Heunggongvirae;Uroviricota;Caudoviricetes;;,d__Bacteria;p__Pseudomonadota;c__Gammaproteobacteria;o__Pseudomonadales;f__Moraxellaceae;g__Acinetobacter,temperate
R_T2109198890:k119_6646_length_128244_cov_3230.9661_fragment_1	NA,d__Bacteria;p__Pseudomonadota;c__Gammaproteobacteria;o__Pseudomonadales;f__Moraxellaceae;g__Acinetobacter,temperate
MET0194:k119_6926_length_56546_cov_606.0850	NA,d__Bacteria;p__Actinomycetota;c__Actinomycetes;o__Mycobacteriales;f__Mycobacteriaceae;g__Corynebacterium,virulent
MET0356:k141_8005_length_35082_cov_780.9107_fragment_1	Viruses;Duplodnaviria;Heunggongvirae;Uroviricota;Caudoviricetes;;,d__Bacteria;p__Bacillota;c__Bacilli;o__Staphylococcales;f__Staphylococcaceae;g__Staphylococcus,temperate
R_T2109199187:k119_4834_length_140231_cov_1101.9551_fragment_2	Viruses;Duplodnaviria;Heunggongvirae;Uroviricota;Caudoviricetes;;,d__Bacteria;p__Bacillota;c__Bacilli;o__Staphylococcales;f__Staphylococcaceae;g__Staphylococcus,temperate
R_T2109199187:k119_3457_length_450890_cov_221.7842_fragment_2	Viruses;Duplodnaviria;Heunggongvirae;Uroviricota;Caudoviricetes;;,d__Bacteria;p__Bacillota;c__Bacilli;o__Staphylococcales;f__Staphylococcaceae;g__Staphylococcus,temperate
R_T2109198935:k119_2107_length_104308_cov_88.8639_fragment_1	Viruses;Duplodnaviria;Heunggongvirae;Uroviricota;Caudoviricetes;;,d__Bacteria;p__Pseudomonadota;c__Gammaproteobacteria;o__Enterobacterales;f__Enterobacteriaceae;g__Klebsiella,temperate
R_T2109198935:k119_19845_length_175191_cov_86.6843_fragment_1	Viruses;Duplodnaviria;Heunggongvirae;Uroviricota;Caudoviricetes;;,d__Bacteria;p__Pseudomonadota;c__Gammaproteobacteria;o__Enterobacterales;f__Enterobacteriaceae;g__Klebsiella,temperate
R_T2109198935:k119_14954_length_66046_cov_308.8131_fragment_1	Viruses;Duplodnaviria;Heunggongvirae;Uroviricota;Caudoviricetes;;,d__Bacteria;p__Pseudomonadota;c__Gammaproteobacteria;o__Pseudomonadales;f__Moraxellaceae;g__Acinetobacter,virulent
R_T2109198935:k119_10453_length_147265_cov_77.4073_fragment_1	Viruses;Duplodnaviria;Heunggongvirae;Uroviricota;Caudoviricetes;;,d__Bacteria;p__Pseudomonadota;c__Gammaproteobacteria;o__Enterobacterales;f__Enterobacteriaceae;g__Klebsiella,temperate
1111525849861727:k141_204307_length_66894_cov_62.9303_fragment_1	Viruses;Duplodnaviria;Heunggongvirae;Uroviricota;Caudoviricetes;;,d__Bacteria;p__Actinomycetota;c__Actinomycetes;o__Mycobacteriales;f__Mycobacteriaceae;g__Lawsonella,temperate
1111525849743575:k141_381787_length_36910_cov_171.8312_fragment_1	Viruses;Duplodnaviria;Heunggongvirae;Uroviricota;Caudoviricetes;;,d__Bacteria;p__Pseudomonadota;c__Gammaproteobacteria;o__Enterobacterales;f__Enterobacteriaceae;g__Serratia,temperate
1111525849743575:k141_216997_length_343527_cov_304.0165_fragment_7	Viruses;Duplodnaviria;Heunggongvirae;Uroviricota;Caudoviricetes;;,NA,virulent
T2109198945:k141_66828_length_142344_cov_7208.6805_fragment_4	Viruses;Duplodnaviria;Heunggongvirae;Uroviricota;Caudoviricetes;;,d__Bacteria;p__Bacillota;c__Bacilli;o__Staphylococcales;f__Staphylococcaceae;g__Staphylococcus,temperate
1111525849759280:k141_96048_length_309998_cov_358.5885_fragment_3	Viruses;Duplodnaviria;Heunggongvirae;Uroviricota;Caudoviricetes;;,d__Bacteria;p__Actinomycetota;c__Actinomycetes;o__Mycobacteriales;f__Mycobacteriaceae;g__Corynebacterium,temperate
1111525849481954:k141_304525_length_43210_cov_120.0000_fragment_1	NA,d__Bacteria;p__Bacillota;c__Bacilli;o__Staphylococcales;f__Staphylococcaceae;g__Staphylococcus,temperate
1111525849755644:k141_838207_length_48882_cov_103.9176_fragment_1	Viruses;Duplodnaviria;Heunggongvirae;Uroviricota;Caudoviricetes;;,d__Bacteria;p__Bacillota;c__Bacilli;o__Lactobacillales;f__Streptococcaceae;g__Streptococcus,temperate
1111525849479353:k141_19097_length_40706_cov_74.5924_fragment_1	Viruses;Duplodnaviria;Heunggongvirae;Uroviricota;Caudoviricetes;;,d__Bacteria;p__Bacillota;c__Bacilli;o__Staphylococcales;f__Staphylococcaceae;g__Staphylococcus,temperate
1111525849858868:k141_307397_length_64307_cov_106.5327_fragment_1	Viruses;Duplodnaviria;Heunggongvirae;Uroviricota;Caudoviricetes;;,d__Bacteria;p__Pseudomonadota;c__Gammaproteobacteria;o__Enterobacterales;f__Enterobacteriaceae;g__Yokenella,temperate
T2107172017:k141_118427_length_71271_cov_147.1493_fragment_1	Viruses;Duplodnaviria;Heunggongvirae;Uroviricota;Caudoviricetes;;,NA,virulent
T2107172017:k141_1107861_length_19552_cov_118.4347	Viruses;Duplodnaviria;Heunggongvirae;Uroviricota;Caudoviricetes;;,d__Bacteria;p__Actinomycetota;c__Actinomycetes;o__Actinomycetales;f__Micrococcaceae;g__Rothia,temperate
1111525849859858:k141_115665_length_98642_cov_148.0109_fragment_1	NA,d__Bacteria;p__Pseudomonadota;c__Alphaproteobacteria;o__Rhodobacterales;f__Rhodobacteraceae;g__Paracoccus,virulent
MET0028:k119_6156_length_98263_cov_80.0327_fragment_3	Viruses;Duplodnaviria;Heunggongvirae;Uroviricota;Caudoviricetes;;,d__Bacteria;p__Bacillota;c__Bacilli;o__Staphylococcales;f__Staphylococcaceae;g__Staphylococcus,temperate
T2108174050:k141_970909_length_50632_cov_110.0000_fragment_2	Viruses;Duplodnaviria;Heunggongvirae;Uroviricota;Caudoviricetes;;,d__Bacteria;p__Pseudomonadota;c__Alphaproteobacteria;o__Sphingomonadales;f__Sphingomonadaceae;g__Sphingomonas,temperate
T2108174050:k141_177893_length_852480_cov_106.4780_fragment_10	Viruses;Duplodnaviria;Heunggongvirae;Uroviricota;Caudoviricetes;;,d__Bacteria;p__Bacteroidota;c__Bacteroidia;o__Flavobacteriales;f__Weeksellaceae;g__Chryseobacterium,virulent
T2108174050:k141_393570_length_44067_cov_157.6144_fragment_1	Viruses;Duplodnaviria;Heunggongvirae;Uroviricota;Caudoviricetes;;,NA,temperate
DS1912041108-1:k141_11880_length_26901_cov_165.2962	Viruses;Duplodnaviria;Heunggongvirae;Uroviricota;Caudoviricetes;;,d__Bacteria;p__Pseudomonadota;c__Gammaproteobacteria;o__Burkholderiales;f__Burkholderiaceae;g__Comamonas,temperate
T2109198932:k141_124242_length_79778_cov_126.0000_fragment_1	Viruses;Duplodnaviria;Heunggongvirae;Uroviricota;Caudoviricetes;;,d__Bacteria;p__Bacillota;c__Bacilli;o__Staphylococcales;f__Staphylococcaceae;g__Staphylococcus,temperate
T2108173967:k141_116462_length_37562_cov_82.2558	Viruses;Duplodnaviria;Heunggongvirae;Uroviricota;Caudoviricetes;;,NA,virulent
T2108173886:k141_254201_length_808975_cov_131.3730_fragment_2	NA,d__Bacteria;p__Bacteroidota;c__Bacteroidia;o__Bacteroidales;f__Bacteroidaceae;g__Bacteroides,virulent
T2108173886:k141_101837_length_159509_cov_459.1145_fragment_1	Viruses;Duplodnaviria;Heunggongvirae;Uroviricota;Caudoviricetes;;,d__Bacteria;p__Pseudomonadota;c__Gammaproteobacteria;o__Pseudomonadales;f__Moraxellaceae;g__Acinetobacter,temperate
T2108173886:k141_821640_length_82907_cov_103.5367_fragment_1	Viruses;Duplodnaviria;Heunggongvirae;Uroviricota;Caudoviricetes;;,NA,temperate
T2108173886:k141_1032657_length_33290_cov_108.0000_fragment_1	Viruses;Duplodnaviria;Heunggongvirae;Uroviricota;Caudoviricetes;;,d__Bacteria;p__Pseudomonadota;c__Alphaproteobacteria;o__Caulobacterales;f__Caulobacteraceae;g__Brevundimonas,temperate
T2108173886:k141_1010580_length_280054_cov_165.0018_fragment_2	Viruses;Duplodnaviria;Heunggongvirae;Uroviricota;Caudoviricetes;;,NA,virulent
T2108173886:k141_196901_length_44837_cov_497.2123_fragment_1	Viruses;Duplodnaviria;Heunggongvirae;Uroviricota;Caudoviricetes;;,NA,temperate
T2108173886:k141_585681_length_1394595_cov_178.9628_fragment_26	Viruses;Duplodnaviria;Heunggongvirae;Uroviricota;Caudoviricetes;;,NA,temperate
T2108173886:k141_201211_length_50891_cov_147.5510_fragment_1	Viruses;Duplodnaviria;Heunggongvirae;Uroviricota;Caudoviricetes;;,NA,temperate
T2108173886:k141_77260_length_128966_cov_161.9974_fragment_1	Viruses;Duplodnaviria;Heunggongvirae;Uroviricota;Caudoviricetes;;,NA,virulent
T2108173886:k141_1072195_length_489008_cov_162.9991_fragment_7	NA,d__Bacteria;p__Bacteroidota;c__Bacteroidia;o__CAMBQF01;f__CAMBQF01;g__CAMBQF01,virulent
T2109199085:k141_38941_length_61509_cov_486.6218_fragment_1	Viruses;Duplodnaviria;Heunggongvirae;Uroviricota;Caudoviricetes;;,d__Bacteria;p__Bacillota;c__Bacilli;o__Bacillales;f__Bacillaceae_G;g__Bacillus_A,temperate
T2109199085:k141_4107_length_30019_cov_21.0000_fragment_1	Viruses;Duplodnaviria;Heunggongvirae;Uroviricota;Caudoviricetes;;,d__Bacteria;p__Pseudomonadota;c__Gammaproteobacteria;o__Enterobacterales;f__Enterobacteriaceae;g__Pantoea,temperate
T2109199085:k141_1353_length_46513_cov_47.5169_fragment_1	Viruses;Duplodnaviria;Heunggongvirae;Uroviricota;Caudoviricetes;;,NA,temperate
T2108173958:k141_56659_length_38237_cov_158.6608_fragment_1	Viruses;Duplodnaviria;Heunggongvirae;Uroviricota;Caudoviricetes;;,NA,temperate
T2108173958:k141_288489_length_82313_cov_115.0836_fragment_1	Viruses;Duplodnaviria;Heunggongvirae;Uroviricota;Caudoviricetes;;,NA,temperate
T2108173958:k141_224801_length_72834_cov_165.4218_fragment_1	Viruses;Duplodnaviria;Heunggongvirae;Uroviricota;Caudoviricetes;;,NA,temperate
T2108173958:k141_1657283_length_40190_cov_156.0302	Viruses;Duplodnaviria;Heunggongvirae;Uroviricota;Caudoviricetes;;,d__Bacteria;p__Bacillota;c__Clostridia;o__Tissierellales;f__Peptoniphilaceae;g__Peptoniphilus_A,temperate
T2108173958:k141_693315_length_63779_cov_357.0154_fragment_1	Viruses;Duplodnaviria;Heunggongvirae;Uroviricota;Caudoviricetes;;,d__Bacteria;p__Actinomycetota;c__Actinomycetes;o__Mycobacteriales;f__Mycobacteriaceae;g__Corynebacterium,temperate
1111525849478044:k141_1912559_length_52289_cov_104.0408_fragment_1	NA,d__Bacteria;p__Pseudomonadota;c__Gammaproteobacteria;o__Enterobacterales;f__Enterobacteriaceae;g__Yokenella,temperate
T2109199157:k141_27105_length_457667_cov_116.3563_fragment_1	NA,NA,temperate
1111525849861219:k141_138001_length_41626_cov_138.2755_fragment_1	Viruses;Duplodnaviria;Heunggongvirae;Uroviricota;Caudoviricetes;;,d__Bacteria;p__Bacillota;c__Bacilli;o__Staphylococcales;f__Staphylococcaceae;g__Staphylococcus,temperate
T2109198923:k141_4250_length_72024_cov_73.0000_fragment_1	Viruses;Duplodnaviria;Heunggongvirae;Uroviricota;Caudoviricetes;;,d__Bacteria;p__Pseudomonadota;c__Gammaproteobacteria;o__Xanthomonadales;f__Xanthomonadaceae;g__Stenotrophomonas,virulent
T2109198923:k141_51881_length_176375_cov_58.0000_fragment_1	Viruses;Duplodnaviria;Heunggongvirae;Uroviricota;Caudoviricetes;;,d__Bacteria;p__Bacteroidota;c__Bacteroidia;o__Flavobacteriales;f__Weeksellaceae;g__Chryseobacterium,virulent
T2108173941:k141_211639_length_327892_cov_69.3527_fragment_1	NA,d__Bacteria;p__Actinomycetota;c__Actinomycetes;o__Actinomycetales;f__Actinomycetaceae;g__Winkia,temperate
MET0288:k119_17197_length_50897_cov_207.2715_fragment_1	Viruses;Duplodnaviria;Heunggongvirae;Uroviricota;Caudoviricetes;;,d__Bacteria;p__Actinomycetota;c__Actinomycetes;o__Propionibacteriales;f__Propionibacteriaceae;g__Cutibacterium,temperate
1111525849862021:k141_168387_length_46061_cov_155.5676_fragment_1	Viruses;Duplodnaviria;Heunggongvirae;Uroviricota;Caudoviricetes;;,d__Bacteria;p__Pseudomonadota;c__Alphaproteobacteria;o__Sphingomonadales;f__Sphingomonadaceae;g__Blastomonas,temperate
T2109199113:k141_13340_length_610185_cov_121.4746_fragment_3	NA,d__Bacteria;p__Actinomycetota;c__Actinomycetes;o__Actinomycetales;f__Micrococcaceae;g__Rothia,temperate
T2107171971:k141_401374_length_133993_cov_136.4748_fragment_1	Viruses;Duplodnaviria;Heunggongvirae;Uroviricota;Caudoviricetes;;,d__Bacteria;p__Bacillota;c__Bacilli;o__Staphylococcales;f__Staphylococcaceae;g__Staphylococcus,temperate
T2108173932:k141_125047_length_64921_cov_225.5365_fragment_1	Viruses;Duplodnaviria;Heunggongvirae;Uroviricota;Caudoviricetes;;,d__Bacteria;p__Bacillota;c__Bacilli;o__Staphylococcales;f__Staphylococcaceae;g__Staphylococcus,temperate
T2107172000:k141_119432_length_56140_cov_293.6258_fragment_1	Viruses;Duplodnaviria;Heunggongvirae;Uroviricota;Caudoviricetes;;,d__Bacteria;p__Bacillota;c__Bacilli;o__Staphylococcales;f__Staphylococcaceae;g__Staphylococcus,temperate
T2109198976:k141_68950_length_44384_cov_34.0000_fragment_1	Viruses;Duplodnaviria;Heunggongvirae;Uroviricota;Caudoviricetes;;,d__Bacteria;p__Pseudomonadota;c__Gammaproteobacteria;o__Enterobacterales;f__Enterobacteriaceae;g__Pantoea,temperate
R_T2109199202:k119_13386_length_196940_cov_7454.6255_fragment_1	Viruses;Duplodnaviria;Heunggongvirae;Uroviricota;Caudoviricetes;;,d__Bacteria;p__Pseudomonadota;c__Gammaproteobacteria;o__Enterobacterales;f__Enterobacteriaceae;g__Klebsiella,temperate
R_T2109199202:k119_3716_length_303431_cov_7624.7769_fragment_1	Viruses;Duplodnaviria;Heunggongvirae;Uroviricota;Caudoviricetes;;,d__Bacteria;p__Pseudomonadota;c__Gammaproteobacteria;o__Enterobacterales;f__Enterobacteriaceae;g__Klebsiella,temperate
R_T2109199202:k119_6427_length_60516_cov_53.0754_fragment_1	Viruses;Duplodnaviria;Heunggongvirae;Uroviricota;Caudoviricetes;;,d__Bacteria;p__Bacillota;c__Bacilli;o__Staphylococcales;f__Staphylococcaceae;g__Staphylococcus,temperate
1111525849669644:k141_117856_length_48118_cov_82.6565	NA,NA,virulent
T2109198958:k141_45775_length_42886_cov_288.1596_fragment_1	NA,d__Bacteria;p__Bacillota;c__Bacilli;o__Bacillales;f__Bacillaceae_G;g__Bacillus_A,temperate
T2109198985:k141_16087_length_110955_cov_3924.6538_fragment_1	Viruses;Duplodnaviria;Heunggongvirae;Uroviricota;Caudoviricetes;;,d__Bacteria;p__Bacillota;c__Bacilli;o__Staphylococcales;f__Staphylococcaceae;g__Staphylococcus,temperate
MET0206:k119_108697_length_151625_cov_120.0000_fragment_1	Viruses;Duplodnaviria;Heunggongvirae;Uroviricota;Caudoviricetes;;,d__Bacteria;p__Pseudomonadota;c__Gammaproteobacteria;o__Burkholderiales;f__Burkholderiaceae;g__Rhodoferax_C,temperate
MET0206:k119_517382_length_50595_cov_123.7222_fragment_1	NA,d__Bacteria;p__Pseudomonadota;c__Gammaproteobacteria;o__Burkholderiales;f__Burkholderiaceae;g__Rhodoferax_C,temperate
T2107172015:k141_579154_length_86681_cov_201.0822_fragment_1	Viruses;Duplodnaviria;Heunggongvirae;Uroviricota;Caudoviricetes;;,d__Bacteria;p__Pseudomonadota;c__Gammaproteobacteria;o__Pseudomonadales;f__Moraxellaceae;g__Psychrobacter,temperate
MET0062:k119_2543_length_155122_cov_358.7630_fragment_1	Viruses;Duplodnaviria;Heunggongvirae;Uroviricota;Caudoviricetes;;,d__Bacteria;p__Bacillota;c__Bacilli;o__Lactobacillales;f__Carnobacteriaceae;g__Alloiococcus,temperate
MET0062:k119_1728_length_76474_cov_225.9411_fragment_1	Viruses;Duplodnaviria;Heunggongvirae;Uroviricota;Caudoviricetes;;,d__Bacteria;p__Bacillota;c__Bacilli;o__Lactobacillales;f__Carnobacteriaceae;g__Alloiococcus,temperate
T2108174120:k141_453750_length_52349_cov_345.5364_fragment_1	Viruses;Duplodnaviria;Heunggongvirae;Uroviricota;Caudoviricetes;;,d__Bacteria;p__Pseudomonadota;c__Gammaproteobacteria;o__Pseudomonadales;f__Moraxellaceae;g__Moraxella_A,temperate
T2108174120:k141_250871_length_72692_cov_81.0052	Viruses;Duplodnaviria;Heunggongvirae;Uroviricota;Caudoviricetes;;,d__Bacteria;p__Pseudomonadota;c__Gammaproteobacteria;o__Pseudomonadales;f__Moraxellaceae;g__Moraxella_A,temperate
T2108174120:k141_76430_length_177201_cov_160.5262_fragment_2	Viruses;Duplodnaviria;Heunggongvirae;Uroviricota;Caudoviricetes;;,d__Bacteria;p__Bacillota;c__Bacilli;o__Lactobacillales;f__Lactobacillaceae;g__Lactobacillus,temperate
T2107172006:k141_113678_length_57742_cov_165.9758_fragment_1	Viruses;Duplodnaviria;Heunggongvirae;Uroviricota;Caudoviricetes;;,d__Bacteria;p__Pseudomonadota;c__Alphaproteobacteria;o__Caulobacterales;f__Caulobacteraceae;g__Brevundimonas,temperate
T2108173866:k141_86285_length_87700_cov_107.2267_fragment_1	Viruses;Duplodnaviria;Heunggongvirae;Uroviricota;Caudoviricetes;;,d__Bacteria;p__Pseudomonadota;c__Gammaproteobacteria;o__Pseudomonadales;f__Moraxellaceae;g__Moraxella_A,temperate
T2108173866:k141_23527_length_71647_cov_108.0280_fragment_1	Viruses;Duplodnaviria;Heunggongvirae;Uroviricota;Caudoviricetes;;,d__Bacteria;p__Bacillota;c__Clostridia;o__Tissierellales;f__Peptoniphilaceae;g__Anaerococcus,temperate
T2108173947:k141_1991365_length_48576_cov_91.7783	Viruses;Duplodnaviria;Heunggongvirae;Uroviricota;Caudoviricetes;;,d__Bacteria;p__Pseudomonadota;c__Gammaproteobacteria;o__Pseudomonadales;f__Pseudomonadaceae;g__Pseudomonas_E,temperate
1111525849640573:k141_690784_length_61456_cov_272.6809_fragment_2	Viruses;Duplodnaviria;Heunggongvirae;Uroviricota;Caudoviricetes;;,d__Bacteria;p__Bacillota;c__Bacilli;o__Staphylococcales;f__Staphylococcaceae;g__Staphylococcus,temperate
T2109199029:k141_10445_length_106054_cov_168.7491_fragment_1	Viruses;Duplodnaviria;Heunggongvirae;Uroviricota;Caudoviricetes;;,d__Bacteria;p__Bacillota;c__Bacilli;o__Staphylococcales;f__Staphylococcaceae;g__Staphylococcus,temperate
T2107171968:k141_1288223_length_118358_cov_78.3421_fragment_1	Viruses;Duplodnaviria;Heunggongvirae;Uroviricota;Caudoviricetes;;,NA,temperate
T2107171968:k141_455176_length_43396_cov_48.0000_fragment_1	Viruses;Duplodnaviria;Heunggongvirae;Uroviricota;Caudoviricetes;;,d__Bacteria;p__Bacillota;c__Negativicutes;o__Veillonellales;f__Negativicoccaceae;g__Negativicoccus,temperate
T2109199209:k141_42664_length_1197402_cov_295.4156_fragment_4	NA,d__Bacteria;p__Bacillota;c__Bacilli;o__Staphylococcales;f__Staphylococcaceae;g__Staphylococcus,temperate
T2109199074:k141_46528_length_56187_cov_204.8944_fragment_1	Viruses;Duplodnaviria;Heunggongvirae;Uroviricota;Caudoviricetes;;,d__Bacteria;p__Bacillota;c__Bacilli;o__Staphylococcales;f__Staphylococcaceae;g__Staphylococcus,temperate
T2107171995:k141_15571_length_43791_cov_186.0000_fragment_1	Viruses;Duplodnaviria;Heunggongvirae;Uroviricota;Caudoviricetes;;,NA,temperate
T2109199119:k141_39485_length_305939_cov_897.8109_fragment_2	Viruses;Duplodnaviria;Heunggongvirae;Uroviricota;Caudoviricetes;;,d__Bacteria;p__Pseudomonadota;c__Gammaproteobacteria;o__Enterobacterales;f__Enterobacteriaceae;g__Serratia,temperate
1111525849640249:k141_163230_length_129310_cov_185.2775_fragment_1	Viruses;Duplodnaviria;Heunggongvirae;Uroviricota;Caudoviricetes;;,NA,temperate
1111525849640249:k141_1147213_length_47744_cov_89.0273	Viruses;Duplodnaviria;Heunggongvirae;Uroviricota;Caudoviricetes;;Autographiviridae,d__Bacteria;p__Pseudomonadota;c__Gammaproteobacteria;o__Xanthomonadales;f__Xanthomonadaceae;g__Stenotrophomonas,temperate
T2108173938:k141_125847_length_433471_cov_601.9905_fragment_3	Viruses;Duplodnaviria;Heunggongvirae;Uroviricota;Caudoviricetes;;,NA,virulent
T2108174038:k141_57431_length_62884_cov_89.5119_fragment_1	NA,d__Bacteria;p__Actinomycetota;c__Actinomycetes;o__Mycobacteriales;f__Mycobacteriaceae;g__Corynebacterium,virulent
R_T2109198946:k119_1074_length_63412_cov_417.3995_fragment_1	Viruses;Duplodnaviria;Heunggongvirae;Uroviricota;Caudoviricetes;;,d__Bacteria;p__Pseudomonadota;c__Gammaproteobacteria;o__Enterobacterales;f__Enterobacteriaceae;g__Citrobacter,temperate
R_T2109198946:k119_7439_length_58418_cov_110.4973_fragment_1	Viruses;Monodnaviria;Loebvirae;Hofneiviricota;Faserviricetes;Tubulavirales;Inoviridae,d__Bacteria;p__Pseudomonadota;c__Gammaproteobacteria;o__Xanthomonadales;f__Xanthomonadaceae;g__Stenotrophomonas,virulent
R_T2109198946:k119_3330_length_65862_cov_186.3930_fragment_1	Viruses;Monodnaviria;Loebvirae;Hofneiviricota;Faserviricetes;Tubulavirales;Inoviridae,d__Bacteria;p__Pseudomonadota;c__Gammaproteobacteria;o__Xanthomonadales;f__Xanthomonadaceae;g__Stenotrophomonas,virulent
R_T2109198946:k119_9103_length_61773_cov_15.9951_fragment_1	Viruses;Duplodnaviria;Heunggongvirae;Uroviricota;Caudoviricetes;;,d__Bacteria;p__Bacillota;c__Bacilli;o__Staphylococcales;f__Staphylococcaceae;g__Staphylococcus,temperate
R_T2109198946:k119_2039_length_49934_cov_206.0230_fragment_1	NA,d__Bacteria;p__Pseudomonadota;c__Gammaproteobacteria;o__Xanthomonadales;f__Xanthomonadaceae;g__Stenotrophomonas,temperate
R_T2109198946:k119_5916_length_44459_cov_457.0657_fragment_1	Viruses;Duplodnaviria;Heunggongvirae;Uroviricota;Caudoviricetes;;,d__Bacteria;p__Pseudomonadota;c__Gammaproteobacteria;o__Enterobacterales;f__Enterobacteriaceae;g__Klebsiella,temperate
R_T2109198946:k119_5051_length_42391_cov_533.2130_fragment_1	Viruses;Duplodnaviria;Heunggongvirae;Uroviricota;Caudoviricetes;;,d__Bacteria;p__Pseudomonadota;c__Gammaproteobacteria;o__Enterobacterales;f__Enterobacteriaceae;g__Enterobacter,temperate
R_T2109198946:k119_19652_length_99966_cov_3803.3038_fragment_1	Viruses;Duplodnaviria;Heunggongvirae;Uroviricota;Caudoviricetes;;,d__Bacteria;p__Pseudomonadota;c__Gammaproteobacteria;o__Enterobacterales;f__Enterobacteriaceae;g__Citrobacter_A,temperate
R_T2109198946:k119_14126_length_74390_cov_398.8651_fragment_1	Viruses;Duplodnaviria;Heunggongvirae;Uroviricota;Caudoviricetes;;,d__Bacteria;p__Pseudomonadota;c__Gammaproteobacteria;o__Enterobacterales;f__Enterobacteriaceae;g__Enterobacter,temperate
R_T2109198946:k119_14036_length_39459_cov_430.5519_fragment_1	NA,d__Bacteria;p__Pseudomonadota;c__Gammaproteobacteria;o__Enterobacterales;f__Enterobacteriaceae;g__Citrobacter,temperate
R_T2109198946:k119_22511_length_82460_cov_2311.8769_fragment_1	NA,d__Bacteria;p__Pseudomonadota;c__Gammaproteobacteria;o__Enterobacterales;f__Enterobacteriaceae;g__Enterobacter,temperate
MET0565:k119_25832_length_104471_cov_666.6121_fragment_1	Viruses;Duplodnaviria;Heunggongvirae;Uroviricota;Caudoviricetes;;,d__Bacteria;p__Actinomycetota;c__Actinomycetes;o__Actinomycetales;f__Micrococcaceae;g__Rothia,temperate
MET0484:k119_13043_length_369398_cov_105.9886_fragment_3	Viruses;Duplodnaviria;Heunggongvirae;Uroviricota;Caudoviricetes;;,d__Bacteria;p__Actinomycetota;c__Actinomycetes;o__Propionibacteriales;f__Propionibacteriaceae;g__Cutibacterium,temperate
R_T2109199198:k119_48071_length_78244_cov_52.8809_fragment_1	Viruses;Duplodnaviria;Heunggongvirae;Uroviricota;Caudoviricetes;;,d__Bacteria;p__Pseudomonadota;c__Gammaproteobacteria;o__Enterobacterales;f__Enterobacteriaceae;g__Salmonella,temperate
R_T2109199198:k119_48746_length_90379_cov_318.8556_fragment_1	Viruses;Duplodnaviria;Heunggongvirae;Uroviricota;Caudoviricetes;;,d__Bacteria;p__Pseudomonadota;c__Gammaproteobacteria;o__Enterobacterales;f__Enterobacteriaceae;g__Leclercia,virulent
R_T2109199198:k119_19338_length_48242_cov_2587.5870_fragment_1	Viruses;Duplodnaviria;Heunggongvirae;Uroviricota;Caudoviricetes;;,d__Bacteria;p__Pseudomonadota;c__Gammaproteobacteria;o__Enterobacterales;f__Enterobacteriaceae;g__Enterobacter,temperate
R_T2109199198:k119_12316_length_93455_cov_59.9747_fragment_1	Viruses;Duplodnaviria;Heunggongvirae;Uroviricota;Caudoviricetes;;,d__Bacteria;p__Pseudomonadota;c__Gammaproteobacteria;o__Enterobacterales;f__Enterobacteriaceae;g__Citrobacter,temperate
R_T2109199198:k119_17935_length_70864_cov_74.4834_fragment_2	NA,d__Bacteria;p__Pseudomonadota;c__Gammaproteobacteria;o__Enterobacterales;f__Enterobacteriaceae;g__Leclercia,virulent
R_T2109199198:k119_41924_length_111645_cov_547.0000	Viruses;Duplodnaviria;Heunggongvirae;Uroviricota;Caudoviricetes;;,d__Bacteria;p__Pseudomonadota;c__Gammaproteobacteria;o__Enterobacterales;f__Enterobacteriaceae;g__Klebsiella,virulent
R_T2109199198:k119_40625_length_38183_cov_147.1774	Viruses;Duplodnaviria;Heunggongvirae;Uroviricota;Caudoviricetes;;,d__Bacteria;p__Pseudomonadota;c__Gammaproteobacteria;o__Pseudomonadales;f__Moraxellaceae;g__Acinetobacter,temperate
R_T2109199198:k119_11336_length_46473_cov_53.0935_fragment_1	Viruses;Duplodnaviria;Heunggongvirae;Uroviricota;Caudoviricetes;;,d__Bacteria;p__Bacillota;c__Bacilli;o__Staphylococcales;f__Staphylococcaceae;g__Staphylococcus,temperate
R_T2109199198:k119_9561_length_74542_cov_128.7919_fragment_2	Viruses;Duplodnaviria;Heunggongvirae;Uroviricota;Caudoviricetes;;,d__Bacteria;p__Pseudomonadota;c__Gammaproteobacteria;o__Enterobacterales;f__Enterobacteriaceae;g__Citrobacter,temperate
R_T2109199198:k119_9833_length_66588_cov_76.5717_fragment_1	Viruses;Duplodnaviria;Heunggongvirae;Uroviricota;Caudoviricetes;;,d__Bacteria;p__Pseudomonadota;c__Gammaproteobacteria;o__Pseudomonadales;f__Pseudomonadaceae;g__Pseudomonas_E,temperate
R_T2109199198:k119_12374_length_53931_cov_2353.5144_fragment_1	Viruses;Duplodnaviria;Heunggongvirae;Uroviricota;Caudoviricetes;;,d__Bacteria;p__Pseudomonadota;c__Gammaproteobacteria;o__Pseudomonadales;f__Moraxellaceae;g__Acinetobacter,virulent
R_T2109199198:k119_20528_length_66469_cov_48.9711_fragment_1	Viruses;Duplodnaviria;Heunggongvirae;Uroviricota;Caudoviricetes;;,d__Bacteria;p__Pseudomonadota;c__Gammaproteobacteria;o__Pseudomonadales;f__Pseudomonadaceae;g__Pseudomonas_E,temperate
R_T2109199198:k119_13483_length_89165_cov_58.9726_fragment_1	Viruses;Duplodnaviria;Heunggongvirae;Uroviricota;Caudoviricetes;;,d__Bacteria;p__Pseudomonadota;c__Gammaproteobacteria;o__Enterobacterales;f__Enterobacteriaceae;g__Enterobacter,temperate
R_T2109199198:k119_28421_length_27195_cov_17.0000_fragment_1	Viruses;Duplodnaviria;Heunggongvirae;Uroviricota;Caudoviricetes;;,d__Bacteria;p__Pseudomonadota;c__Gammaproteobacteria;o__Enterobacterales;f__Enterobacteriaceae;g__Pluralibacter,temperate
MET0547:k119_20708_length_61990_cov_539.8072_fragment_1	Viruses;Duplodnaviria;Heunggongvirae;Uroviricota;Caudoviricetes;;,d__Bacteria;p__Bacillota;c__Bacilli;o__Staphylococcales;f__Staphylococcaceae;g__Staphylococcus,temperate
T2109199120:k141_3771_length_89488_cov_629.9158_fragment_1	Viruses;Duplodnaviria;Heunggongvirae;Uroviricota;Caudoviricetes;;,d__Bacteria;p__Bacillota;c__Bacilli;o__Staphylococcales;f__Staphylococcaceae;g__Staphylococcus,temperate
DT2007044663-1:k141_113382_length_115090_cov_159.5986_fragment_1	Viruses;Duplodnaviria;Heunggongvirae;Uroviricota;Caudoviricetes;;,d__Bacteria;p__Actinomycetota;c__Actinomycetes;o__Propionibacteriales;f__Propionibacteriaceae;g__Cutibacterium,temperate
T2108174128:k141_553546_length_86678_cov_222.3636_fragment_2	Viruses;Duplodnaviria;Heunggongvirae;Uroviricota;Caudoviricetes;;,d__Bacteria;p__Pseudomonadota;c__Gammaproteobacteria;o__Enterobacterales;f__Aeromonadaceae;g__Aeromonas,temperate
T2108174128:k141_190312_length_34936_cov_850.4341_fragment_1	Viruses;Duplodnaviria;Heunggongvirae;Uroviricota;Caudoviricetes;;,d__Bacteria;p__Pseudomonadota;c__Gammaproteobacteria;o__Pseudomonadales;f__Moraxellaceae;g__Acinetobacter,temperate
T2108174128:k141_284688_length_40048_cov_139.3360	NA,d__Bacteria;p__Pseudomonadota;c__Gammaproteobacteria;o__Pseudomonadales;f__Pseudomonadaceae;g__Pseudomonas_E,temperate
MET0736:k119_3825_length_76675_cov_658.8117_fragment_1	Viruses;Duplodnaviria;Heunggongvirae;Uroviricota;Caudoviricetes;;,d__Bacteria;p__Actinomycetota;c__Actinomycetes;o__Mycobacteriales;f__Mycobacteriaceae;g__Corynebacterium,temperate
MET0736:k119_10887_length_132229_cov_674.0000_fragment_1	Viruses;Duplodnaviria;Heunggongvirae;Uroviricota;Caudoviricetes;;,d__Bacteria;p__Actinomycetota;c__Actinomycetes;o__Mycobacteriales;f__Mycobacteriaceae;g__Mycobacterium,temperate
MET0259:k119_208461_length_133509_cov_112.9673_fragment_1	Viruses;Duplodnaviria;Heunggongvirae;Uroviricota;Caudoviricetes;;,d__Bacteria;p__Bacillota;c__Bacilli;o__Lactobacillales;f__Lactobacillaceae;g__Lactobacillus,temperate
MET0259:k119_289205_length_58444_cov_177.8908_fragment_1	Viruses;Duplodnaviria;Heunggongvirae;Uroviricota;Caudoviricetes;;,d__Bacteria;p__Bacillota;c__Bacilli;o__Lactobacillales;f__Lactobacillaceae;g__Lactobacillus,temperate
MET0376:k119_6251_length_101781_cov_82.2296_fragment_1	Viruses;Duplodnaviria;Heunggongvirae;Uroviricota;Caudoviricetes;;,d__Bacteria;p__Bacillota;c__Clostridia;o__Tissierellales;f__Peptoniphilaceae;g__Anaerococcus,temperate
MET0376:k119_10684_length_181534_cov_114.9749_fragment_1	Viruses;Duplodnaviria;Heunggongvirae;Uroviricota;Caudoviricetes;;,d__Bacteria;p__Bacillota;c__Clostridia;o__Tissierellales;f__Peptoniphilaceae;g__Mediannikoviicoccus,temperate
R_T2109198919:k119_4389_length_54730_cov_1782.9836_fragment_1	Viruses;Duplodnaviria;Heunggongvirae;Uroviricota;Caudoviricetes;;,d__Bacteria;p__Bacillota;c__Bacilli;o__Bacillales;f__Bacillaceae_G;g__Bacillus_A,temperate
R_T2109198919:k119_6649_length_221709_cov_42.0108_fragment_3	Viruses;Duplodnaviria;Heunggongvirae;Uroviricota;Caudoviricetes;;,d__Bacteria;p__Pseudomonadota;c__Gammaproteobacteria;o__Pseudomonadales;f__Pseudomonadaceae;g__Pseudomonas_E,temperate
R_T2109198892:k119_33623_length_79920_cov_133.3723_fragment_2	NA,NA,virulent
R_T2109198892:k119_47965_length_27045_cov_3890.2138	Viruses;Duplodnaviria;Heunggongvirae;Uroviricota;Caudoviricetes;;,d__Bacteria;p__Pseudomonadota;c__Gammaproteobacteria;o__Pseudomonadales;f__Moraxellaceae;g__Acinetobacter,temperate
R_T2109198892:k119_20809_length_71502_cov_1243.3035_fragment_1	Viruses;Duplodnaviria;Heunggongvirae;Uroviricota;Caudoviricetes;;,d__Bacteria;p__Pseudomonadota;c__Gammaproteobacteria;o__Enterobacterales;f__Enterobacteriaceae;g__Klebsiella,temperate
R_T2109198892:k119_25430_length_747393_cov_503.9731_fragment_1	Viruses;Duplodnaviria;Heunggongvirae;Uroviricota;Caudoviricetes;;,NA,temperate
R_T2109198892:k119_35738_length_226196_cov_259.5075_fragment_1	Viruses;Duplodnaviria;Heunggongvirae;Uroviricota;Caudoviricetes;;,d__Bacteria;p__Pseudomonadota;c__Gammaproteobacteria;o__Burkholderiales;f__Burkholderiaceae;g__Telluria,temperate
R_T2109198892:k119_30129_length_122577_cov_19.9789_fragment_1	Viruses;Duplodnaviria;Heunggongvirae;Uroviricota;Caudoviricetes;;,d__Bacteria;p__Bacillota;c__Bacilli;o__Staphylococcales;f__Staphylococcaceae;g__Staphylococcus,temperate
R_T2109198892:k119_27506_length_282649_cov_152.2856_fragment_3	Viruses;Duplodnaviria;Heunggongvirae;Uroviricota;Caudoviricetes;;,d__Bacteria;p__Pseudomonadota;c__Gammaproteobacteria;o__Burkholderiales;f__Burkholderiaceae;g__Telluria,virulent
DP1807004284:k119_11988_length_4016_cov_24.0000	Viruses;Monodnaviria;Sangervirae;Phixviricota;Malgrandaviricetes;Petitvirales;Microviridae,NA,virulent
T2108173930:k141_172297_length_41032_cov_2.0000_fragment_1	Viruses;Duplodnaviria;Heunggongvirae;Uroviricota;Caudoviricetes;;,NA,temperate
T2108173930:k141_118014_length_33159_cov_2.4787_fragment_1	Viruses;Duplodnaviria;Heunggongvirae;Uroviricota;Caudoviricetes;;,d__Bacteria;p__Bacillota;c__Negativicutes;o__Veillonellales;f__Dialisteraceae;g__Dialister,virulent
T2109198974:k141_47514_length_99509_cov_528.1133	Viruses;Duplodnaviria;Heunggongvirae;Uroviricota;Caudoviricetes;;,d__Bacteria;p__Pseudomonadota;c__Gammaproteobacteria;o__Pseudomonadales;f__Moraxellaceae;g__Acinetobacter,virulent
1111525849736908:k141_186203_length_118342_cov_115.3049_fragment_1	Viruses;Duplodnaviria;Heunggongvirae;Uroviricota;Caudoviricetes;;,d__Bacteria;p__Bacillota;c__Bacilli;o__Staphylococcales;f__Staphylococcaceae;g__Staphylococcus,temperate
1111525849481488:k141_242016_length_104810_cov_57.0771_fragment_2	Viruses;Duplodnaviria;Heunggongvirae;Uroviricota;Caudoviricetes;;,d__Bacteria;p__Bacillota;c__Bacilli;o__Staphylococcales;f__Staphylococcaceae;g__Staphylococcus,temperate
1111525849481488:k141_43489_length_255846_cov_68.7082_fragment_1	Viruses;Duplodnaviria;Heunggongvirae;Uroviricota;Caudoviricetes;;,d__Bacteria;p__Actinomycetota;c__Actinomycetes;o__Mycobacteriales;f__Mycobacteriaceae;g__Lawsonella,virulent
T2109198983:k141_74610_length_89055_cov_488.5730_fragment_2	Viruses;Duplodnaviria;Heunggongvirae;Uroviricota;Caudoviricetes;;,d__Bacteria;p__Bacillota;c__Bacilli;o__Staphylococcales;f__Staphylococcaceae;g__Staphylococcus,temperate
1111525849737367:k141_42738_length_79902_cov_259.5027	Viruses;Duplodnaviria;Heunggongvirae;Uroviricota;Caudoviricetes;;,d__Bacteria;p__Bacteroidota;c__Bacteroidia;o__Flavobacteriales;f__Weeksellaceae;g__Elizabethkingia,virulent
1111525849737367:k141_259969_length_46239_cov_567.1759_fragment_1	Viruses;Duplodnaviria;Heunggongvirae;Uroviricota;Caudoviricetes;;,d__Bacteria;p__Pseudomonadota;c__Gammaproteobacteria;o__Xanthomonadales;f__Xanthomonadaceae;g__Stenotrophomonas,temperate
T2109198947:k141_3430_length_45889_cov_1042.6824_fragment_1	Viruses;Duplodnaviria;Heunggongvirae;Uroviricota;Caudoviricetes;;,d__Bacteria;p__Bacillota;c__Bacilli;o__Lactobacillales;f__Enterococcaceae;g__Enterococcus,temperate
1111525849486744:k141_545795_length_123822_cov_90.2785_fragment_2	Viruses;Duplodnaviria;Heunggongvirae;Uroviricota;Caudoviricetes;;,NA,temperate
1111525849486744:k141_235048_length_48212_cov_126.5422_fragment_1	Viruses;Duplodnaviria;Heunggongvirae;Uroviricota;Caudoviricetes;;,d__Bacteria;p__Bacillota;c__Bacilli;o__Staphylococcales;f__Staphylococcaceae;g__Staphylococcus,temperate
T2109198929:k141_3694_length_28293_cov_474.9962_fragment_1	Viruses;Duplodnaviria;Heunggongvirae;Uroviricota;Caudoviricetes;;,d__Bacteria;p__Bacillota;c__Bacilli;o__Staphylococcales;f__Staphylococcaceae;g__Staphylococcus,temperate
1111525849478545:k141_572145_length_44359_cov_36.0000	Viruses;Duplodnaviria;Heunggongvirae;Uroviricota;Caudoviricetes;;,d__Bacteria;p__Bacillota;c__Clostridia;o__Tissierellales;f__Peptoniphilaceae;g__Anaerococcus,temperate
1111525849478545:k141_56854_length_322726_cov_96.1694_fragment_1	Viruses;Duplodnaviria;Heunggongvirae;Uroviricota;Caudoviricetes;;,d__Bacteria;p__Actinomycetota;c__Actinomycetes;o__Mycobacteriales;f__Mycobacteriaceae;g__Lawsonella,virulent
MET0084:k119_7585_length_53954_cov_47.0000_fragment_1	Viruses;Duplodnaviria;Heunggongvirae;Uroviricota;Caudoviricetes;;,d__Bacteria;p__Bacillota;c__Bacilli;o__Staphylococcales;f__Staphylococcaceae;g__Staphylococcus,temperate
MET0246:k119_16244_length_28261_cov_146.7769	Viruses;Duplodnaviria;Heunggongvirae;Uroviricota;Caudoviricetes;;,d__Bacteria;p__Actinomycetota;c__Actinomycetes;o__Propionibacteriales;f__Propionibacteriaceae;g__Cutibacterium,temperate
R_T2109198906:k119_560_length_52219_cov_9783.0739_fragment_1	Viruses;Duplodnaviria;Heunggongvirae;Uroviricota;Caudoviricetes;;,d__Bacteria;p__Pseudomonadota;c__Gammaproteobacteria;o__Enterobacterales;f__Enterobacteriaceae;g__Serratia,temperate
R_T2109198906:k119_1878_length_195188_cov_9446.6780_fragment_2	Viruses;Duplodnaviria;Heunggongvirae;Uroviricota;Caudoviricetes;;,d__Bacteria;p__Pseudomonadota;c__Gammaproteobacteria;o__Enterobacterales;f__Enterobacteriaceae;g__Serratia,virulent
R_T2109198906:k119_2973_length_85462_cov_22.9897_fragment_1	Viruses;Duplodnaviria;Heunggongvirae;Uroviricota;Caudoviricetes;;,d__Bacteria;p__Pseudomonadota;c__Gammaproteobacteria;o__Pseudomonadales;f__Moraxellaceae;g__Acinetobacter,temperate
T2108174052:k141_662549_length_53616_cov_153.3358_fragment_1	Viruses;Duplodnaviria;Heunggongvirae;Uroviricota;Caudoviricetes;;,d__Bacteria;p__Actinomycetota;c__Actinomycetes;o__Mycobacteriales;f__Mycobacteriaceae;g__Corynebacterium,temperate
T2108174052:k141_335954_length_190753_cov_522.9455_fragment_1	NA,d__Bacteria;p__Actinomycetota;c__Actinomycetes;o__Mycobacteriales;f__Mycobacteriaceae;g__Corynebacterium,temperate
T2108174052:k141_211972_length_21755_cov_547.1255_fragment_1	Viruses;Duplodnaviria;Heunggongvirae;Uroviricota;Caudoviricetes;;,d__Bacteria;p__Actinomycetota;c__Actinomycetes;o__Mycobacteriales;f__Mycobacteriaceae;g__Corynebacterium,virulent
R_T2109198960:k119_13166_length_107195_cov_1394.5191_fragment_1	Viruses;Duplodnaviria;Heunggongvirae;Uroviricota;Caudoviricetes;;,d__Bacteria;p__Pseudomonadota;c__Gammaproteobacteria;o__Pseudomonadales;f__Moraxellaceae;g__Moraxella_A,temperate
R_T2109198960:k119_8597_length_110713_cov_315.3692_fragment_1	NA,d__Bacteria;p__Bacillota;c__Bacilli;o__Staphylococcales;f__Staphylococcaceae;g__Staphylococcus,temperate
R_T2109198960:k119_5421_length_166556_cov_1305.6864_fragment_1	Viruses;Duplodnaviria;Heunggongvirae;Uroviricota;Caudoviricetes;;,d__Bacteria;p__Pseudomonadota;c__Gammaproteobacteria;o__Pseudomonadales;f__Moraxellaceae;g__Moraxella_A,temperate
R_T2109198960:k119_2111_length_186177_cov_31.9213_fragment_2	Viruses;Duplodnaviria;Heunggongvirae;Uroviricota;Caudoviricetes;;,d__Bacteria;p__Actinomycetota;c__Actinomycetes;o__Actinomycetales;f__Micrococcaceae;g__Rothia,virulent
R_T2109198960:k119_15495_length_445772_cov_6630.1018_fragment_1	Viruses;Duplodnaviria;Heunggongvirae;Uroviricota;Caudoviricetes;;,d__Bacteria;p__Bacillota;c__Bacilli;o__Staphylococcales;f__Staphylococcaceae;g__Staphylococcus,temperate
R_T2109198960:k119_11368_length_53976_cov_74.7617	Viruses;Duplodnaviria;Heunggongvirae;Uroviricota;Caudoviricetes;;,d__Bacteria;p__Pseudomonadota;c__Gammaproteobacteria;o__Pseudomonadales;f__Moraxellaceae;g__Moraxella_A,temperate
R_T2109198960:k119_13968_length_472578_cov_40.1100_fragment_3	Viruses;Duplodnaviria;Heunggongvirae;Uroviricota;Caudoviricetes;;,d__Bacteria;p__Bacillota;c__Bacilli;o__Paenibacillales;f__Paenibacillaceae;g__Paenibacillus,temperate
R_T2109198960:k119_7399_length_206168_cov_1346.7322_fragment_1	Viruses;Duplodnaviria;Heunggongvirae;Uroviricota;Caudoviricetes;;,d__Bacteria;p__Pseudomonadota;c__Gammaproteobacteria;o__Pseudomonadales;f__Moraxellaceae;g__Moraxella_A,temperate
R_T2109198960:k119_12030_length_188022_cov_34.7866_fragment_2	Viruses;Duplodnaviria;Heunggongvirae;Uroviricota;Caudoviricetes;;,d__Bacteria;p__Bacillota;c__Bacilli;o__Paenibacillales;f__Paenibacillaceae;g__Paenibacillus,temperate
R_T2109198960:k119_22643_length_90945_cov_10.0000_fragment_1	Viruses;Duplodnaviria;Heunggongvirae;Uroviricota;Caudoviricetes;;,NA,temperate
R_T2109198960:k119_19141_length_50146_cov_43.9828_fragment_1	Viruses;Duplodnaviria;Heunggongvirae;Uroviricota;Caudoviricetes;;,d__Bacteria;p__Actinomycetota;c__Actinomycetes;o__Actinomycetales;f__Micrococcaceae;g__Rothia,temperate
R_T2109198960:k119_20426_length_58359_cov_1757.6038_fragment_1	Viruses;Duplodnaviria;Heunggongvirae;Uroviricota;Caudoviricetes;;,d__Bacteria;p__Bacillota;c__Bacilli;o__Staphylococcales;f__Staphylococcaceae;g__Staphylococcus,temperate
T2108174016:k141_751008_length_46906_cov_82.6188	Viruses;Duplodnaviria;Heunggongvirae;Uroviricota;Caudoviricetes;;,d__Bacteria;p__Actinomycetota;c__Actinomycetes;o__Mycobacteriales;f__Mycobacteriaceae;g__Corynebacterium,temperate
T2108174016:k141_1424861_length_65864_cov_65.9035_fragment_1	Viruses;Duplodnaviria;Heunggongvirae;Uroviricota;Caudoviricetes;;,d__Bacteria;p__Actinomycetota;c__Actinomycetes;o__Mycobacteriales;f__Mycobacteriaceae;g__Corynebacterium,temperate
T2108174007:k141_426529_length_53737_cov_128.6595_fragment_1	Viruses;Duplodnaviria;Heunggongvirae;Uroviricota;Caudoviricetes;;,d__Bacteria;p__Pseudomonadota;c__Alphaproteobacteria;o__Rhodobacterales;f__Rhodobacteraceae;g__Paracoccus,temperate
T2108174061:k141_2096763_length_38614_cov_101.0000	Viruses;Duplodnaviria;Heunggongvirae;Uroviricota;Caudoviricetes;;,d__Bacteria;p__Bacillota;c__Bacilli;o__Lactobacillales;f__Lactobacillaceae;g__Lactobacillus,temperate
T2108174061:k141_795680_length_55642_cov_121.2978_fragment_2	Viruses;Duplodnaviria;Heunggongvirae;Uroviricota;Caudoviricetes;;,d__Bacteria;p__Actinomycetota;c__Actinomycetes;o__Actinomycetales;f__Actinomycetaceae;g__Varibaculum,virulent
T2108174061:k141_830261_length_39632_cov_117.7659_fragment_1	Viruses;Duplodnaviria;Heunggongvirae;Uroviricota;Caudoviricetes;;,d__Bacteria;p__Bacteroidota;c__Bacteroidia;o__Bacteroidales;f__Bacteroidaceae;g__Phocaeicola,temperate
DP1807004325:k119_21928_length_196543_cov_1343.1660_fragment_4	Viruses;Duplodnaviria;Heunggongvirae;Uroviricota;Caudoviricetes;;,d__Bacteria;p__Actinomycetota;c__Actinomycetes;o__Mycobacteriales;f__Mycobacteriaceae;g__Mycobacterium,temperate
T2109198952:k141_19956_length_27770_cov_16358.6203_fragment_1	NA,d__Bacteria;p__Bacillota;c__Bacilli;o__Staphylococcales;f__Staphylococcaceae;g__Staphylococcus,temperate
T2109199078:k141_61207_length_451886_cov_5905.6850_fragment_1	Viruses;Duplodnaviria;Heunggongvirae;Uroviricota;Caudoviricetes;;,d__Bacteria;p__Pseudomonadota;c__Gammaproteobacteria;o__Enterobacterales;f__Enterobacteriaceae;g__Enterobacter,temperate
T2109198907:k141_6098_length_72780_cov_141.0000_fragment_1	Viruses;Duplodnaviria;Heunggongvirae;Uroviricota;Caudoviricetes;;,d__Bacteria;p__Bacillota;c__Bacilli;o__Staphylococcales;f__Staphylococcaceae;g__Staphylococcus,temperate
T2109198907:k141_17512_length_78986_cov_1289.8458_fragment_1	Viruses;Duplodnaviria;Heunggongvirae;Uroviricota;Caudoviricetes;;,d__Bacteria;p__Bacillota;c__Bacilli;o__Staphylococcales;f__Staphylococcaceae;g__Staphylococcus,temperate
T2108173996:k141_226351_length_48052_cov_113.0814_fragment_1	Viruses;Duplodnaviria;Heunggongvirae;Uroviricota;Caudoviricetes;;,d__Bacteria;p__Pseudomonadota;c__Gammaproteobacteria;o__Burkholderiales;f__Burkholderiaceae;g__Acidovorax,temperate
T2108173996:k141_281590_length_21883_cov_775.8322_fragment_1	Viruses;Duplodnaviria;Heunggongvirae;Uroviricota;Caudoviricetes;;,d__Bacteria;p__Pseudomonadota;c__Alphaproteobacteria;o__Caulobacterales;f__Caulobacteraceae;g__Brevundimonas,virulent
T2108173996:k141_519333_length_59114_cov_75.5896_fragment_1	Viruses;Duplodnaviria;Heunggongvirae;Uroviricota;Caudoviricetes;;,d__Bacteria;p__Bacillota;c__Bacilli;o__Lactobacillales;f__Lactobacillaceae;g__Lactobacillus,temperate
T2108173996:k141_394354_length_76871_cov_81.8554_fragment_1	Viruses;Duplodnaviria;Heunggongvirae;Uroviricota;Caudoviricetes;;,NA,temperate
T2108173978:k141_584721_length_91701_cov_101.9176_fragment_1	Viruses;Duplodnaviria;Heunggongvirae;Uroviricota;Caudoviricetes;;,d__Bacteria;p__Pseudomonadota;c__Gammaproteobacteria;o__Enterobacterales;f__Enterobacteriaceae;g__Rosenbergiella,temperate
T2108173978:k141_1090972_length_83166_cov_88.0119_fragment_1	Viruses;Duplodnaviria;Heunggongvirae;Uroviricota;Caudoviricetes;;,NA,temperate
T2108173897:k141_587960_length_54922_cov_69.9342_fragment_1	Viruses;Duplodnaviria;Heunggongvirae;Uroviricota;Caudoviricetes;;,d__Bacteria;p__Bacillota;c__Clostridia;o__Tissierellales;f__Peptoniphilaceae;g__Anaerococcus,temperate
T2108173897:k141_185887_length_59257_cov_169.4748_fragment_1	Viruses;Duplodnaviria;Heunggongvirae;Uroviricota;Caudoviricetes;;,d__Bacteria;p__Actinomycetota;c__Actinomycetes;o__Mycobacteriales;f__Mycobacteriaceae;g__Corynebacterium,temperate
T2108173897:k141_2016912_length_59583_cov_56.0329_fragment_1	NA,d__Bacteria;p__Bacillota;c__Bacilli;o__Lactobacillales;f__Lactobacillaceae;g__Lactobacillus,temperate
T2108173943:k141_247642_length_918938_cov_854.3898_fragment_3	NA,d__Bacteria;p__Pseudomonadota;c__Alphaproteobacteria;o__Sphingomonadales;f__Sphingomonadaceae;g__Sphingopyxis,temperate
T2108173943:k141_601609_length_68830_cov_45.8556_fragment_1	NA,NA,temperate
T2108173943:k141_146953_length_807570_cov_67.0024_fragment_11	NA,d__Bacteria;p__Pseudomonadota;c__Alphaproteobacteria;o__Rhizobiales;f__Devosiaceae;g__Devosia,virulent
T2108173943:k141_409712_length_31727_cov_43.0000_fragment_1	Viruses;Duplodnaviria;Heunggongvirae;Uroviricota;Caudoviricetes;;,NA,temperate
T2108173943:k141_280249_length_65730_cov_64.0445	NA,NA,temperate
T2108173943:k141_127085_length_55073_cov_1534.5992_fragment_1	Viruses;Duplodnaviria;Heunggongvirae;Uroviricota;Caudoviricetes;;,NA,temperate
T2108173943:k141_484693_length_42382_cov_68.2636_fragment_1	Viruses;Duplodnaviria;Heunggongvirae;Uroviricota;Caudoviricetes;;,d__Bacteria;p__Bacteroidota;c__Bacteroidia;o__Bacteroidales;f__Porphyromonadaceae;g__Porphyromonas_A,virulent
T2108173943:k141_74490_length_356802_cov_86.1387_fragment_2	NA,d__Bacteria;p__Pseudomonadota;c__Gammaproteobacteria;o__Burkholderiales;f__Burkholderiaceae;g__Acidovorax,temperate
T2108173862:k141_558833_length_127428_cov_176.5463_fragment_2	Viruses;Duplodnaviria;Heunggongvirae;Uroviricota;Caudoviricetes;;,d__Bacteria;p__Bacillota;c__Bacilli;o__Lactobacillales;f__Lactobacillaceae;g__Lactobacillus,temperate
1111525849485004:k141_491994_length_12173_cov_80.9078	Viruses;Duplodnaviria;Heunggongvirae;Uroviricota;Caudoviricetes;;,d__Bacteria;p__Bacillota;c__Bacilli;o__Lactobacillales;f__Streptococcaceae;g__Streptococcus,temperate
T2108173907:k141_1450613_length_94578_cov_109.6807_fragment_2	Viruses;Duplodnaviria;Heunggongvirae;Uroviricota;Caudoviricetes;;,d__Bacteria;p__Actinomycetota;c__Actinomycetes;o__Actinomycetales;f__Actinomycetaceae;g__Winkia,temperate
T2108173907:k141_434239_length_480670_cov_93.7239_fragment_1	Viruses;Duplodnaviria;Heunggongvirae;Uroviricota;Caudoviricetes;;,d__Bacteria;p__Pseudomonadota;c__Gammaproteobacteria;o__Pseudomonadales;f__Pseudomonadaceae;g__Pseudomonas_E,temperate
T2108173907:k141_787593_length_138452_cov_148.3443_fragment_1	Viruses;Duplodnaviria;Heunggongvirae;Uroviricota;Caudoviricetes;;,d__Bacteria;p__Actinomycetota;c__Actinomycetes;o__Mycobacteriales;f__Mycobacteriaceae;g__Corynebacterium,virulent
T2108173961:k141_642228_length_257604_cov_295.1078_fragment_1	Viruses;Duplodnaviria;Heunggongvirae;Uroviricota;Caudoviricetes;;,d__Bacteria;p__Bacillota;c__Bacilli;o__Staphylococcales;f__Staphylococcaceae;g__Staphylococcus,virulent
1111525849640317:k141_204602_length_57456_cov_137.7431_fragment_1	Viruses;Duplodnaviria;Heunggongvirae;Uroviricota;Caudoviricetes;;,d__Bacteria;p__Bacillota;c__Bacilli;o__Staphylococcales;f__Staphylococcaceae;g__Staphylococcus,temperate
1111525849671241:k141_2602492_length_55401_cov_43.9642_fragment_1	Viruses;Duplodnaviria;Heunggongvirae;Uroviricota;Caudoviricetes;;,d__Bacteria;p__Pseudomonadota;c__Gammaproteobacteria;o__Pseudomonadales;f__Moraxellaceae;g__Acinetobacter,temperate
T2108174096:k141_364064_length_50125_cov_452.1064	Viruses;Duplodnaviria;Heunggongvirae;Uroviricota;Caudoviricetes;;,d__Bacteria;p__Actinomycetota;c__Actinomycetes;o__Mycobacteriales;f__Mycobacteriaceae;g__Corynebacterium,temperate
T2108174096:k141_2551312_length_46020_cov_90.0000	NA,d__Bacteria;p__Bacillota;c__Clostridia;o__Tissierellales;f__Peptoniphilaceae;g__Anaerococcus,virulent
T2108174096:k141_43337_length_66013_cov_190.0208_fragment_1	Viruses;Duplodnaviria;Heunggongvirae;Uroviricota;Caudoviricetes;;,NA,temperate
T2109199043:k141_22228_length_82350_cov_74.4533_fragment_1	Viruses;Duplodnaviria;Heunggongvirae;Uroviricota;Caudoviricetes;;,d__Bacteria;p__Pseudomonadota;c__Gammaproteobacteria;o__Enterobacterales;f__Enterobacteriaceae;g__Klebsiella,virulent
T2109199070:k141_44755_length_46932_cov_9663.0907	NA,d__Bacteria;p__Bacillota;c__Bacilli;o__Staphylococcales;f__Staphylococcaceae;g__Staphylococcus,temperate
T2108173871:k141_676099_length_103796_cov_82.0000_fragment_1	Viruses;Duplodnaviria;Heunggongvirae;Uroviricota;Caudoviricetes;;,d__Bacteria;p__Actinomycetota;c__Actinomycetes;o__Actinomycetales;f__Actinomycetaceae;g__Winkia,temperate
T2109199034:k141_4689_length_172097_cov_4789.3456_fragment_1	Viruses;Duplodnaviria;Heunggongvirae;Uroviricota;Caudoviricetes;;,d__Bacteria;p__Pseudomonadota;c__Gammaproteobacteria;o__Enterobacterales;f__Enterobacteriaceae;g__Klebsiella,temperate
T2109199034:k141_4689_length_172097_cov_4789.3456_fragment_2	Viruses;Duplodnaviria;Heunggongvirae;Uroviricota;Caudoviricetes;;,d__Bacteria;p__Pseudomonadota;c__Gammaproteobacteria;o__Enterobacterales;f__Enterobacteriaceae;g__Klebsiella,temperate
T2109199034:k141_22995_length_62308_cov_5206.7523_fragment_1	Viruses;Duplodnaviria;Heunggongvirae;Uroviricota;Caudoviricetes;;,d__Bacteria;p__Pseudomonadota;c__Gammaproteobacteria;o__Enterobacterales;f__Enterobacteriaceae;g__Klebsiella,temperate
T2109199034:k141_11406_length_185273_cov_4656.6590_fragment_2	Viruses;Duplodnaviria;Heunggongvirae;Uroviricota;Caudoviricetes;;,d__Bacteria;p__Pseudomonadota;c__Gammaproteobacteria;o__Enterobacterales;f__Enterobacteriaceae;g__Klebsiella,temperate
T2109199034:k141_24486_length_121491_cov_2564.0551_fragment_1	Viruses;Duplodnaviria;Heunggongvirae;Uroviricota;Caudoviricetes;;,d__Bacteria;p__Pseudomonadota;c__Gammaproteobacteria;o__Enterobacterales;f__Enterobacteriaceae;g__Klebsiella,temperate
T2109199034:k141_13293_length_61135_cov_2712.1209_fragment_1	Viruses;Duplodnaviria;Heunggongvirae;Uroviricota;Caudoviricetes;;,d__Bacteria;p__Pseudomonadota;c__Gammaproteobacteria;o__Enterobacterales;f__Enterobacteriaceae;g__Klebsiella,temperate
1111525849639030:k141_175168_length_62258_cov_123.0862_fragment_1	Viruses;Duplodnaviria;Heunggongvirae;Uroviricota;Caudoviricetes;;,d__Bacteria;p__Actinomycetota;c__Actinomycetes;o__Propionibacteriales;f__Propionibacteriaceae;g__Cutibacterium,temperate
T2108174069:k141_208500_length_105494_cov_106.9988_fragment_1	Viruses;Duplodnaviria;Heunggongvirae;Uroviricota;Caudoviricetes;;,d__Bacteria;p__Bacillota;c__Bacilli;o__Lactobacillales;f__Lactobacillaceae;g__Lactobacillus,temperate
T2108174069:k141_908796_length_87150_cov_93.0001_fragment_1	Viruses;Duplodnaviria;Heunggongvirae;Uroviricota;Caudoviricetes;;,d__Bacteria;p__Pseudomonadota;c__Gammaproteobacteria;o__Enterobacterales;f__Enterobacteriaceae;g__Escherichia,temperate
T2108174069:k141_544176_length_101963_cov_91.9136_fragment_1	Viruses;Duplodnaviria;Heunggongvirae;Uroviricota;Caudoviricetes;;,NA,virulent
T2108174069:k141_294865_length_295019_cov_428.0110_fragment_2	Viruses;Duplodnaviria;Heunggongvirae;Uroviricota;Caudoviricetes;;,d__Bacteria;p__Pseudomonadota;c__Gammaproteobacteria;o__Xanthomonadales;f__Xanthomonadaceae;g__Stenotrophomonas,temperate
T2108174069:k141_905876_length_46714_cov_95.8594_fragment_1	Viruses;Duplodnaviria;Heunggongvirae;Uroviricota;Caudoviricetes;;,d__Bacteria;p__Pseudomonadota;c__Gammaproteobacteria;o__Enterobacterales;f__Enterobacteriaceae;g__Citrobacter,virulent
T2108173934:k141_687051_length_39859_cov_92.0244_fragment_1	Viruses;Duplodnaviria;Heunggongvirae;Uroviricota;Caudoviricetes;;,d__Bacteria;p__Bacillota;c__Bacilli;o__Lactobacillales;f__Lactobacillaceae;g__Lactobacillus,temperate
T2108173934:k141_69936_length_95764_cov_179.9235_fragment_2	Viruses;Duplodnaviria;Heunggongvirae;Uroviricota;Caudoviricetes;;,d__Bacteria;p__Bacillota;c__Bacilli;o__Lactobacillales;f__Streptococcaceae;g__Streptococcus,temperate
T2108173934:k141_367266_length_36839_cov_438.4951	Viruses;Duplodnaviria;Heunggongvirae;Uroviricota;Caudoviricetes;;,d__Bacteria;p__Pseudomonadota;c__Gammaproteobacteria;o__Enterobacterales;f__Pasteurellaceae;g__Haemophilus_D,temperate
T2108173934:k141_910607_length_50043_cov_59.9457_fragment_1	Viruses;Duplodnaviria;Heunggongvirae;Uroviricota;Caudoviricetes;;,d__Bacteria;p__Bacillota;c__Bacilli;o__Lactobacillales;f__Lactobacillaceae;g__Lactobacillus,temperate
T2108173934:k141_344321_length_47392_cov_85.0078	Viruses;Duplodnaviria;Heunggongvirae;Uroviricota;Caudoviricetes;;,d__Bacteria;p__Bacillota;c__Bacilli;o__Staphylococcales;f__Abyssicoccaceae;g__Abyssicoccus,temperate
MET0211:k119_10003_length_102620_cov_23.9955_fragment_1	Viruses;Duplodnaviria;Heunggongvirae;Uroviricota;Caudoviricetes;;,d__Bacteria;p__Actinomycetota;c__Actinomycetes;o__Mycobacteriales;f__Mycobacteriaceae;g__Corynebacterium,virulent
MET0031:k119_8756_length_378650_cov_121.2522_fragment_3	Viruses;Duplodnaviria;Heunggongvirae;Uroviricota;Caudoviricetes;;,d__Bacteria;p__Actinomycetota;c__Actinomycetes;o__Mycobacteriales;f__Mycobacteriaceae;g__Corynebacterium,virulent
MET0310:k119_279460_length_43479_cov_147.9322_fragment_2	Viruses;Duplodnaviria;Heunggongvirae;Uroviricota;Caudoviricetes;;,NA,temperate
1111525849666496:k141_531094_length_71403_cov_77.9816_fragment_1	Viruses;Duplodnaviria;Heunggongvirae;Uroviricota;Caudoviricetes;;,d__Bacteria;p__Actinomycetota;c__Actinomycetes;o__Propionibacteriales;f__Propionibacteriaceae;g__Cutibacterium,temperate
1111525849853957:k141_469562_length_121348_cov_72.0009_fragment_1	Viruses;Duplodnaviria;Heunggongvirae;Uroviricota;Caudoviricetes;;,NA,virulent
1111525849857917:k141_856943_length_34854_cov_101.0000_fragment_1	Viruses;Duplodnaviria;Heunggongvirae;Uroviricota;Caudoviricetes;;,d__Bacteria;p__Actinomycetota;c__Actinomycetes;o__Mycobacteriales;f__Mycobacteriaceae;g__Lawsonella,temperate
1111525849478864:k141_725729_length_32555_cov_78.0000_fragment_1	Viruses;Duplodnaviria;Heunggongvirae;Uroviricota;Caudoviricetes;;,d__Bacteria;p__Pseudomonadota;c__Gammaproteobacteria;o__Enterobacterales;f__Enterobacteriaceae;g__Citrobacter,temperate
1111525849478864:k141_237854_length_107290_cov_114.9521_fragment_2	Viruses;Duplodnaviria;Heunggongvirae;Uroviricota;Caudoviricetes;;,NA,temperate
T2109198969:k141_80417_length_57648_cov_294.5944	Viruses;Duplodnaviria;Heunggongvirae;Uroviricota;Caudoviricetes;;,d__Bacteria;p__Pseudomonadota;c__Gammaproteobacteria;o__Pseudomonadales;f__Moraxellaceae;g__Moraxella_A,temperate
MET0232:k119_7568_length_7308_cov_123.0171	Viruses;Monodnaviria;Shotokuvirae;Cossaviricota;Papovaviricetes;Zurhausenvirales;Papillomaviridae,NA,unknown
T2108174020:k141_148249_length_7470_cov_1619.0000	Viruses;Monodnaviria;Shotokuvirae;Cossaviricota;Papovaviricetes;Zurhausenvirales;Papillomaviridae,NA,unknown
T2108174101:k141_2407567_length_5562_cov_91.9329	Unclassified,NA,unknown
T2107172023:k141_487927_length_7386_cov_855.0000	Viruses;Monodnaviria;Shotokuvirae;Cossaviricota;Papovaviricetes;Zurhausenvirales;Papillomaviridae,NA,unknown
T2107172023:k141_17415_length_3373_cov_2796.1105	Viruses;Monodnaviria;Shotokuvirae;Cressdnaviricota;Arfiviricetes;Cirlivirales;,d__Bacteria;p__Actinomycetota;c__Actinomycetes;o__Propionibacteriales;f__Propionibacteriaceae;g__Cutibacterium,unknown
MET0214:k119_14433_length_7950_cov_371.1000	Viruses;Monodnaviria;Shotokuvirae;Cossaviricota;Papovaviricetes;Zurhausenvirales;Papillomaviridae,NA,unknown
MET0214:k119_15737_length_4102_cov_70.0783	Viruses;Monodnaviria;Shotokuvirae;Cossaviricota;Papovaviricetes;Zurhausenvirales;Papillomaviridae,NA,unknown
MET0124:k119_2931_length_7323_cov_122.0169	Viruses;Monodnaviria;Shotokuvirae;Cossaviricota;Papovaviricetes;Zurhausenvirales;Papillomaviridae,NA,unknown
MET0502:k119_6303_length_7542_cov_242.0326	Viruses;Monodnaviria;Shotokuvirae;Cossaviricota;Papovaviricetes;Zurhausenvirales;Papillomaviridae,NA,unknown
MET0700:k119_35791_length_6781_cov_334.0000	Viruses;Monodnaviria;Shotokuvirae;Cossaviricota;Papovaviricetes;Zurhausenvirales;Papillomaviridae,NA,unknown
1111525849649795:k141_348075_length_5366_cov_170.0325	Viruses;Monodnaviria;Shotokuvirae;Cressdnaviricota;Arfiviricetes;Cirlivirales;,d__Bacteria;p__Actinomycetota;c__Actinomycetes;o__Mycobacteriales;f__Mycobacteriaceae;g__Corynebacterium,unknown
DP1806001180:k119_41677_length_3086_cov_126.1507	Viruses;Monodnaviria;Shotokuvirae;Cressdnaviricota;Repensiviricetes;Geplafuvirales;Genomoviridae,NA,unknown
MET0061:k119_2981_length_7417_cov_160.0219	Viruses;Monodnaviria;Shotokuvirae;Cossaviricota;Papovaviricetes;Zurhausenvirales;Papillomaviridae,NA,unknown
1111525849671172:k141_1504016_length_7675_cov_122.0162	Viruses;Monodnaviria;Shotokuvirae;Cossaviricota;Papovaviricetes;Zurhausenvirales;Papillomaviridae,NA,unknown
SRR2005654:k99_12759_length_7474_cov_95.0129	Viruses;Monodnaviria;Shotokuvirae;Cossaviricota;Papovaviricetes;Zurhausenvirales;Papillomaviridae,NA,unknown
T2108173892:k141_166190_length_7556_cov_236.0000	Viruses;Monodnaviria;Shotokuvirae;Cossaviricota;Papovaviricetes;Zurhausenvirales;Papillomaviridae,NA,unknown
T2108173892:k141_292631_length_7460_cov_122.0167	Viruses;Monodnaviria;Shotokuvirae;Cossaviricota;Papovaviricetes;Zurhausenvirales;Papillomaviridae,NA,unknown
T2108173892:k141_299951_length_7392_cov_541.0746	Viruses;Monodnaviria;Shotokuvirae;Cossaviricota;Papovaviricetes;Zurhausenvirales;Papillomaviridae,NA,unknown
T2108173955:k141_126602_length_7379_cov_1.0000	Viruses;Monodnaviria;Shotokuvirae;Cossaviricota;Papovaviricetes;Zurhausenvirales;Papillomaviridae,NA,unknown
T2108173919:k141_287826_length_7463_cov_59.0000	Viruses;Monodnaviria;Shotokuvirae;Cossaviricota;Papovaviricetes;Zurhausenvirales;Papillomaviridae,NA,unknown
T2108173919:k141_680960_length_7432_cov_1260.0000	Viruses;Monodnaviria;Shotokuvirae;Cossaviricota;Papovaviricetes;Zurhausenvirales;Papillomaviridae,NA,unknown
T2108173919:k141_515928_length_7417_cov_50.0000	Viruses;Monodnaviria;Shotokuvirae;Cossaviricota;Papovaviricetes;Zurhausenvirales;Papillomaviridae,NA,unknown
T2108173919:k141_642954_length_7413_cov_937.0000	Viruses;Monodnaviria;Shotokuvirae;Cossaviricota;Papovaviricetes;Zurhausenvirales;Papillomaviridae,NA,unknown
T2108173919:k141_701341_length_7275_cov_32.0045	Viruses;Monodnaviria;Shotokuvirae;Cossaviricota;Papovaviricetes;Zurhausenvirales;Papillomaviridae,d__Bacteria;p__Bacteroidota;c__Bacteroidia;o__Chitinophagales;f__Saprospiraceae;g__CALFUK01,unknown
T2107171985:k141_1160318_length_7427_cov_43.0059	Viruses;Monodnaviria;Shotokuvirae;Cossaviricota;Papovaviricetes;Zurhausenvirales;Papillomaviridae,NA,unknown
T2107171985:k141_1101790_length_3764_cov_301.0000	Unclassified,NA,unknown
T2109199064:k141_38724_length_13459_cov_55.0000	Viruses;Duplodnaviria;Heunggongvirae;Uroviricota;Caudoviricetes;;,NA,unknown
1111525849645504:k141_158509_length_4218_cov_199.0000	Viruses;Monodnaviria;Shotokuvirae;Cossaviricota;Papovaviricetes;Zurhausenvirales;Papillomaviridae,d__Bacteria;p__Bacteroidota;c__Bacteroidia;o__Flavobacteriales;f__Flavobacteriaceae;g__Psychroserpens,unknown
T2107171967:k141_739664_length_7499_cov_57.0077	Viruses;Monodnaviria;Shotokuvirae;Cossaviricota;Papovaviricetes;Zurhausenvirales;Papillomaviridae,NA,unknown
T2107171967:k141_445441_length_7326_cov_1866.0000	Viruses;Monodnaviria;Shotokuvirae;Cossaviricota;Papovaviricetes;Zurhausenvirales;Papillomaviridae,NA,unknown
T2107171967:k141_117301_length_4553_cov_93.0000	Viruses;Monodnaviria;Sangervirae;Phixviricota;Malgrandaviricetes;Petitvirales;Microviridae,NA,unknown
1111525849670236:k141_3169112_length_7563_cov_106.0000	Viruses;Monodnaviria;Shotokuvirae;Cossaviricota;Papovaviricetes;Zurhausenvirales;Papillomaviridae,NA,unknown
1111525849670236:k141_8643_length_3661_cov_21.0000	Viruses;Monodnaviria;Shotokuvirae;Cossaviricota;Papovaviricetes;Zurhausenvirales;Papillomaviridae,NA,unknown
DP1808006640:k119_32305_length_4626_cov_1467.3255	Viruses;Monodnaviria;Sangervirae;Phixviricota;Malgrandaviricetes;Petitvirales;Microviridae,NA,unknown
MET1482:k141_58649_length_7482_cov_898.0000	Viruses;Monodnaviria;Shotokuvirae;Cossaviricota;Papovaviricetes;Zurhausenvirales;Papillomaviridae,NA,unknown
MET1482:k141_2138_length_7441_cov_2922.0000	Viruses;Monodnaviria;Shotokuvirae;Cossaviricota;Papovaviricetes;Zurhausenvirales;Papillomaviridae,NA,unknown
MET0276:k119_182775_length_5334_cov_236.3620	Viruses;Monodnaviria;Shotokuvirae;Cossaviricota;Papovaviricetes;Sepolyvirales;Polyomaviridae,d__Bacteria;p__Bacillota;c__Clostridia;o__Clostridiales;f__Clostridiaceae;g__Clostridium_AD,unknown
MET0771:k119_53946_length_4317_cov_244.0000	Viruses;Monodnaviria;Shotokuvirae;Cossaviricota;Papovaviricetes;Zurhausenvirales;Papillomaviridae,NA,unknown
DP1807004508:k119_35096_length_7311_cov_1772.2464	Viruses;Monodnaviria;Shotokuvirae;Cossaviricota;Papovaviricetes;Zurhausenvirales;Papillomaviridae,NA,unknown
T2108173911:k141_404665_length_7434_cov_71.0097	Viruses;Monodnaviria;Shotokuvirae;Cossaviricota;Papovaviricetes;Zurhausenvirales;Papillomaviridae,NA,unknown
T2108173911:k141_432615_length_7369_cov_56.0077	Viruses;Monodnaviria;Shotokuvirae;Cossaviricota;Papovaviricetes;Zurhausenvirales;Papillomaviridae,NA,unknown
T2108173911:k141_368732_length_7338_cov_191.0000	Viruses;Monodnaviria;Shotokuvirae;Cossaviricota;Papovaviricetes;Zurhausenvirales;Papillomaviridae,NA,unknown
MET1347:k141_8768_length_7334_cov_227.0316	Viruses;Monodnaviria;Shotokuvirae;Cossaviricota;Papovaviricetes;Zurhausenvirales;Papillomaviridae,NA,unknown
1111525849480310:k141_455486_length_7557_cov_472.0000	Viruses;Monodnaviria;Shotokuvirae;Cossaviricota;Papovaviricetes;Zurhausenvirales;Papillomaviridae,NA,unknown
1111525849480310:k141_1256676_length_7506_cov_150.0000	Viruses;Monodnaviria;Shotokuvirae;Cossaviricota;Papovaviricetes;Zurhausenvirales;Papillomaviridae,NA,unknown
T2108174136:k141_586461_length_3906_cov_276.0000	Viruses;Monodnaviria;Shotokuvirae;Cressdnaviricota;Arfiviricetes;Cirlivirales;,NA,unknown
DP1807004472:k119_22109_length_3716_cov_99.0000	Viruses;Monodnaviria;Shotokuvirae;Cossaviricota;Papovaviricetes;Zurhausenvirales;Papillomaviridae,NA,unknown
T2108174019:k141_377187_length_4450_cov_330.7749	Unclassified,NA,unknown
MET1275:k141_304_length_7528_cov_188.0255	Viruses;Monodnaviria;Shotokuvirae;Cossaviricota;Papovaviricetes;Zurhausenvirales;Papillomaviridae,NA,unknown
SRR2005698:k99_18866_length_7398_cov_512.0701	Viruses;Monodnaviria;Shotokuvirae;Cossaviricota;Papovaviricetes;Zurhausenvirales;Papillomaviridae,NA,unknown
1111525849736655:k141_1018033_length_7325_cov_57.0079	Viruses;Monodnaviria;Shotokuvirae;Cossaviricota;Papovaviricetes;Zurhausenvirales;Papillomaviridae,NA,unknown
1111525849767822:k141_890453_length_6199_cov_302.8686	Unclassified,NA,unknown
1111525849767822:k141_930578_length_4825_cov_64.8587	Unclassified,NA,unknown
1111525849662927:k141_362860_length_7401_cov_167.0230	Viruses;Monodnaviria;Shotokuvirae;Cossaviricota;Papovaviricetes;Zurhausenvirales;Papillomaviridae,NA,unknown
1111525849662927:k141_76396_length_7379_cov_942.0000	Viruses;Monodnaviria;Shotokuvirae;Cossaviricota;Papovaviricetes;Zurhausenvirales;Papillomaviridae,NA,unknown
1111525849662927:k141_365091_length_7360_cov_46.0064	Viruses;Monodnaviria;Shotokuvirae;Cossaviricota;Papovaviricetes;Zurhausenvirales;Papillomaviridae,NA,unknown
DP1808006899:k119_51759_length_4501_cov_35.0000	Viruses;Monodnaviria;Sangervirae;Phixviricota;Malgrandaviricetes;Petitvirales;Microviridae,NA,unknown
1111525849857264:k141_627260_length_7276_cov_469.0000	Viruses;Monodnaviria;Shotokuvirae;Cossaviricota;Papovaviricetes;Zurhausenvirales;Papillomaviridae,NA,unknown
1111525849663683:k141_2597354_length_7699_cov_133.0176	Viruses;Monodnaviria;Shotokuvirae;Cossaviricota;Papovaviricetes;Zurhausenvirales;Papillomaviridae,NA,unknown
1111525849663683:k141_766606_length_7517_cov_179.0000	Viruses;Monodnaviria;Shotokuvirae;Cossaviricota;Papovaviricetes;Zurhausenvirales;Papillomaviridae,NA,unknown
1111525849663683:k141_2578085_length_7442_cov_51.0070	Viruses;Monodnaviria;Shotokuvirae;Cossaviricota;Papovaviricetes;Zurhausenvirales;Papillomaviridae,NA,unknown
1111525849663683:k141_2569997_length_7267_cov_68.0095	Viruses;Monodnaviria;Shotokuvirae;Cossaviricota;Papovaviricetes;Zurhausenvirales;Papillomaviridae,NA,unknown
1111525849663683:k141_479795_length_4112_cov_70.0000	Viruses;Monodnaviria;Shotokuvirae;Cossaviricota;Papovaviricetes;Zurhausenvirales;Papillomaviridae,NA,unknown
1111525849483863:k141_158539_length_6569_cov_69.1520	Viruses;Monodnaviria;Shotokuvirae;Cossaviricota;Papovaviricetes;Zurhausenvirales;Papillomaviridae,NA,unknown
1111525849664457:k141_647593_length_7325_cov_124.0000	Viruses;Monodnaviria;Shotokuvirae;Cossaviricota;Papovaviricetes;Zurhausenvirales;Papillomaviridae,NA,unknown
1111525849664457:k141_726659_length_6793_cov_36.0000	Viruses;Monodnaviria;Shotokuvirae;Cossaviricota;Papovaviricetes;Zurhausenvirales;Papillomaviridae,NA,unknown
T2109199189:k141_133327_length_7582_cov_2284.3069	Viruses;Monodnaviria;Shotokuvirae;Cossaviricota;Papovaviricetes;Zurhausenvirales;Papillomaviridae,NA,unknown
1111525849861548:k141_306076_length_7680_cov_80.8682	Viruses;Monodnaviria;Shotokuvirae;Cossaviricota;Papovaviricetes;Zurhausenvirales;Papillomaviridae,NA,unknown
1111525849670478:k141_1108925_length_7567_cov_131.0176	Viruses;Monodnaviria;Shotokuvirae;Cossaviricota;Papovaviricetes;Zurhausenvirales;Papillomaviridae,NA,unknown
DP1806001319:k119_197360_length_2484_cov_1437.6076	Viruses;Monodnaviria;Shotokuvirae;Cressdnaviricota;Repensiviricetes;Geplafuvirales;Genomoviridae,NA,unknown
MET0533:k119_1511_length_5294_cov_1490.9275	Viruses;Monodnaviria;Shotokuvirae;Cossaviricota;Papovaviricetes;Zurhausenvirales;Papillomaviridae,NA,unknown
MET0362:k141_9681_length_7579_cov_571.0768	Viruses;Monodnaviria;Shotokuvirae;Cossaviricota;Papovaviricetes;Zurhausenvirales;Papillomaviridae,NA,unknown
MET0362:k141_11632_length_7562_cov_60.0000	Viruses;Monodnaviria;Shotokuvirae;Cossaviricota;Papovaviricetes;Zurhausenvirales;Papillomaviridae,NA,unknown
R_T2109198905:k119_8466_length_2273_cov_26.0121	Viruses;Monodnaviria;Shotokuvirae;Cressdnaviricota;Repensiviricetes;Geplafuvirales;Genomoviridae,NA,unknown
DP1807004333:k119_26581_length_3917_cov_45.0000	Unclassified,NA,unknown
MET0128:k119_294_length_7408_cov_367.0503	Viruses;Monodnaviria;Shotokuvirae;Cossaviricota;Papovaviricetes;Zurhausenvirales;Papillomaviridae,NA,unknown
MET0128:k119_297_length_7348_cov_141.0195	Viruses;Monodnaviria;Shotokuvirae;Cossaviricota;Papovaviricetes;Zurhausenvirales;Papillomaviridae,d__Bacteria;p__Pseudomonadota;c__Alphaproteobacteria;o__Rickettsiales;f__Anaplasmataceae;g__Wolbachia,unknown
MET1370:k141_9908_length_7532_cov_401.0000	Viruses;Monodnaviria;Shotokuvirae;Cossaviricota;Papovaviricetes;Zurhausenvirales;Papillomaviridae,NA,unknown
R_T2109198941:k119_6221_length_7906_cov_15.0019	Viruses;Monodnaviria;Shotokuvirae;Cossaviricota;Papovaviricetes;Zurhausenvirales;Papillomaviridae,NA,unknown
DP1806001346:k119_187129_length_2156_cov_68.0000	Viruses;Monodnaviria;Shotokuvirae;Cressdnaviricota;Repensiviricetes;Geplafuvirales;Genomoviridae,NA,unknown
MET0308:k119_2619_length_7576_cov_69.0000	Viruses;Monodnaviria;Shotokuvirae;Cossaviricota;Papovaviricetes;Zurhausenvirales;Papillomaviridae,NA,unknown
1111525849742771:k141_258462_length_4312_cov_99.1060	Viruses;Monodnaviria;Shotokuvirae;Cossaviricota;Papovaviricetes;Zurhausenvirales;Papillomaviridae,NA,unknown
T2108173977:k141_885807_length_15063_cov_50.9730	Viruses;Riboviria;Orthornavirae;Lenarviricota;Howeltoviricetes;Cryppavirales;Mitoviridae,d__Bacteria;p__Actinomycetota;c__Actinomycetes;o__Mycobacteriales;f__Frankiaceae;g__Protofrankia,unknown
T2108173977:k141_1359564_length_7981_cov_46.0059	Viruses;Monodnaviria;Shotokuvirae;Cossaviricota;Papovaviricetes;Zurhausenvirales;Papillomaviridae,NA,unknown
T2108173977:k141_1352883_length_7558_cov_67.0090	Viruses;Monodnaviria;Shotokuvirae;Cossaviricota;Papovaviricetes;Zurhausenvirales;Papillomaviridae,NA,unknown
T2108173977:k141_1359173_length_7508_cov_661.0897	Viruses;Monodnaviria;Shotokuvirae;Cossaviricota;Papovaviricetes;Zurhausenvirales;Papillomaviridae,NA,unknown
T2108173977:k141_148120_length_7435_cov_40846.0000	Viruses;Monodnaviria;Shotokuvirae;Cossaviricota;Papovaviricetes;Zurhausenvirales;Papillomaviridae,NA,unknown
T2108173977:k141_490169_length_7374_cov_30183.0000	Viruses;Monodnaviria;Shotokuvirae;Cossaviricota;Papovaviricetes;Zurhausenvirales;Papillomaviridae,NA,unknown
T2108173977:k141_32925_length_5396_cov_154.0000	Unclassified,NA,unknown
T2108173977:k141_1831519_length_4610_cov_37.9098	Viruses;Monodnaviria;Loebvirae;Hofneiviricota;Faserviricetes;Tubulavirales;Inoviridae,d__Bacteria;p__Pseudomonadota;c__Gammaproteobacteria;o__Pseudomonadales;f__Pseudomonadaceae;g__Pseudomonas,unknown
T2108173977:k141_188363_length_3344_cov_78.5254	Viruses;Riboviria;Orthornavirae;Lenarviricota;Howeltoviricetes;Cryppavirales;Mitoviridae,NA,unknown
T2108173977:k141_953827_length_2852_cov_168.0601	Viruses;Riboviria;Orthornavirae;Lenarviricota;Howeltoviricetes;Cryppavirales;Mitoviridae,NA,unknown
T2108173977:k141_492714_length_2109_cov_17.0000	Viruses;Riboviria;Orthornavirae;Lenarviricota;Howeltoviricetes;Cryppavirales;Mitoviridae,NA,unknown
DSKIN0046-1:k141_81059_length_7458_cov_26.0036	Viruses;Monodnaviria;Shotokuvirae;Cossaviricota;Papovaviricetes;Zurhausenvirales;Papillomaviridae,d__Bacteria;p__Bacteroidota;c__Bacteroidia;o__Chitinophagales;f__Saprospiraceae;g__CALCMJ01,unknown
1111525849662680:k141_179644_length_7541_cov_3980.0000	Viruses;Monodnaviria;Shotokuvirae;Cossaviricota;Papovaviricetes;Zurhausenvirales;Papillomaviridae,NA,unknown
1111525849662680:k141_1694479_length_7448_cov_79.0108	Viruses;Monodnaviria;Shotokuvirae;Cossaviricota;Papovaviricetes;Zurhausenvirales;Papillomaviridae,NA,unknown
T2108173959:k141_371356_length_7513_cov_1001.0000	Viruses;Monodnaviria;Shotokuvirae;Cossaviricota;Papovaviricetes;Zurhausenvirales;Papillomaviridae,NA,unknown
DP1808006778:k119_24128_length_6993_cov_175.0000	Viruses;Monodnaviria;Shotokuvirae;Cossaviricota;Papovaviricetes;Zurhausenvirales;Papillomaviridae,NA,unknown
DP1808006778:k119_43468_length_5085_cov_28.0000	Viruses;Monodnaviria;Shotokuvirae;Cossaviricota;Papovaviricetes;Zurhausenvirales;Papillomaviridae,NA,unknown
T2108173986:k141_522582_length_5012_cov_21.6292	Viruses;Monodnaviria;Shotokuvirae;Cossaviricota;Papovaviricetes;Zurhausenvirales;Papillomaviridae,NA,unknown
1111525849480358:k141_328272_length_7424_cov_98.0000	Viruses;Monodnaviria;Shotokuvirae;Cossaviricota;Papovaviricetes;Zurhausenvirales;Papillomaviridae,NA,unknown
1111525849736183:k141_691492_length_3371_cov_35.2947	Unclassified,NA,unknown
1111525849481762:k141_795059_length_7617_cov_1061.0000	Viruses;Monodnaviria;Shotokuvirae;Cossaviricota;Papovaviricetes;Zurhausenvirales;Papillomaviridae,NA,unknown
1111525849481762:k141_227241_length_7592_cov_1452.0000	Viruses;Monodnaviria;Shotokuvirae;Cossaviricota;Papovaviricetes;Zurhausenvirales;Papillomaviridae,NA,unknown
1111525849481762:k141_315850_length_7556_cov_89.0000	Viruses;Monodnaviria;Shotokuvirae;Cossaviricota;Papovaviricetes;Zurhausenvirales;Papillomaviridae,NA,unknown
1111525849481762:k141_835556_length_7388_cov_75.0103	Viruses;Monodnaviria;Shotokuvirae;Cossaviricota;Papovaviricetes;Zurhausenvirales;Papillomaviridae,NA,unknown
1111525849481762:k141_843051_length_7377_cov_55.0076	Viruses;Monodnaviria;Shotokuvirae;Cossaviricota;Papovaviricetes;Zurhausenvirales;Papillomaviridae,NA,unknown
T2108173869:k141_182228_length_7469_cov_106.0145	Viruses;Monodnaviria;Shotokuvirae;Cossaviricota;Papovaviricetes;Zurhausenvirales;Papillomaviridae,NA,unknown
DP1808006877:k119_28359_length_3857_cov_302.0000	Viruses;Monodnaviria;Shotokuvirae;Cossaviricota;Papovaviricetes;Zurhausenvirales;Papillomaviridae,NA,unknown
T2108173887:k141_85046_length_3527_cov_219.1556	Unclassified,NA,unknown
MET0676:k119_115375_length_7539_cov_297.0000	Viruses;Riboviria;Pararnavirae;Artverviricota;Revtraviricetes;Ortervirales;Caulimoviridae,NA,unknown
MET0676:k119_79960_length_5067_cov_396.0000	Viruses;Riboviria;Pararnavirae;Artverviricota;Revtraviricetes;Ortervirales;Retroviridae,NA,unknown
T2108174068:k141_1042472_length_7590_cov_92.0124	Viruses;Monodnaviria;Shotokuvirae;Cossaviricota;Papovaviricetes;Zurhausenvirales;Papillomaviridae,NA,unknown
1111525849751520:k141_618747_length_7798_cov_86.6095	Viruses;Monodnaviria;Shotokuvirae;Cossaviricota;Papovaviricetes;Zurhausenvirales;Papillomaviridae,NA,unknown
DP1807004485:k119_697_length_4985_cov_590.0000	Viruses;Monodnaviria;Shotokuvirae;Cossaviricota;Papovaviricetes;Zurhausenvirales;Papillomaviridae,NA,unknown
MET0199:k119_16382_length_7381_cov_30.0041	Viruses;Monodnaviria;Shotokuvirae;Cossaviricota;Papovaviricetes;Zurhausenvirales;Papillomaviridae,NA,unknown
MET0199:k119_8351_length_7289_cov_63.0000	Viruses;Monodnaviria;Shotokuvirae;Cossaviricota;Papovaviricetes;Zurhausenvirales;Papillomaviridae,NA,unknown
DP1807004449:k119_16411_length_7455_cov_12839.4223	Viruses;Monodnaviria;Shotokuvirae;Cossaviricota;Papovaviricetes;Zurhausenvirales;Papillomaviridae,NA,unknown
1111525849640280:k141_1148689_length_5364_cov_90.0172	Viruses;Monodnaviria;Shotokuvirae;Cressdnaviricota;Arfiviricetes;Cirlivirales;,d__Bacteria;p__Actinomycetota;c__Actinomycetes;o__Mycobacteriales;f__Mycobacteriaceae;g__Corynebacterium,unknown
1111525849645140:k141_323565_length_7276_cov_112.0000	Viruses;Monodnaviria;Shotokuvirae;Cossaviricota;Papovaviricetes;Zurhausenvirales;Papillomaviridae,NA,unknown
MET0487:k119_77185_length_2636_cov_7.9444	Viruses;Riboviria;Orthornavirae;Lenarviricota;Howeltoviricetes;Cryppavirales;Mitoviridae,NA,unknown
1111525849650090:k141_1196130_length_7592_cov_306.0411	Viruses;Monodnaviria;Shotokuvirae;Cossaviricota;Papovaviricetes;Zurhausenvirales;Papillomaviridae,NA,unknown
1111525849650090:k141_923617_length_7577_cov_60.0000	Viruses;Monodnaviria;Shotokuvirae;Cossaviricota;Papovaviricetes;Zurhausenvirales;Papillomaviridae,NA,unknown
1111525849650090:k141_1202407_length_7543_cov_31.0042	Viruses;Monodnaviria;Shotokuvirae;Cossaviricota;Papovaviricetes;Zurhausenvirales;Papillomaviridae,NA,unknown
T2108173942:k141_125966_length_7443_cov_462.0000	Viruses;Monodnaviria;Shotokuvirae;Cossaviricota;Papovaviricetes;Zurhausenvirales;Papillomaviridae,d__Bacteria;p__Bacteroidota;c__Bacteroidia;o__Flavobacteriales;f__Flavobacteriaceae;g__Flavobacterium,unknown
T2108173861:k141_457877_length_7264_cov_71.0100	Viruses;Monodnaviria;Shotokuvirae;Cossaviricota;Papovaviricetes;Zurhausenvirales;Papillomaviridae,NA,unknown
T2108173924:k141_446587_length_6387_cov_79.0000	Unclassified,d__Bacteria;p__Actinomycetota;c__Actinomycetes;o__Mycobacteriales;f__Mycobacteriaceae;g__Corynebacterium,unknown
DP1807004476:k119_50967_length_2081_cov_5.6167	Viruses;Monodnaviria;Shotokuvirae;Cressdnaviricota;Repensiviricetes;Geplafuvirales;Genomoviridae,d__Bacteria;p__Chloroflexota;c__Anaerolineae;o__Anaerolineales;f__Villigracilaceae;g__Defluviilinea,unknown
DS1912044186-1:k141_584187_length_7242_cov_109.0153	Viruses;Monodnaviria;Shotokuvirae;Cossaviricota;Papovaviricetes;Zurhausenvirales;Papillomaviridae,d__Bacteria;p__Bacteroidota;c__Bacteroidia;o__Flavobacteriales;f__Flavobacteriaceae;g__Flavobacterium,unknown
DS1912044186-1:k141_558641_length_3899_cov_39.0000	Viruses;Monodnaviria;Shotokuvirae;Cossaviricota;Papovaviricetes;Zurhausenvirales;Papillomaviridae,NA,unknown
1111525849670115:k141_386947_length_7493_cov_5632.0000	Viruses;Monodnaviria;Shotokuvirae;Cossaviricota;Papovaviricetes;Zurhausenvirales;Papillomaviridae,NA,unknown
1111525849742797:k141_52708_length_6945_cov_366.0000	Viruses;Monodnaviria;Loebvirae;Hofneiviricota;Faserviricetes;Tubulavirales;Inoviridae,d__Bacteria;p__Pseudomonadota;c__Gammaproteobacteria;o__Pseudomonadales;f__Pseudomonadaceae;g__Pseudomonas_E,unknown
1111525849649755:k141_626249_length_5482_cov_82.8189	Viruses;Monodnaviria;Shotokuvirae;Cressdnaviricota;Arfiviricetes;Cirlivirales;,d__Bacteria;p__Actinomycetota;c__Actinomycetes;o__Mycobacteriales;f__Mycobacteriaceae;g__Corynebacterium,unknown
MET0102:k119_12677_length_7465_cov_147.0200	Viruses;Monodnaviria;Shotokuvirae;Cossaviricota;Papovaviricetes;Zurhausenvirales;Papillomaviridae,NA,unknown
1111525849478719:k141_239959_length_7687_cov_62.0000	Viruses;Monodnaviria;Shotokuvirae;Cossaviricota;Papovaviricetes;Zurhausenvirales;Papillomaviridae,NA,unknown
1111525849478719:k141_718732_length_4911_cov_165.0000	Viruses;Riboviria;Pararnavirae;Artverviricota;Revtraviricetes;Ortervirales;Retroviridae,NA,unknown
1111525849486576:k141_1345666_length_7678_cov_55.0073	Viruses;Monodnaviria;Shotokuvirae;Cossaviricota;Papovaviricetes;Zurhausenvirales;Papillomaviridae,NA,unknown
1111525849486576:k141_1343744_length_5558_cov_13.0024	Viruses;Monodnaviria;Shotokuvirae;Cossaviricota;Papovaviricetes;Sepolyvirales;Polyomaviridae,NA,unknown
1111525849857862:k141_1277345_length_7495_cov_220.0000	Viruses;Monodnaviria;Shotokuvirae;Cossaviricota;Papovaviricetes;Zurhausenvirales;Papillomaviridae,NA,unknown
T2107172001:k141_1518324_length_7585_cov_43.0058	Viruses;Monodnaviria;Shotokuvirae;Cossaviricota;Papovaviricetes;Zurhausenvirales;Papillomaviridae,NA,unknown
1111525849664398:k141_382962_length_7609_cov_19.0025	Viruses;Monodnaviria;Shotokuvirae;Cossaviricota;Papovaviricetes;Zurhausenvirales;Papillomaviridae,NA,unknown
1111525849664398:k141_382611_length_7590_cov_103.0138	Viruses;Monodnaviria;Shotokuvirae;Cossaviricota;Papovaviricetes;Zurhausenvirales;Papillomaviridae,NA,unknown
1111525849664398:k141_383536_length_7384_cov_43.0059	Viruses;Monodnaviria;Shotokuvirae;Cossaviricota;Papovaviricetes;Zurhausenvirales;Papillomaviridae,NA,unknown
MET0111:k119_36999_length_7322_cov_367.0510	Viruses;Monodnaviria;Shotokuvirae;Cossaviricota;Papovaviricetes;Zurhausenvirales;Papillomaviridae,d__Bacteria;p__Bacteroidota;c__Bacteroidia;o__Chitinophagales;f__Saprospiraceae;g__RFSX01,unknown
MET0111:k119_37502_length_7215_cov_396.0558	Viruses;Monodnaviria;Shotokuvirae;Cossaviricota;Papovaviricetes;Zurhausenvirales;Papillomaviridae,NA,unknown
T2108174040:k141_1683275_length_3586_cov_258.8975	Unclassified,NA,unknown
MET0135:k119_161_length_5925_cov_104.0000	Viruses;Monodnaviria;Shotokuvirae;Cossaviricota;Papovaviricetes;Zurhausenvirales;Papillomaviridae,NA,unknown
T2108174022:k141_592702_length_7282_cov_168.0000	Viruses;Monodnaviria;Shotokuvirae;Cossaviricota;Papovaviricetes;Zurhausenvirales;Papillomaviridae,NA,unknown
MET0441:k119_3251_length_5014_cov_696.0000	Viruses;Monodnaviria;Shotokuvirae;Cossaviricota;Papovaviricetes;Sepolyvirales;Polyomaviridae,NA,unknown
T2108174112:k141_839398_length_7268_cov_85.0119	Viruses;Monodnaviria;Shotokuvirae;Cossaviricota;Papovaviricetes;Zurhausenvirales;Papillomaviridae,NA,unknown
DP1808006749:k119_79954_length_3980_cov_78.0202	Viruses;Monodnaviria;Sangervirae;Phixviricota;Malgrandaviricetes;Petitvirales;Microviridae,NA,unknown
1111525849663614:k141_1408591_length_7356_cov_218.0000	Viruses;Monodnaviria;Shotokuvirae;Cossaviricota;Papovaviricetes;Zurhausenvirales;Papillomaviridae,NA,unknown
T2108173993:k141_451018_length_7972_cov_80.0102	Viruses;Monodnaviria;Shotokuvirae;Cossaviricota;Papovaviricetes;Zurhausenvirales;Papillomaviridae,NA,unknown
1111525849638540:k141_917972_length_7395_cov_22.0030	Viruses;Monodnaviria;Shotokuvirae;Cossaviricota;Papovaviricetes;Zurhausenvirales;Papillomaviridae,d__Bacteria;p__Bacteroidota;c__Bacteroidia;o__Flavobacteriales;f__Flavobacteriaceae;g__Flavobacterium,unknown
T2108173975:k141_1104834_length_5140_cov_605.0000	Unclassified,NA,unknown
T2107171978:k141_254103_length_7375_cov_302.0000	Viruses;Monodnaviria;Shotokuvirae;Cossaviricota;Papovaviricetes;Zurhausenvirales;Papillomaviridae,NA,unknown
1111525849475064:k141_1333017_length_3534_cov_29.0000	Viruses;Monodnaviria;Shotokuvirae;Cossaviricota;Quintoviricetes;Piccovirales;Parvoviridae,NA,unknown
1111525849484253:k141_246355_length_7606_cov_4245.0000	Viruses;Monodnaviria;Shotokuvirae;Cossaviricota;Papovaviricetes;Zurhausenvirales;Papillomaviridae,NA,unknown
1111525849484253:k141_458218_length_7520_cov_1746.0000	Viruses;Monodnaviria;Shotokuvirae;Cossaviricota;Papovaviricetes;Zurhausenvirales;Papillomaviridae,NA,unknown
1111525849484253:k141_899_length_7365_cov_43810.0000	Viruses;Monodnaviria;Shotokuvirae;Cossaviricota;Papovaviricetes;Zurhausenvirales;Papillomaviridae,NA,unknown
1111525849663740:k141_2669258_length_7812_cov_145.0000	Viruses;Monodnaviria;Shotokuvirae;Cossaviricota;Papovaviricetes;Zurhausenvirales;Papillomaviridae,NA,unknown
1111525849663740:k141_1030416_length_7800_cov_90.0000	Viruses;Monodnaviria;Shotokuvirae;Cossaviricota;Papovaviricetes;Zurhausenvirales;Papillomaviridae,NA,unknown
1111525849663740:k141_2379037_length_7521_cov_39.0053	Viruses;Monodnaviria;Shotokuvirae;Cossaviricota;Papovaviricetes;Zurhausenvirales;Papillomaviridae,NA,unknown
1111525849663740:k141_904291_length_4779_cov_101.9256	Viruses;Riboviria;Pararnavirae;Artverviricota;Revtraviricetes;Ortervirales;Retroviridae,NA,unknown
1111525849737450:k141_8798_length_5074_cov_107.0000	Viruses;Monodnaviria;Shotokuvirae;Cossaviricota;Papovaviricetes;Sepolyvirales;Polyomaviridae,NA,unknown
1111525849479042:k141_239403_length_7617_cov_737.0000	Viruses;Monodnaviria;Shotokuvirae;Cossaviricota;Papovaviricetes;Zurhausenvirales;Papillomaviridae,NA,unknown
T2107171987:k141_803667_length_7263_cov_111.0156	Viruses;Monodnaviria;Shotokuvirae;Cossaviricota;Papovaviricetes;Zurhausenvirales;Papillomaviridae,d__Bacteria;p__Bacteroidota;c__Bacteroidia;o__Chitinophagales;f__Saprospiraceae;g__CALFUK01,unknown
T2107171987:k141_975993_length_6542_cov_143.0000	Viruses;Monodnaviria;Shotokuvirae;Cossaviricota;Papovaviricetes;Zurhausenvirales;Papillomaviridae,NA,unknown
1111525849484910:k141_36684_length_5376_cov_244.0000	Viruses;Monodnaviria;Shotokuvirae;Cossaviricota;Papovaviricetes;Zurhausenvirales;Papillomaviridae,NA,unknown
DP1807004546:k119_59118_length_7195_cov_555.0000	Viruses;Monodnaviria;Shotokuvirae;Cossaviricota;Papovaviricetes;Zurhausenvirales;Papillomaviridae,NA,unknown
MET0854:k141_2191_length_7570_cov_137.0184	Viruses;Monodnaviria;Shotokuvirae;Cossaviricota;Papovaviricetes;Zurhausenvirales;Papillomaviridae,NA,unknown
MET0854:k141_2065_length_6022_cov_39.0000	Viruses;Monodnaviria;Shotokuvirae;Cossaviricota;Papovaviricetes;Zurhausenvirales;Papillomaviridae,d__Bacteria;p__Bacteroidota;c__Bacteroidia;o__Chitinophagales;f__Saprospiraceae;g__CALCMJ01,unknown
T2108174066:k141_536636_length_7401_cov_5480.0000	Viruses;Monodnaviria;Shotokuvirae;Cossaviricota;Papovaviricetes;Zurhausenvirales;Papillomaviridae,NA,unknown
T2107171970:k141_1166265_length_7279_cov_56.0078	Viruses;Monodnaviria;Shotokuvirae;Cossaviricota;Papovaviricetes;Zurhausenvirales;Papillomaviridae,NA,unknown
DP1808006642:k119_19652_length_4991_cov_163.0000	Viruses;Monodnaviria;Shotokuvirae;Cossaviricota;Papovaviricetes;Zurhausenvirales;Papillomaviridae,NA,unknown
T2108173931:k141_835325_length_4120_cov_74.7341	Viruses;Monodnaviria;Shotokuvirae;Cossaviricota;Papovaviricetes;Zurhausenvirales;Papillomaviridae,NA,unknown
MET1592:k141_1098_length_7370_cov_90.0124	Viruses;Monodnaviria;Shotokuvirae;Cossaviricota;Papovaviricetes;Zurhausenvirales;Papillomaviridae,NA,unknown
T2108173922:k141_504199_length_14346_cov_102.5922	Viruses;Duplodnaviria;Heunggongvirae;Uroviricota;Caudoviricetes;;,d__Bacteria;p__Bacillota;c__Bacilli;o__Staphylococcales;f__Staphylococcaceae;g__Staphylococcus,unknown
T2108173922:k141_1002892_length_7471_cov_80.0109	Viruses;Monodnaviria;Shotokuvirae;Cossaviricota;Papovaviricetes;Zurhausenvirales;Papillomaviridae,NA,unknown
T2108173922:k141_767973_length_5694_cov_88.8030	Viruses;Monodnaviria;Loebvirae;Hofneiviricota;Faserviricetes;Tubulavirales;Inoviridae,d__Bacteria;p__Pseudomonadota;c__Gammaproteobacteria;o__Pseudomonadales;f__Moraxellaceae;g__Acinetobacter,unknown
MET0287:k119_272737_length_2010_cov_8.0000	Viruses;Riboviria;Orthornavirae;Lenarviricota;Howeltoviricetes;Cryppavirales;Mitoviridae,NA,unknown
T2108173904:k141_1543482_length_7240_cov_164.0000	Viruses;Monodnaviria;Shotokuvirae;Cossaviricota;Papovaviricetes;Zurhausenvirales;Papillomaviridae,NA,unknown
MET0449:k119_57370_length_7420_cov_190.7398	Viruses;Monodnaviria;Shotokuvirae;Cossaviricota;Papovaviricetes;Zurhausenvirales;Papillomaviridae,NA,unknown
MET1259:k141_4199_length_7630_cov_2681.0000	Viruses;Monodnaviria;Shotokuvirae;Cossaviricota;Papovaviricetes;Zurhausenvirales;Papillomaviridae,NA,unknown
MET0881:k141_23375_length_7368_cov_560.0775	Viruses;Monodnaviria;Shotokuvirae;Cossaviricota;Papovaviricetes;Zurhausenvirales;Papillomaviridae,d__Bacteria;p__Bacteroidota;c__Bacteroidia;o__Flavobacteriales;f__Flavobacteriaceae;g__DTunknown34,unknown
DP1807004456:k119_45703_length_7403_cov_571.0784	Viruses;Monodnaviria;Shotokuvirae;Cossaviricota;Papovaviricetes;Zurhausenvirales;Papillomaviridae,d__Bacteria;p__Bacteroidota;c__Bacteroidia;o__Chitinophagales;f__Saprospiraceae;g__JADKBO01,unknown
T2108174039:k141_327287_length_7467_cov_145.0000	Viruses;Monodnaviria;Shotokuvirae;Cossaviricota;Papovaviricetes;Zurhausenvirales;Papillomaviridae,NA,unknown
1111525849853675:k141_4426_length_7403_cov_138.0000	Viruses;Monodnaviria;Shotokuvirae;Cossaviricota;Papovaviricetes;Zurhausenvirales;Papillomaviridae,NA,unknown
1111525849853675:k141_1756785_length_3873_cov_10.0000	Viruses;Monodnaviria;Shotokuvirae;Cossaviricota;Papovaviricetes;Zurhausenvirales;Papillomaviridae,NA,unknown
T2109198885:k141_62606_length_12276_cov_159.0000	Viruses;Duplodnaviria;Heunggongvirae;Uroviricota;Caudoviricetes;;,d__Bacteria;p__Bacillota;c__Bacilli;o__Staphylococcales;f__Staphylococcaceae;g__Staphylococcus,unknown
1111525849747079:k141_29421_length_7429_cov_336.0000	Viruses;Monodnaviria;Shotokuvirae;Cossaviricota;Papovaviricetes;Zurhausenvirales;Papillomaviridae,NA,unknown
1111525849747079:k141_199263_length_7401_cov_14932.0000	Viruses;Monodnaviria;Shotokuvirae;Cossaviricota;Papovaviricetes;Zurhausenvirales;Papillomaviridae,NA,unknown
1111525849669823:k141_187703_length_2245_cov_217.9468	Viruses;Riboviria;Orthornavirae;Lenarviricota;Howeltoviricetes;Cryppavirales;Mitoviridae,NA,unknown
1111525849479725:k141_1110247_length_7418_cov_49.4048	Viruses;Monodnaviria;Shotokuvirae;Cossaviricota;Papovaviricetes;Zurhausenvirales;Papillomaviridae,NA,unknown
1111525849479725:k141_861666_length_7369_cov_61.0000	Viruses;Monodnaviria;Shotokuvirae;Cossaviricota;Papovaviricetes;Zurhausenvirales;Papillomaviridae,NA,unknown
T2108174008:k141_71726_length_7314_cov_28.0000	Viruses;Monodnaviria;Shotokuvirae;Cossaviricota;Papovaviricetes;Zurhausenvirales;Papillomaviridae,NA,unknown
MET1507:k141_690_length_7276_cov_135.0189	Viruses;Monodnaviria;Shotokuvirae;Cossaviricota;Papovaviricetes;Zurhausenvirales;Papillomaviridae,NA,unknown
MET0535:k119_4096_length_7451_cov_338.0000	Viruses;Monodnaviria;Shotokuvirae;Cossaviricota;Papovaviricetes;Zurhausenvirales;Papillomaviridae,NA,unknown
R_T2109199087:k119_114735_length_5379_cov_48.0000	Unclassified,NA,unknown
T2108174026:k141_686679_length_7278_cov_105.0000	Viruses;Monodnaviria;Shotokuvirae;Cossaviricota;Papovaviricetes;Zurhausenvirales;Papillomaviridae,NA,unknown
MET1282:k141_3363_length_7464_cov_405.0553	Viruses;Monodnaviria;Shotokuvirae;Cossaviricota;Papovaviricetes;Zurhausenvirales;Papillomaviridae,NA,unknown
MET1480:k141_660_length_7149_cov_41.0000	Viruses;Monodnaviria;Shotokuvirae;Cossaviricota;Papovaviricetes;Zurhausenvirales;Papillomaviridae,NA,unknown
MET1354:k141_5933_length_7424_cov_49.0067	Viruses;Monodnaviria;Shotokuvirae;Cossaviricota;Papovaviricetes;Zurhausenvirales;Papillomaviridae,NA,unknown
R_T2109198961:k119_20991_length_7389_cov_109.0150	Viruses;Monodnaviria;Shotokuvirae;Cossaviricota;Papovaviricetes;Zurhausenvirales;Papillomaviridae,NA,unknown
MET0742:k119_3534_length_7220_cov_37.0052	Viruses;Monodnaviria;Shotokuvirae;Cossaviricota;Papovaviricetes;Zurhausenvirales;Papillomaviridae,d__Bacteria;p__Bacteroidota;c__Bacteroidia;o__Chitinophagales;f__Saprospiraceae;g__CALFUK01,unknown
MET0184:k119_17841_length_7398_cov_23.0032	Viruses;Monodnaviria;Shotokuvirae;Cossaviricota;Papovaviricetes;Zurhausenvirales;Papillomaviridae,NA,unknown
DP1806001285:k119_28640_length_7498_cov_1082.1466	Viruses;Monodnaviria;Shotokuvirae;Cossaviricota;Papovaviricetes;Zurhausenvirales;Papillomaviridae,NA,unknown
MET0364:k119_1308_length_7557_cov_108.0145	Viruses;Monodnaviria;Shotokuvirae;Cossaviricota;Papovaviricetes;Zurhausenvirales;Papillomaviridae,NA,unknown
DP1808006789:k119_114157_length_2267_cov_219.1020	Viruses;Monodnaviria;Shotokuvirae;Cressdnaviricota;Repensiviricetes;Geplafuvirales;Genomoviridae,NA,unknown
1111525849768216:k141_148050_length_7573_cov_114.0000	Viruses;Monodnaviria;Shotokuvirae;Cossaviricota;Papovaviricetes;Zurhausenvirales;Papillomaviridae,NA,unknown
1111525849743286:k141_483929_length_7425_cov_57.0000	Viruses;Monodnaviria;Shotokuvirae;Cossaviricota;Papovaviricetes;Zurhausenvirales;Papillomaviridae,d__Bacteria;p__Bacteroidota;c__Bacteroidia;o__Chitinophagales;f__Saprospiraceae;g__CALCMJ01,unknown
1111525849852267:k141_1708078_length_7460_cov_68.0093	Viruses;Monodnaviria;Shotokuvirae;Cossaviricota;Papovaviricetes;Zurhausenvirales;Papillomaviridae,d__Bacteria;p__Pseudomonadota;c__Alphaproteobacteria;o__Rhodobacterales;f__Rhodobacteraceae;g__Salinivivens,unknown
1111525849852267:k141_2087877_length_3948_cov_79.0000	Viruses;Riboviria;Orthornavirae;Lenarviricota;Howeltoviricetes;Cryppavirales;Mitoviridae,NA,unknown
1111525849736752:k141_223811_length_4234_cov_217.5844	Unclassified,NA,unknown
1111525849736752:k141_266993_length_3226_cov_216.9313	Unclassified,NA,unknown
1111525849766731:k141_1226038_length_7675_cov_33.0044	Viruses;Monodnaviria;Shotokuvirae;Cossaviricota;Papovaviricetes;Zurhausenvirales;Papillomaviridae,NA,unknown
1111525849766731:k141_1228453_length_7579_cov_56.0075	Viruses;Monodnaviria;Shotokuvirae;Cossaviricota;Papovaviricetes;Zurhausenvirales;Papillomaviridae,NA,unknown
T2108173979:k141_2370837_length_6036_cov_60.0000	Viruses;Monodnaviria;Shotokuvirae;Cossaviricota;Papovaviricetes;Zurhausenvirales;Papillomaviridae,NA,unknown
1111525849638922:k141_1942451_length_3567_cov_310.0455	Unclassified,NA,unknown
1111525849479064:k141_1037714_length_7541_cov_486.0000	Viruses;Monodnaviria;Shotokuvirae;Cossaviricota;Papovaviricetes;Zurhausenvirales;Papillomaviridae,NA,unknown
1111525849479064:k141_353453_length_5778_cov_127.0000	Unclassified,NA,unknown
1111525849644871:k141_22773_length_7507_cov_464.0000	Viruses;Monodnaviria;Shotokuvirae;Cossaviricota;Papovaviricetes;Zurhausenvirales;Papillomaviridae,NA,unknown
T2108173889:k141_1105110_length_7936_cov_196.5574	Viruses;Monodnaviria;Shotokuvirae;Cossaviricota;Papovaviricetes;Zurhausenvirales;Papillomaviridae,NA,unknown
T2108173889:k141_2168455_length_5388_cov_46.6655	Unclassified,NA,unknown
1111525849863823:k141_694215_length_7415_cov_190.0261	Viruses;Monodnaviria;Shotokuvirae;Cossaviricota;Papovaviricetes;Zurhausenvirales;Papillomaviridae,NA,unknown
T2108173988:k141_606288_length_7445_cov_95.0130	Viruses;Monodnaviria;Shotokuvirae;Cossaviricota;Papovaviricetes;Zurhausenvirales;Papillomaviridae,NA,unknown
T2107171956:k141_5255_length_7290_cov_64971.0000	Viruses;Monodnaviria;Shotokuvirae;Cossaviricota;Papovaviricetes;Zurhausenvirales;Papillomaviridae,NA,unknown
T2107171956:k141_388488_length_4155_cov_186.0000	Viruses;Monodnaviria;Shotokuvirae;Cossaviricota;Papovaviricetes;Zurhausenvirales;Papillomaviridae,NA,unknown
1111525849483430:k141_1150909_length_7432_cov_67.0092	Viruses;Monodnaviria;Shotokuvirae;Cossaviricota;Papovaviricetes;Zurhausenvirales;Papillomaviridae,d__Bacteria;p__Bacteroidota;c__Bacteroidia;o__Flavobacteriales;f__Flavobacteriaceae;g__Aequorivita,unknown
T2108173872:k141_7387_length_7325_cov_155.0000	Viruses;Monodnaviria;Shotokuvirae;Cossaviricota;Papovaviricetes;Zurhausenvirales;Papillomaviridae,NA,unknown
T2109199071:k141_56742_length_12907_cov_8257.0000	Viruses;Duplodnaviria;Heunggongvirae;Uroviricota;Caudoviricetes;;,d__Bacteria;p__Bacillota;c__Bacilli;o__Staphylococcales;f__Staphylococcaceae;g__Staphylococcus,unknown
T2107171974:k141_19972_length_8154_cov_250.6913	Viruses;Duplodnaviria;Heunggongvirae;Uroviricota;Caudoviricetes;;,d__Bacteria;p__Bacillota;c__Bacilli;o__Staphylococcales;f__Staphylococcaceae;g__Staphylococcus,unknown
T2107171974:k141_35976_length_7431_cov_289.0396	Viruses;Monodnaviria;Shotokuvirae;Cossaviricota;Papovaviricetes;Zurhausenvirales;Papillomaviridae,NA,unknown
DT2007043849-1:k141_6612_length_7648_cov_368.0490	Viruses;Monodnaviria;Shotokuvirae;Cossaviricota;Papovaviricetes;Zurhausenvirales;Papillomaviridae,NA,unknown
DT2007043849-1:k141_17201_length_3736_cov_546.0000	Viruses;Monodnaviria;Shotokuvirae;Cossaviricota;Papovaviricetes;Zurhausenvirales;Papillomaviridae,NA,unknown
1111525849639004:k141_2273743_length_7704_cov_207.0274	Viruses;Monodnaviria;Shotokuvirae;Cossaviricota;Papovaviricetes;Zurhausenvirales;Papillomaviridae,NA,unknown
T2108173962:k141_367776_length_7235_cov_68.0096	Viruses;Monodnaviria;Shotokuvirae;Cossaviricota;Papovaviricetes;Zurhausenvirales;Papillomaviridae,NA,unknown
T2107171983:k141_289209_length_7377_cov_63.0087	Viruses;Monodnaviria;Shotokuvirae;Cossaviricota;Papovaviricetes;Zurhausenvirales;Papillomaviridae,NA,unknown
T2107171983:k141_292667_length_7375_cov_112.0155	Viruses;Monodnaviria;Shotokuvirae;Cossaviricota;Papovaviricetes;Zurhausenvirales;Papillomaviridae,NA,unknown
T2107171983:k141_291988_length_7236_cov_123.0173	Viruses;Monodnaviria;Shotokuvirae;Cossaviricota;Papovaviricetes;Zurhausenvirales;Papillomaviridae,NA,unknown
T2107171983:k141_372229_length_6325_cov_109.0000	Viruses;Monodnaviria;Shotokuvirae;Cossaviricota;Papovaviricetes;Zurhausenvirales;Papillomaviridae,NA,unknown
MET0849:k141_2309_length_3678_cov_120.0000	Viruses;Monodnaviria;Shotokuvirae;Cossaviricota;Papovaviricetes;Zurhausenvirales;Papillomaviridae,NA,unknown
T2108174079:k141_652737_length_3773_cov_27.0000	Viruses;Monodnaviria;Shotokuvirae;Cressdnaviricota;Arfiviricetes;Cirlivirales;,d__Bacteria;p__Actinomycetota;c__Actinomycetes;o__Mycobacteriales;f__Mycobacteriaceae;g__Lawsonella,unknown
MET0221:k119_8719_length_7426_cov_12.0000	Viruses;Monodnaviria;Shotokuvirae;Cossaviricota;Papovaviricetes;Zurhausenvirales;Papillomaviridae,NA,unknown
1111525849478649:k141_101452_length_4224_cov_126.0000	Viruses;Monodnaviria;Shotokuvirae;Cossaviricota;Papovaviricetes;Zurhausenvirales;Papillomaviridae,NA,unknown
MET0500:k119_45743_length_5440_cov_271.0000	Viruses;Monodnaviria;Shotokuvirae;Cossaviricota;Papovaviricetes;Zurhausenvirales;Papillomaviridae,NA,unknown
MET1310:k141_1695_length_7515_cov_689.0934	Viruses;Monodnaviria;Shotokuvirae;Cossaviricota;Papovaviricetes;Zurhausenvirales;Papillomaviridae,NA,unknown
MET0122:k119_3441_length_7356_cov_147.7731	Viruses;Monodnaviria;Shotokuvirae;Cossaviricota;Papovaviricetes;Zurhausenvirales;Papillomaviridae,NA,unknown
MET0122:k119_716_length_5830_cov_276.0000	Viruses;Monodnaviria;Shotokuvirae;Cossaviricota;Papovaviricetes;Zurhausenvirales;Papillomaviridae,NA,unknown
MET0041:k119_19066_length_7080_cov_127.0000	Viruses;Monodnaviria;Loebvirae;Hofneiviricota;Faserviricetes;Tubulavirales;Inoviridae,d__Bacteria;p__Pseudomonadota;c__Gammaproteobacteria;o__Pseudomonadales;f__Pseudomonadaceae;g__Pseudomonas,unknown
1111525849863687:k141_957914_length_3917_cov_34.8949	Viruses;Monodnaviria;Shotokuvirae;Cressdnaviricota;Arfiviricetes;Cirlivirales;,d__Bacteria;p__Actinomycetota;c__Actinomycetes;o__Mycobacteriales;f__Mycobacteriaceae;g__Lawsonella,unknown
T2108174000:k141_1732951_length_7262_cov_34.0048	Viruses;Monodnaviria;Shotokuvirae;Cossaviricota;Papovaviricetes;Zurhausenvirales;Papillomaviridae,d__Bacteria;p__Pseudomonadota;c__Alphaproteobacteria;o__Rhodobacterales;f__Rhodobacteraceae;g__Amylibacter,unknown
1111525849736979:k141_322942_length_7537_cov_129.2423	Viruses;Monodnaviria;Shotokuvirae;Cossaviricota;Papovaviricetes;Zurhausenvirales;Papillomaviridae,NA,unknown
1111525849736979:k141_667756_length_7355_cov_664.0920	Viruses;Monodnaviria;Shotokuvirae;Cossaviricota;Papovaviricetes;Zurhausenvirales;Papillomaviridae,NA,unknown
DP1806001280:k119_7008_length_2313_cov_29.0132	Viruses;Monodnaviria;Shotokuvirae;Cressdnaviricota;Repensiviricetes;Geplafuvirales;Genomoviridae,NA,unknown
DP1806001406:k119_224530_length_7423_cov_841.0000	Viruses;Monodnaviria;Shotokuvirae;Cossaviricota;Papovaviricetes;Zurhausenvirales;Papillomaviridae,NA,unknown
DP1806001307:k119_59699_length_6041_cov_4794.0000	Viruses;Monodnaviria;Shotokuvirae;Cossaviricota;Papovaviricetes;Zurhausenvirales;Papillomaviridae,NA,unknown
T2107172015:k141_591581_length_7020_cov_483.2076	Unclassified,d__Archaea;p__Thermoproteota;c__Bathyarchaeia;o__Bathyarchaeales;f__Bathyarchaeaceae;g__Bathyarchaeum,unknown
T2107172006:k141_43139_length_4211_cov_31.0000	Viruses;Monodnaviria;Shotokuvirae;Cossaviricota;Papovaviricetes;Zurhausenvirales;Papillomaviridae,NA,unknown
DP1806001334:k119_7725_length_4966_cov_2686.0000	Viruses;Monodnaviria;Shotokuvirae;Cossaviricota;Papovaviricetes;Zurhausenvirales;Papillomaviridae,NA,unknown
T2107172024:k141_81347_length_7386_cov_938.0000	Viruses;Monodnaviria;Shotokuvirae;Cossaviricota;Papovaviricetes;Zurhausenvirales;Papillomaviridae,NA,unknown
DS1912041106-1:k141_284355_length_7543_cov_158.0213	Viruses;Monodnaviria;Shotokuvirae;Cossaviricota;Papovaviricetes;Zurhausenvirales;Papillomaviridae,NA,unknown
T2108174021:k141_1383499_length_5652_cov_199.0000	Viruses;Monodnaviria;Shotokuvirae;Cossaviricota;Papovaviricetes;Zurhausenvirales;Papillomaviridae,NA,unknown
T2108173866:k141_228138_length_4500_cov_189.0000	Viruses;Monodnaviria;Shotokuvirae;Cossaviricota;Papovaviricetes;Zurhausenvirales;Papillomaviridae,NA,unknown
MET0888:k141_5091_length_7491_cov_1269.1727	Viruses;Monodnaviria;Shotokuvirae;Cossaviricota;Papovaviricetes;Zurhausenvirales;Papillomaviridae,NA,unknown
T2107171986:k141_460432_length_7382_cov_37.0000	Viruses;Monodnaviria;Shotokuvirae;Cossaviricota;Papovaviricetes;Zurhausenvirales;Papillomaviridae,NA,unknown
1111525849640573:k141_1381700_length_7564_cov_232.0313	Viruses;Monodnaviria;Shotokuvirae;Cossaviricota;Papovaviricetes;Zurhausenvirales;Papillomaviridae,NA,unknown
1111525849663802:k141_916801_length_7647_cov_764.0000	Viruses;Monodnaviria;Shotokuvirae;Cossaviricota;Papovaviricetes;Zurhausenvirales;Papillomaviridae,NA,unknown
1111525849861046:k141_740709_length_7542_cov_15.0020	Viruses;Monodnaviria;Shotokuvirae;Cossaviricota;Papovaviricetes;Zurhausenvirales;Papillomaviridae,NA,unknown
1111525849766006:k141_1070893_length_3558_cov_184.0000	Viruses;Riboviria;Pararnavirae;Artverviricota;Revtraviricetes;Ortervirales;Retroviridae,NA,unknown
1111525849739510:k141_1933586_length_4413_cov_15.4775	Viruses;Monodnaviria;Shotokuvirae;Cossaviricota;Papovaviricetes;Zurhausenvirales;Papillomaviridae,NA,unknown
T2109199074:k141_78163_length_12589_cov_75.4213	Viruses;Duplodnaviria;Heunggongvirae;Uroviricota;Caudoviricetes;;,d__Bacteria;p__Bacillota;c__Bacilli;o__Staphylococcales;f__Staphylococcaceae;g__Staphylococcus,unknown
1111525849660463:k141_553923_length_7473_cov_188.0000	Viruses;Monodnaviria;Shotokuvirae;Cossaviricota;Papovaviricetes;Zurhausenvirales;Papillomaviridae,NA,unknown
1111525849660463:k141_1184364_length_5296_cov_115.0000	Viruses;Monodnaviria;Shotokuvirae;Cossaviricota;Papovaviricetes;Sepolyvirales;Polyomaviridae,NA,unknown
T2107171995:k141_114717_length_2323_cov_794.0000	Viruses;Monodnaviria;Shotokuvirae;Cressdnaviricota;Repensiviricetes;Geplafuvirales;Genomoviridae,NA,unknown
1111525849755503:k141_963782_length_4288_cov_493.0000	Unclassified,NA,unknown
T2107171959:k141_57794_length_5050_cov_163.3665	Viruses;Monodnaviria;Shotokuvirae;Cressdnaviricota;Arfiviricetes;Cirlivirales;,NA,unknown
T2108173893:k141_3578_length_4830_cov_1.9028	Viruses;Monodnaviria;Shotokuvirae;Cossaviricota;Papovaviricetes;Zurhausenvirales;Papillomaviridae,NA,unknown
1111525849743902:k141_178121_length_7557_cov_899.0000	Viruses;Monodnaviria;Shotokuvirae;Cossaviricota;Papovaviricetes;Zurhausenvirales;Papillomaviridae,NA,unknown
MET0798:k119_12020_length_12499_cov_1094.2340	Viruses;Duplodnaviria;Heunggongvirae;Uroviricota;Caudoviricetes;;,d__Bacteria;p__Bacillota;c__Bacilli;o__Staphylococcales;f__Staphylococcaceae;g__Staphylococcus,unknown
DP1807004455:k119_39503_length_3769_cov_70.0000	Viruses;Monodnaviria;Shotokuvirae;Cossaviricota;Papovaviricetes;Zurhausenvirales;Papillomaviridae,NA,unknown
MET0565:k119_214_length_2569_cov_574.5918	Viruses;Monodnaviria;Shotokuvirae;Cressdnaviricota;Arfiviricetes;Cirlivirales;,NA,unknown
MET1375:k141_4362_length_7316_cov_752.9484	Viruses;Monodnaviria;Shotokuvirae;Cossaviricota;Papovaviricetes;Zurhausenvirales;Papillomaviridae,NA,unknown
DP1807004572:k119_37699_length_2450_cov_76.0000	Viruses;Monodnaviria;Shotokuvirae;Cossaviricota;Papovaviricetes;Sepolyvirales;Polyomaviridae,NA,unknown
DP1807004473:k119_25868_length_3086_cov_105.0000	Viruses;Monodnaviria;Shotokuvirae;Cossaviricota;Quintoviricetes;Piccovirales;Parvoviridae,NA,unknown
T2108173921:k141_298790_length_7433_cov_81.0000	Viruses;Monodnaviria;Shotokuvirae;Cossaviricota;Papovaviricetes;Zurhausenvirales;Papillomaviridae,NA,unknown
T2107171960:k141_849193_length_7362_cov_111.0000	Viruses;Monodnaviria;Shotokuvirae;Cossaviricota;Papovaviricetes;Zurhausenvirales;Papillomaviridae,NA,unknown
MET0259:k119_81862_length_3988_cov_116.0000	Viruses;Monodnaviria;Shotokuvirae;Cossaviricota;Papovaviricetes;Zurhausenvirales;Papillomaviridae,NA,unknown
1111525849753200:k141_985894_length_7470_cov_50.0000	Viruses;Monodnaviria;Shotokuvirae;Cossaviricota;Papovaviricetes;Zurhausenvirales;Papillomaviridae,NA,unknown
MET1546:k141_1070_length_7486_cov_549.4494	Viruses;Monodnaviria;Shotokuvirae;Cossaviricota;Papovaviricetes;Zurhausenvirales;Papillomaviridae,NA,unknown
T2108174128:k141_589368_length_4596_cov_388.8929	Viruses;Monodnaviria;Loebvirae;Hofneiviricota;Faserviricetes;Tubulavirales;Inoviridae,d__Bacteria;p__Pseudomonadota;c__Gammaproteobacteria;o__Pseudomonadales;f__Moraxellaceae;g__Acinetobacter,unknown
T2108173912:k141_129095_length_7256_cov_642.0000	Viruses;Monodnaviria;Shotokuvirae;Cossaviricota;Papovaviricetes;Zurhausenvirales;Papillomaviridae,NA,unknown
T2108173912:k141_165676_length_7251_cov_61.0086	Viruses;Monodnaviria;Shotokuvirae;Cossaviricota;Papovaviricetes;Zurhausenvirales;Papillomaviridae,NA,unknown
MET0772:k119_333840_length_4935_cov_94.6294	Unclassified,NA,unknown
T2109199210:k141_12963_length_12374_cov_249.0000	Viruses;Duplodnaviria;Heunggongvirae;Uroviricota;Caudoviricetes;;,d__Bacteria;p__Bacillota;c__Bacilli;o__Staphylococcales;f__Staphylococcaceae;g__Staphylococcus,unknown
DP1806001279:k119_313462_length_5045_cov_1519.3084	Viruses;Monodnaviria;Shotokuvirae;Cossaviricota;Papovaviricetes;Sepolyvirales;Polyomaviridae,NA,unknown
1111525849736908:k141_680483_length_7378_cov_77.0106	Viruses;Monodnaviria;Shotokuvirae;Cossaviricota;Papovaviricetes;Zurhausenvirales;Papillomaviridae,NA,unknown
1111525849736908:k141_681374_length_5419_cov_36.0068	Viruses;Monodnaviria;Shotokuvirae;Cressdnaviricota;Arfiviricetes;Cirlivirales;,NA,unknown
1111525849479445:k141_678824_length_7798_cov_235.0307	Viruses;Monodnaviria;Shotokuvirae;Cossaviricota;Papovaviricetes;Zurhausenvirales;Papillomaviridae,NA,unknown
1111525849479445:k141_708906_length_7647_cov_108.0144	Viruses;Monodnaviria;Shotokuvirae;Cossaviricota;Papovaviricetes;Zurhausenvirales;Papillomaviridae,NA,unknown
1111525849737484:k141_1065332_length_7542_cov_111.0000	Viruses;Monodnaviria;Shotokuvirae;Cossaviricota;Papovaviricetes;Zurhausenvirales;Papillomaviridae,NA,unknown
1111525849667770:k141_872131_length_7908_cov_1683.0000	Viruses;Monodnaviria;Shotokuvirae;Cossaviricota;Papovaviricetes;Zurhausenvirales;Papillomaviridae,NA,unknown
1111525849667770:k141_1536834_length_7593_cov_112.0150	Viruses;Monodnaviria;Shotokuvirae;Cossaviricota;Papovaviricetes;Zurhausenvirales;Papillomaviridae,NA,unknown
1111525849667770:k141_398346_length_5558_cov_197.0000	Viruses;Monodnaviria;Shotokuvirae;Cossaviricota;Papovaviricetes;Sepolyvirales;Polyomaviridae,NA,unknown
1111525849478545:k141_1508328_length_7816_cov_70.0091	Viruses;Monodnaviria;Shotokuvirae;Cossaviricota;Papovaviricetes;Zurhausenvirales;Papillomaviridae,NA,unknown
1111525849478545:k141_763795_length_7448_cov_871.0000	Viruses;Monodnaviria;Shotokuvirae;Cossaviricota;Papovaviricetes;Zurhausenvirales;Papillomaviridae,NA,unknown
1111525849478545:k141_745987_length_5215_cov_108.0235	Viruses;Monodnaviria;Shotokuvirae;Cressdnaviricota;Arfiviricetes;Cirlivirales;,NA,unknown
1111525849478743:k141_170414_length_7704_cov_54.0000	Viruses;Monodnaviria;Shotokuvirae;Cossaviricota;Papovaviricetes;Zurhausenvirales;Papillomaviridae,NA,unknown
1111525849478743:k141_740974_length_7647_cov_64.0000	Viruses;Monodnaviria;Shotokuvirae;Cossaviricota;Papovaviricetes;Zurhausenvirales;Papillomaviridae,NA,unknown
1111525849478743:k141_578859_length_7606_cov_542.0000	Viruses;Monodnaviria;Shotokuvirae;Cossaviricota;Papovaviricetes;Zurhausenvirales;Papillomaviridae,NA,unknown
1111525849638565:k141_222863_length_3177_cov_72.0000	Unclassified,NA,unknown
1111525849736575:k141_662310_length_7398_cov_93.0000	Viruses;Monodnaviria;Shotokuvirae;Cossaviricota;Papovaviricetes;Zurhausenvirales;Papillomaviridae,NA,unknown
T2108174070:k141_379235_length_7433_cov_17.0000	Viruses;Monodnaviria;Shotokuvirae;Cossaviricota;Papovaviricetes;Zurhausenvirales;Papillomaviridae,NA,unknown
MET0129:k119_1710_length_7348_cov_560.0775	Viruses;Monodnaviria;Shotokuvirae;Cossaviricota;Papovaviricetes;Zurhausenvirales;Papillomaviridae,NA,unknown
MET0129:k119_1651_length_7320_cov_1935.2687	Viruses;Monodnaviria;Shotokuvirae;Cossaviricota;Papovaviricetes;Zurhausenvirales;Papillomaviridae,NA,unknown
MET0129:k119_1853_length_7313_cov_220.0306	Viruses;Monodnaviria;Shotokuvirae;Cossaviricota;Papovaviricetes;Zurhausenvirales;Papillomaviridae,NA,unknown
MET0444:k141_48011_length_5087_cov_170.0344	Viruses;Monodnaviria;Shotokuvirae;Cossaviricota;Papovaviricetes;Sepolyvirales;Polyomaviridae,NA,unknown
DP1807004451:k119_19388_length_4159_cov_63.6703	Unclassified,NA,unknown
MET1452:k141_29365_length_6668_cov_2939.0000	Viruses;Monodnaviria;Shotokuvirae;Cossaviricota;Papovaviricetes;Zurhausenvirales;Papillomaviridae,NA,unknown
MET0309:k119_21928_length_7307_cov_36.0050	Viruses;Monodnaviria;Shotokuvirae;Cossaviricota;Papovaviricetes;Zurhausenvirales;Papillomaviridae,NA,unknown
DP1807004514:k119_19449_length_5748_cov_44.0538	Unclassified,NA,unknown
T2108174016:k141_747383_length_7974_cov_1996.0000	Viruses;Monodnaviria;Shotokuvirae;Cossaviricota;Papovaviricetes;Zurhausenvirales;Papillomaviridae,NA,unknown
T2107172019:k141_256055_length_7255_cov_3439.0000	Viruses;Monodnaviria;Shotokuvirae;Cossaviricota;Papovaviricetes;Zurhausenvirales;Papillomaviridae,NA,unknown
MET0822:k119_8936_length_7247_cov_175.0246	Viruses;Monodnaviria;Shotokuvirae;Cossaviricota;Papovaviricetes;Zurhausenvirales;Papillomaviridae,NA,unknown
R_T2109198960:k119_2999_length_12471_cov_578.2866	Viruses;Duplodnaviria;Heunggongvirae;Uroviricota;Caudoviricetes;;,d__Bacteria;p__Bacillota;c__Bacilli;o__Staphylococcales;f__Staphylococcaceae;g__Staphylococcus,unknown
MET0516:k119_7072_length_7424_cov_571.0782	Viruses;Monodnaviria;Shotokuvirae;Cossaviricota;Papovaviricetes;Zurhausenvirales;Papillomaviridae,NA,unknown
DP1807004325:k119_81152_length_3778_cov_394.0000	Viruses;Monodnaviria;Shotokuvirae;Cossaviricota;Papovaviricetes;Zurhausenvirales;Papillomaviridae,NA,unknown
T2108174061:k141_2587873_length_7460_cov_128.0000	Viruses;Monodnaviria;Shotokuvirae;Cossaviricota;Papovaviricetes;Zurhausenvirales;Papillomaviridae,NA,unknown
T2108174061:k141_1988657_length_5106_cov_60.5758	Viruses;Monodnaviria;Shotokuvirae;Cossaviricota;Papovaviricetes;Zurhausenvirales;Papillomaviridae,NA,unknown
1111525849753914:k141_1326642_length_7331_cov_32.0045	Viruses;Monodnaviria;Shotokuvirae;Cossaviricota;Papovaviricetes;Zurhausenvirales;Papillomaviridae,NA,unknown
1111525849771950:k141_294210_length_7421_cov_49.4010	Viruses;Monodnaviria;Shotokuvirae;Cossaviricota;Papovaviricetes;Zurhausenvirales;Papillomaviridae,NA,unknown
DP1808006797:k119_23496_length_3410_cov_156.0033	NA,NA,unknown
T2108173969:k141_148456_length_8016_cov_11324.0000	Viruses;Monodnaviria;Shotokuvirae;Cossaviricota;Papovaviricetes;Zurhausenvirales;Papillomaviridae,NA,unknown
T2108173969:k141_556693_length_7424_cov_425.0000	Viruses;Monodnaviria;Shotokuvirae;Cossaviricota;Papovaviricetes;Zurhausenvirales;Papillomaviridae,NA,unknown
1111525849752591:k141_330878_length_7325_cov_39.0000	Viruses;Monodnaviria;Shotokuvirae;Cossaviricota;Papovaviricetes;Zurhausenvirales;Papillomaviridae,NA,unknown
DP1808006788:k119_131321_length_2267_cov_518.2412	Viruses;Monodnaviria;Shotokuvirae;Cressdnaviricota;Repensiviricetes;Geplafuvirales;Genomoviridae,NA,unknown
T2107171999:k141_63413_length_7385_cov_100.0000	Viruses;Monodnaviria;Shotokuvirae;Cossaviricota;Papovaviricetes;Zurhausenvirales;Papillomaviridae,NA,unknown
T2109198880:k141_76674_length_12075_cov_106.0000	Viruses;Duplodnaviria;Heunggongvirae;Uroviricota;Caudoviricetes;;,d__Bacteria;p__Bacillota;c__Bacilli;o__Staphylococcales;f__Staphylococcaceae;g__Staphylococcus,unknown
1111525849478145:k141_330028_length_7704_cov_131.0000	Viruses;Monodnaviria;Shotokuvirae;Cossaviricota;Papovaviricetes;Zurhausenvirales;Papillomaviridae,NA,unknown
1111525849478145:k141_421654_length_7634_cov_112.6266	Viruses;Monodnaviria;Shotokuvirae;Cossaviricota;Papovaviricetes;Zurhausenvirales;Papillomaviridae,NA,unknown
T2108173978:k141_790806_length_7487_cov_135.0000	Viruses;Monodnaviria;Shotokuvirae;Cossaviricota;Papovaviricetes;Zurhausenvirales;Papillomaviridae,NA,unknown
T2108173978:k141_1758849_length_7435_cov_31.8702	Viruses;Monodnaviria;Shotokuvirae;Cossaviricota;Papovaviricetes;Zurhausenvirales;Papillomaviridae,NA,unknown
T2108173978:k141_1561914_length_7255_cov_32.0000	Viruses;Monodnaviria;Shotokuvirae;Cossaviricota;Papovaviricetes;Zurhausenvirales;Papillomaviridae,NA,unknown
T2108173978:k141_2114310_length_6104_cov_21.3559	Viruses;Monodnaviria;Shotokuvirae;Cossaviricota;Papovaviricetes;Zurhausenvirales;Papillomaviridae,NA,unknown
DSKIN0029-1:k141_47746_length_7060_cov_20.0000	Viruses;Monodnaviria;Shotokuvirae;Cossaviricota;Papovaviricetes;Zurhausenvirales;Papillomaviridae,NA,unknown
DSKIN0029-1:k141_39169_length_6306_cov_9.0000	Viruses;Monodnaviria;Shotokuvirae;Cossaviricota;Papovaviricetes;Zurhausenvirales;Papillomaviridae,NA,unknown
T2108173862:k141_165335_length_13372_cov_177.7361	Viruses;Duplodnaviria;Heunggongvirae;Uroviricota;Caudoviricetes;;,d__Bacteria;p__Actinomycetota;c__Actinomycetes;o__Actinomycetales;f__Microbacteriaceae;g__Microbacterium,unknown
1111525849862212:k141_612384_length_7416_cov_70.0000	Viruses;Monodnaviria;Shotokuvirae;Cossaviricota;Papovaviricetes;Zurhausenvirales;Papillomaviridae,NA,unknown
DP1807004378:k119_45336_length_7570_cov_1006.0000	Viruses;Monodnaviria;Shotokuvirae;Cossaviricota;Papovaviricetes;Zurhausenvirales;Papillomaviridae,NA,unknown
1111525849485004:k141_623573_length_2650_cov_14.0000	Viruses;Monodnaviria;Shotokuvirae;Cossaviricota;Papovaviricetes;Sepolyvirales;Polyomaviridae,NA,unknown
T2107171982:k141_1140306_length_7382_cov_56.0077	Viruses;Monodnaviria;Shotokuvirae;Cossaviricota;Papovaviricetes;Zurhausenvirales;Papillomaviridae,NA,unknown
T2107171982:k141_1130589_length_7355_cov_94.0130	Viruses;Monodnaviria;Shotokuvirae;Cossaviricota;Papovaviricetes;Zurhausenvirales;Papillomaviridae,NA,unknown
DP1808006816:k119_109106_length_7316_cov_3604.0000	Viruses;Monodnaviria;Shotokuvirae;Cossaviricota;Papovaviricetes;Zurhausenvirales;Papillomaviridae,NA,unknown
T2108174096:k141_319517_length_12799_cov_831.0000	Viruses;Duplodnaviria;Heunggongvirae;Uroviricota;Caudoviricetes;;,d__Bacteria;p__Bacillota;c__Bacilli;o__Staphylococcales;f__Staphylococcaceae;g__Staphylococcus,unknown
T2108174096:k141_2249960_length_7346_cov_60.0083	Viruses;Monodnaviria;Shotokuvirae;Cossaviricota;Papovaviricetes;Zurhausenvirales;Papillomaviridae,NA,unknown
1111525849639030:k141_19941_length_2612_cov_29.0000	Viruses;Monodnaviria;Shotokuvirae;Cressdnaviricota;Arfiviricetes;Cirlivirales;,NA,unknown
T2107171955:k141_27036_length_7459_cov_1084.0000	Viruses;Monodnaviria;Shotokuvirae;Cossaviricota;Papovaviricetes;Zurhausenvirales;Papillomaviridae,NA,unknown
T2107171955:k141_59819_length_7449_cov_1158.0000	Viruses;Monodnaviria;Shotokuvirae;Cossaviricota;Papovaviricetes;Zurhausenvirales;Papillomaviridae,NA,unknown
T2107171955:k141_96533_length_5672_cov_20.8409	Viruses;Monodnaviria;Shotokuvirae;Cossaviricota;Papovaviricetes;Zurhausenvirales;Papillomaviridae,NA,unknown
T2107171955:k141_269055_length_4682_cov_50.0000	Viruses;Monodnaviria;Shotokuvirae;Cossaviricota;Papovaviricetes;Zurhausenvirales;Papillomaviridae,NA,unknown
T2107171955:k141_68157_length_4668_cov_80.0000	Viruses;Monodnaviria;Shotokuvirae;Cossaviricota;Papovaviricetes;Zurhausenvirales;Papillomaviridae,NA,unknown
T2108173871:k141_230674_length_7575_cov_112.8493	Viruses;Monodnaviria;Shotokuvirae;Cossaviricota;Papovaviricetes;Zurhausenvirales;Papillomaviridae,NA,unknown
MET0497:k119_18810_length_7312_cov_490.0681	Viruses;Monodnaviria;Shotokuvirae;Cossaviricota;Papovaviricetes;Zurhausenvirales;Papillomaviridae,NA,unknown
T2108173952:k141_27060_length_7469_cov_612.0000	Viruses;Monodnaviria;Shotokuvirae;Cossaviricota;Papovaviricetes;Zurhausenvirales;Papillomaviridae,NA,unknown
1111525849743403:k141_13190_length_7443_cov_429.0000	Viruses;Monodnaviria;Shotokuvirae;Cossaviricota;Papovaviricetes;Zurhausenvirales;Papillomaviridae,NA,unknown
T2107171991:k141_539571_length_5090_cov_99.3601	Viruses;Monodnaviria;Shotokuvirae;Cressdnaviricota;Arfiviricetes;Cirlivirales;,NA,unknown
DP1808006663:k119_9932_length_2242_cov_74.0000	Viruses;Monodnaviria;Shotokuvirae;Cressdnaviricota;Repensiviricetes;Geplafuvirales;Genomoviridae,NA,unknown
T2108173934:k141_1110084_length_3393_cov_565.0000	Unclassified,NA,unknown
DP1808006645:k119_28189_length_5492_cov_750.0000	Viruses;Monodnaviria;Shotokuvirae;Cossaviricota;Papovaviricetes;Zurhausenvirales;Papillomaviridae,NA,unknown
MET0677:k119_212299_length_3214_cov_57.0000	Viruses;Riboviria;Orthornavirae;Lenarviricota;Howeltoviricetes;Cryppavirales;Mitoviridae,NA,unknown
T2108174069:k141_753652_length_7601_cov_54.0072	Viruses;Monodnaviria;Shotokuvirae;Cossaviricota;Papovaviricetes;Zurhausenvirales;Papillomaviridae,NA,unknown
DSKIN0021-1:k141_41873_length_7568_cov_89.0120	Viruses;Monodnaviria;Shotokuvirae;Cossaviricota;Papovaviricetes;Zurhausenvirales;Papillomaviridae,NA,unknown
1111525849479926:k141_311862_length_7898_cov_111.0000	Viruses;Monodnaviria;Shotokuvirae;Cossaviricota;Papovaviricetes;Zurhausenvirales;Papillomaviridae,NA,unknown
T2107172002:k141_1099137_length_3150_cov_271.0000	Viruses;Riboviria;Orthornavirae;Lenarviricota;Howeltoviricetes;Cryppavirales;Mitoviridae,NA,unknown
1111525849475849:k141_1114530_length_7515_cov_31.0042	Viruses;Monodnaviria;Shotokuvirae;Cossaviricota;Papovaviricetes;Zurhausenvirales;Papillomaviridae,NA,unknown
MET0310:k119_214804_length_3636_cov_213.0000	Unclassified,d__Archaea;p__Thermoproteota;c__Bathyarchaeia;o__Bathyarchaeales;f__Bathyarchaeaceae;g__Bathyarchaeum,unknown
1111525849859186:k141_757747_length_7345_cov_138.0192	Viruses;Monodnaviria;Shotokuvirae;Cossaviricota;Papovaviricetes;Zurhausenvirales;Papillomaviridae,d__Bacteria;p__Bacteroidota;c__Bacteroidia;o__Chitinophagales;f__Saprospiraceae;g__JAHDHU01,unknown
1111525849771679:k141_1161381_length_7675_cov_26.0035	Viruses;Monodnaviria;Shotokuvirae;Cossaviricota;Papovaviricetes;Zurhausenvirales;Papillomaviridae,NA,unknown
1111525849736894:k141_2359687_length_7911_cov_546.0000	Viruses;Monodnaviria;Shotokuvirae;Cossaviricota;Papovaviricetes;Zurhausenvirales;Papillomaviridae,NA,unknown
1111525849736894:k141_9062_length_7295_cov_463.0000	Viruses;Monodnaviria;Shotokuvirae;Cossaviricota;Papovaviricetes;Zurhausenvirales;Papillomaviridae,NA,unknown
1111525849736894:k141_250787_length_4974_cov_410.0366	Unclassified,NA,unknown
MET0121:k119_1575_length_7411_cov_87.0000	Viruses;Monodnaviria;Shotokuvirae;Cossaviricota;Papovaviricetes;Zurhausenvirales;Papillomaviridae,NA,unknown
MET0121:k119_1729_length_7408_cov_364.0499	Viruses;Monodnaviria;Shotokuvirae;Cossaviricota;Papovaviricetes;Zurhausenvirales;Papillomaviridae,NA,unknown
MET0121:k119_1102_length_7391_cov_232.0000	Viruses;Monodnaviria;Shotokuvirae;Cossaviricota;Papovaviricetes;Zurhausenvirales;Papillomaviridae,NA,unknown
MET0121:k119_1930_length_7335_cov_685.0949	Viruses;Monodnaviria;Shotokuvirae;Cossaviricota;Papovaviricetes;Zurhausenvirales;Papillomaviridae,NA,unknown
1111525849478864:k141_147361_length_4465_cov_94.0000	Unclassified,NA,unknown
1111525849638686:k141_202949_length_7813_cov_750.0978	Viruses;Monodnaviria;Shotokuvirae;Cossaviricota;Papovaviricetes;Zurhausenvirales;Papillomaviridae,NA,unknown
1111525849859858:k141_116792_length_7469_cov_170.0000	Viruses;Monodnaviria;Shotokuvirae;Cossaviricota;Papovaviricetes;Zurhausenvirales;Papillomaviridae,NA,unknown
1111525849859858:k141_204551_length_7347_cov_148.0000	Viruses;Monodnaviria;Shotokuvirae;Cossaviricota;Papovaviricetes;Zurhausenvirales;Papillomaviridae,NA,unknown
1111525849859858:k141_597014_length_7267_cov_65.0091	Viruses;Monodnaviria;Shotokuvirae;Cossaviricota;Papovaviricetes;Zurhausenvirales;Papillomaviridae,NA,unknown
1111525849859858:k141_459137_length_6004_cov_156.0000	Viruses;Monodnaviria;Shotokuvirae;Cossaviricota;Papovaviricetes;Zurhausenvirales;Papillomaviridae,NA,unknown
T2108174014:k141_868547_length_4647_cov_137.3471	Viruses;Monodnaviria;Shotokuvirae;Cossaviricota;Papovaviricetes;Zurhausenvirales;Papillomaviridae,d__Bacteria;p__Bacteroidota;c__Bacteroidia;o__Flavobacteriales;f__Flavobacteriaceae;g__Flavobacterium,unknown
1111525849858985:k141_2297223_length_4069_cov_6.0000	Viruses;Monodnaviria;Shotokuvirae;Cossaviricota;Papovaviricetes;Zurhausenvirales;Papillomaviridae,NA,unknown
T2108174104:k141_43014_length_12947_cov_6766.3373	Viruses;Duplodnaviria;Heunggongvirae;Uroviricota;Caudoviricetes;;,d__Bacteria;p__Bacillota;c__Bacilli;o__Staphylococcales;f__Staphylococcaceae;g__Staphylococcus,unknown
1111525849668977:k141_487982_length_7439_cov_14.0000	Viruses;Monodnaviria;Shotokuvirae;Cossaviricota;Papovaviricetes;Zurhausenvirales;Papillomaviridae,NA,unknown
1111525849858958:k141_362756_length_7443_cov_776.0000	Viruses;Monodnaviria;Shotokuvirae;Cossaviricota;Papovaviricetes;Zurhausenvirales;Papillomaviridae,NA,unknown
MET1540:k141_378_length_4365_cov_614.0000	Viruses;Monodnaviria;Shotokuvirae;Cossaviricota;Papovaviricetes;Zurhausenvirales;Papillomaviridae,NA,unknown
T2109199166:k141_6287_length_13060_cov_118.5806	Viruses;Duplodnaviria;Heunggongvirae;Uroviricota;Caudoviricetes;;,d__Bacteria;p__Bacillota;c__Bacilli;o__Staphylococcales;f__Staphylococcaceae;g__Staphylococcus,unknown
T2108173967:k141_446363_length_2983_cov_68.3976	Viruses;Monodnaviria;Shotokuvirae;Cressdnaviricota;Arfiviricetes;Cirlivirales;,NA,unknown
1111525849744228:k141_658982_length_7318_cov_13.0000	Viruses;Monodnaviria;Shotokuvirae;Cossaviricota;Papovaviricetes;Zurhausenvirales;Papillomaviridae,NA,unknown
1111525849638712:k141_364826_length_7961_cov_80.0000	Viruses;Monodnaviria;Shotokuvirae;Cossaviricota;Papovaviricetes;Zurhausenvirales;Papillomaviridae,NA,unknown
DP1808006777:k119_42511_length_5484_cov_26.9612	Unclassified,NA,unknown
1111525849737037:k141_489690_length_7046_cov_87.0000	Viruses;Monodnaviria;Shotokuvirae;Cossaviricota;Papovaviricetes;Zurhausenvirales;Papillomaviridae,NA,unknown
1111525849644733:k141_36337_length_7364_cov_148.0000	Viruses;Monodnaviria;Shotokuvirae;Cossaviricota;Papovaviricetes;Zurhausenvirales;Papillomaviridae,NA,unknown
1111525849644733:k141_20983_length_7325_cov_267.0372	Viruses;Monodnaviria;Shotokuvirae;Cossaviricota;Papovaviricetes;Zurhausenvirales;Papillomaviridae,NA,unknown
1111525849759006:k141_774301_length_2756_cov_55.0000	Viruses;Monodnaviria;Shotokuvirae;Cressdnaviricota;Arfiviricetes;Cirlivirales;,NA,unknown
1111525849475830:k141_1051363_length_7863_cov_530.0000	Viruses;Monodnaviria;Shotokuvirae;Cossaviricota;Papovaviricetes;Zurhausenvirales;Papillomaviridae,NA,unknown
1111525849475830:k141_1337912_length_7654_cov_66.0000	Viruses;Monodnaviria;Shotokuvirae;Cossaviricota;Papovaviricetes;Zurhausenvirales;Papillomaviridae,NA,unknown
1111525849475830:k141_2058922_length_7592_cov_133.0178	Viruses;Monodnaviria;Shotokuvirae;Cossaviricota;Papovaviricetes;Zurhausenvirales;Papillomaviridae,NA,unknown
1111525849475830:k141_787948_length_7590_cov_673.0000	Viruses;Monodnaviria;Shotokuvirae;Cossaviricota;Papovaviricetes;Zurhausenvirales;Papillomaviridae,NA,unknown
1111525849475830:k141_227495_length_7588_cov_936.0000	Viruses;Monodnaviria;Shotokuvirae;Cossaviricota;Papovaviricetes;Zurhausenvirales;Papillomaviridae,NA,unknown
1111525849475830:k141_891255_length_7558_cov_3900.7546	Viruses;Monodnaviria;Shotokuvirae;Cossaviricota;Papovaviricetes;Zurhausenvirales;Papillomaviridae,NA,unknown
1111525849475830:k141_763250_length_7509_cov_1832.0000	Viruses;Monodnaviria;Shotokuvirae;Cossaviricota;Papovaviricetes;Zurhausenvirales;Papillomaviridae,NA,unknown
1111525849475830:k141_2407113_length_7460_cov_39.0000	Viruses;Monodnaviria;Shotokuvirae;Cossaviricota;Papovaviricetes;Zurhausenvirales;Papillomaviridae,d__Bacteria;p__Bacteroidota;c__Bacteroidia;o__Chitinophagales;f__Saprospiraceae;g__RFSX01,unknown
1111525849475830:k141_2213952_length_7409_cov_41.0056	Viruses;Monodnaviria;Shotokuvirae;Cossaviricota;Papovaviricetes;Zurhausenvirales;Papillomaviridae,NA,unknown
1111525849475830:k141_267348_length_7398_cov_1826.0000	Viruses;Monodnaviria;Shotokuvirae;Cossaviricota;Papovaviricetes;Zurhausenvirales;Papillomaviridae,NA,unknown
1111525849475830:k141_21677_length_7325_cov_183.0000	Viruses;Monodnaviria;Shotokuvirae;Cossaviricota;Papovaviricetes;Zurhausenvirales;Papillomaviridae,NA,unknown
1111525849475830:k141_1916821_length_3751_cov_51.0000	Viruses;Monodnaviria;Shotokuvirae;Cossaviricota;Papovaviricetes;Zurhausenvirales;Papillomaviridae,NA,unknown
1111525849475830:k141_247239_length_2322_cov_80.4736	Viruses;Monodnaviria;Shotokuvirae;Cressdnaviricota;Arfiviricetes;Cirlivirales;,d__Bacteria;p__Actinomycetota;c__Actinomycetes;o__Mycobacteriales;f__Mycobacteriaceae;g__Lawsonella,unknown
T2107171979:k141_109991_length_7382_cov_70.0000	Viruses;Monodnaviria;Shotokuvirae;Cossaviricota;Papovaviricetes;Zurhausenvirales;Papillomaviridae,NA,unknown
1111525849852309:k141_9259_length_7866_cov_4906.0000	Viruses;Monodnaviria;Shotokuvirae;Cossaviricota;Papovaviricetes;Zurhausenvirales;Papillomaviridae,NA,unknown
1111525849852309:k141_1671079_length_7660_cov_277.0368	Viruses;Monodnaviria;Shotokuvirae;Cossaviricota;Papovaviricetes;Zurhausenvirales;Papillomaviridae,NA,unknown
1111525849852309:k141_1682139_length_7573_cov_82.0110	Viruses;Monodnaviria;Shotokuvirae;Cossaviricota;Papovaviricetes;Zurhausenvirales;Papillomaviridae,NA,unknown
1111525849852309:k141_1495233_length_7570_cov_82.8269	Viruses;Monodnaviria;Shotokuvirae;Cossaviricota;Papovaviricetes;Zurhausenvirales;Papillomaviridae,NA,unknown
1111525849852309:k141_1604829_length_4698_cov_64.7612	Viruses;Monodnaviria;Shotokuvirae;Cossaviricota;Papovaviricetes;Zurhausenvirales;Papillomaviridae,NA,unknown
T2107171997:k141_90529_length_2337_cov_425.4599	Viruses;Monodnaviria;Shotokuvirae;Cressdnaviricota;Repensiviricetes;Geplafuvirales;Genomoviridae,NA,unknown
T2108173958:k141_1211467_length_5084_cov_433.0000	Viruses;Monodnaviria;Shotokuvirae;Cossaviricota;Papovaviricetes;Sepolyvirales;Polyomaviridae,NA,unknown
T2108173958:k141_1614715_length_2590_cov_100.0000	Viruses;Monodnaviria;Shotokuvirae;Cressdnaviricota;Arfiviricetes;Cirlivirales;,NA,unknown
T2108173877:k141_198525_length_5094_cov_256.0000	Unclassified,NA,unknown
T2108173877:k141_368669_length_4115_cov_828.0000	Unclassified,NA,unknown
1111525849478044:k141_872353_length_5120_cov_151.6652	Unclassified,NA,unknown
1111525849478044:k141_4350_length_4199_cov_646.3433	Unclassified,NA,unknown
DT2007043855-1:k141_18838_length_7291_cov_108.0151	Viruses;Monodnaviria;Shotokuvirae;Cossaviricota;Papovaviricetes;Zurhausenvirales;Papillomaviridae,NA,unknown
MET0666:k119_326_length_7339_cov_732.1014	Viruses;Monodnaviria;Shotokuvirae;Cossaviricota;Papovaviricetes;Zurhausenvirales;Papillomaviridae,NA,unknown
MET0666:k119_5714_length_7303_cov_797.4420	Viruses;Monodnaviria;Shotokuvirae;Cossaviricota;Papovaviricetes;Zurhausenvirales;Papillomaviridae,NA,unknown
MET0666:k119_632_length_7246_cov_1336.1875	Viruses;Monodnaviria;Shotokuvirae;Cossaviricota;Papovaviricetes;Zurhausenvirales;Papillomaviridae,NA,unknown
T2109199041:k141_72711_length_13205_cov_86.5794	Viruses;Duplodnaviria;Heunggongvirae;Uroviricota;Caudoviricetes;;,d__Bacteria;p__Bacillota;c__Bacilli;o__Staphylococcales;f__Staphylococcaceae;g__Staphylococcus,unknown
T2108173923:k141_500702_length_7404_cov_6562.0000	Viruses;Monodnaviria;Shotokuvirae;Cossaviricota;Papovaviricetes;Zurhausenvirales;Papillomaviridae,NA,unknown
DP1807004358:k119_18411_length_2989_cov_403.0000	Viruses;Monodnaviria;Shotokuvirae;Cressdnaviricota;Arfiviricetes;Cirlivirales;,d__Bacteria;p__Actinomycetota;c__Actinomycetes;o__Mycobacteriales;f__Mycobacteriaceae;g__Lawsonella,unknown
T2108173905:k141_2460524_length_7293_cov_76.0106	Viruses;Monodnaviria;Shotokuvirae;Cossaviricota;Papovaviricetes;Zurhausenvirales;Papillomaviridae,NA,unknown
T2107171980:k141_34362_length_7467_cov_8823.0000	Viruses;Monodnaviria;Shotokuvirae;Cossaviricota;Papovaviricetes;Zurhausenvirales;Papillomaviridae,NA,unknown
T2107171980:k141_394772_length_7464_cov_51.5195	Viruses;Monodnaviria;Shotokuvirae;Cossaviricota;Papovaviricetes;Zurhausenvirales;Papillomaviridae,NA,unknown
T2107171980:k141_42811_length_4178_cov_6038.0000	Viruses;Monodnaviria;Shotokuvirae;Cressdnaviricota;Arfiviricetes;Cirlivirales;Circoviridae,NA,unknown
DP1807004376:k119_23292_length_5414_cov_445.0000	Viruses;Monodnaviria;Shotokuvirae;Cossaviricota;Papovaviricetes;Zurhausenvirales;Papillomaviridae,NA,unknown
MET0477:k119_9550_length_2589_cov_19.0000	Viruses;Riboviria;Orthornavirae;Lenarviricota;Howeltoviricetes;Cryppavirales;Mitoviridae,NA,unknown
T2107171971:k141_154058_length_7383_cov_1303.0000	Viruses;Monodnaviria;Shotokuvirae;Cossaviricota;Papovaviricetes;Zurhausenvirales;Papillomaviridae,NA,unknown
DP1807004529:k119_31101_length_7213_cov_395.0000	Viruses;Monodnaviria;Shotokuvirae;Cossaviricota;Papovaviricetes;Zurhausenvirales;Papillomaviridae,NA,unknown
DP1807004286:k119_72619_length_2478_cov_51.0216	Viruses;Monodnaviria;Shotokuvirae;Cressdnaviricota;Repensiviricetes;Geplafuvirales;Genomoviridae,NA,unknown
T2108173914:k141_1010444_length_19884_cov_116.0000	Viruses;Varidnaviria;Bamfordvirae;Preplasmiviricota;Tectiliviricetes;Rowavirales;Adenoviridae,NA,unknown
MET0855:k141_2029_length_7491_cov_266.0362	Viruses;Monodnaviria;Shotokuvirae;Cossaviricota;Papovaviricetes;Zurhausenvirales;Papillomaviridae,NA,unknown
1111525849638837:k141_1676924_length_7576_cov_96.0129	Viruses;Monodnaviria;Shotokuvirae;Cossaviricota;Papovaviricetes;Zurhausenvirales;Papillomaviridae,NA,unknown
1111525849669644:k141_290303_length_7538_cov_156.0000	Viruses;Monodnaviria;Shotokuvirae;Cossaviricota;Papovaviricetes;Zurhausenvirales;Papillomaviridae,NA,unknown
1111525849669644:k141_346009_length_5010_cov_50.0000	Viruses;Monodnaviria;Shotokuvirae;Cossaviricota;Papovaviricetes;Zurhausenvirales;Papillomaviridae,NA,unknown
1111525849853748:k141_652911_length_4341_cov_144.0000	Viruses;Monodnaviria;Shotokuvirae;Cossaviricota;Papovaviricetes;Zurhausenvirales;Papillomaviridae,NA,unknown
R_T2109199202:k119_16763_length_12553_cov_4537.3649	Viruses;Duplodnaviria;Heunggongvirae;Uroviricota;Caudoviricetes;;,NA,unknown
T2107172000:k141_1480320_length_10941_cov_294.0000	Unclassified,NA,unknown
T2107172000:k141_1123579_length_8715_cov_177.7336	Viruses;Riboviria;Orthornavirae;Lenarviricota;Howeltoviricetes;Cryppavirales;Mitoviridae,d__Bacteria;p__Bacillota;c__Bacilli;o__Lactobacillales;f__Lactobacillaceae;g__Limosilactobacillus,unknown
1111525849758951:k141_917741_length_7582_cov_96.0000	Viruses;Monodnaviria;Shotokuvirae;Cossaviricota;Papovaviricetes;Zurhausenvirales;Papillomaviridae,NA,unknown
1111525849737189:k141_27664_length_6197_cov_55.0000	Viruses;Monodnaviria;Shotokuvirae;Cossaviricota;Papovaviricetes;Zurhausenvirales;Papillomaviridae,NA,unknown
1111525849737189:k141_587389_length_4586_cov_243.0000	Viruses;Monodnaviria;Shotokuvirae;Cossaviricota;Papovaviricetes;Zurhausenvirales;Papillomaviridae,NA,unknown
1111525849862289:k141_271246_length_7564_cov_273.0000	Viruses;Monodnaviria;Shotokuvirae;Cossaviricota;Papovaviricetes;Zurhausenvirales;Papillomaviridae,NA,unknown
MET0860:k141_1035_length_7491_cov_238.0324	Viruses;Monodnaviria;Shotokuvirae;Cossaviricota;Papovaviricetes;Zurhausenvirales;Papillomaviridae,NA,unknown
T2108174054:k141_1141904_length_6594_cov_44.0863	Viruses;Monodnaviria;Shotokuvirae;Cossaviricota;Papovaviricetes;Zurhausenvirales;Papillomaviridae,NA,unknown
DP1807004453:k119_21052_length_5366_cov_654.0000	Viruses;Monodnaviria;Shotokuvirae;Cossaviricota;Papovaviricetes;Zurhausenvirales;Papillomaviridae,NA,unknown
DP1807004453:k119_49302_length_4682_cov_97.0000	Viruses;Monodnaviria;Shotokuvirae;Cossaviricota;Papovaviricetes;Zurhausenvirales;Papillomaviridae,NA,unknown
MET0248:k119_18222_length_7348_cov_154.0213	Viruses;Monodnaviria;Shotokuvirae;Cossaviricota;Papovaviricetes;Zurhausenvirales;Papillomaviridae,NA,unknown
MET0086:k119_3512_length_11229_cov_382.2419	Viruses;Monodnaviria;Shotokuvirae;Cressdnaviricota;Arfiviricetes;Cirlivirales;,d__Bacteria;p__Actinomycetota;c__Actinomycetes;o__Propionibacteriales;f__Propionibacteriaceae;g__Cutibacterium,unknown
T2108174072:k141_746847_length_7269_cov_66.0000	Viruses;Monodnaviria;Shotokuvirae;Cossaviricota;Papovaviricetes;Zurhausenvirales;Papillomaviridae,d__Bacteria;p__Bacteroidota;c__Bacteroidia;o__Flavobacteriales;f__Flavobacteriaceae;g__DATGBV01,unknown
DP1807004525:k119_5298_length_4900_cov_47.5903	Unclassified,NA,unknown
MET0239:k119_10666_length_7431_cov_236.0000	Viruses;Monodnaviria;Shotokuvirae;Cossaviricota;Papovaviricetes;Zurhausenvirales;Papillomaviridae,NA,unknown
MET0392:k119_95413_length_7019_cov_66.5696	Viruses;Monodnaviria;Shotokuvirae;Cossaviricota;Papovaviricetes;Zurhausenvirales;Papillomaviridae,NA,unknown
R_T2109198890:k119_2400_length_7648_cov_23.0000	Viruses;Monodnaviria;Shotokuvirae;Cossaviricota;Papovaviricetes;Zurhausenvirales;Papillomaviridae,NA,unknown
DP1806001295:k119_36703_length_5045_cov_1059.2150	Viruses;Monodnaviria;Shotokuvirae;Cossaviricota;Papovaviricetes;Sepolyvirales;Polyomaviridae,NA,unknown
T2108174045:k141_778686_length_7576_cov_86.0116	Viruses;Monodnaviria;Shotokuvirae;Cossaviricota;Papovaviricetes;Zurhausenvirales;Papillomaviridae,NA,unknown
DT2007045309-1:k141_29735_length_7541_cov_542.0732	Viruses;Monodnaviria;Shotokuvirae;Cossaviricota;Papovaviricetes;Zurhausenvirales;Papillomaviridae,NA,unknown
T2108174009:k141_158329_length_7269_cov_511.0000	Viruses;Monodnaviria;Shotokuvirae;Cossaviricota;Papovaviricetes;Zurhausenvirales;Papillomaviridae,NA,unknown
T2108173910:k141_177992_length_7403_cov_345.0000	Viruses;Monodnaviria;Shotokuvirae;Cossaviricota;Papovaviricetes;Zurhausenvirales;Papillomaviridae,NA,unknown
T2108173910:k141_1667599_length_3941_cov_99.0000	Viruses;Monodnaviria;Shotokuvirae;Cossaviricota;Papovaviricetes;Zurhausenvirales;Papillomaviridae,NA,unknown
MET0293:k119_106992_length_17464_cov_165.0000	Viruses;Riboviria;Orthornavirae;Lenarviricota;Howeltoviricetes;Cryppavirales;Mitoviridae,NA,unknown
MET0293:k119_65865_length_9603_cov_285.3568	Viruses;Riboviria;Orthornavirae;Lenarviricota;Howeltoviricetes;Cryppavirales;Mitoviridae,NA,unknown
MET0851:k141_2474_length_3902_cov_110.0000	Viruses;Monodnaviria;Shotokuvirae;Cossaviricota;Papovaviricetes;Zurhausenvirales;Papillomaviridae,NA,unknown
1111525849852394:k141_294458_length_7798_cov_221.2207	Viruses;Monodnaviria;Shotokuvirae;Cossaviricota;Papovaviricetes;Zurhausenvirales;Papillomaviridae,NA,unknown
1111525849852394:k141_320099_length_7324_cov_222.0309	Viruses;Monodnaviria;Shotokuvirae;Cossaviricota;Papovaviricetes;Zurhausenvirales;Papillomaviridae,NA,unknown
1111525849772285:k141_350017_length_7556_cov_1999.0000	Viruses;Monodnaviria;Shotokuvirae;Cossaviricota;Papovaviricetes;Zurhausenvirales;Papillomaviridae,NA,unknown
1111525849772285:k141_127139_length_7400_cov_385.0000	Viruses;Monodnaviria;Shotokuvirae;Cossaviricota;Papovaviricetes;Zurhausenvirales;Papillomaviridae,NA,unknown
1111525849743575:k141_841933_length_7592_cov_1142.0000	Viruses;Monodnaviria;Shotokuvirae;Cossaviricota;Papovaviricetes;Zurhausenvirales;Papillomaviridae,NA,unknown
1111525849861727:k141_171294_length_7504_cov_39.0053	Viruses;Monodnaviria;Shotokuvirae;Cossaviricota;Papovaviricetes;Zurhausenvirales;Papillomaviridae,NA,unknown
1111525849486058:k141_605479_length_7473_cov_286.0000	Viruses;Monodnaviria;Shotokuvirae;Cossaviricota;Papovaviricetes;Zurhausenvirales;Papillomaviridae,NA,unknown
1111525849486058:k141_1029179_length_7385_cov_566.0000	Viruses;Monodnaviria;Shotokuvirae;Cossaviricota;Papovaviricetes;Zurhausenvirales;Papillomaviridae,NA,unknown
1111525849768046:k141_421886_length_7972_cov_87.0000	Viruses;Monodnaviria;Shotokuvirae;Cossaviricota;Papovaviricetes;Zurhausenvirales;Papillomaviridae,d__Bacteria;p__Bacillota;c__Clostridia;o__Tissierellales;f__Peptoniphilaceae;g__Peptoniphilus_A,unknown
1111525849669703:k141_813782_length_7354_cov_65.0090	Viruses;Monodnaviria;Shotokuvirae;Cossaviricota;Papovaviricetes;Zurhausenvirales;Papillomaviridae,d__Bacteria;p__Bacteroidota;c__Bacteroidia;o__Bacteroidales;f__Dysgonomonadaceae;g__Dysgonomonas,unknown
1111525849737518:k141_551522_length_7283_cov_588.0000	Viruses;Monodnaviria;Shotokuvirae;Cossaviricota;Papovaviricetes;Zurhausenvirales;Papillomaviridae,NA,unknown
1111525849755644:k141_816651_length_14513_cov_118.7668	Viruses;Monodnaviria;Shotokuvirae;Cressdnaviricota;Arfiviricetes;Cirlivirales;,d__Bacteria;p__Actinomycetota;c__Actinomycetes;o__Propionibacteriales;f__Propionibacteriaceae;g__Cutibacterium,unknown
1111525849759280:k141_63930_length_7392_cov_31.0000	Viruses;Monodnaviria;Shotokuvirae;Cossaviricota;Papovaviricetes;Zurhausenvirales;Papillomaviridae,NA,unknown
1111525849759280:k141_175156_length_5558_cov_54.0100	Viruses;Monodnaviria;Shotokuvirae;Cossaviricota;Papovaviricetes;Sepolyvirales;Polyomaviridae,NA,unknown
1111525849669352:k141_657502_length_7293_cov_86.0000	Viruses;Monodnaviria;Shotokuvirae;Cossaviricota;Papovaviricetes;Zurhausenvirales;Papillomaviridae,NA,unknown
1111525849737051:k141_1334846_length_3740_cov_9.0000	Viruses;Monodnaviria;Shotokuvirae;Cossaviricota;Papovaviricetes;Zurhausenvirales;Papillomaviridae,NA,unknown
T2108173927:k141_267078_length_7499_cov_40.0054	Viruses;Monodnaviria;Shotokuvirae;Cossaviricota;Papovaviricetes;Zurhausenvirales;Papillomaviridae,NA,unknown
T2108173882:k141_516091_length_5804_cov_42.3468	Viruses;Monodnaviria;Loebvirae;Hofneiviricota;Faserviricetes;Tubulavirales;Inoviridae,NA,unknown
T2108173945:k141_1113053_length_7264_cov_134.0188	Viruses;Monodnaviria;Shotokuvirae;Cossaviricota;Papovaviricetes;Zurhausenvirales;Papillomaviridae,NA,unknown
DP1808006890:k119_67686_length_4132_cov_72.0000	Viruses;Monodnaviria;Shotokuvirae;Cossaviricota;Papovaviricetes;Zurhausenvirales;Papillomaviridae,NA,unknown
DT2007045299-1:k141_49101_length_7562_cov_767.0000	Viruses;Monodnaviria;Shotokuvirae;Cossaviricota;Papovaviricetes;Zurhausenvirales;Papillomaviridae,NA,unknown
DP1808006818:k119_44351_length_5210_cov_392.0000	Viruses;Monodnaviria;Shotokuvirae;Cossaviricota;Papovaviricetes;Zurhausenvirales;Papillomaviridae,NA,unknown
T2107171984:k141_939264_length_7504_cov_1769.2403	Viruses;Monodnaviria;Shotokuvirae;Cossaviricota;Papovaviricetes;Zurhausenvirales;Papillomaviridae,NA,unknown
T2107171984:k141_695629_length_4292_cov_171.0000	Viruses;Monodnaviria;Shotokuvirae;Cossaviricota;Papovaviricetes;Zurhausenvirales;Papillomaviridae,NA,unknown
T2107171984:k141_550247_length_3434_cov_609.2010	Unclassified,NA,unknown
T2108173981:k141_655311_length_7272_cov_307.0000	Viruses;Monodnaviria;Shotokuvirae;Cossaviricota;Papovaviricetes;Zurhausenvirales;Papillomaviridae,NA,unknown
DP1808006728:k119_9033_length_4754_cov_266.0000	Viruses;Monodnaviria;Shotokuvirae;Cossaviricota;Papovaviricetes;Zurhausenvirales;Papillomaviridae,NA,unknown
T2108173972:k141_1683025_length_7470_cov_58.0079	Viruses;Monodnaviria;Shotokuvirae;Cossaviricota;Papovaviricetes;Zurhausenvirales;Papillomaviridae,NA,unknown
1111525849644360:k141_483365_length_7495_cov_81.0110	Viruses;Monodnaviria;Shotokuvirae;Cossaviricota;Papovaviricetes;Zurhausenvirales;Papillomaviridae,NA,unknown
T2108173873:k141_873071_length_38245_cov_69.7098	Viruses;Duplodnaviria;Heunggongvirae;Uroviricota;Caudoviricetes;;,d__Bacteria;p__Myxococcota;c__Polyangia;o__Polyangiales;f__Polyangiaceae;g__Labilithrix,unknown
T2108173873:k141_657585_length_7376_cov_98.0135	Viruses;Monodnaviria;Shotokuvirae;Cossaviricota;Papovaviricetes;Zurhausenvirales;Papillomaviridae,NA,unknown
1111525849483071:k141_707788_length_7309_cov_56.0000	Viruses;Monodnaviria;Shotokuvirae;Cossaviricota;Papovaviricetes;Zurhausenvirales;Papillomaviridae,NA,unknown
T2107171957:k141_536165_length_7372_cov_117.0162	Viruses;Monodnaviria;Shotokuvirae;Cossaviricota;Papovaviricetes;Zurhausenvirales;Papillomaviridae,NA,unknown
T2107171957:k141_566703_length_7340_cov_178.0000	Viruses;Monodnaviria;Shotokuvirae;Cossaviricota;Papovaviricetes;Zurhausenvirales;Papillomaviridae,NA,unknown
T2107171957:k141_639224_length_2504_cov_48.0000	Viruses;Monodnaviria;Shotokuvirae;Cressdnaviricota;Arfiviricetes;Cirlivirales;Circoviridae,d__Bacteria;p__Bacillota;c__Bacilli;o__Lactobacillales;f__Streptococcaceae;g__Streptococcus,unknown
T2108173918:k141_947801_length_7518_cov_70.0000	Viruses;Monodnaviria;Shotokuvirae;Cossaviricota;Papovaviricetes;Zurhausenvirales;Papillomaviridae,NA,unknown
T2108173918:k141_890882_length_7417_cov_22.0030	Viruses;Monodnaviria;Shotokuvirae;Cossaviricota;Papovaviricetes;Zurhausenvirales;Papillomaviridae,NA,unknown
T2108173918:k141_488918_length_7271_cov_65.0000	Viruses;Monodnaviria;Shotokuvirae;Cossaviricota;Papovaviricetes;Zurhausenvirales;Papillomaviridae,NA,unknown
T2108173918:k141_1055698_length_5820_cov_6.0000	Viruses;Monodnaviria;Shotokuvirae;Cossaviricota;Papovaviricetes;Zurhausenvirales;Papillomaviridae,NA,unknown
1111525849479586:k141_366827_length_7871_cov_206.0266	Viruses;Monodnaviria;Shotokuvirae;Cossaviricota;Papovaviricetes;Zurhausenvirales;Papillomaviridae,NA,unknown
1111525849479586:k141_529873_length_6409_cov_134.0000	Viruses;Monodnaviria;Shotokuvirae;Cossaviricota;Papovaviricetes;Zurhausenvirales;Papillomaviridae,NA,unknown
MET0510:k119_48995_length_4006_cov_806.3159	Viruses;Monodnaviria;Shotokuvirae;Cossaviricota;Papovaviricetes;Zurhausenvirales;Papillomaviridae,NA,unknown
MET0411:k119_9540_length_7366_cov_535.0738	Viruses;Monodnaviria;Shotokuvirae;Cossaviricota;Papovaviricetes;Zurhausenvirales;Papillomaviridae,NA,unknown
MET0132:k119_22261_length_7370_cov_125.0172	Viruses;Monodnaviria;Shotokuvirae;Cossaviricota;Papovaviricetes;Zurhausenvirales;Papillomaviridae,NA,unknown
MET0132:k119_22606_length_7323_cov_487.0676	Viruses;Monodnaviria;Shotokuvirae;Cossaviricota;Papovaviricetes;Zurhausenvirales;Papillomaviridae,NA,unknown
DP1806001413:k119_24398_length_7499_cov_2369.3210	Viruses;Monodnaviria;Shotokuvirae;Cossaviricota;Papovaviricetes;Zurhausenvirales;Papillomaviridae,NA,unknown
MET0240:k119_69071_length_7394_cov_426.0586	Viruses;Monodnaviria;Shotokuvirae;Cossaviricota;Papovaviricetes;Zurhausenvirales;Papillomaviridae,NA,unknown
MET0204:k119_10477_length_5366_cov_17.8738	Viruses;Monodnaviria;Shotokuvirae;Cressdnaviricota;Arfiviricetes;Cirlivirales;,d__Bacteria;p__Actinomycetota;c__Actinomycetes;o__Mycobacteriales;f__Mycobacteriaceae;g__Corynebacterium,unknown
DP1806001242:k119_3720_length_3283_cov_484.7263	Unclassified,d__Archaea;p__Thermoproteota;c__Bathyarchaeia;o__Bathyarchaeales;f__Bathyarchaeaceae;g__Bathyarchaeum,unknown
1111525849638589:k141_193086_length_2518_cov_26.0000	Viruses;Monodnaviria;Shotokuvirae;Cressdnaviricota;Arfiviricetes;Cirlivirales;,NA,unknown
1111525849649875:k141_261868_length_7526_cov_270.0000	Viruses;Monodnaviria;Shotokuvirae;Cossaviricota;Papovaviricetes;Zurhausenvirales;Papillomaviridae,NA,unknown
1111525849767487:k141_904992_length_7031_cov_33.0000	Viruses;Monodnaviria;Shotokuvirae;Cossaviricota;Papovaviricetes;Zurhausenvirales;Papillomaviridae,d__Bacteria;p__Bacteroidota;c__Bacteroidia;o__Flavobacteriales;f__Flavobacteriaceae;g__Psychroserpens,unknown
