v0001	Unclassified,Actinomycetota, Bacteroidota,Bifidobacterium swidsinskii, Bifidobacterium unknown, Bifidobacterium vaginale, Bifidobacterium vaginale_A, Bifidobacterium vaginale_C, Bifidobacterium vaginale_D, Bifidobacterium vaginale_H, Prevotella timonensis_A
v0002	Unclassified,Bacillota_C,Megasphaera lornae
v0003	Unclassified,Actinomycetota, Bacteroidota,Bifidobacterium leopoldii, Bifidobacterium piotii, Bifidobacterium sp003585735, Bifidobacterium swidsinskii, Bifidobacterium unknown, Bifidobacterium vaginale, Bifidobacterium vaginale_A, Bifidobacterium vaginale_C, Bifidobacterium vaginale_D, Bifidobacterium vaginale_F, Bifidobacterium vaginale_H, Prevotella timonensis_A
v0004	Unclassified,Bacillota_A, Bacillota_C,Amygdalobacter indicium, Dialister micraerophilus, Dialister sp001553355, KA00274_sp902373515, Megasphaera hutchinsoni
v0005	Myoviridae,Pseudomonadota,Klebsiella michiganensis, Klebsiella pneumoniae
v0006	Siphoviridae,Pseudomonadota,Proteus mirabilis
v0007	Siphoviridae,Bacillota,Lactobacillus iners, Lactobacillus jensenii, Lactobacillus mulieris
v0008	Siphoviridae,Bacillota,Lactobacillus delbrueckii
v0009	Siphoviridae,Bacillota,Lactobacillus crispatus
v000a	Siphoviridae,Bacillota,Lactobacillus delbrueckii
v000b	Rountreeviridae,Bacillota,Lactobacillus crispatus
v000c	Siphoviridae,Bacillota,Lactobacillus gasseri, Lactobacillus johnsonii, Lactobacillus paragasseri
v000d	Siphoviridae,Bacillota,Lactobacillus gasseri, Lactobacillus paragasseri
v000e	Siphoviridae,Bacillota,Lactobacillus crispatus, Lactobacillus iners, Lactobacillus jensenii
v000f	Siphoviridae,Bacillota,Lactobacillus crispatus, Lactobacillus jensenii, Lactobacillus mulieris
v0010	Siphoviridae,Bacillota,Lactobacillus crispatus
v0011	Myoviridae,Bacillota_A, Fusobacteriota,Parvimonas sp001552895, Sneathia sanguinegens, Sneathia unknown, Sneathia vaginalis
v0012	Siphoviridae,Bacillota,Lactobacillus gasseri, Lactobacillus johnsonii, Lactobacillus paragasseri
v0013	Myoviridae,Bacillota,Lactobacillus gasseri, Lactobacillus paragasseri
v0014	Siphoviridae,Bacillota,Lactobacillus jensenii, Lactobacillus mulieris
v0015	Siphoviridae,Actinomycetota,Bifidobacterium scardovii
v0016	Siphoviridae,Actinomycetota,Bifidobacterium scardovii
v0017	Podoviridae,-,-
v0018	Myoviridae,-,-
v0019	Siphoviridae,-,-
v001a	Unclassified,-,-
v001b	Unclassified,-,-
v001c	Siphoviridae,-,-
v001d	Unclassified,-,-
v001e	Unclassified,Bacillota,Atopobacter unknown
v001f	Unclassified,Bacillota_A,Mageeibacillus indolicus
v0020	Unclassified,-,-
v0021	Siphoviridae,-,-
v0022	Siphoviridae,-,-
v0023	Siphoviridae,Bacillota,Lactobacillus crispatus
v0024	Rountreeviridae,Bacillota,Lactobacillus crispatus
v0025	Rountreeviridae,Bacillota,Lactobacillus crispatus, Lactobacillus jensenii
v0026	Unclassified,Bacteroidota,Odoribacter splanchnicus, Phocaeicola plebeius_A
v0027	Unclassified,-,-
v0028	Unclassified,Bacteroidota,Phocaeicola plebeius_A
v0029	Unclassified,-,-
v002a	Unclassified,Bacteroidota,Phocaeicola vulgatus
v002b	Siphoviridae,Bacillota_A,Peptoniphilus_A vaginalis
v002c	Rountreeviridae,Bacillota,Lactobacillus crispatus, Lactobacillus mulieris
v002d	Siphoviridae,Actinomycetota,Arcanobacterium_A sp000758825
v002e	Myoviridae,Bacillota_A, Fusobacteriota,Parvimonas sp001552895, Sneathia sanguinegens, Sneathia unknown, Sneathia vaginalis
v002f	Siphoviridae,Actinomycetota, Bacillota, Bacillota_A, Bacillota_C,Aerococcus christensenii, Dialister micraerophilus, Lactobacillus iners, Mobiluncus curtisii, UBA629_sp005465875
v0030	Unclassified,Actinomycetota,Bifidobacterium leopoldii, Bifidobacterium piotii, Bifidobacterium swidsinskii, Bifidobacterium unknown, Bifidobacterium vaginale, Bifidobacterium vaginale_A, Bifidobacterium vaginale_C, Bifidobacterium vaginale_F, Bifidobacterium vaginale_H
v0031	Unclassified,Bacteroidota,Cryptobacteroides unknown
v0032	Unclassified,Bacteroidota,Porphyromonas unknown
v0033	Siphoviridae,Actinomycetota,Fannyhessea massiliensis, Fannyhessea unknown, Fannyhessea vaginae
v0034	Siphoviridae,Bacillota,Lactobacillus crispatus, Limosilactobacillus portuensis, Limosilactobacillus vaginalis
v0035	Siphoviridae,Bacillota,Lactobacillus crispatus, Lactobacillus gasseri
v0036	Siphoviridae,Bacillota_A,Eubacterium_I unknown, Lachnospira sp003537285, Lachnospira sp900551945
v0037	Myoviridae,-,-
v0038	Podoviridae_crAss-like,-,-
v0039	Siphoviridae,Bacillota,Lactobacillus crispatus, Lactobacillus jensenii, Lactobacillus mulieris
v003a	Unclassified,-,-
v003b	Siphoviridae,Bacillota,Lactobacillus crispatus, Lactobacillus gasseri, Lactobacillus johnsonii, Lactobacillus paragasseri
v003c	Siphoviridae,Bacillota,Lactobacillus crispatus, Lactobacillus jensenii, Lactobacillus mulieris
v003d	Myoviridae,Bacillota,Lactobacillus gasseri, Lactobacillus paragasseri
v003e	Siphoviridae,-,-
v003f	Siphoviridae,-,-
v0040	Unclassified,-,-
v0041	Siphoviridae,-,-
v0042	Siphoviridae,-,-
v0043	Siphoviridae,Bacillota,Streptococcus pasteurianus
v0044	Unclassified,Campylobacterota,Campylobacter_B unknown
v0045	Unclassified,-,-
v0046	Siphoviridae,Bacillota,Streptococcus anginosus_C
v0047	Siphoviridae,-,-
v0048	Quimbyviridae,Bacteroidota,Prevotella melaninogenica
v0049	Unclassified,-,-
v004a	Unclassified,-,-
v004b	Siphoviridae,Bacillota_C,Veillonella atypica
v004c	Myoviridae,-,-
v004d	Siphoviridae,-,-
v004e	Unclassified,-,-
v004f	Unclassified,-,-
v0050	Unclassified,Bacteroidota,Prevotella bivia, Prevotella melaninogenica_A
v0051	Unclassified,-,-
v0052	Unclassified,-,-
v0053	Siphoviridae,Bacillota,Bulleidia moorei
v0054	Siphoviridae,Bacillota_C,Veillonella atypica
v0055	Siphoviridae,-,-
v0056	Siphoviridae,-,-
v0057	Siphoviridae,-,-
v0058	Siphoviridae,-,-
v0059	Myoviridae,-,-
v005a	Siphoviridae,-,-
v005b	Siphoviridae,-,-
v005c	Siphoviridae,Actinomycetota,Pauljensenia sp000278725
v005d	Siphoviridae,-,-
v005e	Unclassified,-,-
v005f	Siphoviridae,-,-
v0060	Unclassified,-,-
v0061	Unclassified,-,-
v0062	Myoviridae,Fusobacteriota,Fusobacterium animalis, Fusobacterium nucleatum
v0063	Unclassified,-,-
v0064	Myoviridae,-,-
v0065	Unclassified,Bacillota_C,Veillonella atypica
v0066	Siphoviridae,Bacillota_C,Anaeroglobus micronuciformis
v0067	Unclassified,Bacteroidota,Prevotella timonensis_A
v0068	Myoviridae,-,-
v0069	Siphoviridae,-,-
v006a	Siphoviridae,-,-
v006b	Siphoviridae,-,-
v006c	Siphoviridae,-,-
v006d	Unclassified,-,-
v006e	Siphoviridae,-,-
v006f	Unclassified,-,-
v0070	Siphoviridae,-,-
v0071	Unclassified,-,-
v0072	Siphoviridae,-,-
v0073	Siphoviridae,-,-
v0074	Siphoviridae,-,-
v0075	Myoviridae,-,-
v0076	Unclassified,-,-
v0077	Siphoviridae,-,-
v0078	Siphoviridae,-,-
v0079	Siphoviridae,-,-
v007a	Unclassified,-,-
v007b	Myoviridae,Bacillota,Aerococcus christensenii
v007c	Unclassified,Bacillota_C,Veillonella parvula_A
v007d	Unclassified,Bacillota,Streptococcus mitis_BF
v007e	Siphoviridae,Bacillota,Streptococcus anginosus_C, Streptococcus oralis_S, Streptococcus unknown
v007f	Siphoviridae,-,-
v0080	Siphoviridae,-,-
v0081	Myoviridae,Bacillota_C,Dialister sp900541485, Veillonella parvula_A
v0082	Siphoviridae,-,-
v0083	Siphoviridae,-,-
v0084	Myoviridae,Pseudomonadota,Haemophilus_D parainfluenzae_N, Haemophilus haemolyticus
v0085	Papillomaviridae,Eukaryote,Eukaryote
v0086	Siphoviridae,Actinomycetota, Bacillota, Bacillota_A,Bifidobacterium leopoldii, Bifidobacterium swidsinskii, Bifidobacterium unknown, Bifidobacterium vaginale, Bifidobacterium vaginale_A, Bifidobacterium vaginale_C, Bifidobacterium vaginale_F, Bifidobacterium vaginale_H, Fannyhessea massiliensis, Fannyhessea vaginae, Lactobacillus iners, UBA629_sp005465875
v0087	Siphoviridae,Actinomycetota, Bacteroidota, Fusobacteriota,Berryella sp001552935, Fannyhessea massiliensis, Fannyhessea unknown, Fannyhessea vaginae, Prevotella amnii, Prevotella timonensis_A, Sneathia vaginalis
v0088	Siphoviridae,Actinomycetota,Berryella sp001552935
v0089	Unclassified,Actinomycetota,Bifidobacterium swidsinskii, Bifidobacterium vaginale
v008a	Papillomaviridae,Eukaryote,Eukaryote
v008b	Siphoviridae,Actinomycetota, Bacteroidota,Bifidobacterium piotii, Bifidobacterium sp003585735, Bifidobacterium swidsinskii, Bifidobacterium unknown, Bifidobacterium vaginale, Bifidobacterium vaginale_A, Bifidobacterium vaginale_B, Bifidobacterium vaginale_C, Bifidobacterium vaginale_D, Bifidobacterium vaginale_F, Bifidobacterium vaginale_H, Prevotella timonensis_A
v008c	Myoviridae,Bacillota_C,Megasphaera lornae
v008d	Myoviridae,Bacillota,Lactobacillus crispatus, Lactobacillus mulieris
v008e	Siphoviridae,Bacillota,Lactobacillus crispatus, Lactobacillus gasseri
v008f	Flandersviridae,-,-
v0090	Rountreeviridae,Bacillota,Lactobacillus crispatus, Lactobacillus jensenii
v0091	Siphoviridae,Bacillota,Lactobacillus crispatus
v0092	Myoviridae,Bacillota,Lactobacillus crispatus
v0093	Siphoviridae,Actinomycetota, Bacteroidota,Bifidobacterium leopoldii, Bifidobacterium piotii, Bifidobacterium sp003585735, Bifidobacterium swidsinskii, Bifidobacterium unknown, Bifidobacterium vaginale, Bifidobacterium vaginale_A, Bifidobacterium vaginale_C, Bifidobacterium vaginale_D, Bifidobacterium vaginale_F, Bifidobacterium vaginale_H, Prevotella timonensis_A
v0094	Unclassified,Actinomycetota,Bifidobacterium piotii, Bifidobacterium swidsinskii, Bifidobacterium unknown, Bifidobacterium vaginale, Bifidobacterium vaginale_A, Bifidobacterium vaginale_C, Bifidobacterium vaginale_F, Bifidobacterium vaginale_H
v0095	Unclassified,Actinomycetota,Atopobium minutum
v0096	Siphoviridae,Bacillota_C,Anaeroglobus vaginalis
v0097	Siphoviridae,Bacillota,Lactobacillus crispatus, Lactobacillus jensenii, Lactobacillus mulieris
v0098	Siphoviridae,Bacillota,Lactobacillus crispatus, Lactobacillus jensenii, Lactobacillus mulieris
v0099	Papillomaviridae,Eukaryote,Eukaryote
v009a	Siphoviridae,Bacillota,Lactobacillus crispatus, Lactobacillus jensenii
v009b	Siphoviridae,Bacillota,Bulleidia unknown
v009c	Unclassified,Actinomycetota,Fannyhessea massiliensis
v009d	Siphoviridae,Bacillota_A,UBA629_sp005465875
v009e	Myoviridae,-,-
v009f	Siphoviridae,Bacillota_A,Stomatobaculum naviforme, Stomatobaculum sp002892395
v00a0	Unclassified,Bacillota, Bacillota_A,Bulleidia unknown, UBA629_sp005465875
v00a1	Siphoviridae,Actinomycetota, Bacillota, Bacillota_A,Bifidobacterium leopoldii, Bifidobacterium piotii, Bifidobacterium swidsinskii, Bifidobacterium unknown, Bifidobacterium vaginale, Bifidobacterium vaginale_A, Bifidobacterium vaginale_C, Bifidobacterium vaginale_F, Bifidobacterium vaginale_H, Fannyhessea massiliensis, Fannyhessea vaginae, Lactobacillus iners, UBA629_sp005465875
v00a2	Siphoviridae,Bacillota,Lactobacillus crispatus
v00a3	Unclassified,-,-
v00a4	Siphoviridae,Bacillota,Lactobacillus crispatus
v00a5	Papillomaviridae,Eukaryote,Eukaryote
v00a6	Papillomaviridae,Eukaryote,Eukaryote
v00a7	Papillomaviridae,Eukaryote,Eukaryote
v00a8	Siphoviridae,-,-
v00a9	Siphoviridae,Bacillota,Enterococcus_B faecium
v00aa	Siphoviridae,Bacillota,Limosilactobacillus portuensis
v00ab	Siphoviridae,Actinomycetota,Bifidobacterium piotii, Bifidobacterium sp003585735, Bifidobacterium unknown, Bifidobacterium vaginale, Bifidobacterium vaginale_A, Bifidobacterium vaginale_D, Bifidobacterium vaginale_F, Bifidobacterium vaginale_H
v00ac	Myoviridae,Bacillota_A,Peptoniphilus_A harei_A, Peptoniphilus_A lacrimalis, Peptoniphilus_A vaginalis
v00ad	Unclassified,Bacillota_C,Dialister sp900541485
v00ae	Siphoviridae,Actinomycetota,Fannyhessea massiliensis, Fannyhessea vaginae
v00af	Unclassified,Actinomycetota, Bacillota_A, Bacillota_C, Bacteroidota,Amygdalobacter indicium, Corynebacterium sp001815985, Dialister micraerophilus, Dialister sp001553355, KA00274_sp902373515, Megasphaera hutchinsoni, Prevotella disiens, UBA629_sp005465875
v00b0	Siphoviridae,Bacillota,Aerococcus christensenii
v00b1	Myoviridae,Bacillota_A,Peptoniphilus_A harei_A, Peptoniphilus_A lacrimalis, Peptoniphilus_A vaginalis
v00b2	Siphoviridae,Actinomycetota,Mobiluncus curtisii, Mobiluncus mulieris, Mobiluncus unknown
v00b3	Siphoviridae,Bacillota_A,Peptostreptococcus anaerobius, Peptostreptococcus sp000758885, Peptostreptococcus stomatis
v00b4	Siphoviridae,Bacillota,Streptococcus anginosus
v00b5	Siphoviridae,Bacillota_A,Peptostreptococcus anaerobius
v00b6	Unclassified,Actinomycetota,Bifidobacterium piotii, Bifidobacterium swidsinskii, Bifidobacterium unknown, Bifidobacterium vaginale, Bifidobacterium vaginale_A, Bifidobacterium vaginale_C, Bifidobacterium vaginale_H
v00b7	Siphoviridae,Bacillota,Lactobacillus crispatus
v00b8	Unclassified,Actinomycetota,Bifidobacterium leopoldii, Bifidobacterium piotii, Bifidobacterium swidsinskii, Bifidobacterium unknown, Bifidobacterium vaginale, Bifidobacterium vaginale_A, Bifidobacterium vaginale_C, Bifidobacterium vaginale_F, Bifidobacterium vaginale_H
v00b9	Unclassified,Bacteroidota,Prevotella timonensis_A, Prevotella unknown
v00ba	Siphoviridae,Bacillota,Lactobacillus crispatus, Lactobacillus ultunensis
v00bb	Siphoviridae,-,-
v00bc	Rountreeviridae,Bacillota,Lactobacillus crispatus, Lactobacillus jensenii
v00bd	Unclassified,Actinomycetota, Bacteroidota,Bifidobacterium leopoldii, Bifidobacterium piotii, Bifidobacterium swidsinskii, Bifidobacterium unknown, Bifidobacterium vaginale, Bifidobacterium vaginale_A, Bifidobacterium vaginale_C, Bifidobacterium vaginale_F, Bifidobacterium vaginale_H, Prevotella timonensis_A
v00be	Siphoviridae,Bacillota,Lactobacillus crispatus, Lactobacillus iners, Lactobacillus mulieris
v00bf	Unclassified,Actinomycetota,Bifidobacterium leopoldii, Bifidobacterium piotii, Bifidobacterium sp003585735, Bifidobacterium swidsinskii, Bifidobacterium unknown, Bifidobacterium vaginale, Bifidobacterium vaginale_A, Bifidobacterium vaginale_B, Bifidobacterium vaginale_C, Bifidobacterium vaginale_D, Bifidobacterium vaginale_F, Bifidobacterium vaginale_H
v00c0	Siphoviridae,Bacillota,Lactobacillus crispatus, Lactobacillus gasseri
v00c1	Siphoviridae,Bacillota,Lactobacillus gasseri, Lactobacillus paragasseri
v00c2	Myoviridae,Bacillota,Lactobacillus crispatus
v00c3	Myoviridae,Bacillota,Lactobacillus crispatus
v00c4	Myoviridae,Bacillota,Lactobacillus crispatus, Lactobacillus mulieris
v00c5	Myoviridae,Bacillota,Lactobacillus crispatus
v00c6	Siphoviridae,Actinomycetota, Bacillota, Bacillota_A,Berryella sp001552935, Bifidobacterium leopoldii, Bifidobacterium piotii, Bifidobacterium swidsinskii, Bifidobacterium unknown, Bifidobacterium vaginale, Bifidobacterium vaginale_A, Bifidobacterium vaginale_C, Bifidobacterium vaginale_F, Bifidobacterium vaginale_H, Fannyhessea massiliensis, Fannyhessea vaginae, Lactobacillus iners, UBA629_sp005465875
v00c7	Unclassified,-,-
v00c8	Rountreeviridae,Bacillota,Lactobacillus crispatus
v00c9	Siphoviridae,Bacillota,Aerococcus christensenii
v00ca	Rountreeviridae,Bacillota,Lactobacillus crispatus
v00cb	Siphoviridae,-,-
v00cc	Rountreeviridae,-,-
v00cd	Siphoviridae,Bacillota,Lactobacillus crispatus
v00ce	Siphoviridae,Actinomycetota, Bacteroidota,Bifidobacterium leopoldii, Bifidobacterium piotii, Bifidobacterium sp003585735, Bifidobacterium swidsinskii, Bifidobacterium unknown, Bifidobacterium vaginale, Bifidobacterium vaginale_A, Bifidobacterium vaginale_B, Bifidobacterium vaginale_C, Bifidobacterium vaginale_D, Bifidobacterium vaginale_F, Bifidobacterium vaginale_H, Nanchangia sp900545825, Prevotella timonensis_A
v00cf	Siphoviridae,Bacillota,Streptococcus anginosus
v00d0	Siphoviridae,Actinomycetota,Bifidobacterium leopoldii, Bifidobacterium swidsinskii, Bifidobacterium unknown, Bifidobacterium vaginale_C
v00d1	Siphoviridae,Bacillota, Bacteroidota,Prevotella bivia, Streptococcus agalactiae, Streptococcus anginosus, Streptococcus anginosus_C, Streptococcus pasteurianus
v00d2	Unclassified,Actinomycetota, Bacteroidota,Bifidobacterium piotii, Bifidobacterium swidsinskii, Bifidobacterium unknown, Bifidobacterium vaginale, Bifidobacterium vaginale_A, Bifidobacterium vaginale_B, Bifidobacterium vaginale_C, Prevotella timonensis_A
v00d3	Unclassified,Actinomycetota,Bifidobacterium leopoldii, Bifidobacterium piotii, Bifidobacterium swidsinskii, Bifidobacterium vaginale, Bifidobacterium vaginale_A, Bifidobacterium vaginale_C, Bifidobacterium vaginale_D, Bifidobacterium vaginale_H
v00d4	Siphoviridae,Actinomycetota, Bacillota, Bacillota_A,Berryella sp001552935, Bifidobacterium piotii, Bifidobacterium swidsinskii, Bifidobacterium unknown, Bifidobacterium vaginale, Bifidobacterium vaginale_A, Bifidobacterium vaginale_C, Bifidobacterium vaginale_F, Bifidobacterium vaginale_H, Fannyhessea vaginae, Lactobacillus iners, UBA629_sp005465875
v00d5	Unclassified,Actinomycetota,Bifidobacterium vaginale_C
v00d6	Siphoviridae,Actinomycetota, Bacillota, Bacillota_A,Berryella sp001552935, Bifidobacterium piotii, Bifidobacterium swidsinskii, Bifidobacterium unknown, Bifidobacterium vaginale, Bifidobacterium vaginale_A, Bifidobacterium vaginale_C, Bifidobacterium vaginale_F, Bifidobacterium vaginale_H, Bulleidia unknown, Fannyhessea massiliensis, Fannyhessea vaginae, Lactobacillus iners, UBA629_sp005465875
v00d7	Siphoviridae,Actinomycetota,Bifidobacterium vaginale
v00d8	Unclassified,Patescibacteria,Nanoperiomorbus sp004136275, Nanoperiomorbus unknown
v00d9	Unclassified,Actinomycetota,Berryella sp001552935, Berryella unknown
v00da	Siphoviridae,Actinomycetota, Bacillota, Bacillota_A, Bacillota_C,Berryella sp001552935, Bifidobacterium piotii, Bifidobacterium swidsinskii, Bifidobacterium unknown, Bifidobacterium vaginale, Bifidobacterium vaginale_A, Bifidobacterium vaginale_C, Bifidobacterium vaginale_H, Fannyhessea massiliensis, Fannyhessea vaginae, Lactobacillus iners, Megasphaera lornae, UBA629_sp005465875
v00db	Unclassified,Actinomycetota,Bifidobacterium breve, Bifidobacterium longum
v00dc	Siphoviridae,Actinomycetota,Fannyhessea unknown
v00dd	Unclassified,Bacillota_C,Megasphaera lornae
v00de	Siphoviridae,Actinomycetota, Bacteroidota, Fusobacteriota,Berryella sp001552935, Fannyhessea massiliensis, Fannyhessea unknown, Fannyhessea vaginae, Prevotella amnii, Prevotella timonensis_A, Sneathia vaginalis
v00df	Siphoviridae,Actinomycetota, Bacteroidota,Berryella sp001552935, Fannyhessea massiliensis, Fannyhessea unknown, Fannyhessea vaginae, Prevotella timonensis_A
v00e0	Unclassified,Actinomycetota, Bacteroidota,Bifidobacterium piotii, Bifidobacterium swidsinskii, Bifidobacterium unknown, Bifidobacterium vaginale, Bifidobacterium vaginale_A, Bifidobacterium vaginale_C, Bifidobacterium vaginale_F, Bifidobacterium vaginale_H, Prevotella timonensis_A
v00e1	Unclassified,Bacillota_C,Megasphaera lornae
v00e2	Unclassified,Bacteroidota,Prevotella colorans, Prevotella sp000479005, Prevotella sp000758925, Prevotella timonensis_A, Prevotella unknown
v00e3	Unclassified,Actinomycetota,Bifidobacterium breve, Bifidobacterium longum
v00e4	Papillomaviridae,Eukaryote,Eukaryote
v00e5	Siphoviridae,Actinomycetota, Bacillota, Bacillota_A,Aerococcus christensenii, Bifidobacterium leopoldii, Bifidobacterium piotii, Bifidobacterium swidsinskii, Bifidobacterium unknown, Bifidobacterium vaginale, Bifidobacterium vaginale_A, Bifidobacterium vaginale_C, Bifidobacterium vaginale_F, Bifidobacterium vaginale_H, Fannyhessea massiliensis, Fannyhessea unknown, Fannyhessea vaginae, Lactobacillus iners, UBA629_sp005465875
v00e6	Siphoviridae,Bacillota,Lactobacillus crispatus, Lactobacillus iners, Lactobacillus jensenii
v00e7	Siphoviridae,-,-
v00e8	Siphoviridae,-,-
v00e9	Siphoviridae,-,-
v00ea	Siphoviridae,Actinomycetota,Lawsonella sp018376445
v00eb	Papillomaviridae,Eukaryote,Eukaryote
v00ec	Unclassified,Bacteroidota,Prevotella amnii, Prevotella sp000758925, Prevotella timonensis_A
v00ed	Unclassified,Bacteroidota,Prevotella bivia
v00ee	Siphoviridae,-,-
v00ef	Unclassified,-,-
v00f0	Myoviridae,Pseudomonadota,Escherichia coli, Klebsiella michiganensis
v00f1	Siphoviridae,Pseudomonadota,Proteus mirabilis
v00f2	Siphoviridae,Bacteroidota,Odoribacter splanchnicus
v00f3	Myoviridae,-,-
v00f4	Papillomaviridae,Eukaryote,Eukaryote
v00f5	Retroviridae,Eukaryote,Eukaryote
v00f6	Siphoviridae,Actinomycetota,Bifidobacterium piotii, Bifidobacterium swidsinskii, Bifidobacterium vaginale, Bifidobacterium vaginale_A, Bifidobacterium vaginale_D, Mobiluncus curtisii, Mobiluncus mulieris, Propionimicrobium lymphophilum, Vaginimicrobium propionicum
v00f7	Siphoviridae,Actinomycetota, Bacteroidota,Berryella sp001552935, Berryella unknown, Fannyhessea vaginae, Prevotella disiens
v00f8	Siphoviridae,Actinomycetota,Berryella sp001552935, Fannyhessea massiliensis, Fannyhessea unknown, Fannyhessea vaginae
v00f9	Unclassified,Actinomycetota,Bifidobacterium piotii, Bifidobacterium swidsinskii, Bifidobacterium unknown, Bifidobacterium vaginale, Bifidobacterium vaginale_A, Bifidobacterium vaginale_C, Bifidobacterium vaginale_F, Bifidobacterium vaginale_H
v00fa	Siphoviridae,Bacillota_A,Anaerococcus murdochii, Anaerococcus tetradius, Anaerococcus unknown
v00fb	Siphoviridae,Actinomycetota,Pauljensenia turicensis
v00fc	Siphoviridae,Actinomycetota,Actinomyces urogenitalis
v00fd	Myoviridae,Bacillota,Lactobacillus gasseri, Lactobacillus iners, Lactobacillus paragasseri
v00fe	Papillomaviridae,Eukaryote,Eukaryote
v00ff	Papillomaviridae,Eukaryote,Eukaryote
v0100	Siphoviridae,Bacillota,Gemella haemolysans_B, Lactobacillus jensenii
v0101	Papillomaviridae,Eukaryote,Eukaryote
v0102	Siphoviridae,Actinomycetota,Bifidobacterium breve
v0103	Unclassified,Bacteroidota,Prevotella timonensis_A, Prevotella unknown
v0104	Papillomaviridae,Eukaryote,Eukaryote
v0105	Papillomaviridae,Eukaryote,Eukaryote
v0106	Autographiviridae,Bacillota_C,Dialister sp001553355, Dialister sp900541485
v0107	Unclassified,Bacillota_C,Dialister sp900541485
v0108	Papillomaviridae,Eukaryote,Eukaryote
v0109	Myoviridae,Fusobacteriota,Sneathia sanguinegens, Sneathia unknown
v010a	Myoviridae,Bacillota,Lactobacillus crispatus, Lactobacillus mulieris
v010b	Unclassified,Bacteroidota,Prevotella amnii, Prevotella disiens, Prevotella sp000479005, Prevotella sp000758925, Prevotella timonensis_A
v010c	Myoviridae,Bacillota_A,Peptoniphilus_C coxii, Peptoniphilus_C unknown
v010d	Podoviridae,Bacillota_A,Finegoldia magna_H, Peptoniphilus_A harei_A
v010e	Siphoviridae,-,-
v010f	Siphoviridae,Bacillota_A,Finegoldia magna_F, Finegoldia magna_H, Finegoldia unknown
v0110	Siphoviridae,Actinomycetota,Corynebacterium riegelii, Corynebacterium tuscaniense
v0111	Siphoviridae,Bacillota_A,Ezakiella massiliensis
v0112	Siphoviridae,Bacillota_A,Peptoniphilus_C coxii, Peptoniphilus_C unknown
v0113	Unclassified,Bacillota_A,Finegoldia magna_H, Finegoldia unknown
v0114	Unclassified,Actinomycetota, Bacteroidota,Berryella sp001552935, Berryella unknown, Fannyhessea vaginae, Prevotella disiens
v0115	Unclassified,Bacteroidota,Prevotella amnii, Prevotella sp000479005, Prevotella sp000758925, Prevotella timonensis_A, Prevotella unknown
v0116	Virgaviridae,Eukaryote,Eukaryote
v0117	Siphoviridae,Actinomycetota,Fannyhessea massiliensis, Fannyhessea unknown, Fannyhessea vaginae
v0118	Inoviridae,Pseudomonadota,Escherichia coli
v0119	Unclassified,Actinomycetota,Bifidobacterium piotii, Bifidobacterium swidsinskii, Bifidobacterium unknown, Bifidobacterium vaginale, Bifidobacterium vaginale_A, Bifidobacterium vaginale_C, Bifidobacterium vaginale_F, Bifidobacterium vaginale_H
v011a	Podoviridae,Actinomycetota,Bifidobacterium breve, Bifidobacterium longum
v011b	Siphoviridae,Actinomycetota, Bacillota_C,Bifidobacterium vaginale, Megasphaera hutchinsoni, Megasphaera lornae
v011c	Unclassified,Actinomycetota,Fannyhessea massiliensis, Fannyhessea unknown, Fannyhessea vaginae
v011d	Unclassified,Bacteroidota,Prevotella sp000758925, Prevotella timonensis_A, Prevotella unknown
v011e	Unclassified,Bacillota, Bacillota_A, Bacillota_C,Aerococcus christensenii, Anaerococcus tetradius, Dialister micraerophilus, Gemella asaccharolytica, Lactobacillus crispatus, Lactobacillus iners, Peptoniphilus_A lacrimalis
v011f	Myoviridae,Pseudomonadota,Haemophilus_D unknown
v0120	Siphoviridae,Actinomycetota,Pseudoglutamicibacter albus
v0121	Siphoviridae,Bacillota,Staphylococcus epidermidis
v0122	Siphoviridae,Actinomycetota, Bacteroidota,Bifidobacterium leopoldii, Bifidobacterium piotii, Bifidobacterium swidsinskii, Bifidobacterium unknown, Bifidobacterium vaginale, Bifidobacterium vaginale_A, Bifidobacterium vaginale_C, Bifidobacterium vaginale_D, Bifidobacterium vaginale_H, Prevotella timonensis_A
v0123	Myoviridae,Bacillota_A,Peptoniphilus_A harei_A, Peptoniphilus_A lacrimalis, Peptoniphilus_A vaginalis, Peptoniphilus_B unknown
v0124	Unclassified,Bacteroidota,Prevotella amnii, Prevotella colorans, Prevotella sp000479005, Prevotella sp000758925, Prevotella timonensis_A, Prevotella unknown
v0125	Siphoviridae,Bacillota_A,Parvimonas sp001552895, Peptoniphilus_A harei_A
v0126	Unclassified,Actinomycetota, Bacteroidota,Bifidobacterium leopoldii, Bifidobacterium piotii, Bifidobacterium swidsinskii, Bifidobacterium unknown, Bifidobacterium vaginale, Bifidobacterium vaginale_A, Bifidobacterium vaginale_C, Bifidobacterium vaginale_D, Bifidobacterium vaginale_F, Bifidobacterium vaginale_H, Prevotella timonensis_A
v0127	Papillomaviridae,Eukaryote,Eukaryote
v0128	Papillomaviridae,Eukaryote,Eukaryote
v0129	Siphoviridae,Bacillota_A, Fusobacteriota,Parvimonas sp001552895, Sneathia sanguinegens, Sneathia vaginalis
v012a	Siphoviridae,Actinomycetota,Mobiluncus curtisii, Mobiluncus mulieris, Mobiluncus unknown
v012b	Unclassified,Bacillota_A,Finegoldia magna_F, Finegoldia magna_H, Finegoldia unknown
v012c	Siphoviridae,-,-
v012d	Siphoviridae,Actinomycetota,Corynebacterium tuscaniense
v012e	Unclassified,-,-
v012f	Unclassified,Bacillota_C, Bacteroidota,Dialister sp001553355, Prevotella unknown
v0130	Unclassified,-,-
v0131	Unclassified,Actinomycetota,Bifidobacterium piotii, Bifidobacterium swidsinskii, Bifidobacterium unknown, Bifidobacterium vaginale, Bifidobacterium vaginale_A, Bifidobacterium vaginale_C, Bifidobacterium vaginale_F, Bifidobacterium vaginale_H
v0132	Siphoviridae,Actinomycetota,Fannyhessea massiliensis, Fannyhessea vaginae
v0133	Papillomaviridae,Eukaryote,Eukaryote
v0134	Papillomaviridae,Eukaryote,Eukaryote
v0135	Unclassified,Actinomycetota,Bifidobacterium leopoldii, Bifidobacterium swidsinskii, Bifidobacterium unknown, Bifidobacterium vaginale, Bifidobacterium vaginale_A, Bifidobacterium vaginale_C, Bifidobacterium vaginale_D, Bifidobacterium vaginale_F, Bifidobacterium vaginale_H
v0136	Siphoviridae,Bacillota_A,Parvimonas sp001552895
v0137	Unclassified,Bacillota_C,Megasphaera lornae
v0138	Myoviridae,Bacillota_A,Peptoniphilus_A grossensis, Peptoniphilus_A harei_A, Peptoniphilus_A lacrimalis, Peptoniphilus_A vaginalis, Peptoniphilus_B unknown
v0139	Unclassified,Actinomycetota,Mobiluncus curtisii, Mobiluncus mulieris
v013a	Siphoviridae,Bacillota,Falseniella ignava
v013b	Siphoviridae,Actinomycetota,Corynebacterium riegelii, Corynebacterium sp001767255
v013c	Rountreeviridae,-,-
v013d	Siphoviridae,Bacillota_A,Levyella massiliensis
v013e	Siphoviridae,Bacillota_A,Peptoniphilus_A lacrimalis
v013f	Siphoviridae,Pseudomonadota,Proteus mirabilis
v0140	Unclassified,Bacteroidota,Prevotella amnii, Prevotella colorans, Prevotella sp000479005, Prevotella sp000758925, Prevotella timonensis_A, Prevotella unknown
v0141	Unclassified,Bacteroidota,Prevotella disiens
v0142	Myoviridae,Bacillota_A, Fusobacteriota,Parvimonas sp001552895, Sneathia sanguinegens, Sneathia unknown, Sneathia vaginalis
v0143	Siphoviridae,Actinomycetota, Bacillota_C,Bifidobacterium vaginale, Megasphaera hutchinsoni, Megasphaera lornae, Veillonella montpellierensis
v0144	Siphoviridae,Bacillota_A,Parvimonas parva, Parvimonas sp001552895
v0145	Siphoviridae,Actinomycetota, Bacillota, Bacillota_A,Amygdalobacter indicium, Bifidobacterium leopoldii, Bifidobacterium swidsinskii, Bifidobacterium vaginale, Bifidobacterium vaginale_A, Bifidobacterium vaginale_C, Fannyhessea massiliensis, Fannyhessea vaginae, Lactobacillus iners, UBA629_sp005465875
v0146	Myoviridae,-,-
v0147	Siphoviridae,Bacillota_A,Parvimonas parva, Parvimonas sp001552895
v0148	Unclassified,Actinomycetota, Bacteroidota,Bifidobacterium piotii, Bifidobacterium swidsinskii, Bifidobacterium unknown, Bifidobacterium vaginale, Bifidobacterium vaginale_A, Bifidobacterium vaginale_B, Bifidobacterium vaginale_C, Bifidobacterium vaginale_D, Bifidobacterium vaginale_F, Bifidobacterium vaginale_H, Prevotella timonensis_A
v0149	Myoviridae,Bacillota,Lactobacillus crispatus, Lactobacillus mulieris
v014a	Myoviridae,Pseudomonadota,Escherichia coli
v014b	Siphoviridae,-,-
v014c	Unclassified,Actinomycetota, Bacteroidota,Bifidobacterium piotii, Bifidobacterium swidsinskii, Bifidobacterium unknown, Bifidobacterium vaginale, Bifidobacterium vaginale_A, Bifidobacterium vaginale_C, Bifidobacterium vaginale_F, Bifidobacterium vaginale_H, Prevotella timonensis_A
v014d	Siphoviridae,Bacillota_C,Dialister micraerophilus
v014e	Podoviridae_crAss-like,Bacteroidota,Cryptobacteroides unknown
v014f	Unclassified,Bacteroidota,Prevotella disiens, Prevotella ihumii
v0150	Papillomaviridae,Eukaryote,Eukaryote
v0151	Unclassified,Bacillota,Lactobacillus crispatus, Lactobacillus gasseri, Limosilactobacillus portuensis
v0152	Siphoviridae,-,-
v0153	Siphoviridae,Bacillota,Lactobacillus crispatus
v0154	Myoviridae,Bacillota,Lactobacillus crispatus
v0155	Siphoviridae,Actinomycetota, Bacillota, Bacillota_A,Bifidobacterium leopoldii, Bifidobacterium piotii, Bifidobacterium swidsinskii, Bifidobacterium unknown, Bifidobacterium vaginale, Bifidobacterium vaginale_A, Bifidobacterium vaginale_C, Bifidobacterium vaginale_D, Bifidobacterium vaginale_F, Bifidobacterium vaginale_H, Fannyhessea massiliensis, Fannyhessea vaginae, Lactobacillus iners, UBA629_sp005465875
v0156	Siphoviridae,Actinomycetota, Bacillota, Bacillota_A,Bifidobacterium leopoldii, Bifidobacterium piotii, Bifidobacterium swidsinskii, Bifidobacterium unknown, Bifidobacterium vaginale, Bifidobacterium vaginale_A, Bifidobacterium vaginale_C, Bifidobacterium vaginale_F, Bifidobacterium vaginale_H, Fannyhessea massiliensis, Fannyhessea vaginae, Lactobacillus iners, UBA629_sp005465875
v0157	Unclassified,Actinomycetota, Bacteroidota,Berryella sp001552935, Berryella unknown, Fannyhessea massiliensis, Fannyhessea unknown, Fannyhessea vaginae, Prevotella timonensis_A
v0158	Siphoviridae,Actinomycetota,Bifidobacterium dentium
v0159	Siphoviridae,Bacillota,Lactobacillus crispatus, Lactobacillus iners, Lactobacillus jensenii
v015a	Siphoviridae,Bacillota,Lactobacillus crispatus, Limosilactobacillus portuensis
v015b	Siphoviridae,Bacillota,Limosilactobacillus vaginalis
v015c	Siphoviridae,Bacillota,Limosilactobacillus portuensis
v015d	Siphoviridae,Pseudomonadota,Klebsiella pneumoniae, Klebsiella quasipneumoniae
v015e	Siphoviridae,Pseudomonadota,Klebsiella pneumoniae, Klebsiella quasipneumoniae
v015f	Siphoviridae,-,-
v0160	Siphoviridae,Actinomycetota,Corynebacterium phoceense
v0161	Siphoviridae,Actinomycetota,Actinotignum sanguinis, Actinotignum schaalii_A
v0162	Siphoviridae,Bacillota_A,Peptoniphilus_A lacrimalis, Peptoniphilus_B duerdenii, Peptoniphilus_B unknown
v0163	Siphoviridae,Bacillota_C,Megasphaera lornae
v0164	Siphoviridae,Actinomycetota,Varibaculum massiliense, Varibaculum unknown, Varibaculum vaginae
v0165	Siphoviridae,-,-
v0166	Siphoviridae,Actinomycetota,Varibaculum massiliense, Varibaculum unknown, Varibaculum vaginae
v0167	Siphoviridae,Actinomycetota,Corynebacterium minutissimum_A
v0168	Siphoviridae,Actinomycetota,Brevibacterium luteolum
v0169	Unclassified,Actinomycetota,Fannyhessea vaginae
v016a	Siphoviridae,-,-
v016b	Siphoviridae,Bacillota_A,Fenollaria massiliensis, Fenollaria unknown
v016c	Siphoviridae,-,-
v016d	Siphoviridae,Actinomycetota,Corynebacterium sp001831515
v016e	Siphoviridae,Bacillota,Bulleidia unknown, Gemella asaccharolytica
v016f	Siphoviridae,Actinomycetota,Bifidobacterium swidsinskii, Bifidobacterium vaginale
v0170	Siphoviridae,Actinomycetota,Arcanobacterium_A sp000758825
v0171	Unclassified,Actinomycetota,Berryella sp001552935
v0172	Siphoviridae,Actinomycetota, Bacteroidota,Berryella sp001552935, Fannyhessea massiliensis, Fannyhessea unknown, Fannyhessea vaginae, Prevotella timonensis_A
v0173	Siphoviridae,Bacillota_A, Fusobacteriota,Parvimonas sp001552895, Sneathia sanguinegens, Sneathia unknown, Sneathia vaginalis
v0174	Siphoviridae,Actinomycetota, Bacillota_C,Bifidobacterium vaginale, Megasphaera hutchinsoni, Megasphaera lornae
v0175	Unclassified,Actinomycetota, Bacillota_C, Bacteroidota,Berryella sp001552935, Fannyhessea massiliensis, Fannyhessea unknown, Fannyhessea vaginae, Megasphaera hutchinsoni, Prevotella amnii, Prevotella timonensis_A
v0176	Unclassified,Bacteroidota,Sodaliphilus unknown
v0177	Siphoviridae,Actinomycetota, Bacillota, Bacillota_A, Bacillota_C,Berryella sp001552935, Bifidobacterium leopoldii, Bifidobacterium swidsinskii, Bifidobacterium unknown, Bifidobacterium vaginale, Bifidobacterium vaginale_A, Bifidobacterium vaginale_C, Bifidobacterium vaginale_H, Fannyhessea massiliensis, Fannyhessea vaginae, Lactobacillus iners, Megasphaera lornae, UBA629_sp005465875
v0178	Unclassified,Actinomycetota, Bacteroidota,Bifidobacterium leopoldii, Bifidobacterium piotii, Bifidobacterium sp003585735, Bifidobacterium swidsinskii, Bifidobacterium unknown, Bifidobacterium vaginale, Bifidobacterium vaginale_A, Bifidobacterium vaginale_B, Bifidobacterium vaginale_C, Bifidobacterium vaginale_D, Bifidobacterium vaginale_F, Bifidobacterium vaginale_H, Prevotella timonensis_A
v0179	Siphoviridae,Actinomycetota,Fannyhessea massiliensis
v017a	Unclassified,Bacteroidota,Cryptobacteroides unknown
v017b	Unclassified,Bacillota_C,Dialister micraerophilus
v017c	Unclassified,Bacteroidota,Porphyromonas sp001552775
v017d	Siphoviridae,Bacillota_A,Stomatobaculum naviforme
v017e	Siphoviridae,-,-
v017f	Siphoviridae,Bacillota_A, Bacillota_C,Amygdalobacter indicium, Dialister micraerophilus, Dialister sp001553355, KA00274_sp902373515, Megasphaera hutchinsoni, UBA629_sp005465875
v0180	Unclassified,Bacteroidota,Porphyromonas sp900548415, Porphyromonas uenonis, Porphyromonas uenonis_A, Porphyromonas unknown
v0181	Myoviridae,Bacillota_A,Eubacterium_I unknown, Lachnospira sp900551945, Stomatobaculum sp002892395
v0182	Unclassified,Actinomycetota, Bacteroidota, Fusobacteriota,Berryella sp001552935, Fannyhessea massiliensis, Fannyhessea unknown, Fannyhessea vaginae, Prevotella amnii, Prevotella timonensis_A, Sneathia vaginalis
v0183	Siphoviridae,Actinomycetota,Bifidobacterium piotii, Bifidobacterium swidsinskii, Bifidobacterium unknown, Bifidobacterium vaginale, Bifidobacterium vaginale_A, Bifidobacterium vaginale_C, Bifidobacterium vaginale_D, Bifidobacterium vaginale_F, Bifidobacterium vaginale_H
v0184	Unclassified,Actinomycetota, Bacillota_C,Bifidobacterium vaginale, Megasphaera hutchinsoni, Megasphaera lornae
v0185	Unclassified,Bacteroidota,Prevotella timonensis_A
v0186	Unclassified,Bacillota_C,Dialister sp001553355
v0187	Siphoviridae,Actinomycetota,Arcanobacterium_A sp000758825, Arcanobacterium_A unknown
v0188	Siphoviridae,Actinomycetota,Arcanobacterium_A unknown
v0189	Siphoviridae,-,-
v018a	Siphoviridae,Actinomycetota,Pauljensenia radingae_A
v018b	Siphoviridae,Actinomycetota,Berryella sp900604965
v018c	Siphoviridae,Bacillota_A,Finegoldia magna_F, Finegoldia unknown
v018d	Siphoviridae,-,-
v018e	Unclassified,Bacillota,Streptococcus unknown
v018f	Siphoviridae,Bacillota,Streptococcus sp020089495, Streptococcus unknown
v0190	Unclassified,Actinomycetota,Corynebacterium aurimucosum_E, Corynebacterium aurimucosum_F, Corynebacterium tuberculostearicum
v0191	Siphoviridae,Actinomycetota,Winkia sp002849225
v0192	Papillomaviridae,Eukaryote,Eukaryote
v0193	Siphoviridae,Bacillota_A,Anaerococcus sp943912825
v0194	Myoviridae,Bacillota_A,Peptostreptococcus anaerobius, Peptostreptococcus stomatis
v0195	Siphoviridae,Actinomycetota,Bifidobacterium vaginale
v0196	Unclassified,-,-
v0197	Myoviridae,Synergistota,Pyramidobacter unknown
v0198	Unclassified,-,-
v0199	Siphoviridae,Actinomycetota,Atopobium deltae
v019a	Myoviridae,Bacillota_A,Peptoniphilus_A grossensis, Peptoniphilus_A harei_A, Peptoniphilus_A lacrimalis, Peptoniphilus_A vaginalis, Peptoniphilus_B unknown
v019b	Siphoviridae,Bacillota_A,Peptoniphilus_C coxii, Peptoniphilus_C rachelemmaiella
v019c	Siphoviridae,Actinomycetota,Bifidobacterium piotii, Bifidobacterium unknown, Bifidobacterium vaginale, Bifidobacterium vaginale_A, Bifidobacterium vaginale_C, Bifidobacterium vaginale_D, Bifidobacterium vaginale_H
v019d	Siphoviridae,Actinomycetota,Lawsonella sp018376445
v019e	Siphoviridae,Actinomycetota,Pseudoglutamicibacter albus
v019f	Siphoviridae,Actinomycetota,Corynebacterium riegelii, Corynebacterium sp001767255
v01a0	Siphoviridae,Actinomycetota,Corynebacterium riegelii, Corynebacterium unknown
v01a1	Myoviridae,Bacillota_A, Bacillota_C,Anaerococcus lactolyticus, Anaerococcus murdochii, Anaerococcus vaginalis_B, Ezakiella coagulans, Ezakiella unknown, Fenollaria massiliensis, Fenollaria unknown, Megasphaera lornae, Parvimonas parva, Parvimonas sp001552895, Peptoniphilus_A harei_A, Peptoniphilus_A lacrimalis, Peptoniphilus_A vaginalis, Peptoniphilus_B unknown
v01a2	Siphoviridae,Bacillota,Lactobacillus jensenii, Lactobacillus mulieris
v01a3	Siphoviridae,Actinomycetota,Berryella sp001552935, Berryella unknown, Fannyhessea vaginae
v01a4	Podoviridae,Actinomycetota,Fannyhessea vaginae
v01a5	Siphoviridae,Actinomycetota,Corynebacterium aurimucosum_F, Corynebacterium tuscaniense, Corynebacterium unknown
v01a6	Unclassified,-,-
v01a7	Siphoviridae,-,-
v01a8	Siphoviridae,Bacillota,Lactobacillus iners, Lactobacillus jensenii
v01a9	Siphoviridae,Bacillota,Limosilactobacillus portuensis
v01aa	Myoviridae,Bacillota,Lactobacillus crispatus, Lactobacillus jensenii
v01ab	Siphoviridae,Bacillota,Lacticaseibacillus rhamnosus
v01ac	Siphoviridae,Actinomycetota,Corynebacterium riegelii
v01ad	Siphoviridae,Actinomycetota,Corynebacterium aurimucosum_F
v01ae	Siphoviridae,-,-
v01af	Myoviridae,Bacillota,Lactobacillus gasseri, Lactobacillus paragasseri
v01b0	Siphoviridae,-,-
v01b1	Siphoviridae,Bacillota,Streptococcus anginosus
v01b2	Unclassified,Actinomycetota,Bifidobacterium breve, Bifidobacterium longum
v01b3	Siphoviridae,Actinomycetota,Actinobaculum massiliense, Corynebacterium amycolatum_A, Corynebacterium jeikeium, Winkia neuii
v01b4	Siphoviridae,Actinomycetota,Corynebacterium tuscaniense
v01b5	Siphoviridae,Actinomycetota,Corynebacterium amycolatum_A
v01b6	Siphoviridae,Actinomycetota,Corynebacterium aurimucosum_F
v01b7	Siphoviridae,Actinomycetota,Corynebacterium jeikeium, Corynebacterium sp022347285
v01b8	Siphoviridae,Actinomycetota,Arachnia unknown
v01b9	Siphoviridae,Actinomycetota,Brevibacterium sp001815905
v01ba	Siphoviridae,Actinomycetota,Corynebacterium sp001831515, Corynebacterium unknown
v01bb	Siphoviridae,Actinomycetota,Pseudoglutamicibacter albus
v01bc	Siphoviridae,Bacillota,Lactobacillus crispatus, Lactobacillus iners, Lactobacillus jensenii, Lactobacillus mulieris
v01bd	Siphoviridae,Bacillota,Lactobacillus crispatus, Lactobacillus iners, Lactobacillus jensenii, Lactobacillus mulieris
v01be	Unclassified,-,-
v01bf	Siphoviridae,Actinomycetota,Corynebacterium amycolatum_A
v01c0	Siphoviridae,Actinomycetota,Fannyhessea massiliensis, Fannyhessea unknown, Fannyhessea vaginae
v01c1	Siphoviridae,Bacillota_A,Parvimonas sp001552895
v01c2	Unclassified,-,-
v01c3	Siphoviridae,Actinomycetota,Corynebacterium riegelii, Corynebacterium sp001767255
v01c4	Unclassified,Actinomycetota, Bacteroidota,Bifidobacterium piotii, Bifidobacterium swidsinskii, Bifidobacterium unknown, Bifidobacterium vaginale, Bifidobacterium vaginale_A, Bifidobacterium vaginale_C, Bifidobacterium vaginale_F, Bifidobacterium vaginale_H, Prevotella timonensis_A
v01c5	Myoviridae,Bacillota_C,Dialister micraerophilus, Dialister sp001553355, Dialister sp900541485
v01c6	Siphoviridae,Actinomycetota,Lawsonella clevelandensis, Lawsonella sp018376445
v01c7	Siphoviridae,Bacteroidota,Prevotella bivia, Prevotella sp000479005, Prevotella sp000758925, Prevotella timonensis_A
v01c8	Siphoviridae,Bacillota,Aerococcus christensenii
v01c9	Siphoviridae,Bacillota_A, Fusobacteriota,Parvimonas sp001552895, Sneathia sanguinegens, Sneathia unknown, Sneathia vaginalis
v01ca	Siphoviridae,Bacillota_A,Parvimonas parva, Parvimonas sp001552895
v01cb	Siphoviridae,Bacillota_A,Parvimonas parva, Parvimonas sp001552895
v01cc	Siphoviridae,Bacillota_A, Fusobacteriota,Parvimonas sp001552895, Sneathia sanguinegens, Sneathia unknown, Sneathia vaginalis
v01cd	Siphoviridae,Bacillota_A, Bacillota_C,Dialister sp001553355, UBA629_sp005465875
v01ce	Siphoviridae,Bacillota,Limosilactobacillus coleohominis_A
v01cf	Unclassified,Actinomycetota, Bacillota_A, Bacillota_C,Amygdalobacter indicium, Corynebacterium sp001815985, Dialister micraerophilus, Dialister sp001553355, KA00274_sp902373515, Megasphaera hutchinsoni
v01d0	Unclassified,Patescibacteria,Nanoperiomorbus sp004136275, Nanoperiomorbus unknown
v01d1	Unclassified,Actinomycetota,Bifidobacterium leopoldii, Bifidobacterium piotii, Bifidobacterium swidsinskii, Bifidobacterium unknown, Bifidobacterium vaginale, Bifidobacterium vaginale_C, Bifidobacterium vaginale_D, Bifidobacterium vaginale_F, Bifidobacterium vaginale_H
v01d2	Siphoviridae,-,-
v01d3	Siphoviridae,Bacillota, Bacillota_A,Anaerococcus tetradius, Catonella unknown, Gemella asaccharolytica, Peptoniphilus_A lacrimalis, Peptoniphilus_A vaginalis, Streptococcus agalactiae, Streptococcus anginosus, UBA629_sp005465875
v01d4	Siphoviridae,Bacillota_A,Peptoniphilus_A harei_A, Peptoniphilus_A lacrimalis, Peptoniphilus_A vaginalis
v01d5	Siphoviridae,-,-
v01d6	Unclassified,-,-
v01d7	Siphoviridae,Actinomycetota,Pseudoglutamicibacter albus
v01d8	Siphoviridae,-,-
v01d9	Siphoviridae,Actinomycetota,Lawsonella sp018376445
v01da	Siphoviridae,Bacillota,Lactobacillus crispatus, Limosilactobacillus portuensis
v01db	Unclassified,Actinomycetota,Berryella sp001552935
v01dc	Siphoviridae,Actinomycetota,Alloscardovia omnicolens
v01dd	Siphoviridae,Bacillota,Granulicatella unknown
v01de	Myoviridae,Bacillota_C,Veillonella montpellierensis, Veillonella parvula_A
v01df	Papillomaviridae,Eukaryote,Eukaryote
v01e0	Unclassified,Bacteroidota,Prevotella sp000758925, Prevotella unknown
v01e1	Siphoviridae,Actinomycetota,Corynebacterium aurimucosum_F
v01e2	Siphoviridae,-,-
v01e3	Unclassified,-,-
v01e4	Siphoviridae,Actinomycetota,Corynebacterium sp900539985
v01e5	Siphoviridae,Bacillota,Lactobacillus crispatus, Lactobacillus iners, Lactobacillus jensenii
v01e6	Unclassified,Bacteroidota,Prevotella timonensis_A
v01e7	Unclassified,Bacteroidota,Prevotella colorans, Prevotella sp000479005, Prevotella sp000758925, Prevotella timonensis_A, Prevotella unknown
v01e8	Siphoviridae,Actinomycetota,Actinotignum sanguinis, Actinotignum schaalii_A
v01e9	Siphoviridae,Actinomycetota,Actinotignum sanguinis, Actinotignum schaalii_A
v01ea	Siphoviridae,Actinomycetota,Varibaculum massiliense, Varibaculum unknown
v01eb	Siphoviridae,Bacillota_C,CAMCNU01_unknown
v01ec	Unclassified,-,-
v01ed	Siphoviridae,Bacillota,Lactobacillus crispatus
v01ee	Siphoviridae,Bacillota_A, Bacillota_C,Dialister sp001553355, Finegoldia magna_H, UBA629_sp005465875
v01ef	Unclassified,Bacillota_A,Anaerococcus murdochii, Anaerococcus tetradius, Anaerococcus vaginalis_B
v01f0	Unclassified,Bacteroidota,Porphyromonas asaccharolytica, Porphyromonas uenonis, Porphyromonas uenonis_A
v01f1	Unclassified,Bacteroidota,Prevotella timonensis_A
v01f2	Unclassified,Actinomycetota,Olegusella massiliensis, Olegusella unknown
v01f3	Siphoviridae,Bacillota_A,Anaerococcus lactolyticus, Anaerococcus senegalensis, Anaerococcus tetradius, Anaerococcus unknown, Finegoldia magna_H
v01f4	Siphoviridae,Bacillota_A,Anaerococcus senegalensis, Anaerococcus tetradius, Anaerococcus unknown
v01f5	Unclassified,-,-
v01f6	Siphoviridae,-,-
v01f7	Siphoviridae,Actinomycetota,Corynebacterium coyleae, Corynebacterium sp001831515
v01f8	Siphoviridae,Actinomycetota,Brevibacterium sp001815905
v01f9	Siphoviridae,Actinomycetota,Corynebacterium aurimucosum_F, Corynebacterium phoceense
v01fa	Siphoviridae,Actinomycetota,Corynebacterium tuscaniense, Corynebacterium unknown
v01fb	Siphoviridae,-,-
v01fc	Siphoviridae,-,-
v01fd	Siphoviridae,Synergistota,Jonquetella anthropi, Pyramidobacter unknown
v01fe	Siphoviridae,Bacteroidota,Porphyromonas_A somerae, Porphyromonas_A sp900554935
v01ff	Unclassified,Bacteroidota,Porphyromonas_A sp001808555, Porphyromonas_A unknown, Prevotella amnii
v0200	Unclassified,Bacteroidota,Porphyromonas asaccharolytica, Porphyromonas sp001552775, Porphyromonas uenonis_A, Porphyromonas unknown, Prevotella timonensis_A, Prevotella unknown
v0201	Siphoviridae,Actinomycetota, Bacteroidota,Corynebacterium tuscaniense, Corynebacterium unknown, Prevotella unknown
v0202	Unclassified,Actinomycetota,Berryella unknown, Fannyhessea massiliensis, Fannyhessea unknown, Fannyhessea vaginae
v0203	Siphoviridae,Bacillota,Lactobacillus crispatus, Lactobacillus gasseri, Lactobacillus iners, Lactobacillus jensenii
v0204	Siphoviridae,Actinomycetota,Berryella sp001552935, Berryella unknown
v0205	Siphoviridae,Bacillota,Staphylococcus aureus
v0206	Siphoviridae,-,-
v0207	Siphoviridae,Bacillota_A,UBA629_sp005465875
v0208	Unclassified,Bacillota_A,Peptoniphilus_A harei_A, Peptoniphilus_A lacrimalis, Peptoniphilus_A vaginalis, Peptoniphilus_B duerdenii
v0209	Siphoviridae,Bacillota,Streptococcus anginosus, Streptococcus anginosus_C
v020a	Myoviridae,Bacillota_A,Finegoldia magna_F, Finegoldia magna_H, Finegoldia unknown
v020b	Siphoviridae,Actinomycetota,Bifidobacterium vaginale_H
v020c	Siphoviridae,Bacillota_A,Peptoniphilus_A harei_A
v020d	Siphoviridae,Bacillota_A,Finegoldia magna_F, Finegoldia magna_H, Finegoldia unknown
v020e	Siphoviridae,-,-
v020f	Siphoviridae,Bacillota_A,Peptoniphilus_A harei_A, Peptoniphilus_A lacrimalis, Peptoniphilus_A vaginalis
v0210	Siphoviridae,-,-
v0211	Siphoviridae,Actinomycetota,Berryella unknown, Fannyhessea massiliensis, Fannyhessea unknown, Fannyhessea vaginae
v0212	Unclassified,Actinomycetota, Bacteroidota,Bifidobacterium leopoldii, Bifidobacterium piotii, Bifidobacterium swidsinskii, Bifidobacterium unknown, Bifidobacterium vaginale, Bifidobacterium vaginale_A, Bifidobacterium vaginale_C, Bifidobacterium vaginale_D, Bifidobacterium vaginale_F, Bifidobacterium vaginale_H, Prevotella timonensis_A
v0213	Myoviridae,-,-
v0214	Siphoviridae,Bacillota,Lactobacillus crispatus, Limosilactobacillus vaginalis
v0215	Unclassified,Bacteroidota,Prevotella amnii, Prevotella sp000479005, Prevotella sp000758925, Prevotella timonensis_A, Prevotella unknown
v0216	Myoviridae,-,-
v0217	Myoviridae,-,-
v0218	Unclassified,Bacillota_C,Megasphaera lornae
v0219	Siphoviridae,Actinomycetota, Bacteroidota,Berryella sp001552935, Fannyhessea massiliensis, Fannyhessea unknown, Fannyhessea vaginae, Prevotella timonensis_A
v021a	Siphoviridae,Bacillota_A,Peptoniphilus_C coxii
v021b	Myoviridae,Bacillota_A,Peptoniphilus_C coxii, Peptoniphilus_C unknown
v021c	Myoviridae,Bacillota_C,Dialister micraerophilus, Dialister sp001553355
v021d	Unclassified,Bacteroidota,Porphyromonas asaccharolytica, Porphyromonas uenonis, Porphyromonas uenonis_A, Porphyromonas unknown
v021e	Myoviridae,Bacillota_A,Anaerococcus degeneri, Anaerococcus lactolyticus, Anaerococcus murdochii, Anaerococcus tetradius, Anaerococcus unknown, Fenollaria massiliensis, Fenollaria unknown, Peptoniphilus_A harei_A, Peptoniphilus_A lacrimalis, Peptoniphilus_A vaginalis, Peptoniphilus_B duerdenii
v021f	Siphoviridae,Bacillota_A,Levyella massiliensis
v0220	Unclassified,Bacteroidota,Porphyromonas asaccharolytica, Porphyromonas uenonis, Porphyromonas uenonis_A, Porphyromonas unknown
v0221	Unclassified,Actinomycetota, Bacillota_A, Bacillota_C,Amygdalobacter indicium, Corynebacterium sp001815985, Dialister micraerophilus, Dialister sp001553355, KA00274_sp902373515, Megasphaera hutchinsoni, UBA629_sp005465875
v0222	Myoviridae,Bacillota_A,Lachnospira sp000436535, Lachnospira sp000437735
v0223	Unclassified,Bacteroidota,Porphyromonas uenonis_A, Porphyromonas unknown
v0224	Unclassified,Bacteroidota,Prevotella timonensis_A, Prevotella unknown
v0225	Myoviridae,Bacillota_A,Peptoniphilus_A harei_A, Peptoniphilus_A lacrimalis, Peptoniphilus_A unknown, Peptoniphilus_A vaginalis
v0226	Unclassified,Bacteroidota,Prevotella bivia, Prevotella sp000479005, Prevotella timonensis_A, Prevotella unknown
v0227	Myoviridae,Bacillota_C,Veillonella montpellierensis
v0228	Papillomaviridae,Eukaryote,Eukaryote
v0229	Siphoviridae,Bacillota_C,Veillonella montpellierensis
v022a	Myoviridae,Bacillota_C,Dialister micraerophilus
v022b	Unclassified,Bacteroidota,Prevotella amnii, Prevotella sp000479005, Prevotella sp000758925, Prevotella timonensis_A, Sodaliphilus unknown
v022c	Siphoviridae,Bacillota_C,Megasphaera hutchinsoni, Megasphaera lornae
v022d	Siphoviridae,Actinomycetota,Corynebacterium tuscaniense
v022e	Siphoviridae,Actinomycetota,Corynebacterium aurimucosum_F, Corynebacterium sp900539985
v022f	Siphoviridae,Bacillota_A, Fusobacteriota,Parvimonas sp001552895, Sneathia sanguinegens, Sneathia unknown, Sneathia vaginalis
v0230	Siphoviridae,Actinomycetota,Berryella sp001552935, Berryella unknown, Fannyhessea massiliensis, Fannyhessea unknown, Fannyhessea vaginae
v0231	Siphoviridae,Bacillota, Bacillota_A,Anaerococcus tetradius, Catonella unknown, Gemella asaccharolytica, Peptoniphilus_A lacrimalis, Peptoniphilus_A vaginalis, Streptococcus agalactiae, UBA629_sp005465875
v0232	Unclassified,-,-
v0233	Siphoviridae,Bacillota_A,Murdochiella vaginalis
v0234	Siphoviridae,Bacillota_A,Peptostreptococcus anaerobius
v0235	Unclassified,Actinomycetota,Bifidobacterium leopoldii, Bifidobacterium piotii, Bifidobacterium sp003585735, Bifidobacterium swidsinskii, Bifidobacterium unknown, Bifidobacterium vaginale, Bifidobacterium vaginale_A, Bifidobacterium vaginale_C, Bifidobacterium vaginale_D, Bifidobacterium vaginale_F, Bifidobacterium vaginale_H, Nanchangia sp900545825
v0236	Siphoviridae,-,-
v0237	Unclassified,Bacillota,Streptococcus anginosus, Streptococcus constellatus
v0238	Siphoviridae,Actinomycetota,Olsenella_I unknown
v0239	Siphoviridae,Bacillota_A,Fenollaria massiliensis, Fenollaria sp900539725
v023a	Siphoviridae,-,-
v023b	Siphoviridae,Actinomycetota,Corynebacterium aurimucosum_F
v023c	Siphoviridae,Bacillota,Lactobacillus gasseri, Lactobacillus johnsonii, Lactobacillus paragasseri, Lactobacillus sp910589175
v023d	Unclassified,Bacteroidota,Prevotella sp900548585
v023e	Unclassified,Bacillota_C,Dialister sp001553355, Dialister sp900541485
v023f	Unclassified,Bacteroidota,Prevotella sp900548585
v0240	Siphoviridae,Bacillota_A,Anaerococcus prevotii, Anaerococcus tetradius
v0241	Quimbyviridae,Bacteroidota,Prevotella bivia, Prevotella disiens, Prevotella unknown
v0242	Siphoviridae,Synergistota,Jonquetella anthropi
v0243	Siphoviridae,Actinomycetota,Corynebacterium unknown
v0244	Siphoviridae,-,-
v0245	Podoviridae_crAss-like,Bacteroidota,Prevotella timonensis_A, Prevotella unknown
v0246	Unclassified,Bacteroidota,Prevotella sp000479005, Prevotella timonensis_A
v0247	Unclassified,Actinomycetota,Varibaculum cambriense_B, Varibaculum unknown
v0248	Myoviridae,-,-
v0249	Autographiviridae,Bacillota_C,Dialister sp001553355, Dialister sp900541485
v024a	Podoviridae,Bacillota_C,Dialister sp001553355, Dialister sp900541485
v024b	Unclassified,Bacteroidota,Prevotella amnii, Prevotella bivia, Prevotella timonensis_A
v024c	Siphoviridae,Bacillota_A,S5-A14a sp000758905
v024d	Siphoviridae,Bacillota_A,Stomatobaculum naviforme
v024e	Unclassified,Bacteroidota,Sodaliphilus unknown
v024f	Siphoviridae,-,-
v0250	Siphoviridae,Bacillota_C,Veillonella montpellierensis
v0251	Siphoviridae,-,-
v0252	Siphoviridae,Bacillota_C,Dialister sp900541485
v0253	Siphoviridae,Actinomycetota,Corynebacterium tuscaniense
v0254	Siphoviridae,-,-
v0255	Siphoviridae,Actinomycetota,Corynebacterium amycolatum_A
v0256	Siphoviridae,Actinomycetota,Corynebacterium amycolatum_A, Trueperella pyogenes
v0257	Siphoviridae,Actinomycetota,Corynebacterium jeikeium, Corynebacterium sp022347285
v0258	Siphoviridae,-,-
v0259	Siphoviridae,Bacillota_A,Finegoldia magna_F, Finegoldia magna_H, Finegoldia unknown
v025a	Siphoviridae,Bacillota_A,Anaerococcus senegalensis, Anaerococcus tetradius
v025b	Siphoviridae,Bacillota_A,Anaerococcus hydrogenalis, Anaerococcus senegalensis, Anaerococcus vaginalis_B
v025c	Siphoviridae,Actinomycetota,Corynebacterium tuscaniense
v025d	Siphoviridae,Actinomycetota,Bifidobacterium piotii, Bifidobacterium swidsinskii, Bifidobacterium vaginale, Bifidobacterium vaginale_A, Bifidobacterium vaginale_C, Bifidobacterium vaginale_D, Corynebacterium pyruviciproducens, Mobiluncus curtisii, Mobiluncus mulieris, Vaginimicrobium propionicum, Varibaculum cambriense, Varibaculum massiliense, Varibaculum vaginae, Winkia sp002849225
v025e	Siphoviridae,Bacillota,Lactobacillus crispatus, Limosilactobacillus vaginalis
v025f	Siphoviridae,Bacillota_A,Anaerococcus tetradius, Finegoldia magna_H
v0260	Siphoviridae,Actinomycetota,Corynebacterium glucuronolyticum, Corynebacterium pyruviciproducens
v0261	Siphoviridae,-,-
v0262	Papillomaviridae,Eukaryote,Eukaryote
v0263	Papillomaviridae,Eukaryote,Eukaryote
v0264	Siphoviridae,Bacillota_A,JAAYOA01_unknown
v0265	Unclassified,Actinomycetota,Mobiluncus curtisii, Mobiluncus mulieris
v0266	Autographiviridae,Bacillota_C,Dialister sp001553355
v0267	Siphoviridae,-,-
v0268	Siphoviridae,-,-
v0269	Unclassified,Bacteroidota,Porphyromonas_A somerae, Porphyromonas_A sp900554935, Porphyromonas uenonis, Prevotella amnii
v026a	Myoviridae,Bacillota_A,Peptoniphilus_C rachelemmaiella
v026b	Siphoviridae,Bacillota_A,Baileyella unknown
v026c	Siphoviridae,Bacillota_A,Peptoniphilus_A harei_A, Peptoniphilus_A vaginalis
v026d	Myoviridae,-,-
v026e	Podoviridae,Bacillota_A,Ezakiella coagulans
v026f	Siphoviridae,-,-
v0270	Unclassified,Bacteroidota,Porphyromonas asaccharolytica, Porphyromonas uenonis, Porphyromonas uenonis_A, Porphyromonas unknown
v0271	Podoviridae,-,-
v0272	Siphoviridae,Actinomycetota,Varibaculum massiliense, Varibaculum vaginae
v0273	Siphoviridae,Actinomycetota,Corynebacterium jeikeium
v0274	Siphoviridae,Actinomycetota,Arachnia timonensis, Arachnia unknown
v0275	Unclassified,-,-
v0276	Siphoviridae,Bacillota_A,JAAYOA01_unknown
v0277	Unclassified,Bacillota_C,Dialister sp001553355
v0278	Siphoviridae,Bacillota_A,Khoudiadiopia unknown
v0279	Unclassified,-,-
v027a	Siphoviridae,Actinomycetota,Berryella sp001552935, Berryella unknown, Fannyhessea vaginae
v027b	Myoviridae,Bacillota_A,Peptostreptococcus anaerobius, Peptostreptococcus stomatis
v027c	Unclassified,-,-
v027d	Unclassified,-,-
v027e	Siphoviridae,Actinomycetota, Bacillota_A, Bacteroidota,Corynebacterium aurimucosum_F, Corynebacterium simulans, Corynebacterium striatum, Finegoldia magna_H, Prevotella timonensis_A, Prevotella unknown
v027f	Siphoviridae,Actinomycetota,Corynebacterium aurimucosum_E, Corynebacterium striatum
v0280	Rountreeviridae,-,-
v0281	Siphoviridae,-,-
v0282	Siphoviridae,Actinomycetota,Corynebacterium simulans, Corynebacterium striatum
v0283	Siphoviridae,Actinomycetota,Corynebacterium striatum
v0284	Siphoviridae,-,-
v0285	Siphoviridae,-,-
v0286	Unclassified,Bacteroidota,Prevotella sp000479005, Prevotella timonensis_A, Prevotella unknown
v0287	Siphoviridae,Actinomycetota,Corynebacterium aurimucosum_F
v0288	Siphoviridae,Bacillota_A,Parvimonas sp001552895
v0289	Retroviridae,Eukaryote,Eukaryote
v028a	Siphoviridae,-,-
v028b	Siphoviridae,-,-
v028c	Siphoviridae,Actinomycetota,Corynebacterium sp001831515
v028d	Siphoviridae,-,-
v028e	Unclassified,-,-
v028f	Siphoviridae,Actinomycetota,Pseudoglutamicibacter albus
v0290	Siphoviridae,Actinomycetota,Berryella sp001552935, Berryella unknown, Fannyhessea vaginae
v0291	Siphoviridae,Actinomycetota, Bacillota_C,Bifidobacterium vaginale, Megasphaera hutchinsoni, Megasphaera lornae
v0292	Unclassified,Actinomycetota,Bifidobacterium leopoldii, Bifidobacterium piotii, Bifidobacterium sp003585735, Bifidobacterium unknown, Bifidobacterium vaginale, Bifidobacterium vaginale_A, Bifidobacterium vaginale_C, Bifidobacterium vaginale_D, Bifidobacterium vaginale_H
v0293	Siphoviridae,Bacillota,Limosilactobacillus oris
v0294	Unclassified,Bacteroidota,Prevotella amnii, Prevotella bivia
v0295	Rountreeviridae,-,-
v0296	Siphoviridae,-,-
v0297	Siphoviridae,-,-
v0298	Siphoviridae,Actinomycetota,Corynebacterium tuscaniense
v0299	Siphoviridae,Actinomycetota, Bacillota, Bacillota_A, Bacillota_C,Berryella sp001552935, Bifidobacterium leopoldii, Bifidobacterium piotii, Bifidobacterium swidsinskii, Bifidobacterium unknown, Bifidobacterium vaginale, Bifidobacterium vaginale_A, Bifidobacterium vaginale_C, Bifidobacterium vaginale_F, Bifidobacterium vaginale_H, Fannyhessea massiliensis, Fannyhessea vaginae, Lactobacillus iners, Megasphaera lornae, UBA629_sp005465875
v029a	Siphoviridae,Bacillota,Streptococcus anginosus, Streptococcus anginosus_C
v029b	Myoviridae,Bacillota_A,Peptostreptococcus anaerobius, Peptostreptococcus stomatis
v029c	Unclassified,Bacillota_C,Dialister sp001553355
v029d	Unclassified,Actinomycetota,Bifidobacterium piotii, Bifidobacterium swidsinskii, Bifidobacterium unknown, Bifidobacterium vaginale, Bifidobacterium vaginale_A, Bifidobacterium vaginale_C, Bifidobacterium vaginale_D, Bifidobacterium vaginale_F, Bifidobacterium vaginale_H
v029e	Siphoviridae,Actinomycetota, Bacteroidota,Berryella sp001552935, Fannyhessea massiliensis, Fannyhessea unknown, Fannyhessea vaginae, Prevotella timonensis_A
v029f	Siphoviridae,-,-
v02a0	Siphoviridae,Bacteroidota,Prevotella amnii, Prevotella timonensis_A
v02a1	Papillomaviridae,Eukaryote,Eukaryote
v02a2	Siphoviridae,Bacillota, Bacteroidota,Prevotella bivia, Streptococcus agalactiae, Streptococcus anginosus, Streptococcus anginosus_C, Streptococcus pasteurianus, Streptococcus urinalis
v02a3	Unclassified,Bacillota_A,Finegoldia magna_F, Finegoldia magna_H, Finegoldia unknown
v02a4	Myoviridae,Pseudomonadota,Escherichia coli
v02a5	Siphoviridae,-,-
v02a6	Rountreeviridae,-,-
v02a7	Siphoviridae,-,-
v02a8	Rountreeviridae,-,-
v02a9	Papillomaviridae,Eukaryote,Eukaryote
v02aa	Siphoviridae,-,-
v02ab	Siphoviridae,Actinomycetota,Berryella sp001552935, Berryella unknown
v02ac	Siphoviridae,Bacillota_A, Bacillota_B,Peptococcaceae unknown, Peptoniphilus_A harei_A, Peptoniphilus_A lacrimalis, UBA629_sp005465875
v02ad	Unclassified,Bacteroidota,Prevotella corporis, Prevotella disiens, Prevotella ihumii, Prevotella nigrescens, Prevotella pallens
v02ae	Siphoviridae,Bacillota_A, Fusobacteriota,Parvimonas sp001552895, Sneathia sanguinegens, Sneathia unknown
v02af	Myoviridae,-,-
v02b0	Siphoviridae,Actinomycetota,Mobiluncus curtisii, Mobiluncus mulieris, Mobiluncus unknown
v02b1	Unclassified,Bacteroidota,Prevotella colorans, Prevotella timonensis_A, Prevotella unknown
v02b2	Siphoviridae,Actinomycetota,Corynebacterium sp001767255, Corynebacterium striatum
v02b3	Unclassified,Bacteroidota,Prevotella sp000479005, Prevotella timonensis_A, Prevotella unknown
v02b4	Siphoviridae,-,-
v02b5	Siphoviridae,Bacillota, Bacteroidota,Prevotella bivia, Streptococcus agalactiae, Streptococcus anginosus, Streptococcus anginosus_C, Streptococcus pasteurianus, Streptococcus urinalis
v02b6	Siphoviridae,Actinomycetota,Corynebacterium tuscaniense
v02b7	Unclassified,-,-
v02b8	Unclassified,-,-
v02b9	Siphoviridae,Actinomycetota,Corynebacterium riegelii
v02ba	Rountreeviridae,Bacillota,Staphylococcus epidermidis
v02bb	Siphoviridae,Actinomycetota,Corynebacterium tuscaniense, Corynebacterium unknown
v02bc	Siphoviridae,Actinomycetota,Corynebacterium riegelii, Corynebacterium sp001767255
v02bd	Unclassified,Bacillota,Streptococcus agalactiae, Streptococcus dysgalactiae, Streptococcus pyogenes
v02be	Siphoviridae,-,-
v02bf	Unclassified,Actinomycetota,Corynebacterium aurimucosum_F, Corynebacterium tuberculostearicum
v02c0	Siphoviridae,-,-
v02c1	Siphoviridae,Actinomycetota,Corynebacterium amycolatum_A
v02c2	Siphoviridae,Bacillota_A,Anaerococcus ihuae
v02c3	Siphoviridae,Bacillota,Lactobacillus crispatus
v02c4	Siphoviridae,Bacillota,Streptococcus mitis_BF
v02c5	Siphoviridae,Bacillota,Streptococcus mitis_BM, Streptococcus unknown
v02c6	Siphoviridae,Actinomycetota,Bifidobacterium vaginale_C
v02c7	Myoviridae,Bacillota_A,Peptostreptococcus anaerobius
v02c8	Siphoviridae,Bacillota_A,Stomatobaculum naviforme, Stomatobaculum sp002892395
v02c9	Unclassified,Actinomycetota,Bifidobacterium leopoldii, Bifidobacterium swidsinskii, Bifidobacterium unknown, Bifidobacterium vaginale_C
v02ca	Siphoviridae,Actinomycetota,Fannyhessea massiliensis
v02cb	Unclassified,Bacteroidota,Prevotella bivia, Prevotella sp900548585, Prevotella timonensis_A
v02cc	Siphoviridae,-,-
v02cd	Siphoviridae,Bacillota, Bacillota_A,Parvimonas sp001552895, Peptoniphilus_A vaginalis, Streptococcus anginosus, UBA629_sp005465875
v02ce	Siphoviridae,Bacillota_C,Dialister sp001553355
v02cf	Myoviridae,Bacillota_C,Dialister sp001553355, Dialister sp900541485
v02d0	Siphoviridae,Actinomycetota,Bifidobacterium vaginale_C
v02d1	Siphoviridae,-,-
v02d2	Siphoviridae,Bacillota,Streptococcus agalactiae
v02d3	Siphoviridae,Actinomycetota,Bifidobacterium bifidum, Bifidobacterium breve
v02d4	Papillomaviridae,Eukaryote,Eukaryote
v02d5	Unclassified,Actinomycetota, Bacteroidota,Berryella sp001552935, Fannyhessea vaginae, Prevotella disiens
v02d6	Siphoviridae,Actinomycetota, Bacteroidota,Bifidobacterium leopoldii, Bifidobacterium piotii, Bifidobacterium sp003585735, Bifidobacterium swidsinskii, Bifidobacterium unknown, Bifidobacterium vaginale, Bifidobacterium vaginale_A, Bifidobacterium vaginale_C, Bifidobacterium vaginale_D, Bifidobacterium vaginale_F, Bifidobacterium vaginale_H, Prevotella timonensis_A
v02d7	Siphoviridae,Actinomycetota, Bacillota, Bacillota_A, Bacteroidota,Aerococcus christensenii, Bifidobacterium leopoldii, Bifidobacterium piotii, Bifidobacterium swidsinskii, Bifidobacterium unknown, Bifidobacterium vaginale, Bifidobacterium vaginale_A, Bifidobacterium vaginale_C, Bifidobacterium vaginale_F, Bifidobacterium vaginale_H, Fannyhessea massiliensis, Fannyhessea vaginae, Lactobacillus iners, Prevotella timonensis_A, UBA629_sp005465875
v02d8	Unclassified,Actinomycetota,Bifidobacterium piotii, Bifidobacterium swidsinskii, Bifidobacterium vaginale, Bifidobacterium vaginale_A, Bifidobacterium vaginale_C, Bifidobacterium vaginale_H
v02d9	Myoviridae,-,-
v02da	Siphoviridae,Bacteroidota,Porphyromonas asaccharolytica, Porphyromonas sp900548415, Porphyromonas uenonis, Porphyromonas uenonis_A, Porphyromonas unknown
v02db	Myoviridae,Fusobacteriota,Fusobacterium nucleatum
v02dc	Siphoviridae,Bacillota, Bacillota_A,Aerococcus christensenii, KA00134_sp001574395, Peptoniphilus_A harei_A, Peptoniphilus_A lacrimalis, Peptoniphilus_A vaginalis
v02dd	Unclassified,Bacillota_C,Megasphaera lornae
v02de	Siphoviridae,Bacillota_B,Peptococcus niger
v02df	Unclassified,Fusobacteriota,Fusobacterium animalis
v02e0	Siphoviridae,Actinomycetota, Bacillota_A,Bifidobacterium piotii, Bifidobacterium vaginale, Bifidobacterium vaginale_B, Bifidobacterium vaginale_D, Bifidobacterium vaginale_F, Mageeibacillus indolicus, UBA629_sp005465875
v02e1	Siphoviridae,Bacillota_A,Criibacterium bergeronii, UBA629_sp005465875
v02e2	Siphoviridae,Actinomycetota, Bacillota_A,Bifidobacterium unknown, Bifidobacterium vaginale, Bifidobacterium vaginale_C, Fannyhessea vaginae, Peptoniphilus_A lacrimalis, UBA629_sp005465875
v02e3	Unclassified,Bacteroidota,Prevotella bivia, Prevotella sp000758925, Prevotella timonensis_A
v02e4	Unclassified,Actinomycetota,Bifidobacterium leopoldii, Bifidobacterium piotii, Bifidobacterium swidsinskii, Bifidobacterium unknown, Bifidobacterium vaginale, Bifidobacterium vaginale_A, Bifidobacterium vaginale_C, Bifidobacterium vaginale_F, Bifidobacterium vaginale_H
v02e5	Siphoviridae,Actinomycetota, Bacteroidota,Bifidobacterium piotii, Bifidobacterium sp003585735, Bifidobacterium swidsinskii, Bifidobacterium unknown, Bifidobacterium vaginale, Bifidobacterium vaginale_A, Bifidobacterium vaginale_C, Bifidobacterium vaginale_D, Bifidobacterium vaginale_F, Bifidobacterium vaginale_H, Prevotella timonensis_A
v02e6	Siphoviridae,Actinomycetota, Bacteroidota,Berryella sp001552935, Fannyhessea massiliensis, Fannyhessea unknown, Fannyhessea vaginae, Prevotella timonensis_A
v02e7	Unclassified,Actinomycetota,Bifidobacterium piotii, Bifidobacterium swidsinskii, Bifidobacterium unknown, Bifidobacterium vaginale, Bifidobacterium vaginale_A, Bifidobacterium vaginale_C
v02e8	Unclassified,Actinomycetota,Bifidobacterium leopoldii, Bifidobacterium piotii, Bifidobacterium swidsinskii, Bifidobacterium vaginale, Bifidobacterium vaginale_A, Bifidobacterium vaginale_C
v02e9	Siphoviridae,Bacillota,Lactobacillus crispatus, Lactobacillus iners, Lactobacillus mulieris
v02ea	Unclassified,Actinomycetota,Bifidobacterium vaginale_H
v02eb	Siphoviridae,Actinomycetota, Bacteroidota,Bifidobacterium piotii, Bifidobacterium swidsinskii, Bifidobacterium unknown, Bifidobacterium vaginale, Bifidobacterium vaginale_A, Bifidobacterium vaginale_B, Bifidobacterium vaginale_C, Bifidobacterium vaginale_D, Bifidobacterium vaginale_F, Bifidobacterium vaginale_H, Prevotella timonensis_A
v02ec	Unclassified,Actinomycetota,Berryella sp001552935, Berryella unknown, Fannyhessea vaginae
v02ed	Unclassified,Bacteroidota,Prevotella unknown
v02ee	Siphoviridae,Actinomycetota, Bacteroidota,Bifidobacterium piotii, Bifidobacterium sp003585735, Bifidobacterium swidsinskii, Bifidobacterium unknown, Bifidobacterium vaginale, Bifidobacterium vaginale_A, Bifidobacterium vaginale_D, Bifidobacterium vaginale_F, Bifidobacterium vaginale_H, Prevotella timonensis_A
v02ef	Siphoviridae,Actinomycetota,Bifidobacterium leopoldii, Bifidobacterium piotii, Bifidobacterium sp003585735, Bifidobacterium swidsinskii, Bifidobacterium unknown, Bifidobacterium vaginale, Bifidobacterium vaginale_A, Bifidobacterium vaginale_B, Bifidobacterium vaginale_D, Bifidobacterium vaginale_F, Bifidobacterium vaginale_H
v02f0	Rountreeviridae,-,-
v02f1	Siphoviridae,Bacillota,Lactobacillus crispatus
v02f2	Rountreeviridae,Bacillota,Lactobacillus crispatus
v02f3	Siphoviridae,Bacillota,Lactobacillus gasseri
v02f4	Rountreeviridae,Bacillota,Lactobacillus crispatus, Lactobacillus jensenii
v02f5	Rountreeviridae,-,-
v02f6	Unclassified,Bacteroidota,Prevotella amnii, Prevotella bivia, Prevotella colorans, Prevotella sp000479005, Prevotella sp000758925, Prevotella timonensis_A, Prevotella unknown
v02f7	Siphoviridae,Actinomycetota, Bacteroidota,Berryella sp001552935, Fannyhessea massiliensis, Fannyhessea unknown, Fannyhessea vaginae, Prevotella timonensis_A
v02f8	Unclassified,-,-
v02f9	Myoviridae,Bacillota_A,Eubacterium_I unknown, Lachnospira sp900551945, Stomatobaculum sp002892395
v02fa	Unclassified,-,-
v02fb	Siphoviridae,Bacillota,Lactobacillus gasseri, Lactobacillus paragasseri
v02fc	Siphoviridae,-,-
v02fd	Unclassified,Bacteroidota,Prevotella brunnea, Prevotella corporis
v02fe	Siphoviridae,Actinomycetota,Corynebacterium aurimucosum_F
v02ff	Siphoviridae,Actinomycetota, Bacillota, Bacillota_A,Berryella sp001552935, Bifidobacterium leopoldii, Bifidobacterium piotii, Bifidobacterium swidsinskii, Bifidobacterium unknown, Bifidobacterium vaginale, Bifidobacterium vaginale_A, Bifidobacterium vaginale_C, Bifidobacterium vaginale_F, Bifidobacterium vaginale_H, Fannyhessea massiliensis, Fannyhessea vaginae, Lactobacillus iners, UBA629_sp005465875
v0300	Siphoviridae,Bacillota_A,Finegoldia magna_F, Finegoldia magna_H, Finegoldia unknown
v0301	Siphoviridae,Bacillota_A,Finegoldia magna_H, Finegoldia unknown
v0302	Siphoviridae,Actinomycetota,Corynebacterium aurimucosum_F, Corynebacterium sp900539985
v0303	Siphoviridae,Actinomycetota,Winkia neuii, Winkia sp002849225
v0304	Rountreeviridae,Bacillota,Staphylococcus haemolyticus
v0305	Siphoviridae,Actinomycetota, Bacteroidota,Berryella sp001552935, Fannyhessea massiliensis, Fannyhessea unknown, Fannyhessea vaginae, Prevotella amnii, Prevotella timonensis_A
v0306	Microviridae,-,-
v0307	Unclassified,Bacteroidota,Prevotella amnii, Prevotella disiens, Prevotella timonensis_A
v0308	Siphoviridae,Actinomycetota,Bifidobacterium bifidum, Bifidobacterium breve
v0309	Siphoviridae,Actinomycetota,Gleimia europaea_A
v030a	Unclassified,Actinomycetota,Corynebacterium aurimucosum_F, Corynebacterium sp001815985, Corynebacterium sp001875725
v030b	Siphoviridae,Bacillota_A,Parvimonas sp001552895, Peptoniphilus_A harei_A
v030c	Siphoviridae,Bacillota_A,Parvimonas parva, Parvimonas sp001552895
v030d	Siphoviridae,Actinomycetota,Fannyhessea massiliensis
v030e	Unclassified,Actinomycetota,Bifidobacterium piotii, Bifidobacterium swidsinskii, Bifidobacterium vaginale, Bifidobacterium vaginale_A, Bifidobacterium vaginale_D, Bifidobacterium vaginale_H
v030f	Unclassified,Actinomycetota, Bacteroidota,Berryella sp001552935, Fannyhessea massiliensis, Fannyhessea unknown, Fannyhessea vaginae, Prevotella timonensis_A
v0310	Siphoviridae,Bacillota, Bacteroidota,Prevotella bivia, Streptococcus agalactiae, Streptococcus anginosus, Streptococcus anginosus_C
v0311	Siphoviridae,Bacillota_A,Peptostreptococcus sp000758885
v0312	Siphoviridae,Actinomycetota, Bacillota, Bacillota_A, Bacillota_C,Bifidobacterium leopoldii, Bifidobacterium swidsinskii, Bifidobacterium unknown, Bifidobacterium vaginale, Bifidobacterium vaginale_A, Bifidobacterium vaginale_C, Bifidobacterium vaginale_F, Bifidobacterium vaginale_H, Bulleidia unknown, Fannyhessea massiliensis, Fannyhessea vaginae, Lactobacillus iners, Megasphaera lornae, UBA629_sp005465875
v0313	Unclassified,Actinomycetota, Bacteroidota,Berryella sp001552935, Berryella unknown, Fannyhessea vaginae, Prevotella disiens
v0314	Myoviridae,Bacillota_A,Peptoniphilus_A harei_A, Peptoniphilus_A lacrimalis, Peptoniphilus_A vaginalis, Peptoniphilus_B duerdenii
v0315	Unclassified,Actinomycetota,Bifidobacterium piotii, Bifidobacterium swidsinskii, Bifidobacterium unknown, Bifidobacterium vaginale, Bifidobacterium vaginale_A, Bifidobacterium vaginale_C, Bifidobacterium vaginale_F, Bifidobacterium vaginale_H
v0316	Unclassified,Bacillota_B,Peptococcus niger
v0317	Unclassified,Bacteroidota,Porphyromonas asaccharolytica, Porphyromonas sp900548415, Porphyromonas uenonis, Porphyromonas uenonis_A, Porphyromonas unknown
v0318	Papillomaviridae,Eukaryote,Eukaryote
v0319	Papillomaviridae,Eukaryote,Eukaryote
v031a	Siphoviridae,Bacillota,Lactobacillus crispatus, Lactobacillus gallinarum
v031b	Unclassified,Actinomycetota,Bifidobacterium piotii, Bifidobacterium swidsinskii, Bifidobacterium unknown, Bifidobacterium vaginale, Bifidobacterium vaginale_A, Bifidobacterium vaginale_C, Bifidobacterium vaginale_F, Bifidobacterium vaginale_H
v031c	Unclassified,Actinomycetota, Bacteroidota,Berryella unknown, Fannyhessea massiliensis, Fannyhessea unknown, Fannyhessea vaginae, Prevotella timonensis_A
v031d	Siphoviridae,-,-
v031e	Myoviridae,Bacillota_C,Dialister sp001553355
v031f	Siphoviridae,Bacillota, Bacillota_A,Anaerococcus lactolyticus, Anaerococcus tetradius, Anaerococcus vaginalis_B, Anaerococcus vaginimassiliensis, Finegoldia unknown, Gemella asaccharolytica, Lactobacillus iners, Parvimonas sp001552895, Peptoniphilus_A lacrimalis, Peptoniphilus_A vaginalis, Peptoniphilus_B duerdenii, UBA629_sp005465875
v0320	Unclassified,Bacteroidota,Prevotella amnii, Prevotella sp000479005, Prevotella sp000758925, Prevotella timonensis_A, Prevotella unknown
v0321	Siphoviridae,Actinomycetota,Bifidobacterium vaginale_C
v0322	Siphoviridae,Actinomycetota,Fannyhessea massiliensis
v0323	Unclassified,Fusobacteriota,Sneathia vaginalis
v0324	Siphoviridae,-,-
v0325	Siphoviridae,Bacillota_C,Megasphaera hutchinsoni, Megasphaera lornae
v0326	Unclassified,Bacteroidota,Prevotella colorans, Prevotella sp000479005, Prevotella sp000758925, Prevotella timonensis_A, Prevotella unknown
v0327	Siphoviridae,Bacillota, Bacillota_A,Anaerococcus murdochii, Anaerococcus tetradius, Anaerococcus vaginalis_B, Anaerococcus vaginimassiliensis, Finegoldia magna_F, Finegoldia unknown, Gemella asaccharolytica, Lactobacillus iners, Parvimonas sp001552895, Peptoniphilus_A harei_A, Peptoniphilus_A lacrimalis, Peptoniphilus_A vaginalis, Peptoniphilus_B duerdenii, Peptoniphilus_C coxii, UBA629_sp005465875
v0328	Siphoviridae,Bacillota, Bacillota_A,Anaerococcus tetradius, Catonella unknown, Gemella asaccharolytica, Peptoniphilus_A lacrimalis, Peptoniphilus_A vaginalis, Streptococcus agalactiae, Streptococcus anginosus, UBA629_sp005465875
v0329	Siphoviridae,Bacillota,Lactobacillus iners, Lactobacillus jensenii, Lactobacillus mulieris
v032a	Siphoviridae,Actinomycetota,Bifidobacterium vaginale
v032b	Myoviridae,-,-
v032c	Unclassified,Actinomycetota,Berryella sp001552935, Berryella unknown, Fannyhessea vaginae
v032d	Siphoviridae,Bacillota, Bacillota_A,Anaerococcus ihuae, Anaerococcus tetradius, Anaerococcus vaginalis_B, Anaerococcus vaginimassiliensis, Finegoldia magna_F, Gemella asaccharolytica, Lactobacillus iners, Peptoniphilus_A harei_A, Peptoniphilus_A lacrimalis, Peptoniphilus_A vaginalis, Peptoniphilus_B duerdenii, Peptoniphilus_C coxii, UBA629_sp005465875
v032e	Myoviridae,Bacillota_C,Dialister sp001553355, Megasphaera lornae
v032f	Unclassified,Bacillota_C,Dialister sp001553355
v0330	Unclassified,Actinomycetota,Bifidobacterium vaginale, Bifidobacterium vaginale_H
v0331	Podoviridae,Actinomycetota,Bifidobacterium vaginale_H
v0332	Myoviridae,Bacillota_C,Dialister micraerophilus, Dialister sp001553355, Megasphaera lornae
v0333	Siphoviridae,Actinomycetota,Bifidobacterium vaginale
v0334	Unclassified,Bacteroidota,Prevotella amnii, Prevotella colorans, Prevotella sp000479005, Prevotella sp000758925, Prevotella timonensis_A, Prevotella unknown
v0335	Siphoviridae,Bacteroidota,Prevotella unknown
v0336	Unclassified,Bacteroidota,Cryptobacteroides unknown
v0337	Unclassified,Bacillota,Bulleidia unknown
v0338	Unclassified,Bacillota_C,Dialister sp001553355, Dialister sp900541485
v0339	Siphoviridae,Actinomycetota,Berryella sp001552935, Berryella unknown, Fannyhessea vaginae
v033a	Siphoviridae,Actinomycetota,Berryella sp001552935, Fannyhessea massiliensis, Fannyhessea unknown, Fannyhessea vaginae
v033b	Siphoviridae,Actinomycetota, Bacteroidota,Bifidobacterium leopoldii, Bifidobacterium piotii, Bifidobacterium swidsinskii, Bifidobacterium unknown, Bifidobacterium vaginale, Bifidobacterium vaginale_A, Bifidobacterium vaginale_B, Bifidobacterium vaginale_C, Bifidobacterium vaginale_D, Bifidobacterium vaginale_F, Bifidobacterium vaginale_H, Prevotella timonensis_A
v033c	Unclassified,Bacillota_C,Megasphaera hutchinsoni, Megasphaera lornae
v033d	Siphoviridae,Actinomycetota,Bifidobacterium vaginale
v033e	Siphoviridae,Actinomycetota,Berryella sp001552935
v033f	Siphoviridae,Bacillota,Lactobacillus crispatus, Lactobacillus iners, Lactobacillus jensenii
v0340	Unclassified,Bacteroidota,Prevotella amnii, Prevotella bivia, Prevotella timonensis_A
v0341	Rountreeviridae,Bacillota,Lactobacillus iners
v0342	Siphoviridae,Actinomycetota,Fannyhessea massiliensis, Fannyhessea unknown
v0343	Unclassified,Actinomycetota,Fannyhessea massiliensis, Fannyhessea unknown
v0344	Unclassified,Actinomycetota,Bifidobacterium leopoldii, Bifidobacterium piotii, Bifidobacterium swidsinskii, Bifidobacterium unknown, Bifidobacterium vaginale, Bifidobacterium vaginale_A, Bifidobacterium vaginale_C, Bifidobacterium vaginale_D, Bifidobacterium vaginale_F, Bifidobacterium vaginale_H
v0345	Siphoviridae,Bacillota, Bacillota_C,Dialister micraerophilus, Listeria monocytogenes
v0346	Siphoviridae,Bacillota,Gemella asaccharolytica
v0347	Siphoviridae,Actinomycetota, Bacteroidota,Fannyhessea massiliensis, Fannyhessea unknown, Fannyhessea vaginae, Prevotella timonensis_A
v0348	Siphoviridae,Actinomycetota, Bacteroidota,Bifidobacterium leopoldii, Bifidobacterium piotii, Bifidobacterium sp003585735, Bifidobacterium swidsinskii, Bifidobacterium unknown, Bifidobacterium vaginale, Bifidobacterium vaginale_A, Bifidobacterium vaginale_B, Bifidobacterium vaginale_C, Bifidobacterium vaginale_D, Bifidobacterium vaginale_F, Bifidobacterium vaginale_H, Prevotella timonensis_A
v0349	Siphoviridae,Actinomycetota,Berryella sp001552935, Berryella unknown, Fannyhessea vaginae
v034a	Unclassified,Bacteroidota,Prevotella amnii, Prevotella colorans, Prevotella sp000479005, Prevotella timonensis_A, Prevotella unknown
v034b	Unclassified,Bacteroidota,Porphyromonas asaccharolytica, Porphyromonas sp900548415, Porphyromonas uenonis, Porphyromonas uenonis_A, Porphyromonas unknown
v034c	Unclassified,Actinomycetota,Mobiluncus mulieris
v034d	Unclassified,Actinomycetota,Bifidobacterium piotii, Bifidobacterium swidsinskii, Bifidobacterium unknown, Bifidobacterium vaginale, Bifidobacterium vaginale_A, Bifidobacterium vaginale_C, Bifidobacterium vaginale_F, Bifidobacterium vaginale_H
v034e	Siphoviridae,Actinomycetota,Bifidobacterium leopoldii, Bifidobacterium piotii, Bifidobacterium swidsinskii, Bifidobacterium vaginale, Bifidobacterium vaginale_A, Bifidobacterium vaginale_C, Bifidobacterium vaginale_D, Bifidobacterium vaginale_H
v034f	Siphoviridae,Actinomycetota,Mobiluncus curtisii
v0350	Unclassified,Actinomycetota, Bacteroidota,Bifidobacterium leopoldii, Bifidobacterium piotii, Bifidobacterium swidsinskii, Bifidobacterium unknown, Bifidobacterium vaginale, Bifidobacterium vaginale_A, Bifidobacterium vaginale_C, Bifidobacterium vaginale_F, Bifidobacterium vaginale_H, Prevotella timonensis_A
v0351	Myoviridae,Bacillota_A,Peptoniphilus_C coxii, Peptoniphilus_C unknown
v0352	Myoviridae,Bacillota_A,Peptoniphilus_A harei_A, Peptoniphilus_A lacrimalis, Peptoniphilus_A vaginalis, Peptoniphilus_B duerdenii, Peptoniphilus_B unknown
v0353	Siphoviridae,Bacillota,Lactiplantibacillus plantarum, Limosilactobacillus vaginalis
v0354	Siphoviridae,Bacillota_C,Dialister sp001553355
v0355	Siphoviridae,Bacillota_A, Bacillota_C,Amygdalobacter indicium, Dialister sp001553355, KA00274_sp902373515, Megasphaera hutchinsoni, UBA629_sp005465875
v0356	Siphoviridae,Actinomycetota, Bacillota, Bacillota_A,Aerococcus christensenii, Bifidobacterium leopoldii, Bifidobacterium swidsinskii, Bifidobacterium unknown, Bifidobacterium vaginale, Bifidobacterium vaginale_A, Bifidobacterium vaginale_C, Bifidobacterium vaginale_F, Bifidobacterium vaginale_H, Bulleidia unknown, Fannyhessea massiliensis, Fannyhessea vaginae, Lactobacillus iners, UBA629_sp005465875
v0357	Podoviridae_crAss-like,-,-
v0358	Autographiviridae,Bacillota_C,Dialister sp001553355
v0359	Quimbyviridae,Bacteroidota,Prevotella timonensis_A, Prevotella unknown
v035a	Unclassified,Actinomycetota, Bacillota_C,Fannyhessea unknown, Fannyhessea vaginae, Megasphaera hutchinsoni
v035b	Siphoviridae,Actinomycetota,Fannyhessea unknown, Fannyhessea vaginae
v035c	Unclassified,Bacillota_C,Megasphaera hutchinsoni, Megasphaera lornae
v035d	Myoviridae,Fusobacteriota,Fusobacterium animalis, Fusobacterium nucleatum
v035e	Myoviridae,-,-
v035f	Flandersviridae,-,-
v0360	Myoviridae,Bacteroidota,Prevotella timonensis_A, Prevotella unknown
v0361	Podoviridae_crAss-like,-,-
v0362	Unclassified,-,-
v0363	Myoviridae,Fusobacteriota,Fusobacterium animalis, Fusobacterium nucleatum
v0364	Unclassified,Actinomycetota,Bifidobacterium adolescentis
v0365	Podoviridae_crAss-like,-,-
v0366	Siphoviridae,-,-
v0367	Unclassified,Actinomycetota,Bifidobacterium adolescentis, Bifidobacterium breve
v0368	Myoviridae,-,-
v0369	Unclassified,-,-
v036a	Podoviridae_crAss-like,-,-
v036b	Siphoviridae,Bacillota_A,Anaerococcus lactolyticus, Anaerococcus murdochii, Anaerococcus unknown, Peptoniphilus_A lacrimalis, Peptoniphilus_B unknown
v036c	Flandersviridae,-,-
v036d	Siphoviridae,Fusobacteriota,Fusobacterium animalis
v036e	Unclassified,Bacteroidota,Alistipes putredinis
v036f	Siphoviridae,Bacillota_A,Agathobacter faecis
v0370	Quimbyviridae,-,-
v0371	Unclassified,Bacteroidota,Prevotella colorans, Prevotella sp000479005, Prevotella sp000758925, Prevotella timonensis_A, Prevotella unknown
v0372	Podoviridae_crAss-like,-,-
v0373	Unclassified,Bacteroidota,Prevotella amnii, Prevotella bivia, Prevotella ihumii, Prevotella melaninogenica, Prevotella sp001553265
v0374	Unclassified,Actinomycetota,Corynebacterium sp001831515
v0375	Unclassified,-,-
v0376	Siphoviridae,Actinomycetota,Berryella sp001552935, Fannyhessea massiliensis, Fannyhessea unknown, Fannyhessea vaginae
v0377	Siphoviridae,Bacillota_A,Amygdalobacter indicium, KA00274_sp902373515
v0378	Siphoviridae,Actinomycetota,Actinobaculum massiliense, Actinotignum sanguinis, Corynebacterium phoceense, Gleimia europaea_A, Mobiluncus curtisii, Mobiluncus mulieris, Varibaculum massiliense, Winkia neuii
v0379	Siphoviridae,Actinomycetota,Berryella sp001552935, Fannyhessea massiliensis, Fannyhessea unknown, Fannyhessea vaginae
v037a	Rountreeviridae,Bacillota,Lactobacillus crispatus, Lactobacillus jensenii
v037b	Microviridae,-,-
v037c	Myoviridae,-,-
v037d	Unclassified,-,-
v037e	Siphoviridae,-,-
v037f	Siphoviridae,Bacteroidota,Odoribacter splanchnicus
v0380	Flandersviridae,-,-
v0381	Myoviridae,Bacillota_C,Veillonella atypica, Veillonella montpellierensis, Veillonella parvula_A
v0382	Podoviridae_crAss-like,-,-
v0383	Unclassified,-,-
v0384	Siphoviridae,Actinomycetota,Berryella sp001552935, Berryella unknown, Fannyhessea vaginae
v0385	Unclassified,Bacteroidota,Prevotella amnii, Prevotella colorans, Prevotella disiens, Prevotella sp000479005, Prevotella sp000758925, Prevotella timonensis_A, Prevotella unknown
v0386	Unclassified,Actinomycetota, Bacteroidota,Bifidobacterium leopoldii, Bifidobacterium piotii, Bifidobacterium sp003585735, Bifidobacterium swidsinskii, Bifidobacterium unknown, Bifidobacterium vaginale, Bifidobacterium vaginale_A, Bifidobacterium vaginale_C, Bifidobacterium vaginale_D, Bifidobacterium vaginale_F, Bifidobacterium vaginale_H, Prevotella timonensis_A
v0387	Unclassified,Actinomycetota, Bacteroidota,Bifidobacterium leopoldii, Bifidobacterium piotii, Bifidobacterium sp003585735, Bifidobacterium swidsinskii, Bifidobacterium unknown, Bifidobacterium vaginale, Bifidobacterium vaginale_A, Bifidobacterium vaginale_C, Bifidobacterium vaginale_D, Bifidobacterium vaginale_F, Bifidobacterium vaginale_H, Prevotella timonensis_A
v0388	Siphoviridae,Bacillota_C,Dialister sp001553355
v0389	Unclassified,Campylobacterota,Campylobacter_B unknown
v038a	Siphoviridae,Actinomycetota,Bifidobacterium leopoldii, Bifidobacterium swidsinskii, Bifidobacterium unknown, Bifidobacterium vaginale, Bifidobacterium vaginale_A, Bifidobacterium vaginale_C, Bifidobacterium vaginale_D, Bifidobacterium vaginale_H
v038b	Siphoviridae,Bacillota, Bacillota_A,Ezakiella unknown, Lactobacillus iners
v038c	Myoviridae,Bacillota_A,Ezakiella coagulans
v038d	Quimbyviridae,Bacteroidota,Prevotella amnii, Prevotella timonensis_A, Prevotella unknown
v038e	Siphoviridae,Bacillota_C,Megasphaera hutchinsoni, Megasphaera lornae
v038f	Myoviridae,Bacillota_C,Dialister sp001553355, Dialister sp900541485
v0390	Siphoviridae,Bacillota_A,Finegoldia magna_F, Finegoldia magna_H
v0391	Unclassified,Actinomycetota, Bacteroidota,Bifidobacterium leopoldii, Bifidobacterium piotii, Bifidobacterium sp003585735, Bifidobacterium swidsinskii, Bifidobacterium unknown, Bifidobacterium vaginale, Bifidobacterium vaginale_A, Bifidobacterium vaginale_C, Bifidobacterium vaginale_D, Bifidobacterium vaginale_F, Bifidobacterium vaginale_H, Prevotella timonensis_A
v0392	Unclassified,Bacillota_C,Megasphaera lornae
v0393	Siphoviridae,Actinomycetota,Fannyhessea massiliensis
v0394	Gratiaviridae,Bacteroidota,Prevotella amnii, Prevotella denticola
v0395	Unclassified,Bacillota_A,Peptoniphilus_A harei_A, Peptoniphilus_A lacrimalis, Peptoniphilus_A vaginalis
v0396	Siphoviridae,Bacillota, Bacillota_A,Anaerococcus ihuae, Anaerococcus sp900258475, Anaerococcus tetradius, Anaerococcus vaginalis_B, Anaerococcus vaginimassiliensis, Finegoldia unknown, Gemella asaccharolytica, Peptoniphilus_A lacrimalis, Peptoniphilus_A vaginalis, Peptoniphilus_B duerdenii, Peptoniphilus_C coxii, UBA629_sp005465875
v0397	Unclassified,-,-
v0398	Myoviridae,Bacillota_A,Peptoniphilus_A grossensis, Peptoniphilus_A unknown
v0399	Siphoviridae,Bacillota_B,Peptococcus niger
v039a	Unclassified,Bacillota_A,Peptoniphilus_A harei_A, Peptoniphilus_A lacrimalis, Peptoniphilus_A vaginalis, Peptoniphilus_B duerdenii
v039b	Unclassified,Bacteroidota,Prevotella amnii, Prevotella sp000758925, Prevotella timonensis_A
v039c	Unclassified,Bacteroidota,Prevotella timonensis, Prevotella timonensis_A
v039d	Siphoviridae,Actinomycetota,Bifidobacterium leopoldii, Bifidobacterium piotii, Bifidobacterium swidsinskii, Bifidobacterium unknown, Bifidobacterium vaginale, Bifidobacterium vaginale_A, Bifidobacterium vaginale_C, Bifidobacterium vaginale_D, Bifidobacterium vaginale_F, Bifidobacterium vaginale_H
v039e	Siphoviridae,Actinomycetota,Bifidobacterium leopoldii, Bifidobacterium piotii, Bifidobacterium swidsinskii, Bifidobacterium unknown, Bifidobacterium vaginale, Bifidobacterium vaginale_A, Bifidobacterium vaginale_C, Bifidobacterium vaginale_D, Bifidobacterium vaginale_F, Bifidobacterium vaginale_H
v039f	Siphoviridae,Actinomycetota,Berryella sp001552935, Berryella unknown
v03a0	Unclassified,Bacteroidota,Prevotella amnii, Prevotella sp000758925
v03a1	Siphoviridae,Bacillota_A,UBA629_sp005465875
v03a2	Unclassified,Actinomycetota,Mobiluncus mulieris, Mobiluncus unknown
v03a3	Myoviridae,Bacillota,Lactobacillus crispatus, Lactobacillus mulieris
v03a4	Siphoviridae,Actinomycetota,Winkia neuii, Winkia sp002849225
v03a5	Unclassified,Actinomycetota, Bacteroidota,Bifidobacterium piotii, Bifidobacterium swidsinskii, Bifidobacterium unknown, Bifidobacterium vaginale, Bifidobacterium vaginale_A, Bifidobacterium vaginale_B, Bifidobacterium vaginale_C, Bifidobacterium vaginale_D, Bifidobacterium vaginale_F, Bifidobacterium vaginale_H, Prevotella timonensis_A
v03a6	Unclassified,Actinomycetota,Bifidobacterium piotii, Bifidobacterium swidsinskii, Bifidobacterium unknown, Bifidobacterium vaginale, Bifidobacterium vaginale_A, Bifidobacterium vaginale_C, Bifidobacterium vaginale_D, Bifidobacterium vaginale_F, Bifidobacterium vaginale_H
v03a7	Siphoviridae,Bacillota,Lactobacillus crispatus, Lactobacillus iners, Lactobacillus mulieris
v03a8	Siphoviridae,Bacillota,Lactobacillus iners, Lactobacillus jensenii
v03a9	Unclassified,Patescibacteria,Nanoperiomorbus sp004136275, Nanoperiomorbus unknown
v03aa	Siphoviridae,Actinomycetota, Bacillota, Bacillota_A,Anaerococcus sp943912825, Lactobacillus iners, Mobiluncus curtisii
v03ab	Siphoviridae,Actinomycetota,Bifidobacterium piotii, Bifidobacterium swidsinskii, Bifidobacterium vaginale, Bifidobacterium vaginale_A, Bifidobacterium vaginale_D
v03ac	Unclassified,Bacteroidota,Porphyromonas asaccharolytica, Porphyromonas uenonis, Porphyromonas uenonis_A, Porphyromonas unknown
v03ad	Unclassified,Actinomycetota,Berryella sp001552935, Berryella unknown, Fannyhessea vaginae
v03ae	Siphoviridae,Bacillota_A,Peptostreptococcus anaerobius, Peptostreptococcus sp000758885, Peptostreptococcus stomatis
v03af	Unclassified,Bacillota_A,Amygdalobacter nucleatus
v03b0	Myoviridae,Pseudomonadota,Proteus mirabilis
v03b1	Unclassified,Actinomycetota, Bacteroidota,Berryella unknown, Fannyhessea massiliensis, Fannyhessea unknown, Fannyhessea vaginae, Prevotella timonensis_A
v03b2	Siphoviridae,Bacillota_A,Finegoldia magna_H, Finegoldia unknown
v03b3	Siphoviridae,Actinomycetota, Bacteroidota,Fannyhessea massiliensis, Fannyhessea unknown, Fannyhessea vaginae, Prevotella amnii, Prevotella timonensis_A
v03b4	Siphoviridae,Bacillota_A,Finegoldia magna_H, Finegoldia unknown
v03b5	Siphoviridae,Bacillota_A,Parvimonas parva, Parvimonas sp001552895
v03b6	Unclassified,Bacteroidota,Prevotella timonensis_A, Prevotella unknown
v03b7	Siphoviridae,Bacillota_A,Peptostreptococcus anaerobius, Peptostreptococcus sp000758885, Peptostreptococcus stomatis
v03b8	Siphoviridae,-,-
v03b9	Unclassified,Bacteroidota,Prevotella amnii, Prevotella bivia, Prevotella colorans, Prevotella sp000479005, Prevotella sp000758925, Prevotella sp900548585, Prevotella timonensis_A, Prevotella unknown
v03ba	Siphoviridae,Fusobacteriota,Sneathia sanguinegens, Sneathia unknown, Sneathia vaginalis
v03bb	Unclassified,Actinomycetota, Bacillota, Bacteroidota,Aerococcus christensenii, Bifidobacterium piotii, Bifidobacterium sp003585735, Bifidobacterium swidsinskii, Bifidobacterium unknown, Bifidobacterium vaginale, Bifidobacterium vaginale_A, Bifidobacterium vaginale_C, Bifidobacterium vaginale_D, Bifidobacterium vaginale_F, Bifidobacterium vaginale_H, Lactobacillus iners, Prevotella timonensis_A
v03bc	Siphoviridae,Actinomycetota, Bacteroidota,Bifidobacterium piotii, Bifidobacterium sp003585735, Bifidobacterium swidsinskii, Bifidobacterium unknown, Bifidobacterium vaginale, Bifidobacterium vaginale_A, Bifidobacterium vaginale_C, Bifidobacterium vaginale_D, Bifidobacterium vaginale_F, Bifidobacterium vaginale_H, Prevotella timonensis_A
v03bd	Siphoviridae,Bacillota_A,Peptostreptococcus anaerobius, Peptostreptococcus sp000758885
v03be	Unclassified,Bacillota_A,Anaerococcus tetradius, Anaerococcus unknown
v03bf	Siphoviridae,-,-
v03c0	Unclassified,Actinomycetota,Fannyhessea massiliensis, Fannyhessea unknown, Fannyhessea vaginae
v03c1	Siphoviridae,Bacillota_A,Mageeibacillus indolicus
v03c2	Unclassified,Actinomycetota, Bacillota_A,Fannyhessea massiliensis, Fannyhessea unknown, Fannyhessea vaginae, Mageeibacillus indolicus
v03c3	Unclassified,Actinomycetota, Bacteroidota,Bifidobacterium piotii, Bifidobacterium swidsinskii, Bifidobacterium unknown, Bifidobacterium vaginale, Bifidobacterium vaginale_A, Bifidobacterium vaginale_B, Bifidobacterium vaginale_C, Bifidobacterium vaginale_F, Bifidobacterium vaginale_H, Prevotella timonensis_A
v03c4	Unclassified,Actinomycetota, Bacteroidota,Berryella sp001552935, Fannyhessea massiliensis, Fannyhessea unknown, Fannyhessea vaginae, Prevotella timonensis_A
v03c5	Unclassified,Actinomycetota,Bifidobacterium leopoldii, Bifidobacterium piotii, Bifidobacterium sp003585735, Bifidobacterium swidsinskii, Bifidobacterium unknown, Bifidobacterium vaginale, Bifidobacterium vaginale_A, Bifidobacterium vaginale_B, Bifidobacterium vaginale_C, Bifidobacterium vaginale_D, Bifidobacterium vaginale_F, Bifidobacterium vaginale_H
v03c6	Siphoviridae,Actinomycetota,Bifidobacterium piotii, Bifidobacterium swidsinskii, Bifidobacterium vaginale, Bifidobacterium vaginale_A
v03c7	Quimbyviridae,Bacteroidota,Prevotella unknown
v03c8	Unclassified,Actinomycetota,Bifidobacterium leopoldii, Bifidobacterium swidsinskii, Bifidobacterium unknown, Bifidobacterium vaginale_C
v03c9	Siphoviridae,Bacillota, Bacillota_A,Catonella unknown, Gemella asaccharolytica, Parvimonas sp001552895, Peptoniphilus_A lacrimalis, Peptoniphilus_A vaginalis, Streptococcus agalactiae, UBA629_sp005465875
v03ca	Siphoviridae,Bacillota_A, Fusobacteriota,Parvimonas sp001552895, Sneathia sanguinegens, Sneathia unknown, Sneathia vaginalis
v03cb	Siphoviridae,Actinomycetota,Bifidobacterium vaginale_C
v03cc	Siphoviridae,Bacillota_C,Dialister sp001553355, Megasphaera lornae
v03cd	Unclassified,Actinomycetota, Bacteroidota,Berryella sp001552935, Fannyhessea massiliensis, Fannyhessea unknown, Fannyhessea vaginae, Prevotella amnii, Prevotella timonensis_A
v03ce	Siphoviridae,Bacillota,Aerococcus christensenii
v03cf	Quimbyviridae,Bacteroidota,Prevotella melaninogenica, Prevotella sp000479005, Prevotella timonensis_A
v03d0	Unclassified,Bacteroidota,Prevotella amnii, Prevotella bivia, Prevotella histicola, Prevotella ihumii, Prevotella melaninogenica
v03d1	Unclassified,Actinomycetota,Bifidobacterium vaginale
v03d2	Siphoviridae,Bacillota_A, Fusobacteriota,Parvimonas sp001552895, Sneathia sanguinegens, Sneathia unknown, Sneathia vaginalis
v03d3	Unclassified,Bacillota, Bacteroidota,Lactobacillus crispatus, Prevotella amnii, Prevotella sp000758925, Prevotella timonensis_A
v03d4	Siphoviridae,Bacillota, Bacillota_A,Anaerococcus ihuae, Anaerococcus tetradius, Anaerococcus vaginimassiliensis, Finegoldia magna_F, Gemella asaccharolytica, Lactobacillus iners, Peptoniphilus_A lacrimalis, Peptoniphilus_A vaginalis, Peptoniphilus_B duerdenii, Peptoniphilus_C coxii, UBA629_sp005465875
v03d5	Papillomaviridae,Eukaryote,Eukaryote
v03d6	Unclassified,Bacillota_C,Dialister sp001553355
v03d7	Unclassified,Bacteroidota,Prevotella amnii, Prevotella timonensis_A
v03d8	Siphoviridae,Actinomycetota,Bifidobacterium piotii, Bifidobacterium swidsinskii, Bifidobacterium vaginale, Bifidobacterium vaginale_A, Bifidobacterium vaginale_C, Bifidobacterium vaginale_D, Corynebacterium pyruviciproducens, Mobiluncus curtisii, Mobiluncus mulieris, Propionimicrobium lymphophilum, Vaginimicrobium propionicum, Varibaculum cambriense, Varibaculum massiliense, Varibaculum vaginae, Winkia sp002849225
v03d9	Siphoviridae,Bacillota_A,Ezakiella coagulans
v03da	Siphoviridae,Bacillota,Lactobacillus crispatus, Limosilactobacillus portuensis, Limosilactobacillus vaginalis
v03db	Siphoviridae,Bacillota,Limosilactobacillus coleohominis_A
v03dc	Unclassified,Bacteroidota,Prevotella sp000479005, Prevotella sp000758925, Prevotella timonensis_A, Prevotella unknown
v03dd	Siphoviridae,Bacillota_A, Fusobacteriota,Parvimonas sp001552895, Sneathia sanguinegens, Sneathia unknown, Sneathia vaginalis
v03de	Siphoviridae,Bacillota_C,Dialister invisus, Dialister sp001553355, Dialister sp900541485
v03df	Siphoviridae,Bacillota,Streptococcus mitis_BF, Streptococcus unknown
v03e0	Siphoviridae,-,-
v03e1	Siphoviridae,Bacillota, Bacillota_A,Anaerococcus lactolyticus, Anaerococcus tetradius, Anaerococcus vaginimassiliensis, Finegoldia magna_F, Gemella asaccharolytica, Lactobacillus iners, Parvimonas sp001552895, Peptoniphilus_A lacrimalis, Peptoniphilus_A vaginalis, Peptoniphilus_B duerdenii, Peptoniphilus_C coxii
v03e2	Myoviridae,Bacillota_C,Megasphaera lornae
v03e3	Siphoviridae,-,-
v03e4	Siphoviridae,Bacillota_A,Finegoldia magna_F, Finegoldia magna_H, Finegoldia unknown
v03e5	Siphoviridae,-,-
v03e6	Podoviridae_crAss-like,-,-
v03e7	Siphoviridae,Bacillota_A,Levyella massiliensis
v03e8	Myoviridae,-,-
v03e9	Unclassified,-,-
v03ea	Siphoviridae,Bacillota,Streptococcus mitis_Q, Streptococcus oralis_BA, Streptococcus oralis_S, Streptococcus sp019448285, Streptococcus sp020089495, Streptococcus unknown
v03eb	Unclassified,Bacillota,Streptococcus mitis_Q
v03ec	Siphoviridae,Bacillota,Streptococcus mitis_Q
v03ed	Unclassified,Bacillota,Streptococcus agalactiae, Streptococcus mitis_BM, Streptococcus oralis_BA, Streptococcus unknown
v03ee	Siphoviridae,Actinomycetota,Bifidobacterium vaginale
v03ef	Siphoviridae,Bacillota,Atopobacter unknown
v03f0	Siphoviridae,Bacteroidota,Prevotella amnii, Prevotella sp000758925, Prevotella timonensis_A
v03f1	Unclassified,-,-
v03f2	Siphoviridae,Actinomycetota, Bacteroidota,Bifidobacterium piotii, Bifidobacterium sp003585735, Bifidobacterium swidsinskii, Bifidobacterium unknown, Bifidobacterium vaginale, Bifidobacterium vaginale_A, Bifidobacterium vaginale_C, Bifidobacterium vaginale_D, Bifidobacterium vaginale_F, Bifidobacterium vaginale_H, Prevotella timonensis_A
v03f3	Siphoviridae,Bacillota_C,Veillonella montpellierensis
v03f4	Siphoviridae,Bacillota,Granulicatella unknown
v03f5	Siphoviridae,Bacillota_A,Eubacterium_I unknown
v03f6	Unclassified,-,-
v03f7	Siphoviridae,Actinomycetota, Bacteroidota,Berryella sp001552935, Fannyhessea massiliensis, Fannyhessea unknown, Fannyhessea vaginae, Prevotella amnii, Prevotella timonensis_A
v03f8	Siphoviridae,Bacillota,Streptococcus mitis_BF
v03f9	Siphoviridae,-,-
v03fa	Siphoviridae,Bacillota,Granulicatella unknown
v03fb	Siphoviridae,-,-
v03fc	Siphoviridae,-,-
v03fd	Unclassified,Bacteroidota,Prevotella corporis, Prevotella disiens, Prevotella ihumii, Prevotella nigrescens, Prevotella pallens
v03fe	Siphoviridae,Bacillota_A,Peptoniphilus_A harei_A, Peptoniphilus_A lacrimalis, Peptoniphilus_A unknown, Peptoniphilus_A vaginalis
v03ff	Siphoviridae,-,-
v0400	Siphoviridae,Actinomycetota,Bifidobacterium leopoldii, Bifidobacterium piotii, Bifidobacterium sp003585735, Bifidobacterium swidsinskii, Bifidobacterium unknown, Bifidobacterium vaginale, Bifidobacterium vaginale_A, Bifidobacterium vaginale_B, Bifidobacterium vaginale_C, Bifidobacterium vaginale_D, Bifidobacterium vaginale_F, Bifidobacterium vaginale_H
v0401	Unclassified,Bacteroidota,Prevotella amnii
v0402	Siphoviridae,Actinomycetota,Berryella sp001552935, Berryella unknown, Fannyhessea vaginae
v0403	Unclassified,Bacteroidota,Prevotella unknown
v0404	Siphoviridae,Actinomycetota,Bifidobacterium leopoldii, Bifidobacterium piotii, Bifidobacterium sp003585735, Bifidobacterium swidsinskii, Bifidobacterium unknown, Bifidobacterium vaginale, Bifidobacterium vaginale_A, Bifidobacterium vaginale_B, Bifidobacterium vaginale_C, Bifidobacterium vaginale_D, Bifidobacterium vaginale_F, Bifidobacterium vaginale_H, Nanchangia sp900545825
v0405	Siphoviridae,Bacillota,Granulicatella unknown, Streptococcus mitis_BF
v0406	Siphoviridae,-,-
v0407	Unclassified,Bacillota_A, Bacillota_C,Dialister sp001553355, Megasphaera hutchinsoni, Megasphaera lornae, UBA629_sp005465875
v0408	Siphoviridae,Bacillota_C,Megasphaera hutchinsoni, Megasphaera lornae
v0409	Siphoviridae,Bacillota_A,KA00134_sp001574395, Peptoniphilus_A harei_A, Peptoniphilus_A vaginalis
v040a	Unclassified,Bacteroidota,Prevotella sp000479005, Prevotella sp000758925, Prevotella timonensis_A, Prevotella unknown
v040b	Siphoviridae,Actinomycetota,Berryella sp001552935, Berryella unknown, Fannyhessea vaginae
v040c	Siphoviridae,Bacillota,Lactobacillus crispatus, Lactobacillus jensenii, Lactobacillus mulieris
v040d	Unclassified,Actinomycetota, Bacteroidota,Bifidobacterium leopoldii, Bifidobacterium piotii, Bifidobacterium sp003585735, Bifidobacterium swidsinskii, Bifidobacterium unknown, Bifidobacterium vaginale, Bifidobacterium vaginale_A, Bifidobacterium vaginale_C, Bifidobacterium vaginale_D, Bifidobacterium vaginale_F, Bifidobacterium vaginale_H, Prevotella timonensis_A
v040e	Unclassified,Bacteroidota,Prevotella amnii, Prevotella bivia, Prevotella sp000758925, Prevotella timonensis_A
v040f	Unclassified,Actinomycetota, Bacteroidota,Bifidobacterium leopoldii, Bifidobacterium piotii, Bifidobacterium sp003585735, Bifidobacterium swidsinskii, Bifidobacterium unknown, Bifidobacterium vaginale, Bifidobacterium vaginale_A, Bifidobacterium vaginale_C, Bifidobacterium vaginale_D, Bifidobacterium vaginale_F, Bifidobacterium vaginale_H, Prevotella timonensis_A
v0410	Siphoviridae,Bacillota_A, Fusobacteriota,Parvimonas sp001552895, Sneathia sanguinegens, Sneathia unknown, Sneathia vaginalis
v0411	Unclassified,Actinomycetota,Bifidobacterium vaginale_H
v0412	Siphoviridae,Bacillota_C,Veillonella montpellierensis
v0413	Siphoviridae,-,-
v0414	Autographiviridae,Bacillota_C,Dialister sp001553355, Dialister sp900541485
v0415	Unclassified,Actinomycetota, Bacteroidota,Berryella sp001552935, Berryella unknown, Fannyhessea massiliensis, Fannyhessea vaginae, Prevotella disiens
v0416	Siphoviridae,Bacillota_A,Anaerococcus vaginalis_B
v0417	Myoviridae,Bacillota_C,Dialister micraerophilus, Dialister sp001553355, Dialister sp900541485, Megasphaera lornae
v0418	Unclassified,Bacillota_C,Dialister sp001553355
v0419	Myoviridae,-,-
v041a	Myoviridae,Bacillota_A,Peptoniphilus_A harei_A, Peptoniphilus_A lacrimalis, Peptoniphilus_A unknown, Peptoniphilus_A vaginalis
v041b	Siphoviridae,Bacillota_A,Peptoniphilus_A lacrimalis
v041c	Myoviridae,Bacillota_A,Peptoniphilus_A harei_A, Peptoniphilus_A lacrimalis, Peptoniphilus_A unknown, Peptoniphilus_A vaginalis
v041d	Unclassified,Bacillota_C,Dialister micraerophilus, Dialister sp001553355, Megasphaera lornae
v041e	Metaviridae,Eukaryote,Eukaryote
v041f	Unclassified,Actinomycetota, Bacteroidota,Berryella sp001552935, Berryella unknown, Fannyhessea unknown, Fannyhessea vaginae, Prevotella disiens
v0420	Siphoviridae,Bacillota,Limosilactobacillus portuensis
v0421	Myoviridae,Bacillota,Lactobacillus crispatus, Lactobacillus mulieris
v0422	Siphoviridae,Bacillota,Lactobacillus crispatus, Lactobacillus jensenii, Lactobacillus mulieris
v0423	Siphoviridae,Bacillota,Lactobacillus gasseri, Lactobacillus johnsonii, Lactobacillus paragasseri
v0424	Papillomaviridae,Eukaryote,Eukaryote
v0425	Siphoviridae,Bacillota,Lactobacillus crispatus
v0426	Papillomaviridae,Eukaryote,Eukaryote
v0427	Siphoviridae,Bacillota_A, Fusobacteriota,Parvimonas sp001552895, Sneathia sanguinegens, Sneathia unknown, Sneathia vaginalis
v0428	Siphoviridae,Actinomycetota, Bacteroidota,Berryella sp001552935, Fannyhessea massiliensis, Fannyhessea unknown, Fannyhessea vaginae, Prevotella amnii, Prevotella timonensis_A
v0429	Unclassified,Bacteroidota,Prevotella amnii, Prevotella unknown
v042a	Siphoviridae,Actinomycetota,Berryella sp001552935
v042b	Siphoviridae,Actinomycetota,Berryella sp001552935, Berryella unknown, Fannyhessea vaginae
v042c	Unclassified,Bacteroidota,Prevotella sp000758925, Prevotella unknown
v042d	Siphoviridae,Actinomycetota, Bacteroidota,Bifidobacterium leopoldii, Bifidobacterium piotii, Bifidobacterium sp003585735, Bifidobacterium swidsinskii, Bifidobacterium unknown, Bifidobacterium vaginale, Bifidobacterium vaginale_A, Bifidobacterium vaginale_B, Bifidobacterium vaginale_C, Bifidobacterium vaginale_D, Bifidobacterium vaginale_F, Bifidobacterium vaginale_H, Prevotella timonensis_A
v042e	Papillomaviridae,Eukaryote,Eukaryote
v042f	Unclassified,Actinomycetota, Bacteroidota,Bifidobacterium piotii, Bifidobacterium swidsinskii, Bifidobacterium unknown, Bifidobacterium vaginale, Bifidobacterium vaginale_A, Bifidobacterium vaginale_C, Bifidobacterium vaginale_F, Bifidobacterium vaginale_H, Prevotella timonensis_A
v0430	Siphoviridae,Actinomycetota,Bifidobacterium leopoldii, Bifidobacterium swidsinskii, Bifidobacterium unknown, Bifidobacterium vaginale_A, Bifidobacterium vaginale_C
v0431	Siphoviridae,Actinomycetota,Bifidobacterium vaginale_C
v0432	Unclassified,-,-
v0433	Siphoviridae,Bacillota_C,Dialister sp001553355
v0434	Unclassified,Bacillota_C,Megasphaera hutchinsoni, Megasphaera lornae
v0435	Myoviridae,Fusobacteriota,Sneathia sanguinegens, Sneathia unknown, Sneathia vaginalis
v0436	Quimbyviridae,Bacteroidota,Prevotella unknown
v0437	Unclassified,Bacillota_C,Megasphaera lornae
v0438	Siphoviridae,Bacillota_A, Bacillota_C,Dialister sp001553355, UBA629_sp005465875
v0439	Flandersviridae,Bacteroidota, Pseudomonadota,CALXRO01_unknown, Prevotella timonensis_A
v043a	Unclassified,Bacillota_C,Dialister sp001553355, Dialister sp900541485
v043b	Siphoviridae,Actinomycetota,Berryella unknown, Fannyhessea massiliensis, Fannyhessea unknown, Fannyhessea vaginae
v043c	Unclassified,Patescibacteria,Nanoperiomorbus sp004136275, Nanoperiomorbus unknown
v043d	Siphoviridae,Bacillota_A,Stomatobaculum naviforme, Stomatobaculum sp002892395
v043e	Unclassified,Actinomycetota,Bifidobacterium leopoldii, Bifidobacterium piotii, Bifidobacterium swidsinskii, Bifidobacterium unknown, Bifidobacterium vaginale, Bifidobacterium vaginale_A, Bifidobacterium vaginale_C, Bifidobacterium vaginale_F, Bifidobacterium vaginale_H
v043f	Unclassified,Actinomycetota,Bifidobacterium vaginale
v0440	Siphoviridae,Bacillota_A,Peptostreptococcus anaerobius, Peptostreptococcus sp000758885
v0441	Unclassified,Actinomycetota, Bacteroidota,Berryella sp001552935, Berryella unknown, Fannyhessea vaginae, Prevotella disiens
v0442	Siphoviridae,Actinomycetota,Berryella sp001552935, Berryella unknown, Fannyhessea vaginae
v0443	Siphoviridae,Actinomycetota, Bacillota, Bacillota_A, Bacillota_C,Amygdalobacter indicium, Dialister micraerophilus, Dialister sp001553355, KA00274_sp902373515, Lactobacillus iners, Megasphaera hutchinsoni, Mobiluncus curtisii, UBA629_sp005465875
v0444	Siphoviridae,-,-
v0445	Siphoviridae,-,-
v0446	Siphoviridae,Bacillota,Enterococcus faecalis
v0447	Siphoviridae,Bacillota,Staphylococcus haemolyticus
v0448	Myoviridae,Bacillota_C,Dialister sp001553355
v0449	Unclassified,Actinomycetota,Bifidobacterium leopoldii, Bifidobacterium piotii, Bifidobacterium swidsinskii, Bifidobacterium unknown, Bifidobacterium vaginale, Bifidobacterium vaginale_A, Bifidobacterium vaginale_B, Bifidobacterium vaginale_C, Bifidobacterium vaginale_F
v044a	Unclassified,Bacteroidota,Prevotella amnii, Prevotella colorans, Prevotella sp000479005, Prevotella sp000758925, Prevotella timonensis_A, Prevotella unknown
v044b	Unclassified,Bacillota_C,Dialister micraerophilus, Dialister sp001553355, Megasphaera lornae
v044c	Siphoviridae,Bacillota_A,Parvimonas sp001552895
v044d	Unclassified,Actinomycetota,Mobiluncus curtisii
v044e	Iflaviridae,Eukaryote,Eukaryote
v044f	Unclassified,Bacteroidota,Cryptobacteroides unknown, Prevotella sp000479005
v0450	Unclassified,Bacteroidota,Prevotella amnii, Prevotella disiens, Prevotella sp000479005, Prevotella sp000758925, Prevotella timonensis_A, Prevotella unknown
v0451	Unclassified,-,-
v0452	Inoviridae,-,-
v0453	Unclassified,Actinomycetota,ZJ293_unknown
v0454	Siphoviridae,Bacteroidota,Prevotella sp000479005, Prevotella sp000758925, Prevotella timonensis_A, Prevotella unknown
v0455	Siphoviridae,Actinomycetota,Bifidobacterium piotii, Bifidobacterium swidsinskii, Bifidobacterium unknown, Bifidobacterium vaginale, Bifidobacterium vaginale_A, Bifidobacterium vaginale_C, Bifidobacterium vaginale_D, Bifidobacterium vaginale_F, Bifidobacterium vaginale_H
v0456	Unclassified,Bacillota_A,Amygdalobacter indicium, UBA629_sp005465875
v0457	Siphoviridae,Bacillota,Aerococcus christensenii
v0458	Siphoviridae,Bacillota,Atopobacter unknown
v0459	Siphoviridae,Actinomycetota,Fannyhessea massiliensis
v045a	Siphoviridae,Bacillota,Gemella asaccharolytica
v045b	Siphoviridae,-,-
v045c	Siphoviridae,-,-
v045d	Siphoviridae,Bacillota_A,Paraclostridium dentum
v045e	Unclassified,Actinomycetota,Berryella sp001552935, Berryella unknown, Fannyhessea vaginae
v045f	Siphoviridae,-,-
v0460	Unclassified,Actinomycetota,Bifidobacterium breve, Bifidobacterium longum
v0461	Unclassified,Bacteroidota,Prevotella colorans, Prevotella sp000479005, Prevotella sp000758925, Prevotella timonensis_A, Prevotella unknown
v0462	Siphoviridae,Actinomycetota, Bacillota_C, Bacteroidota,Fannyhessea massiliensis, Fannyhessea unknown, Fannyhessea vaginae, Megasphaera hutchinsoni, Prevotella timonensis_A
v0463	Unclassified,Actinomycetota,Mobiluncus mulieris, Mobiluncus unknown
v0464	Unclassified,Actinomycetota, Bacteroidota,Bifidobacterium piotii, Bifidobacterium sp003585735, Bifidobacterium swidsinskii, Bifidobacterium unknown, Bifidobacterium vaginale, Bifidobacterium vaginale_A, Bifidobacterium vaginale_C, Bifidobacterium vaginale_D, Bifidobacterium vaginale_F, Bifidobacterium vaginale_H, Prevotella timonensis_A
v0465	Siphoviridae,Actinomycetota, Bacillota_A, Bacteroidota,Berryella sp001552935, Fannyhessea massiliensis, Fannyhessea unknown, Fannyhessea vaginae, Mageeibacillus indolicus, Prevotella timonensis_A
v0466	Siphoviridae,Actinomycetota, Bacteroidota,Bifidobacterium leopoldii, Bifidobacterium piotii, Bifidobacterium sp003585735, Bifidobacterium swidsinskii, Bifidobacterium unknown, Bifidobacterium vaginale, Bifidobacterium vaginale_A, Bifidobacterium vaginale_C, Bifidobacterium vaginale_F, Bifidobacterium vaginale_H, Prevotella timonensis_A
v0467	Unclassified,Actinomycetota,Bifidobacterium piotii, Bifidobacterium swidsinskii, Bifidobacterium unknown, Bifidobacterium vaginale, Bifidobacterium vaginale_A, Bifidobacterium vaginale_D, Bifidobacterium vaginale_H
v0468	Unclassified,-,-
v0469	Siphoviridae,Actinomycetota,Bifidobacterium vaginale
v046a	Siphoviridae,Bacillota,Staphylococcus haemolyticus
v046b	Unclassified,Bacillota_C,Megasphaera hutchinsoni, Megasphaera lornae
v046c	Myoviridae,Bacillota_C,Dialister sp001553355, Megasphaera hutchinsoni, Megasphaera lornae
v046d	Papillomaviridae,Eukaryote,Eukaryote
v046e	Myoviridae,Bacillota_A, Fusobacteriota,Parvimonas sp001552895, Sneathia sanguinegens, Sneathia unknown, Sneathia vaginalis
v046f	Siphoviridae,Bacillota, Bacteroidota,Lactobacillus crispatus, Prevotella unknown
v0470	Siphoviridae,Bacillota_C,Megasphaera lornae
v0471	Siphoviridae,Bacillota_C, Bacteroidota,Dialister invisus, Dialister sp001553355, Dialister sp900541485, Megasphaera lornae, Prevotella timonensis_A, Prevotella unknown
v0472	Siphoviridae,Actinomycetota,Mobiluncus mulieris
v0473	Unclassified,Actinomycetota, Bacillota, Bacillota_A, Bacillota_C, Bacteroidota,Dialister sp001553355, Fannyhessea massiliensis, Fannyhessea unknown, Fannyhessea vaginae, Lactobacillus iners, Mobiluncus curtisii, Prevotella amnii, UBA629_sp005465875
v0474	Unclassified,Actinomycetota,Bifidobacterium vaginale_C
v0475	Siphoviridae,Actinomycetota,Fannyhessea massiliensis, Fannyhessea unknown, Fannyhessea vaginae
v0476	Unclassified,-,-
v0477	Siphoviridae,Actinomycetota,Bifidobacterium swidsinskii, Bifidobacterium vaginale
v0478	Unclassified,Bacillota_C,Dialister sp001553355
v0479	Siphoviridae,Actinomycetota,Bifidobacterium vaginale_C
v047a	Siphoviridae,Bacillota_A, Fusobacteriota,Parvimonas sp001552895, Sneathia sanguinegens, Sneathia unknown, Sneathia vaginalis
v047b	Unclassified,Bacillota_C,Megasphaera lornae
v047c	Unclassified,Actinomycetota, Bacillota_C,Bifidobacterium vaginale, Megasphaera hutchinsoni, Megasphaera lornae
v047d	Siphoviridae,-,-
v047e	Siphoviridae,Bacillota_A,Anaerococcus prevotii, Anaerococcus tetradius, Anaerococcus unknown
v047f	Siphoviridae,Bacillota_A,Anaerococcus tetradius, Anaerococcus unknown
v0480	Unclassified,Bacteroidota,Prevotella disiens, Prevotella ihumii, Prevotella sp000758925, Prevotella timonensis_A
v0481	Siphoviridae,Actinomycetota,Bifidobacterium vaginale_A, Bifidobacterium vaginale_C
v0482	Siphoviridae,-,-
v0483	Unclassified,Bacteroidota,Prevotella bivia, Prevotella disiens, Prevotella sp001553265
v0484	Siphoviridae,Actinomycetota, Bacteroidota,Fannyhessea massiliensis, Fannyhessea unknown, Fannyhessea vaginae, Prevotella timonensis_A
v0485	Unclassified,Bacteroidota,Prevotella colorans, Prevotella sp000479005, Prevotella sp000758925, Prevotella timonensis_A, Prevotella unknown
v0486	Unclassified,Actinomycetota,Bifidobacterium piotii, Bifidobacterium swidsinskii, Bifidobacterium unknown, Bifidobacterium vaginale, Bifidobacterium vaginale_A, Bifidobacterium vaginale_C, Bifidobacterium vaginale_H
v0487	Siphoviridae,Actinomycetota,Fannyhessea massiliensis, Fannyhessea unknown, Fannyhessea vaginae
v0488	Siphoviridae,Actinomycetota, Bacteroidota,Berryella sp001552935, Berryella unknown, Fannyhessea massiliensis, Fannyhessea unknown, Fannyhessea vaginae, Prevotella amnii, Prevotella timonensis_A
v0489	Unclassified,Bacillota_A,Stomatobaculum naviforme
v048a	Unclassified,Actinomycetota, Bacteroidota,Bifidobacterium leopoldii, Bifidobacterium piotii, Bifidobacterium sp003585735, Bifidobacterium swidsinskii, Bifidobacterium unknown, Bifidobacterium vaginale, Bifidobacterium vaginale_A, Bifidobacterium vaginale_B, Bifidobacterium vaginale_C, Bifidobacterium vaginale_D, Bifidobacterium vaginale_F, Bifidobacterium vaginale_H, Prevotella timonensis_A
v048b	Unclassified,Bacteroidota,Prevotella colorans, Prevotella sp000479005, Prevotella timonensis_A
v048c	Siphoviridae,Actinomycetota,Berryella sp001552935, Berryella unknown
v048d	Unclassified,Actinomycetota, Bacillota_A, Bacteroidota,Berryella sp001552935, Fannyhessea massiliensis, Fannyhessea unknown, Fannyhessea vaginae, Mageeibacillus indolicus, Prevotella timonensis_A
v048e	Siphoviridae,Actinomycetota,Bifidobacterium piotii, Bifidobacterium swidsinskii, Bifidobacterium vaginale, Bifidobacterium vaginale_A, Bifidobacterium vaginale_D
v048f	Unclassified,Bacteroidota,Porphyromonas asaccharolytica, Porphyromonas sp900548415, Porphyromonas uenonis, Porphyromonas uenonis_A, Porphyromonas unknown
v0490	Siphoviridae,Bacillota_A, Bacillota_C,Dialister sp001553355, UBA629_sp005465875
v0491	Podoviridae,Actinomycetota,Fannyhessea unknown, Fannyhessea vaginae
v0492	Unclassified,Actinomycetota, Bacillota,Bifidobacterium leopoldii, Bifidobacterium piotii, Bifidobacterium sp003585735, Bifidobacterium swidsinskii, Bifidobacterium unknown, Bifidobacterium vaginale, Bifidobacterium vaginale_A, Bifidobacterium vaginale_C, Bifidobacterium vaginale_D, Bifidobacterium vaginale_H, Lactobacillus iners
v0493	Unclassified,Fusobacteriota,Sneathia vaginalis
v0494	Siphoviridae,-,-
v0495	Siphoviridae,Bacillota,Lactobacillus crispatus, Lactobacillus iners, Lactobacillus jensenii
v0496	Unclassified,Bacillota, Bacteroidota,Prevotella amnii, Prevotella bivia, Streptococcus unknown
v0497	Siphoviridae,Actinomycetota,Berryella sp001552935, Berryella unknown
v0498	Siphoviridae,Actinomycetota, Bacteroidota,Bifidobacterium leopoldii, Bifidobacterium piotii, Bifidobacterium sp003585735, Bifidobacterium swidsinskii, Bifidobacterium unknown, Bifidobacterium vaginale, Bifidobacterium vaginale_A, Bifidobacterium vaginale_B, Bifidobacterium vaginale_C, Bifidobacterium vaginale_D, Bifidobacterium vaginale_F, Bifidobacterium vaginale_H, Prevotella timonensis_A
v0499	Unclassified,Patescibacteria,Nanoperiomorbus sp004136275, Nanoperiomorbus unknown
v049a	Siphoviridae,-,-
v049b	Siphoviridae,Actinomycetota,Berryella sp001552935
v049c	Myoviridae,Bacillota,Lactobacillus crispatus, Lactobacillus mulieris
v049d	Unclassified,Actinomycetota,Bifidobacterium vaginale_H
v049e	Unclassified,Bacteroidota,Prevotella sp000479005, Prevotella timonensis_A, Prevotella unknown
v049f	Siphoviridae,Actinomycetota, Bacillota_C,Bifidobacterium vaginale, Megasphaera hutchinsoni, Megasphaera lornae
v04a0	Unclassified,Actinomycetota, Bacteroidota,Bifidobacterium leopoldii, Bifidobacterium piotii, Bifidobacterium sp003585735, Bifidobacterium swidsinskii, Bifidobacterium unknown, Bifidobacterium vaginale, Bifidobacterium vaginale_A, Bifidobacterium vaginale_B, Bifidobacterium vaginale_C, Bifidobacterium vaginale_D, Bifidobacterium vaginale_F, Bifidobacterium vaginale_H, Prevotella timonensis_A
v04a1	Unclassified,Bacteroidota,Prevotella sp000479005, Prevotella sp000758925, Prevotella timonensis_A, Prevotella unknown
v04a2	Siphoviridae,Actinomycetota,Berryella sp001552935
v04a3	Unclassified,Actinomycetota,Bifidobacterium vaginale_C
v04a4	Unclassified,Bacteroidota,Prevotella colorans, Prevotella sp000758925, Prevotella timonensis_A, Prevotella unknown
v04a5	Siphoviridae,Bacillota_A,Peptoniphilus_A harei_A, Peptoniphilus_A lacrimalis
v04a6	Siphoviridae,Actinomycetota, Bacillota, Bacillota_A, Bacillota_C,Dialister sp001553355, Dialister sp900541485, Lactobacillus iners, Mobiluncus curtisii, UBA629_sp005465875
v04a7	Siphoviridae,Bacillota_C,Dialister invisus, Dialister sp001553355, Dialister sp900541485, Megasphaera lornae
v04a8	Siphoviridae,Actinomycetota,Fannyhessea massiliensis
v04a9	Unclassified,Bacteroidota,Prevotella amnii, Prevotella bivia
v04aa	Siphoviridae,Bacillota,Lactobacillus crispatus, Lactobacillus gasseri, Lactobacillus iners, Lactobacillus jensenii, Lactobacillus mulieris
v04ab	Siphoviridae,Actinomycetota, Bacteroidota,Bifidobacterium piotii, Bifidobacterium swidsinskii, Bifidobacterium unknown, Bifidobacterium vaginale, Bifidobacterium vaginale_A, Bifidobacterium vaginale_C, Bifidobacterium vaginale_D, Bifidobacterium vaginale_F, Bifidobacterium vaginale_H, Prevotella timonensis_A
v04ac	Unclassified,Actinomycetota, Bacteroidota,Bifidobacterium piotii, Bifidobacterium swidsinskii, Bifidobacterium unknown, Bifidobacterium vaginale, Bifidobacterium vaginale_A, Bifidobacterium vaginale_B, Bifidobacterium vaginale_C, Bifidobacterium vaginale_D, Bifidobacterium vaginale_F, Bifidobacterium vaginale_H, Prevotella timonensis_A
v04ad	Unclassified,Bacteroidota,Prevotella amnii, Prevotella unknown
v04ae	Unclassified,Bacillota,Lactobacillus iners
v04af	Myoviridae,Bacteroidota,Prevotella sp000479005
v04b0	Siphoviridae,Bacillota_A, Fusobacteriota,Parvimonas sp001552895, Sneathia sanguinegens, Sneathia unknown
v04b1	Unclassified,Bacillota_C,Dialister sp001553355
v04b2	Unclassified,Patescibacteria,Nanoperiomorbus unknown
v04b3	Unclassified,Actinomycetota, Bacteroidota,Bifidobacterium leopoldii, Bifidobacterium piotii, Bifidobacterium sp003585735, Bifidobacterium swidsinskii, Bifidobacterium unknown, Bifidobacterium vaginale, Bifidobacterium vaginale_A, Bifidobacterium vaginale_B, Bifidobacterium vaginale_C, Bifidobacterium vaginale_D, Bifidobacterium vaginale_F, Bifidobacterium vaginale_H, Prevotella timonensis_A
v04b4	Unclassified,Actinomycetota,Bifidobacterium leopoldii, Bifidobacterium piotii, Bifidobacterium swidsinskii, Bifidobacterium vaginale, Bifidobacterium vaginale_A, Bifidobacterium vaginale_C, Bifidobacterium vaginale_D
v04b5	Unclassified,Actinomycetota, Bacteroidota,Bifidobacterium piotii, Bifidobacterium swidsinskii, Bifidobacterium unknown, Bifidobacterium vaginale, Bifidobacterium vaginale_A, Bifidobacterium vaginale_C, Bifidobacterium vaginale_F, Bifidobacterium vaginale_H, Prevotella timonensis_A
v04b6	Unclassified,Bacteroidota,Prevotella amnii, Prevotella bivia, Prevotella ihumii
v04b7	Unclassified,Bacteroidota,Prevotella colorans, Prevotella oris, Prevotella sp000479005, Prevotella timonensis_A, Prevotella unknown
v04b8	Podoviridae_crAss-like,Bacteroidota,Prevotella amnii, Prevotella unknown
v04b9	Siphoviridae,Bacillota_A,Parvimonas parva, Parvimonas sp001552895
v04ba	Unclassified,Actinomycetota,Bifidobacterium piotii, Bifidobacterium swidsinskii, Bifidobacterium unknown, Bifidobacterium vaginale, Bifidobacterium vaginale_A, Bifidobacterium vaginale_C, Bifidobacterium vaginale_F, Bifidobacterium vaginale_H
v04bb	Unclassified,Bacteroidota,Prevotella sp000479005, Prevotella timonensis_A, Prevotella unknown
v04bc	Siphoviridae,Bacillota,Limosilactobacillus vaginalis
v04bd	Unclassified,Actinomycetota,Mobiluncus curtisii, Mobiluncus mulieris
v04be	Unclassified,Bacteroidota,Cryptobacteroides unknown
v04bf	Unclassified,Actinomycetota, Bacillota_C,Bifidobacterium vaginale, Megasphaera hutchinsoni, Megasphaera lornae
v04c0	Siphoviridae,Actinomycetota, Bacillota_A,Berryella sp001552935, Bifidobacterium piotii, Bifidobacterium swidsinskii, Bifidobacterium unknown, Bifidobacterium vaginale, Bifidobacterium vaginale_A, Bifidobacterium vaginale_C, Bifidobacterium vaginale_F, Bifidobacterium vaginale_H, Fannyhessea massiliensis, Fannyhessea vaginae, UBA629_sp005465875
v04c1	Unclassified,Patescibacteria,Nanoperiomorbus sp004136275, Nanoperiomorbus unknown
v04c2	Siphoviridae,Actinomycetota,Bifidobacterium piotii, Bifidobacterium swidsinskii, Bifidobacterium unknown, Bifidobacterium vaginale, Bifidobacterium vaginale_A, Bifidobacterium vaginale_C, Bifidobacterium vaginale_D, Bifidobacterium vaginale_H
v04c3	Siphoviridae,Bacillota_C,Veillonella montpellierensis
v04c4	Siphoviridae,Actinomycetota,Fannyhessea massiliensis, Fannyhessea unknown, Fannyhessea vaginae
v04c5	Myoviridae,Bacillota_C,Dialister micraerophilus, Dialister sp001553355
v04c6	Siphoviridae,Actinomycetota, Bacillota, Bacillota_A,Bifidobacterium leopoldii, Bifidobacterium piotii, Bifidobacterium swidsinskii, Bifidobacterium unknown, Bifidobacterium vaginale, Bifidobacterium vaginale_A, Bifidobacterium vaginale_C, Bifidobacterium vaginale_F, Bifidobacterium vaginale_H, Bulleidia unknown, Fannyhessea massiliensis, Fannyhessea vaginae, Lactobacillus iners, UBA629_sp005465875
v04c7	Unclassified,Actinomycetota,Bifidobacterium vaginale_H
v04c8	Unclassified,Bacteroidota,Prevotella amnii, Prevotella sp000479005, Prevotella sp000758925, Prevotella timonensis_A, Prevotella unknown
v04c9	Unclassified,Bacteroidota,Prevotella amnii, Prevotella timonensis_A, Prevotella unknown
v04ca	Myoviridae,Bacillota_C,Dialister micraerophilus, Dialister sp001553355, Dialister sp900541485
v04cb	Siphoviridae,Bacillota_A,Anaerococcus vaginimassiliensis, Finegoldia unknown, Peptoniphilus_A lacrimalis, Peptoniphilus_A vaginalis, Peptoniphilus_B duerdenii, Peptoniphilus_C coxii, Peptostreptococcus anaerobius, UBA629_sp005465875
v04cc	Siphoviridae,Actinomycetota,Bifidobacterium vaginale
v04cd	Siphoviridae,Bacillota_A,Mageeibacillus indolicus
v04ce	Unclassified,Fusobacteriota,Sneathia vaginalis
v04cf	Unclassified,Bacteroidota,Prevotella amnii, Prevotella sp000479005, Prevotella sp000758925, Prevotella timonensis_A, Prevotella unknown
v04d0	Siphoviridae,Bacillota,Lactobacillus crispatus, Lactobacillus gasseri, Lactobacillus iners, Lactobacillus jensenii
v04d1	Siphoviridae,Bacillota,Aerococcus christensenii
v04d2	Siphoviridae,Bacillota,Streptococcus agalactiae
v04d3	Siphoviridae,Actinomycetota,Arcanobacterium_A sp000758825
v04d4	Unclassified,Bacillota,Gemella asaccharolytica
v04d5	Unclassified,Actinomycetota,Bifidobacterium piotii, Bifidobacterium swidsinskii, Bifidobacterium unknown, Bifidobacterium vaginale, Bifidobacterium vaginale_A, Bifidobacterium vaginale_C, Bifidobacterium vaginale_D, Bifidobacterium vaginale_F, Bifidobacterium vaginale_H
v04d6	Siphoviridae,Bacillota_A,Parvimonas sp001552895
v04d7	Unclassified,Bacillota_A, Bacillota_C,Catonella unknown, Megasphaera hutchinsoni, Megasphaera lornae
v04d8	Siphoviridae,Bacillota_A,Parvimonas parva, Parvimonas sp001552895
v04d9	Unclassified,Actinomycetota, Bacteroidota,Berryella sp001552935, Berryella unknown, Fannyhessea vaginae, Prevotella disiens
v04da	Myoviridae,Fusobacteriota,Sneathia unknown, Sneathia vaginalis
v04db	Unclassified,Bacillota,Gemella asaccharolytica
v04dc	Myoviridae,Bacillota_A,CAKAHY01_unknown, Catonella unknown, Criibacterium bergeronii, UBA629_sp005465875
v04dd	Siphoviridae,Bacillota_A,Peptoniphilus_C sp902363535
v04de	Siphoviridae,Bacillota_A,Peptoniphilus_A harei_A, Peptoniphilus_A vaginalis, Peptoniphilus_B duerdenii
v04df	Siphoviridae,Bacillota_A,Fenollaria massiliensis, Fenollaria unknown
v04e0	Siphoviridae,Bacillota_A,S5-A14a sp000758905
v04e1	Siphoviridae,Bacillota_C,Dialister sp001553355, Dialister sp900541485
v04e2	Siphoviridae,Bacillota_A, Fusobacteriota,Parvimonas sp001552895, Sneathia sanguinegens, Sneathia unknown, Sneathia vaginalis
v04e3	Podoviridae,-,-
v04e4	Siphoviridae,Bacillota_A,Peptoniphilus_A lacrimalis
v04e5	Unclassified,Bacteroidota,Prevotella sp000479005, Prevotella timonensis_A, Prevotella unknown
v04e6	Unclassified,Bacillota_C,Dialister micraerophilus, Dialister sp900541485
v04e7	Myoviridae,Bacillota_C, Bacteroidota,Dialister sp001553355, Prevotella stercorea
v04e8	Unclassified,-,-
v04e9	Siphoviridae,-,-
v04ea	Siphoviridae,Bacillota,Lactobacillus crispatus, Lactobacillus iners, Lactobacillus jensenii, Lactobacillus mulieris
v04eb	Siphoviridae,Bacillota_A,Parvimonas sp001552895
v04ec	Siphoviridae,Actinomycetota, Bacillota_A,Bifidobacterium piotii, Bifidobacterium vaginale_B, Bifidobacterium vaginale_D, UBA629_sp005465875
v04ed	Unclassified,Bacillota_C,Megasphaera hutchinsoni, Megasphaera lornae
v04ee	Siphoviridae,Bacillota,Bulleidia unknown
v04ef	Unclassified,Bacteroidota,Prevotella colorans, Prevotella sp000479005, Prevotella sp000758925, Prevotella timonensis_A, Prevotella unknown
v04f0	Siphoviridae,Bacillota_A, Fusobacteriota,Parvimonas sp001552895, Sneathia sanguinegens, Sneathia unknown
v04f1	Quimbyviridae,Bacteroidota,Prevotella unknown
v04f2	Siphoviridae,Actinomycetota,Fannyhessea massiliensis
v04f3	Unclassified,Bacteroidota,Prevotella unknown
v04f4	Unclassified,Actinomycetota, Bacteroidota,Bifidobacterium leopoldii, Bifidobacterium piotii, Bifidobacterium sp003585735, Bifidobacterium swidsinskii, Bifidobacterium unknown, Bifidobacterium vaginale, Bifidobacterium vaginale_A, Bifidobacterium vaginale_B, Bifidobacterium vaginale_C, Bifidobacterium vaginale_D, Bifidobacterium vaginale_F, Bifidobacterium vaginale_H, Prevotella timonensis_A
v04f5	Unclassified,Bacillota_C,Dialister sp001553355
v04f6	Unclassified,Actinomycetota, Bacteroidota,Bifidobacterium leopoldii, Bifidobacterium piotii, Bifidobacterium swidsinskii, Bifidobacterium unknown, Bifidobacterium vaginale, Bifidobacterium vaginale_A, Bifidobacterium vaginale_B, Bifidobacterium vaginale_C, Bifidobacterium vaginale_D, Bifidobacterium vaginale_F, Bifidobacterium vaginale_H, Prevotella timonensis_A
v04f7	Unclassified,Bacteroidota,Prevotella timonensis_A, Prevotella unknown
v04f8	Myoviridae,Bacillota_A,Peptoniphilus_A grossensis, Peptoniphilus_A harei_A, Peptoniphilus_A lacrimalis, Peptoniphilus_A vaginalis, Peptoniphilus_B duerdenii
v04f9	Unclassified,Bacillota_C,Dialister sp001553355, Dialister sp900541485
v04fa	Unclassified,Actinomycetota,Fannyhessea unknown
v04fb	Unclassified,Bacteroidota,Prevotella amnii, Prevotella sp000479005, Prevotella sp000758925, Prevotella timonensis_A, Prevotella unknown
v04fc	Siphoviridae,-,-
v04fd	Unclassified,Actinomycetota, Bacteroidota,Bifidobacterium leopoldii, Bifidobacterium piotii, Bifidobacterium swidsinskii, Bifidobacterium unknown, Bifidobacterium vaginale, Bifidobacterium vaginale_A, Bifidobacterium vaginale_B, Bifidobacterium vaginale_C, Bifidobacterium vaginale_D, Bifidobacterium vaginale_F, Bifidobacterium vaginale_H, Prevotella timonensis_A
v04fe	Siphoviridae,Actinomycetota,Fannyhessea vaginae
v04ff	Unclassified,Actinomycetota, Bacteroidota,Bifidobacterium leopoldii, Bifidobacterium piotii, Bifidobacterium sp003585735, Bifidobacterium swidsinskii, Bifidobacterium unknown, Bifidobacterium vaginale, Bifidobacterium vaginale_A, Bifidobacterium vaginale_B, Bifidobacterium vaginale_C, Bifidobacterium vaginale_D, Bifidobacterium vaginale_F, Bifidobacterium vaginale_H, Prevotella timonensis_A
v0500	Siphoviridae,Actinomycetota,Bifidobacterium vaginale_C
v0501	Siphoviridae,-,-
v0502	Myoviridae,Bacillota_A,Peptostreptococcus anaerobius, Peptostreptococcus stomatis
v0503	Siphoviridae,Bacillota_A, Fusobacteriota,Parvimonas sp001552895, Sneathia sanguinegens, Sneathia unknown, Sneathia vaginalis
v0504	Siphoviridae,Bacillota_A,Stomatobaculum sp002892395
v0505	Unclassified,Actinomycetota,Bifidobacterium leopoldii, Bifidobacterium piotii, Bifidobacterium swidsinskii, Bifidobacterium unknown, Bifidobacterium vaginale, Bifidobacterium vaginale_A, Bifidobacterium vaginale_C, Bifidobacterium vaginale_D, Bifidobacterium vaginale_F, Bifidobacterium vaginale_H
v0506	Unclassified,Bacteroidota,Prevotella sp000479005, Prevotella timonensis_A, Prevotella unknown
v0507	Unclassified,Actinomycetota,Bifidobacterium piotii, Bifidobacterium sp003585735, Bifidobacterium swidsinskii, Bifidobacterium unknown, Bifidobacterium vaginale, Bifidobacterium vaginale_A, Bifidobacterium vaginale_C, Bifidobacterium vaginale_D, Bifidobacterium vaginale_F, Bifidobacterium vaginale_H
v0508	Myoviridae,Bacillota_C,Megasphaera lornae
v0509	Unclassified,Bacteroidota,Prevotella sp000479005, Prevotella timonensis_A, Prevotella unknown
v050a	Siphoviridae,Bacillota,Gemella asaccharolytica
v050b	Unclassified,Bacteroidota,Prevotella amnii, Prevotella sp000758925, Prevotella timonensis_A
v050c	Siphoviridae,Actinomycetota, Bacillota_C,Bifidobacterium vaginale, Megasphaera hutchinsoni, Megasphaera lornae
v050d	Unclassified,-,-
v050e	Siphoviridae,Bacillota_A,Parvimonas sp001552895
v050f	Unclassified,Actinomycetota,Bifidobacterium piotii, Bifidobacterium swidsinskii, Bifidobacterium unknown, Bifidobacterium vaginale, Bifidobacterium vaginale_A, Bifidobacterium vaginale_C
v0510	Siphoviridae,-,-
v0511	Siphoviridae,Bacillota_A, Fusobacteriota,Parvimonas sp001552895, Sneathia sanguinegens, Sneathia unknown, Sneathia vaginalis
v0512	Unclassified,Actinomycetota, Bacteroidota,Bifidobacterium leopoldii, Bifidobacterium piotii, Bifidobacterium swidsinskii, Bifidobacterium unknown, Bifidobacterium vaginale, Bifidobacterium vaginale_A, Bifidobacterium vaginale_C, Bifidobacterium vaginale_F, Bifidobacterium vaginale_H, Prevotella timonensis_A
v0513	Siphoviridae,Actinomycetota, Bacillota, Bacillota_A,Bifidobacterium leopoldii, Bifidobacterium piotii, Bifidobacterium swidsinskii, Bifidobacterium unknown, Bifidobacterium vaginale, Bifidobacterium vaginale_A, Bifidobacterium vaginale_C, Bifidobacterium vaginale_F, Bifidobacterium vaginale_H, Bulleidia unknown, Fannyhessea massiliensis, Fannyhessea vaginae, Lactobacillus iners, UBA629_sp005465875
v0514	Unclassified,Actinomycetota,Berryella sp001552935, Berryella unknown, Fannyhessea vaginae
v0515	Siphoviridae,-,-
v0516	Siphoviridae,Actinomycetota,Fannyhessea massiliensis, Fannyhessea unknown, Fannyhessea vaginae
v0517	Unclassified,Actinomycetota, Bacteroidota,Berryella sp001552935, Berryella unknown, Fannyhessea vaginae, Prevotella disiens
v0518	Siphoviridae,-,-
v0519	Siphoviridae,Actinomycetota,Berryella sp001552935, Berryella unknown, Fannyhessea vaginae
v051a	Siphoviridae,Actinomycetota, Bacteroidota,Bifidobacterium leopoldii, Bifidobacterium piotii, Bifidobacterium sp003585735, Bifidobacterium swidsinskii, Bifidobacterium unknown, Bifidobacterium vaginale, Bifidobacterium vaginale_A, Bifidobacterium vaginale_B, Bifidobacterium vaginale_C, Bifidobacterium vaginale_D, Bifidobacterium vaginale_F, Bifidobacterium vaginale_H, Prevotella timonensis_A
v051b	Myoviridae,Bacillota_A,Peptoniphilus_A grossensis, Peptoniphilus_A harei_A, Peptoniphilus_A lacrimalis, Peptoniphilus_A vaginalis
v051c	Unclassified,-,-
v051d	Autographiviridae,Bacillota_C,Dialister sp001553355, Dialister sp900541485
v051e	Unclassified,Bacteroidota,Prevotella disiens
v051f	Unclassified,Actinomycetota,Berryella sp001552935
v0520	Papillomaviridae,Eukaryote,Eukaryote
v0521	Siphoviridae,Actinomycetota, Bacteroidota,Bifidobacterium piotii, Bifidobacterium sp003585735, Bifidobacterium unknown, Bifidobacterium vaginale, Bifidobacterium vaginale_A, Bifidobacterium vaginale_C, Bifidobacterium vaginale_D, Bifidobacterium vaginale_F, Bifidobacterium vaginale_H, Prevotella timonensis_A
v0522	Unclassified,Bacteroidota,Prevotella amnii, Prevotella bivia, Prevotella disiens, Prevotella melaninogenica, Prevotella melaninogenica_A, Prevotella unknown
v0523	Siphoviridae,Actinomycetota,Bifidobacterium breve, Bifidobacterium longum
v0524	Siphoviridae,Bacillota,Bulleidia unknown, Gemella asaccharolytica
v0525	Siphoviridae,Actinomycetota, Bacteroidota,Bifidobacterium leopoldii, Bifidobacterium piotii, Bifidobacterium swidsinskii, Bifidobacterium unknown, Bifidobacterium vaginale, Bifidobacterium vaginale_A, Bifidobacterium vaginale_C, Bifidobacterium vaginale_D, Bifidobacterium vaginale_F, Bifidobacterium vaginale_H, Prevotella timonensis_A
v0526	Siphoviridae,Actinomycetota, Bacteroidota, Fusobacteriota,Berryella sp001552935, Fannyhessea massiliensis, Fannyhessea unknown, Fannyhessea vaginae, Prevotella amnii, Prevotella timonensis_A, Sneathia vaginalis
v0527	Unclassified,Actinomycetota,Bifidobacterium leopoldii, Bifidobacterium sp003585735, Bifidobacterium swidsinskii, Bifidobacterium unknown, Bifidobacterium vaginale, Bifidobacterium vaginale_A, Bifidobacterium vaginale_B, Bifidobacterium vaginale_C, Bifidobacterium vaginale_D, Bifidobacterium vaginale_H
v0528	Siphoviridae,Actinomycetota, Bacillota_A, Bacteroidota,Fannyhessea massiliensis, Fannyhessea unknown, Fannyhessea vaginae, Mageeibacillus indolicus, Prevotella timonensis_A
v0529	Siphoviridae,Bacillota_C,Dialister sp001553355, Dialister sp900541485
v052a	Siphoviridae,Actinomycetota, Bacteroidota,Berryella sp001552935, Berryella unknown, Fannyhessea vaginae, Prevotella disiens
v052b	Siphoviridae,Actinomycetota, Bacteroidota,Bifidobacterium leopoldii, Bifidobacterium piotii, Bifidobacterium swidsinskii, Bifidobacterium unknown, Bifidobacterium vaginale, Bifidobacterium vaginale_A, Bifidobacterium vaginale_C, Bifidobacterium vaginale_D, Bifidobacterium vaginale_F, Bifidobacterium vaginale_H, Prevotella timonensis_A
v052c	Unclassified,Actinomycetota,Bifidobacterium swidsinskii, Bifidobacterium vaginale_D
v052d	Unclassified,Bacteroidota,Prevotella melaninogenica
v052e	Unclassified,Bacteroidota,Prevotella amnii, Prevotella disiens, Prevotella melaninogenica, Prevotella sp000758925, Prevotella timonensis_A, Prevotella unknown
v052f	Unclassified,Bacteroidota,Prevotella amnii, Prevotella colorans, Prevotella sp000479005, Prevotella sp000758925, Prevotella timonensis_A
v0530	Siphoviridae,Bacillota_C,Dialister micraerophilus, Dialister sp001553355, Veillonella montpellierensis
v0531	Myoviridae,Bacillota_A, Fusobacteriota,Parvimonas sp001552895, Sneathia sanguinegens, Sneathia unknown, Sneathia vaginalis
v0532	Unclassified,Actinomycetota,Bifidobacterium vaginale_H
v0533	Unclassified,Actinomycetota,Bifidobacterium leopoldii, Bifidobacterium swidsinskii, Bifidobacterium unknown
v0534	Unclassified,Actinomycetota, Bacteroidota,Bifidobacterium leopoldii, Bifidobacterium piotii, Bifidobacterium sp003585735, Bifidobacterium swidsinskii, Bifidobacterium unknown, Bifidobacterium vaginale, Bifidobacterium vaginale_A, Bifidobacterium vaginale_B, Bifidobacterium vaginale_C, Bifidobacterium vaginale_D, Bifidobacterium vaginale_F, Bifidobacterium vaginale_H, Prevotella timonensis_A
v0535	Siphoviridae,Actinomycetota,Fannyhessea massiliensis, Fannyhessea unknown, Fannyhessea vaginae
v0536	Siphoviridae,Bacillota_A,Parvimonas parva, Parvimonas sp001552895
v0537	Unclassified,Actinomycetota, Bacteroidota,Bifidobacterium leopoldii, Bifidobacterium piotii, Bifidobacterium sp003585735, Bifidobacterium swidsinskii, Bifidobacterium unknown, Bifidobacterium vaginale, Bifidobacterium vaginale_A, Bifidobacterium vaginale_B, Bifidobacterium vaginale_C, Bifidobacterium vaginale_D, Bifidobacterium vaginale_F, Bifidobacterium vaginale_H, Prevotella timonensis_A
v0538	Siphoviridae,Bacillota,Streptococcus anginosus, Streptococcus anginosus_C
v0539	Siphoviridae,Bacillota,Gemella asaccharolytica
v053a	Unclassified,Actinomycetota,Bifidobacterium swidsinskii, Bifidobacterium vaginale
v053b	Unclassified,Actinomycetota,Berryella sp001552935, Berryella unknown, Fannyhessea vaginae
v053c	Siphoviridae,Actinomycetota, Bacillota_C, Bacteroidota,Berryella sp001552935, Fannyhessea massiliensis, Fannyhessea unknown, Fannyhessea vaginae, Megasphaera hutchinsoni, Prevotella timonensis_A
v053d	Unclassified,Actinomycetota,Bifidobacterium piotii, Bifidobacterium sp003585735, Bifidobacterium swidsinskii, Bifidobacterium vaginale, Bifidobacterium vaginale_A, Bifidobacterium vaginale_D, Bifidobacterium vaginale_F, Bifidobacterium vaginale_H
v053e	Siphoviridae,Bacillota,Lactobacillus crispatus, Lactobacillus gasseri, Lactobacillus paragasseri
v053f	Unclassified,Actinomycetota,Lancefieldella unknown
v0540	Unclassified,Bacteroidota,Prevotella amnii, Prevotella corporis, Prevotella melaninogenica, Prevotella sp000479005, Prevotella sp000758925, Prevotella timonensis_A, Prevotella unknown
v0541	Unclassified,Actinomycetota, Bacteroidota,Bifidobacterium piotii, Bifidobacterium swidsinskii, Bifidobacterium unknown, Bifidobacterium vaginale, Bifidobacterium vaginale_A, Bifidobacterium vaginale_C, Bifidobacterium vaginale_F, Bifidobacterium vaginale_H, Prevotella timonensis_A
v0542	Myoviridae,Bacillota_A,Peptoniphilus_A grossensis
v0543	Siphoviridae,Actinomycetota,Berryella sp001552935, Berryella unknown
v0544	Unclassified,Actinomycetota,Berryella sp001552935
v0545	Rountreeviridae,Bacillota,Lactobacillus crispatus
v0546	Unclassified,Bacillota_C,Dialister sp001553355, Dialister sp900541485
v0547	Siphoviridae,Actinomycetota,Fannyhessea massiliensis, Fannyhessea unknown
v0548	Unclassified,Bacillota_A, Bacillota_C,Dialister sp001553355, UBA629_sp005465875
v0549	Siphoviridae,Bacillota_A,Parvimonas parva, Parvimonas sp001552895
v054a	Siphoviridae,Actinomycetota,Bifidobacterium vaginale
v054b	Myoviridae,Actinomycetota, Bacillota, Bacillota_A, Bacillota_C,Dialister micraerophilus, Dialister sp001553355, Dialister sp900541485, Lactobacillus iners, Megasphaera lornae, Mobiluncus curtisii, UBA629_sp005465875
v054c	Unclassified,Actinomycetota, Bacteroidota,Bifidobacterium piotii, Bifidobacterium swidsinskii, Bifidobacterium unknown, Bifidobacterium vaginale, Bifidobacterium vaginale_A, Bifidobacterium vaginale_C, Bifidobacterium vaginale_F, Prevotella timonensis_A
v054d	Myoviridae,Bacillota_A,Peptostreptococcus anaerobius
v054e	Unclassified,Bacteroidota,Prevotella colorans, Prevotella sp000479005, Prevotella sp000758925, Prevotella timonensis_A, Prevotella unknown
v054f	Siphoviridae,Actinomycetota,Bifidobacterium piotii, Bifidobacterium swidsinskii, Bifidobacterium unknown, Bifidobacterium vaginale, Bifidobacterium vaginale_A, Bifidobacterium vaginale_C, Bifidobacterium vaginale_D, Bifidobacterium vaginale_F, Bifidobacterium vaginale_H
v0550	Unclassified,Actinomycetota, Bacteroidota,Bifidobacterium leopoldii, Bifidobacterium piotii, Bifidobacterium sp003585735, Bifidobacterium swidsinskii, Bifidobacterium unknown, Bifidobacterium vaginale, Bifidobacterium vaginale_A, Bifidobacterium vaginale_C, Bifidobacterium vaginale_D, Bifidobacterium vaginale_F, Bifidobacterium vaginale_H, Prevotella timonensis_A
v0551	Siphoviridae,Actinomycetota, Bacillota, Bacillota_A,Berryella sp001552935, Bifidobacterium leopoldii, Bifidobacterium piotii, Bifidobacterium swidsinskii, Bifidobacterium unknown, Bifidobacterium vaginale, Bifidobacterium vaginale_A, Bifidobacterium vaginale_C, Bifidobacterium vaginale_F, Bifidobacterium vaginale_H, Fannyhessea massiliensis, Fannyhessea vaginae, Lactobacillus iners, UBA629_sp005465875
v0552	Unclassified,Actinomycetota, Bacteroidota,Bifidobacterium piotii, Bifidobacterium swidsinskii, Bifidobacterium unknown, Bifidobacterium vaginale, Bifidobacterium vaginale_A, Bifidobacterium vaginale_C, Bifidobacterium vaginale_F, Bifidobacterium vaginale_H, Prevotella timonensis_A
v0553	Siphoviridae,Actinomycetota,Fannyhessea massiliensis, Fannyhessea unknown, Fannyhessea vaginae
v0554	Unclassified,Actinomycetota, Bacteroidota,Bifidobacterium piotii, Bifidobacterium swidsinskii, Bifidobacterium unknown, Bifidobacterium vaginale, Bifidobacterium vaginale_A, Bifidobacterium vaginale_B, Bifidobacterium vaginale_C, Bifidobacterium vaginale_D, Bifidobacterium vaginale_F, Bifidobacterium vaginale_H, Prevotella timonensis_A
v0555	Siphoviridae,Bacillota_A,Parvimonas sp001552895
v0556	Siphoviridae,Actinomycetota, Bacteroidota,Bifidobacterium piotii, Bifidobacterium swidsinskii, Bifidobacterium unknown, Bifidobacterium vaginale, Bifidobacterium vaginale_A, Bifidobacterium vaginale_B, Bifidobacterium vaginale_C, Bifidobacterium vaginale_D, Bifidobacterium vaginale_F, Bifidobacterium vaginale_H, Prevotella timonensis_A
v0557	Unclassified,Actinomycetota, Bacillota_C,Bifidobacterium vaginale, Megasphaera hutchinsoni, Megasphaera lornae
v0558	Unclassified,Bacteroidota,Prevotella amnii, Prevotella bivia, Prevotella colorans, Prevotella sp000479005, Prevotella sp000758925, Prevotella timonensis_A, Prevotella unknown
v0559	Siphoviridae,Bacteroidota,Prevotella amnii, Prevotella sp000758925
v055a	Myoviridae,Bacillota_A,UBA629_sp005465875
v055b	Unclassified,Actinomycetota,Bifidobacterium piotii, Bifidobacterium swidsinskii, Bifidobacterium unknown, Bifidobacterium vaginale, Bifidobacterium vaginale_A, Bifidobacterium vaginale_C
v055c	Unclassified,Actinomycetota, Bacteroidota,Bifidobacterium piotii, Bifidobacterium swidsinskii, Bifidobacterium unknown, Bifidobacterium vaginale, Bifidobacterium vaginale_A, Bifidobacterium vaginale_C, Bifidobacterium vaginale_D, Bifidobacterium vaginale_F, Bifidobacterium vaginale_H, Prevotella timonensis_A
v055d	Siphoviridae,Bacillota,Streptococcus agalactiae, Streptococcus pyogenes
v055e	Siphoviridae,Bacillota,Streptococcus mitis_BF, Streptococcus sp019448285
v055f	Unclassified,Actinomycetota, Bacteroidota,Bifidobacterium leopoldii, Bifidobacterium piotii, Bifidobacterium sp003585735, Bifidobacterium swidsinskii, Bifidobacterium unknown, Bifidobacterium vaginale, Bifidobacterium vaginale_A, Bifidobacterium vaginale_C, Bifidobacterium vaginale_D, Bifidobacterium vaginale_F, Bifidobacterium vaginale_H, Prevotella timonensis_A
v0560	Siphoviridae,Actinomycetota, Bacillota, Bacillota_A,Aerococcus christensenii, Bifidobacterium swidsinskii, Bifidobacterium vaginale_H, Parvimonas sp001552895
v0561	Papillomaviridae,Eukaryote,Eukaryote
v0562	Siphoviridae,Bacillota,Lactobacillus crispatus, Lactobacillus iners, Lactobacillus mulieris
v0563	Siphoviridae,Bacillota_A,Mageeibacillus indolicus
v0564	Siphoviridae,Actinomycetota, Bacteroidota,Berryella sp001552935, Fannyhessea massiliensis, Fannyhessea unknown, Fannyhessea vaginae, Prevotella amnii, Prevotella timonensis_A
v0565	Unclassified,Patescibacteria,Nanoperiomorbus sp004136275, Nanoperiomorbus unknown
v0566	Siphoviridae,Bacillota_A, Bacillota_C,Amygdalobacter indicium, Dialister sp001553355, KA00274_sp902373515, UBA629_sp005465875
v0567	Siphoviridae,Actinomycetota,Bifidobacterium piotii, Bifidobacterium swidsinskii, Bifidobacterium vaginale, Bifidobacterium vaginale_A
v0568	Unclassified,Bacillota_A, Bacteroidota,Ezakiella coagulans, Prevotella amnii, Prevotella disiens, Prevotella ihumii, Prevotella timonensis_A, Prevotella unknown
v0569	Siphoviridae,Actinomycetota, Bacillota, Bacillota_A,Bifidobacterium leopoldii, Bifidobacterium piotii, Bifidobacterium swidsinskii, Bifidobacterium unknown, Bifidobacterium vaginale, Bifidobacterium vaginale_A, Bifidobacterium vaginale_C, Bifidobacterium vaginale_F, Bifidobacterium vaginale_H, Bulleidia unknown, Fannyhessea massiliensis, Fannyhessea vaginae, Lactobacillus iners, UBA629_sp005465875
v056a	Siphoviridae,Bacillota,Lactobacillus crispatus, Limosilactobacillus portuensis
v056b	Siphoviridae,Actinomycetota,Bifidobacterium vaginale
v056c	Unclassified,Bacillota_C,Megasphaera lornae
v056d	Unclassified,Actinomycetota,Bifidobacterium leopoldii, Bifidobacterium piotii, Bifidobacterium swidsinskii, Bifidobacterium unknown, Bifidobacterium vaginale, Bifidobacterium vaginale_A, Bifidobacterium vaginale_C, Bifidobacterium vaginale_F, Bifidobacterium vaginale_H
v056e	Unclassified,Actinomycetota,Bifidobacterium piotii, Bifidobacterium swidsinskii, Bifidobacterium unknown, Bifidobacterium vaginale, Bifidobacterium vaginale_A, Bifidobacterium vaginale_C, Bifidobacterium vaginale_H
v056f	Unclassified,Bacteroidota,Prevotella amnii, Prevotella colorans, Prevotella corporis, Prevotella sp000479005, Prevotella sp000758925, Prevotella timonensis_A, Prevotella unknown
v0570	Unclassified,Actinomycetota, Bacteroidota,Bifidobacterium leopoldii, Bifidobacterium piotii, Bifidobacterium sp003585735, Bifidobacterium swidsinskii, Bifidobacterium unknown, Bifidobacterium vaginale, Bifidobacterium vaginale_A, Bifidobacterium vaginale_C, Bifidobacterium vaginale_D, Bifidobacterium vaginale_F, Bifidobacterium vaginale_H, Prevotella timonensis_A
v0571	Siphoviridae,Bacillota, Bacillota_C,Dialister micraerophilus, Listeria monocytogenes
v0572	Siphoviridae,Actinomycetota,Fannyhessea unknown
v0573	Unclassified,Actinomycetota,Berryella sp001552935, Berryella unknown, Fannyhessea vaginae
v0574	Unclassified,Bacteroidota,Prevotella sp000479005, Prevotella sp000758925, Prevotella timonensis_A, Prevotella unknown
v0575	Podoviridae,-,-
v0576	Rountreeviridae,-,-
v0577	Unclassified,Bacillota_C,Megasphaera lornae
v0578	Siphoviridae,Actinomycetota, Bacillota, Bacillota_A,Bifidobacterium leopoldii, Bifidobacterium piotii, Bifidobacterium swidsinskii, Bifidobacterium unknown, Bifidobacterium vaginale, Bifidobacterium vaginale_A, Bifidobacterium vaginale_C, Bifidobacterium vaginale_H, Bulleidia unknown, Fannyhessea massiliensis, Fannyhessea vaginae, Lactobacillus iners, UBA629_sp005465875
v0579	Siphoviridae,Bacillota,Atopobacter unknown
v057a	Siphoviridae,Actinomycetota, Bacteroidota,Mobiluncus curtisii, Prevotella timonensis_A, Prevotella unknown
v057b	Myoviridae,Bacillota,Lactobacillus gasseri, Lactobacillus iners, Lactobacillus johnsonii
v057c	Siphoviridae,-,-
v057d	Siphoviridae,Actinomycetota,Bifidobacterium vaginale
v057e	Siphoviridae,Bacillota, Bacillota_A,Gemella asaccharolytica, Parvimonas sp001552895
v057f	Unclassified,Actinomycetota,Bifidobacterium leopoldii, Bifidobacterium piotii, Bifidobacterium swidsinskii, Bifidobacterium unknown, Bifidobacterium vaginale, Bifidobacterium vaginale_A, Bifidobacterium vaginale_C, Bifidobacterium vaginale_F, Bifidobacterium vaginale_H
v0580	Unclassified,Bacteroidota,Prevotella amnii, Prevotella bivia, Prevotella disiens, Prevotella sp000758925, Prevotella timonensis_A, Prevotella unknown, Sodaliphilus unknown
v0581	Siphoviridae,Actinomycetota,Bifidobacterium vaginale_H
v0582	Unclassified,Bacteroidota,Prevotella amnii, Prevotella timonensis_A, Prevotella unknown
v0583	Unclassified,Bacteroidota,Prevotella amnii, Prevotella sp000758925, Prevotella timonensis_A
v0584	Siphoviridae,Actinomycetota, Bacillota, Bacillota_A,Bifidobacterium leopoldii, Bifidobacterium piotii, Bifidobacterium swidsinskii, Bifidobacterium unknown, Bifidobacterium vaginale, Bifidobacterium vaginale_A, Bifidobacterium vaginale_C, Bifidobacterium vaginale_F, Bifidobacterium vaginale_H, Fannyhessea massiliensis, Fannyhessea vaginae, Lactobacillus iners, UBA629_sp005465875
v0585	Unclassified,-,-
v0586	Myoviridae,Bacillota_A,Peptostreptococcus anaerobius
v0587	Myoviridae,Bacillota_C,Dialister micraerophilus, Dialister sp001553355, Megasphaera hutchinsoni, Megasphaera lornae
v0588	Siphoviridae,Actinomycetota, Bacillota, Bacillota_A,Aerococcus christensenii, Bifidobacterium swidsinskii, Bifidobacterium vaginale_H, Parvimonas sp001552895
v0589	Unclassified,Bacteroidota,Prevotella sp000758925, Prevotella unknown
v058a	Siphoviridae,Bacillota_C, Bacteroidota,Dialister sp001553355, Dialister sp900541485, Prevotella timonensis_A, Prevotella unknown
v058b	Myoviridae,Bacillota_A, Fusobacteriota,Parvimonas sp001552895, Sneathia sanguinegens, Sneathia unknown, Sneathia vaginalis
v058c	Myoviridae,Actinomycetota, Bacillota, Bacillota_A, Bacillota_C,Dialister sp001553355, Dialister sp900541485, Lactobacillus iners, Megasphaera lornae, Mobiluncus curtisii, UBA629_sp005465875
v058d	Unclassified,Bacillota_A, Bacteroidota,Ezakiella coagulans, Prevotella amnii, Prevotella bivia, Prevotella timonensis_A, Prevotella unknown
v058e	Unclassified,Patescibacteria,Nanoperiomorbus sp004136275, Nanoperiomorbus unknown
v058f	Unclassified,-,-
v0590	Quimbyviridae,Bacteroidota,Prevotella amnii, Prevotella sp000479005, Prevotella sp900548585, Prevotella timonensis_A, Prevotella unknown
v0591	Unclassified,Bacteroidota,Prevotella amnii, Prevotella bivia
v0592	Myoviridae,Bacteroidota,Prevotella sp000479005
v0593	Unclassified,Actinomycetota,Bifidobacterium piotii, Bifidobacterium swidsinskii, Bifidobacterium unknown, Bifidobacterium vaginale, Bifidobacterium vaginale_A, Bifidobacterium vaginale_B, Bifidobacterium vaginale_C, Bifidobacterium vaginale_F, Bifidobacterium vaginale_H
v0594	Siphoviridae,Actinomycetota,Berryella sp001552935, Berryella unknown, Fannyhessea vaginae
v0595	Unclassified,Bacteroidota,Prevotella sp000758925, Prevotella timonensis_A
v0596	Unclassified,Fusobacteriota,Sneathia sanguinegens
v0597	Podoviridae_crAss-like,-,-
v0598	Unclassified,-,-
v0599	Unclassified,-,-
v059a	Myoviridae,Bacillota_A, Fusobacteriota,Parvimonas sp001552895, Sneathia sanguinegens, Sneathia unknown, Sneathia vaginalis
v059b	Unclassified,Bacillota,Streptococcus mitis_BF, Streptococcus unknown
v059c	Siphoviridae,Bacillota,Streptococcus mitis_BF
v059d	Unclassified,Bacteroidota,Porphyromonas sp001552775, Porphyromonas uenonis_A, Porphyromonas unknown
v059e	Myoviridae,Bacillota_C,Dialister micraerophilus
v059f	Papillomaviridae,Eukaryote,Eukaryote
v05a0	Unclassified,Actinomycetota, Bacteroidota,Bifidobacterium piotii, Bifidobacterium swidsinskii, Bifidobacterium unknown, Bifidobacterium vaginale, Bifidobacterium vaginale_A, Bifidobacterium vaginale_B, Bifidobacterium vaginale_C, Bifidobacterium vaginale_F, Prevotella disiens
v05a1	Unclassified,Bacteroidota,Prevotella colorans, Prevotella sp000479005, Prevotella timonensis_A, Prevotella unknown
v05a2	Siphoviridae,Bacillota_A, Fusobacteriota,Parvimonas sp001552895, Sneathia sanguinegens, Sneathia unknown, Sneathia vaginalis
v05a3	Unclassified,Actinomycetota, Bacteroidota,Bifidobacterium leopoldii, Bifidobacterium piotii, Bifidobacterium sp003585735, Bifidobacterium swidsinskii, Bifidobacterium unknown, Bifidobacterium vaginale, Bifidobacterium vaginale_A, Bifidobacterium vaginale_B, Bifidobacterium vaginale_C, Bifidobacterium vaginale_D, Bifidobacterium vaginale_F, Bifidobacterium vaginale_H, Prevotella timonensis_A
v05a4	Siphoviridae,Actinomycetota,Bifidobacterium leopoldii, Bifidobacterium piotii, Bifidobacterium swidsinskii, Bifidobacterium unknown, Bifidobacterium vaginale, Bifidobacterium vaginale_A, Bifidobacterium vaginale_C, Bifidobacterium vaginale_D, Bifidobacterium vaginale_F, Bifidobacterium vaginale_H
v05a5	Unclassified,Actinomycetota,Bifidobacterium piotii, Bifidobacterium swidsinskii, Bifidobacterium unknown, Bifidobacterium vaginale, Bifidobacterium vaginale_A, Bifidobacterium vaginale_B, Bifidobacterium vaginale_C, Bifidobacterium vaginale_F, Bifidobacterium vaginale_H
v05a6	Siphoviridae,Actinomycetota,Berryella sp001552935, Berryella unknown, Fannyhessea vaginae
v05a7	Unclassified,Actinomycetota,Bifidobacterium piotii, Bifidobacterium swidsinskii, Bifidobacterium vaginale_H
v05a8	Papillomaviridae,Eukaryote,Eukaryote
v05a9	Siphoviridae,Bacillota_C,Dialister micraerophilus
v05aa	Unclassified,-,-
v05ab	Siphoviridae,-,-
v05ac	Siphoviridae,-,-
v05ad	Siphoviridae,Bacillota,Staphylococcus haemolyticus
v05ae	Siphoviridae,Bacillota_A, Bacillota_C,Dialister sp001553355, UBA629_sp005465875
v05af	Unclassified,Bacteroidota,Prevotella amnii, Prevotella colorans, Prevotella sp000479005, Prevotella sp000758925, Prevotella timonensis_A, Prevotella unknown
v05b0	Unclassified,Bacteroidota,Prevotella amnii, Prevotella colorans, Prevotella sp000479005, Prevotella sp000758925, Prevotella timonensis_A, Prevotella unknown
v05b1	Siphoviridae,Actinomycetota, Bacteroidota,Berryella sp001552935, Fannyhessea massiliensis, Fannyhessea unknown, Fannyhessea vaginae, Prevotella timonensis_A
v05b2	Siphoviridae,Bacillota_A,Anaerococcus tetradius, Peptoniphilus_A lacrimalis
v05b3	Siphoviridae,Fusobacteriota,Sneathia sanguinegens, Sneathia unknown, Sneathia vaginalis
v05b4	Quimbyviridae,Bacteroidota,Prevotella bivia, Prevotella disiens
v05b5	Siphoviridae,Bacillota, Bacillota_A,Anaerococcus tetradius, Catonella unknown, Gemella asaccharolytica, Peptoniphilus_A lacrimalis, Peptoniphilus_A vaginalis, Streptococcus agalactiae, Streptococcus anginosus, UBA629_sp005465875
v05b6	Unclassified,Bacteroidota,Porphyromonas asaccharolytica, Porphyromonas uenonis_A, Porphyromonas unknown
v05b7	Unclassified,Actinomycetota,Berryella sp900604965
v05b8	Siphoviridae,Actinomycetota,Lawsonella sp018376445
v05b9	Siphoviridae,Actinomycetota,Lawsonella sp018376445
v05ba	Myoviridae,-,-
v05bb	Flandersviridae,Bacteroidota, Pseudomonadota,CALXRO01_unknown, Prevotella sp000758925, Prevotella timonensis_A
v05bc	Siphoviridae,Bacillota_C,Megasphaera hutchinsoni, Megasphaera lornae
v05bd	Unclassified,Bacteroidota,Prevotella colorans, Prevotella corporis, Prevotella sp000479005, Prevotella sp000758925, Prevotella timonensis_A, Prevotella unknown
v05be	Siphoviridae,Bacillota_A, Fusobacteriota,Parvimonas sp001552895, Sneathia sanguinegens, Sneathia unknown, Sneathia vaginalis
v05bf	Unclassified,Bacillota_C,Dialister sp001553355
v05c0	Unclassified,Actinomycetota,Bifidobacterium piotii, Bifidobacterium swidsinskii, Bifidobacterium unknown, Bifidobacterium vaginale, Bifidobacterium vaginale_A, Bifidobacterium vaginale_C
v05c1	Siphoviridae,Bacillota_A,Peptoniphilus_A harei_A, Peptoniphilus_A lacrimalis, Peptoniphilus_A vaginalis, Peptoniphilus_B duerdenii
v05c2	Siphoviridae,Actinomycetota, Bacillota, Bacillota_A,Bifidobacterium leopoldii, Bifidobacterium piotii, Bifidobacterium swidsinskii, Bifidobacterium unknown, Bifidobacterium vaginale, Bifidobacterium vaginale_A, Bifidobacterium vaginale_C, Bifidobacterium vaginale_F, Bifidobacterium vaginale_H, Fannyhessea massiliensis, Fannyhessea vaginae, Lactobacillus iners, UBA629_sp005465875
v05c3	Siphoviridae,-,-
v05c4	Siphoviridae,Bacillota,Bulleidia unknown
v05c5	Siphoviridae,Bacillota,Bulleidia unknown
v05c6	Unclassified,Bacillota_C,Dialister sp001553355
v05c7	Siphoviridae,Bacillota, Bacillota_A,Anaerococcus vaginimassiliensis, Finegoldia magna_F, Gemella asaccharolytica, Lactobacillus iners, Peptoniphilus_A lacrimalis, Peptoniphilus_A vaginalis, Peptoniphilus_B duerdenii, Peptoniphilus_C coxii, UBA629_sp005465875
v05c8	Unclassified,Actinomycetota,Berryella sp001552935, Berryella unknown
v05c9	Unclassified,Actinomycetota, Bacteroidota,Bifidobacterium piotii, Bifidobacterium swidsinskii, Bifidobacterium unknown, Bifidobacterium vaginale, Bifidobacterium vaginale_A, Bifidobacterium vaginale_B, Bifidobacterium vaginale_C, Bifidobacterium vaginale_D, Bifidobacterium vaginale_F, Bifidobacterium vaginale_H, Prevotella timonensis_A
v05ca	Unclassified,Bacillota_C, Bacteroidota,Dialister sp001553355, Prevotella amnii
v05cb	Siphoviridae,Actinomycetota,Berryella unknown, Fannyhessea massiliensis, Fannyhessea unknown, Fannyhessea vaginae
v05cc	Unclassified,Actinomycetota,Bifidobacterium leopoldii, Bifidobacterium piotii, Bifidobacterium swidsinskii, Bifidobacterium unknown, Bifidobacterium vaginale, Bifidobacterium vaginale_A, Bifidobacterium vaginale_C, Bifidobacterium vaginale_D
v05cd	Siphoviridae,-,-
v05ce	Siphoviridae,Bacillota_C,Megasphaera lornae
v05cf	Siphoviridae,Actinomycetota, Bacteroidota,Bifidobacterium piotii, Bifidobacterium unknown, Bifidobacterium vaginale, Bifidobacterium vaginale_A, Bifidobacterium vaginale_B, Bifidobacterium vaginale_C, Bifidobacterium vaginale_D, Bifidobacterium vaginale_F, Bifidobacterium vaginale_H, Prevotella timonensis_A
v05d0	Unclassified,Actinomycetota, Bacteroidota,Berryella sp001552935, Fannyhessea massiliensis, Fannyhessea unknown, Fannyhessea vaginae, Prevotella timonensis_A
v05d1	Siphoviridae,Bacillota_A,Peptostreptococcus anaerobius
v05d2	Myoviridae,Bacillota_A,Anaerococcus lactolyticus
v05d3	Siphoviridae,Bacillota_A,Anaerococcus murdochii, Anaerococcus tetradius, Anaerococcus unknown
v05d4	Unclassified,Bacteroidota,Alloprevotella sp905369775
v05d5	Unclassified,Actinomycetota, Bacteroidota,Bifidobacterium piotii, Bifidobacterium swidsinskii, Bifidobacterium unknown, Bifidobacterium vaginale, Bifidobacterium vaginale_A, Bifidobacterium vaginale_C, Bifidobacterium vaginale_F, Bifidobacterium vaginale_H, Prevotella timonensis_A
v05d6	Siphoviridae,Actinomycetota,Fannyhessea massiliensis
v05d7	Myoviridae,Bacillota_A, Bacillota_C,Anaerococcus lactolyticus, Anaerococcus murdochii, Anaerococcus obesiensis, Anaerococcus unknown, Anaerococcus vaginalis_B, Criibacterium bergeronii, Dialister sp001553355, Ezakiella coagulans, Ezakiella unknown, Fenollaria massiliensis, Fenollaria unknown, Finegoldia unknown, KA00134_sp001574395, Megasphaera hutchinsoni, Megasphaera lornae, Parvimonas sp001552895, Peptoniphilus_A harei_A, Peptoniphilus_A lacrimalis, Peptoniphilus_A vaginalis, Peptoniphilus_B duerdenii, Peptoniphilus_B unknown, UBA629_sp005465875, Urinicoccus massiliensis, Veillonella montpellierensis
v05d8	Unclassified,Actinomycetota, Bacteroidota,Bifidobacterium leopoldii, Bifidobacterium piotii, Bifidobacterium sp003585735, Bifidobacterium swidsinskii, Bifidobacterium unknown, Bifidobacterium vaginale, Bifidobacterium vaginale_A, Bifidobacterium vaginale_B, Bifidobacterium vaginale_C, Bifidobacterium vaginale_D, Bifidobacterium vaginale_F, Bifidobacterium vaginale_H, Prevotella timonensis_A
v05d9	Unclassified,Actinomycetota,Bifidobacterium piotii, Bifidobacterium swidsinskii, Bifidobacterium unknown, Bifidobacterium vaginale, Bifidobacterium vaginale_A, Bifidobacterium vaginale_C, Bifidobacterium vaginale_H
v05da	Unclassified,Actinomycetota,Fannyhessea massiliensis, Fannyhessea unknown
v05db	Siphoviridae,Actinomycetota, Bacteroidota,Fannyhessea massiliensis, Fannyhessea unknown, Fannyhessea vaginae, Prevotella timonensis_A
v05dc	Unclassified,Bacteroidota,Prevotella amnii, Prevotella ihumii, Prevotella melaninogenica, Prevotella unknown
v05dd	Siphoviridae,Actinomycetota, Bacteroidota,Berryella unknown, Fannyhessea massiliensis, Fannyhessea unknown, Fannyhessea vaginae, Prevotella timonensis_A
v05de	Siphoviridae,Bacillota_A,Peptostreptococcus anaerobius
v05df	Unclassified,Bacillota_C,Megasphaera lornae
v05e0	Unclassified,-,-
v05e1	Siphoviridae,-,-
v05e2	Siphoviridae,Bacillota_A,Anaerococcus tetradius
v05e3	Myoviridae,Bacillota_A, Bacillota_C,CAKAHY01_unknown, Catonella unknown, Dialister micraerophilus
v05e4	Unclassified,Bacteroidota,Bacteroides fragilis_A, Porphyromonas_A somerae, Prevotella amnii, Prevotella bivia, Prevotella corporis, Prevotella disiens, Prevotella melaninogenica, Prevotella sp000758925, Prevotella sp001552765, Prevotella sp001553265, Prevotella timonensis_A, Prevotella unknown
v05e5	Siphoviridae,Bacillota,Streptococcus mitis_BF
v05e6	Unclassified,Bacillota,Streptococcus agalactiae
v05e7	Siphoviridae,Bacillota,Streptococcus mitis_BF, Streptococcus sp000187745, Streptococcus sp019448285, Streptococcus unknown
v05e8	Myoviridae,Bacillota,Lactobacillus crispatus
v05e9	Myoviridae,Fusobacteriota,Sneathia sanguinegens, Sneathia unknown, Sneathia vaginalis
v05ea	Unclassified,Patescibacteria,Nanoperiomorbus sp004136275, Nanoperiomorbus unknown
v05eb	Siphoviridae,Bacillota_A,Peptoniphilus_A harei_A, Peptoniphilus_A lacrimalis, Peptoniphilus_A vaginalis
v05ec	Unclassified,Actinomycetota, Bacteroidota,Bifidobacterium piotii, Bifidobacterium swidsinskii, Bifidobacterium unknown, Bifidobacterium vaginale, Bifidobacterium vaginale_A, Bifidobacterium vaginale_C, Bifidobacterium vaginale_F, Bifidobacterium vaginale_H, Prevotella timonensis_A
v05ed	Siphoviridae,Actinomycetota, Bacillota, Bacillota_A, Bacillota_C,Dialister sp001553355, Lactobacillus iners, Megasphaera hutchinsoni, Megasphaera lornae, Mobiluncus curtisii, Streptococcus agalactiae, UBA629_sp005465875
v05ee	Unclassified,Actinomycetota,Bifidobacterium leopoldii, Bifidobacterium piotii, Bifidobacterium sp003585735, Bifidobacterium swidsinskii, Bifidobacterium unknown, Bifidobacterium vaginale, Bifidobacterium vaginale_A, Bifidobacterium vaginale_C, Bifidobacterium vaginale_D, Bifidobacterium vaginale_F, Bifidobacterium vaginale_H
v05ef	Myoviridae,Bacillota_C,Dialister sp001553355
v05f0	Unclassified,Actinomycetota,Bifidobacterium piotii, Bifidobacterium swidsinskii, Bifidobacterium vaginale, Bifidobacterium vaginale_A, Bifidobacterium vaginale_C, Bifidobacterium vaginale_D, Bifidobacterium vaginale_H
v05f1	Unclassified,Actinomycetota, Bacteroidota,Berryella sp001552935, Berryella unknown, Fannyhessea massiliensis, Fannyhessea vaginae, Prevotella disiens
v05f2	Siphoviridae,Actinomycetota, Bacillota_C, Bacteroidota,Fannyhessea unknown, Fannyhessea vaginae, Megasphaera hutchinsoni, Prevotella timonensis_A
v05f3	Unclassified,Actinomycetota,Bifidobacterium piotii, Bifidobacterium swidsinskii, Bifidobacterium unknown, Bifidobacterium vaginale, Bifidobacterium vaginale_A, Bifidobacterium vaginale_C
v05f4	Siphoviridae,Actinomycetota, Bacteroidota,Bifidobacterium leopoldii, Bifidobacterium piotii, Bifidobacterium sp003585735, Bifidobacterium swidsinskii, Bifidobacterium unknown, Bifidobacterium vaginale, Bifidobacterium vaginale_A, Bifidobacterium vaginale_B, Bifidobacterium vaginale_C, Bifidobacterium vaginale_D, Bifidobacterium vaginale_F, Bifidobacterium vaginale_H, Prevotella timonensis_A
v05f5	Siphoviridae,Bacillota,Limosilactobacillus coleohominis_A, Limosilactobacillus unknown
v05f6	Siphoviridae,Actinomycetota,Fannyhessea massiliensis, Fannyhessea unknown, Fannyhessea vaginae
v05f7	Unclassified,Bacteroidota,Porphyromonas sp900548415, Porphyromonas uenonis, Porphyromonas uenonis_A, Porphyromonas unknown
v05f8	Unclassified,Bacteroidota,Prevotella colorans, Prevotella sp000479005, Prevotella sp000758925, Prevotella timonensis_A, Prevotella unknown
v05f9	Unclassified,Bacteroidota,Porphyromonas asaccharolytica, Porphyromonas sp900548415, Porphyromonas uenonis, Porphyromonas uenonis_A, Porphyromonas unknown
v05fa	Unclassified,Fusobacteriota,Sneathia sanguinegens, Sneathia vaginalis
v05fb	Siphoviridae,Bacillota_A,Murdochiella vaginalis
v05fc	Siphoviridae,Bacteroidota,Prevotella amnii, Prevotella sp000758925, Prevotella timonensis_A
v05fd	Unclassified,Actinomycetota, Bacteroidota,Bifidobacterium leopoldii, Bifidobacterium piotii, Bifidobacterium sp003585735, Bifidobacterium swidsinskii, Bifidobacterium unknown, Bifidobacterium vaginale, Bifidobacterium vaginale_A, Bifidobacterium vaginale_C, Bifidobacterium vaginale_D, Bifidobacterium vaginale_F, Bifidobacterium vaginale_H, Prevotella timonensis_A
v05fe	Siphoviridae,Actinomycetota,Bifidobacterium vaginale
v05ff	Myoviridae,Bacillota_C,Dialister sp001553355, Dialister sp900541485, Megasphaera lornae
v0600	Siphoviridae,Bacteroidota,Prevotella amnii, Prevotella timonensis_A, Prevotella unknown
v0601	Unclassified,Bacteroidota,Prevotella amnii, Prevotella sp000758925, Prevotella timonensis_A
v0602	Siphoviridae,-,-
v0603	Siphoviridae,Actinomycetota, Bacteroidota,Berryella sp001552935, Berryella unknown, Fannyhessea massiliensis, Fannyhessea unknown, Fannyhessea vaginae, Prevotella amnii, Prevotella timonensis_A
v0604	Siphoviridae,Bacillota,Limosilactobacillus portuensis, Limosilactobacillus vaginalis
v0605	Unclassified,Actinomycetota,Bifidobacterium leopoldii, Bifidobacterium piotii, Bifidobacterium swidsinskii, Bifidobacterium unknown, Bifidobacterium vaginale, Bifidobacterium vaginale_A, Bifidobacterium vaginale_C, Bifidobacterium vaginale_F, Bifidobacterium vaginale_H
v0606	Unclassified,Bacteroidota,Prevotella sp000479005, Prevotella timonensis_A
v0607	Unclassified,Actinomycetota, Bacteroidota,Bifidobacterium leopoldii, Bifidobacterium piotii, Bifidobacterium sp003585735, Bifidobacterium swidsinskii, Bifidobacterium unknown, Bifidobacterium vaginale, Bifidobacterium vaginale_A, Bifidobacterium vaginale_B, Bifidobacterium vaginale_C, Bifidobacterium vaginale_D, Bifidobacterium vaginale_F, Bifidobacterium vaginale_H, Prevotella timonensis_A
v0608	Unclassified,Actinomycetota,Bifidobacterium swidsinskii, Bifidobacterium vaginale, Bifidobacterium vaginale_A, Bifidobacterium vaginale_D, Bifidobacterium vaginale_H
v0609	Siphoviridae,Actinomycetota,Lawsonella sp018376445
v060a	Unclassified,Bacteroidota,Prevotella amnii, Prevotella colorans, Prevotella sp000479005, Prevotella sp000758925, Prevotella timonensis_A, Prevotella unknown
v060b	Unclassified,Bacteroidota,Prevotella colorans, Prevotella corporis, Prevotella sp000479005, Prevotella sp000758925, Prevotella timonensis_A, Prevotella unknown
v060c	Siphoviridae,-,-
v060d	Siphoviridae,Actinomycetota, Bacteroidota,Bifidobacterium leopoldii, Bifidobacterium piotii, Bifidobacterium sp003585735, Bifidobacterium swidsinskii, Bifidobacterium unknown, Bifidobacterium vaginale, Bifidobacterium vaginale_A, Bifidobacterium vaginale_B, Bifidobacterium vaginale_C, Bifidobacterium vaginale_D, Bifidobacterium vaginale_F, Bifidobacterium vaginale_H, Prevotella timonensis_A
v060e	Siphoviridae,Actinomycetota, Bacillota_A,Actinotignum timonense, Bifidobacterium vaginale, Corynebacterium pyruviciproducens, Lachnospira sp900551945, Mobiluncus curtisii, Varibaculum cambriense, Varibaculum vaginae
v060f	Unclassified,Actinomycetota, Bacteroidota,Bifidobacterium leopoldii, Bifidobacterium piotii, Bifidobacterium sp003585735, Bifidobacterium swidsinskii, Bifidobacterium unknown, Bifidobacterium vaginale, Bifidobacterium vaginale_A, Bifidobacterium vaginale_C, Bifidobacterium vaginale_D, Bifidobacterium vaginale_H, Prevotella timonensis_A
v0610	Unclassified,Actinomycetota,Bifidobacterium vaginale_C, Bifidobacterium vaginale_H
v0611	Siphoviridae,Actinomycetota,Berryella sp001552935, Berryella unknown
v0612	Unclassified,Bacillota_C,Megasphaera lornae
v0613	Unclassified,Bacillota, Fusobacteriota,Sneathia sanguinegens, Sneathia unknown, Sneathia vaginalis, Streptococcus anginosus
v0614	Unclassified,Bacteroidota,Prevotella sp000758925, Prevotella timonensis_A, Prevotella unknown
v0615	Siphoviridae,Actinomycetota,Bifidobacterium vaginale
v0616	Unclassified,Actinomycetota,Bifidobacterium leopoldii, Bifidobacterium sp003585735, Bifidobacterium swidsinskii, Bifidobacterium vaginale, Bifidobacterium vaginale_A, Bifidobacterium vaginale_D, Bifidobacterium vaginale_F, Bifidobacterium vaginale_H
v0617	Siphoviridae,Bacillota_A,Peptoniphilus_A harei_A, Peptoniphilus_A lacrimalis, Peptoniphilus_A vaginalis
v0618	Siphoviridae,Bacillota_A, Fusobacteriota,Parvimonas sp001552895, Sneathia sanguinegens, Sneathia unknown, Sneathia vaginalis
v0619	Unclassified,Bacillota_C,Dialister sp001553355
v061a	Unclassified,Actinomycetota, Bacteroidota,Bifidobacterium piotii, Bifidobacterium swidsinskii, Bifidobacterium unknown, Bifidobacterium vaginale, Bifidobacterium vaginale_A, Bifidobacterium vaginale_C, Bifidobacterium vaginale_F, Bifidobacterium vaginale_H, Prevotella timonensis_A
v061b	Unclassified,-,-
v061c	Salasmaviridae,Bacillota,Streptococcus sp000187745, Streptococcus symci
v061d	Podoviridae,Pseudomonadota,Escherichia coli
v061e	Siphoviridae,-,-
v061f	Siphoviridae,-,-
v0620	Myoviridae,Bacillota_C,Dialister micraerophilus, Dialister sp001553355, Dialister sp900541485
v0621	Unclassified,Actinomycetota, Bacteroidota,Berryella sp001552935, Berryella unknown, Fannyhessea massiliensis, Fannyhessea vaginae, Prevotella disiens
v0622	Siphoviridae,Bacillota_A,Peptostreptococcus anaerobius, Peptostreptococcus sp000758885, Peptostreptococcus stomatis
v0623	Rountreeviridae,Bacillota,Lactobacillus iners
v0624	Unclassified,Bacillota_C,Dialister sp001553355
v0625	Siphoviridae,Bacillota,Lactobacillus crispatus, Limosilactobacillus portuensis
v0626	Siphoviridae,Actinomycetota,Fannyhessea unknown
v0627	Siphoviridae,Bacillota_A,Parvimonas sp001552895
v0628	Unclassified,Actinomycetota, Bacteroidota,Bifidobacterium piotii, Bifidobacterium swidsinskii, Bifidobacterium unknown, Bifidobacterium vaginale, Bifidobacterium vaginale_A, Bifidobacterium vaginale_C, Bifidobacterium vaginale_F, Bifidobacterium vaginale_H, Prevotella disiens, Prevotella timonensis_A
v0629	Siphoviridae,Bacillota_A, Fusobacteriota,Parvimonas sp001552895, Sneathia sanguinegens, Sneathia unknown, Sneathia vaginalis
v062a	Siphoviridae,Bacillota, Bacillota_A,Anaerococcus tetradius, Catonella unknown, Gemella asaccharolytica, Peptoniphilus_A lacrimalis, Peptoniphilus_A vaginalis, Streptococcus agalactiae, Streptococcus anginosus, UBA629_sp005465875
v062b	Unclassified,Bacteroidota,Prevotella disiens
v062c	Unclassified,Actinomycetota, Bacteroidota,Bifidobacterium leopoldii, Bifidobacterium piotii, Bifidobacterium sp003585735, Bifidobacterium swidsinskii, Bifidobacterium unknown, Bifidobacterium vaginale, Bifidobacterium vaginale_A, Bifidobacterium vaginale_B, Bifidobacterium vaginale_C, Bifidobacterium vaginale_D, Bifidobacterium vaginale_F, Bifidobacterium vaginale_H, Prevotella timonensis_A
v062d	Myoviridae,Actinomycetota, Bacillota_C,Bifidobacterium vaginale, Dialister sp001553355, Megasphaera hutchinsoni, Megasphaera lornae
v062e	Unclassified,Actinomycetota, Bacteroidota,Berryella sp001552935, Berryella unknown, Fannyhessea vaginae, Prevotella disiens
v062f	Unclassified,Bacillota_C,Megasphaera lornae
v0630	Siphoviridae,Bacillota,Limosilactobacillus portuensis, Limosilactobacillus vaginalis
v0631	Unclassified,Actinomycetota,Bifidobacterium leopoldii, Bifidobacterium piotii, Bifidobacterium swidsinskii, Bifidobacterium unknown, Bifidobacterium vaginale, Bifidobacterium vaginale_A, Bifidobacterium vaginale_C, Bifidobacterium vaginale_D, Bifidobacterium vaginale_F, Bifidobacterium vaginale_H
v0632	Siphoviridae,Actinomycetota, Bacillota_C,Bifidobacterium vaginale, Megasphaera hutchinsoni, Megasphaera lornae
v0633	Myoviridae,Fusobacteriota,Sneathia sanguinegens, Sneathia unknown
v0634	Unclassified,Actinomycetota, Bacteroidota,Bifidobacterium piotii, Bifidobacterium swidsinskii, Bifidobacterium unknown, Bifidobacterium vaginale, Bifidobacterium vaginale_A, Bifidobacterium vaginale_D, Bifidobacterium vaginale_F, Bifidobacterium vaginale_H, Prevotella timonensis_A
v0635	Unclassified,Actinomycetota,Bifidobacterium vaginale_H
v0636	Unclassified,Bacteroidota,Prevotella amnii, Prevotella bivia, Prevotella disiens, Prevotella melaninogenica, Prevotella melaninogenica_A, Prevotella unknown
v0637	Podoviridae,-,-
v0638	Unclassified,-,-
v0639	Siphoviridae,Actinomycetota,Fannyhessea massiliensis
v063a	Siphoviridae,Bacillota,Streptococcus unknown
v063b	Quimbyviridae,Bacteroidota,Prevotella amnii, Prevotella timonensis_A
v063c	Unclassified,Actinomycetota, Bacteroidota,Bifidobacterium leopoldii, Bifidobacterium piotii, Bifidobacterium swidsinskii, Bifidobacterium unknown, Bifidobacterium vaginale, Bifidobacterium vaginale_A, Bifidobacterium vaginale_B, Bifidobacterium vaginale_C, Bifidobacterium vaginale_F, Bifidobacterium vaginale_H, Prevotella timonensis_A
v063d	Siphoviridae,Bacillota,Streptococcus anginosus
v063e	Siphoviridae,Actinomycetota, Bacillota, Bacillota_A, Bacillota_C,Amygdalobacter indicium, Dialister micraerophilus, Dialister sp001553355, KA00274_sp902373515, Lactobacillus iners, Megasphaera hutchinsoni, Mobiluncus curtisii, UBA629_sp005465875
v063f	Myoviridae,Bacillota_A, Fusobacteriota,Parvimonas sp001552895, Sneathia sanguinegens, Sneathia unknown, Sneathia vaginalis
v0640	Unclassified,Bacteroidota,Prevotella unknown
v0641	Unclassified,Fusobacteriota,Sneathia vaginalis
v0642	Siphoviridae,-,-
v0643	Siphoviridae,Bacillota_A,Parvimonas sp001552895, UBA629_sp005465875
v0644	Unclassified,Actinomycetota,Berryella sp001552935, Berryella unknown, Fannyhessea vaginae
v0645	Siphoviridae,Actinomycetota, Bacteroidota,Berryella sp001552935, Berryella unknown, Fannyhessea vaginae, Prevotella disiens
v0646	Unclassified,-,-
v0647	Siphoviridae,Bacillota,Granulicatella unknown, Streptococcus unknown
v0648	Siphoviridae,-,-
v0649	Siphoviridae,Actinomycetota, Bacteroidota,Fannyhessea massiliensis, Fannyhessea unknown, Fannyhessea vaginae, Prevotella timonensis_A
v064a	Siphoviridae,Actinomycetota, Bacillota_C,Bifidobacterium vaginale, Megasphaera hutchinsoni, Megasphaera lornae
v064b	Siphoviridae,Bacillota,Lactobacillus crispatus, Lactobacillus gasseri, Lactobacillus iners, Lactobacillus jensenii
v064c	Unclassified,Bacillota_C,Megasphaera lornae
v064d	Unclassified,Actinomycetota, Bacteroidota,Bifidobacterium leopoldii, Bifidobacterium sp003585735, Bifidobacterium swidsinskii, Bifidobacterium unknown, Bifidobacterium vaginale, Bifidobacterium vaginale_A, Bifidobacterium vaginale_C, Bifidobacterium vaginale_F, Bifidobacterium vaginale_H, Prevotella timonensis_A
v064e	Siphoviridae,Actinomycetota, Bacteroidota, Fusobacteriota,Berryella sp001552935, Fannyhessea massiliensis, Fannyhessea unknown, Fannyhessea vaginae, Prevotella amnii, Prevotella timonensis_A, Sneathia vaginalis
v064f	Siphoviridae,Bacillota_A,Mageeibacillus indolicus
v0650	Siphoviridae,Bacillota_A,UBA629_sp005465875
v0651	Siphoviridae,Actinomycetota, Bacillota, Bacillota_A,Berryella sp001552935, Bifidobacterium leopoldii, Bifidobacterium piotii, Bifidobacterium swidsinskii, Bifidobacterium unknown, Bifidobacterium vaginale, Bifidobacterium vaginale_C, Bifidobacterium vaginale_F, Fannyhessea massiliensis, Fannyhessea vaginae, Lactobacillus iners, UBA629_sp005465875
v0652	Unclassified,Bacteroidota,Prevotella colorans, Prevotella sp000479005, Prevotella timonensis_A, Prevotella unknown
v0653	Siphoviridae,Actinomycetota, Bacillota_C,Bifidobacterium vaginale, Megasphaera hutchinsoni, Megasphaera lornae
v0654	Unclassified,Actinomycetota, Bacteroidota,Bifidobacterium leopoldii, Bifidobacterium piotii, Bifidobacterium swidsinskii, Bifidobacterium unknown, Bifidobacterium vaginale, Bifidobacterium vaginale_A, Bifidobacterium vaginale_C, Bifidobacterium vaginale_F, Bifidobacterium vaginale_H, Prevotella timonensis_A
v0655	Myoviridae,Bacillota_A, Fusobacteriota,Parvimonas sp001552895, Sneathia sanguinegens, Sneathia unknown, Sneathia vaginalis
v0656	Siphoviridae,Bacillota_C,Veillonella montpellierensis
v0657	Siphoviridae,Bacillota_C,Dialister sp001553355, Dialister sp900541485
v0658	Siphoviridae,Actinomycetota,Bifidobacterium vaginale
v0659	Siphoviridae,Actinomycetota,Bifidobacterium vaginale
v065a	Unclassified,Bacillota,Bulleidia unknown
v065b	Siphoviridae,Actinomycetota, Bacillota_C,Bifidobacterium vaginale, Megasphaera hutchinsoni, Megasphaera lornae
v065c	Siphoviridae,Bacillota_A,Parvimonas sp001552895
v065d	Unclassified,Bacteroidota,Prevotella disiens
v065e	Unclassified,Actinomycetota, Bacteroidota,Bifidobacterium piotii, Bifidobacterium swidsinskii, Bifidobacterium unknown, Bifidobacterium vaginale, Bifidobacterium vaginale_A, Bifidobacterium vaginale_C, Prevotella timonensis_A
v065f	Unclassified,Actinomycetota,Berryella sp001552935, Berryella unknown, Fannyhessea vaginae
v0660	Myoviridae,Bacillota,Lactobacillus crispatus, Lactobacillus mulieris
v0661	Unclassified,Bacillota_A,Peptoniphilus_A vaginalis
v0662	Unclassified,Actinomycetota, Bacillota_A, Bacillota_C, Bacteroidota,Amygdalobacter indicium, Corynebacterium sp001815985, Dialister micraerophilus, Dialister sp001553355, KA00274_sp902373515, Megasphaera hutchinsoni, Prevotella disiens, UBA629_sp005465875
v0663	Unclassified,Bacillota_A,Peptoniphilus_A vaginalis
v0664	Siphoviridae,Actinomycetota,Berryella sp001552935, Berryella unknown
v0665	Siphoviridae,Actinomycetota,Actinobaculum massiliense, Actinotignum sanguinis, Corynebacterium phoceense, Mobiluncus curtisii, Mobiluncus mulieris, Varibaculum massiliense
v0666	Siphoviridae,Actinomycetota, Bacteroidota,Berryella sp001552935, Berryella unknown, Fannyhessea massiliensis, Fannyhessea unknown, Fannyhessea vaginae, Prevotella timonensis_A
v0667	Siphoviridae,Actinomycetota,Berryella unknown, Fannyhessea massiliensis, Fannyhessea unknown, Fannyhessea vaginae
v0668	Unclassified,Bacteroidota,Prevotella amnii, Prevotella bivia, Prevotella colorans, Prevotella sp000479005, Prevotella sp000758925, Prevotella sp900548585, Prevotella timonensis_A, Prevotella unknown
v0669	Unclassified,Actinomycetota, Bacteroidota, Fusobacteriota,Berryella sp001552935, Fannyhessea massiliensis, Fannyhessea unknown, Fannyhessea vaginae, Prevotella amnii, Prevotella timonensis_A, Sneathia vaginalis
v066a	Unclassified,Actinomycetota,Fannyhessea unknown
v066b	Siphoviridae,Bacillota_C,Megasphaera lornae
v066c	Siphoviridae,Bacillota_C,Dialister sp001553355, Dialister sp900541485
v066d	Unclassified,Bacteroidota,Porphyromonas asaccharolytica, Porphyromonas uenonis, Porphyromonas uenonis_A, Porphyromonas unknown
v066e	Unclassified,Bacteroidota,Prevotella amnii, Prevotella sp000479005, Prevotella sp000758925, Prevotella timonensis_A, Prevotella unknown
v066f	Siphoviridae,Bacillota,Streptococcus anginosus_C
v0670	Unclassified,Bacillota_C,Megasphaera hutchinsoni, Megasphaera lornae
v0671	Unclassified,Actinomycetota,Bifidobacterium swidsinskii, Bifidobacterium vaginale, Bifidobacterium vaginale_C, Bifidobacterium vaginale_D, Bifidobacterium vaginale_F, Bifidobacterium vaginale_H
v0672	Siphoviridae,Actinomycetota,Berryella sp001552935, Berryella unknown
v0673	Quimbyviridae,Bacteroidota,Prevotella amnii, Prevotella brunnea, Prevotella disiens, Prevotella melaninogenica, Prevotella timonensis_A, Prevotella unknown
v0674	Siphoviridae,Actinomycetota,Mobiluncus curtisii
v0675	Siphoviridae,Bacillota_C,Dialister sp001553355, Dialister sp900541485
v0676	Unclassified,Bacteroidota,Prevotella melaninogenica
v0677	Unclassified,Bacteroidota,Prevotella bivia, Prevotella sp900548585
v0678	Siphoviridae,Actinomycetota, Bacillota_C,Bifidobacterium vaginale, Megasphaera hutchinsoni, Megasphaera lornae
v0679	Siphoviridae,Actinomycetota,Bifidobacterium vaginale_H
v067a	Myoviridae,-,-
v067b	Myoviridae,Bacteroidota,Prevotella sp000479005
v067c	Unclassified,Bacillota,Streptococcus mitis_BF, Streptococcus unknown
v067d	Siphoviridae,Bacillota,Streptococcus mitis_BF, Streptococcus mitis_Q
v067e	Unclassified,Bacillota,Streptococcus mitis_Q, Streptococcus sp020089495, Streptococcus unknown
v067f	Siphoviridae,Actinomycetota, Bacillota, Bacillota_A,Berryella sp001552935, Bifidobacterium leopoldii, Bifidobacterium piotii, Bifidobacterium swidsinskii, Bifidobacterium unknown, Bifidobacterium vaginale, Bifidobacterium vaginale_A, Bifidobacterium vaginale_C, Bifidobacterium vaginale_H, Bulleidia unknown, Fannyhessea massiliensis, Fannyhessea vaginae, Lactobacillus iners, UBA629_sp005465875
v0680	Unclassified,Fusobacteriota,Sneathia vaginalis
v0681	Unclassified,Bacteroidota,Prevotella amnii, Prevotella sp000479005, Prevotella timonensis_A, Prevotella unknown
v0682	Siphoviridae,Bacillota_A,Peptoniphilus_A harei_A, Peptoniphilus_A lacrimalis, Peptoniphilus_A vaginalis
v0683	Siphoviridae,Bacillota_C,Dialister micraerophilus, Dialister sp001553355
v0684	Siphoviridae,Actinomycetota,Bifidobacterium leopoldii, Bifidobacterium piotii, Bifidobacterium swidsinskii, Bifidobacterium unknown, Bifidobacterium vaginale, Bifidobacterium vaginale_A, Bifidobacterium vaginale_C, Bifidobacterium vaginale_D, Bifidobacterium vaginale_F, Bifidobacterium vaginale_H
v0685	Unclassified,Actinomycetota, Bacteroidota,Berryella sp001552935, Berryella unknown, Fannyhessea massiliensis, Fannyhessea unknown, Fannyhessea vaginae, Prevotella timonensis_A
v0686	Unclassified,Bacteroidota,Prevotella amnii, Prevotella sp000479005, Prevotella sp000758925, Prevotella timonensis_A, Prevotella unknown
v0687	Unclassified,Actinomycetota, Bacteroidota,Fannyhessea massiliensis, Fannyhessea unknown, Fannyhessea vaginae, Prevotella timonensis_A
v0688	Unclassified,Bacteroidota,Prevotella amnii, Prevotella sp000479005, Prevotella sp000758925, Prevotella timonensis_A, Prevotella unknown
v0689	Siphoviridae,Bacillota_A,Parvimonas sp001552895
v068a	Siphoviridae,Actinomycetota, Bacillota, Bacteroidota,Bifidobacterium leopoldii, Bifidobacterium piotii, Bifidobacterium swidsinskii, Bifidobacterium unknown, Bifidobacterium vaginale, Bifidobacterium vaginale_A, Bifidobacterium vaginale_D, Bifidobacterium vaginale_F, Bifidobacterium vaginale_H, Lactobacillus iners, Prevotella timonensis_A
v068b	Siphoviridae,Actinomycetota,Fannyhessea massiliensis, Fannyhessea unknown, Fannyhessea vaginae
v068c	Siphoviridae,Bacillota,Lactobacillus crispatus, Lactobacillus iners, Lactobacillus jensenii
v068d	Siphoviridae,Actinomycetota,Bifidobacterium vaginale
v068e	Siphoviridae,Actinomycetota, Bacteroidota,Berryella sp001552935, Fannyhessea massiliensis, Fannyhessea unknown, Fannyhessea vaginae, Prevotella amnii, Prevotella timonensis_A
v068f	Siphoviridae,Actinomycetota, Bacillota_A,Bifidobacterium leopoldii, Bifidobacterium piotii, Bifidobacterium sp003585735, Bifidobacterium swidsinskii, Bifidobacterium unknown, Bifidobacterium vaginale, Bifidobacterium vaginale_A, Bifidobacterium vaginale_C, Bifidobacterium vaginale_D, Bifidobacterium vaginale_F, Bifidobacterium vaginale_H, Fannyhessea vaginae, UBA629_sp005465875
v0690	Myoviridae,Bacillota_A,Peptostreptococcus anaerobius
v0691	Unclassified,Bacteroidota,Cryptobacteroides unknown
v0692	Siphoviridae,Bacillota, Bacillota_A,Anaerococcus lactolyticus, Anaerococcus tetradius, Anaerococcus vaginimassiliensis, Finegoldia magna_F, Finegoldia unknown, Gemella asaccharolytica, Lactobacillus iners, Peptoniphilus_A lacrimalis, Peptoniphilus_A vaginalis, Peptoniphilus_B duerdenii, Peptoniphilus_C coxii, UBA629_sp005465875
v0693	Siphoviridae,Actinomycetota, Bacteroidota, Fusobacteriota,Berryella sp001552935, Fannyhessea massiliensis, Fannyhessea unknown, Fannyhessea vaginae, Prevotella amnii, Prevotella timonensis_A, Sneathia vaginalis
v0694	Unclassified,Bacteroidota,Prevotella amnii, Prevotella bivia, Prevotella colorans, Prevotella denticola, Prevotella disiens, Prevotella timonensis_A
v0695	Siphoviridae,-,-
v0696	Siphoviridae,Actinomycetota, Bacillota,Bifidobacterium leopoldii, Bifidobacterium piotii, Bifidobacterium swidsinskii, Bifidobacterium vaginale, Bifidobacterium vaginale_A, Bifidobacterium vaginale_C, Bifidobacterium vaginale_H, Fannyhessea massiliensis, Fannyhessea vaginae, Lactobacillus iners
v0697	Siphoviridae,Bacillota,Lactobacillus crispatus, Lactobacillus iners, Lactobacillus jensenii, Lactobacillus mulieris
v0698	Unclassified,Bacteroidota,Prevotella amnii, Prevotella sp000758925, Prevotella timonensis_A, Prevotella unknown
v0699	Siphoviridae,Bacillota_A,Finegoldia magna_H
v069a	Siphoviridae,Actinomycetota,Berryella sp001552935, Berryella unknown
v069b	Siphoviridae,Pseudomonadota,Escherichia coli
v069c	Siphoviridae,Actinomycetota,Bifidobacterium breve
v069d	Unclassified,Actinomycetota, Bacteroidota,Bifidobacterium piotii, Bifidobacterium sp003585735, Bifidobacterium swidsinskii, Bifidobacterium unknown, Bifidobacterium vaginale, Bifidobacterium vaginale_A, Bifidobacterium vaginale_B, Bifidobacterium vaginale_C, Bifidobacterium vaginale_D, Bifidobacterium vaginale_F, Bifidobacterium vaginale_H, Prevotella timonensis_A
v069e	Unclassified,Bacillota_C,Megasphaera lornae
v069f	Siphoviridae,Actinomycetota, Bacillota, Bacillota_A,Berryella sp001552935, Bifidobacterium leopoldii, Bifidobacterium piotii, Bifidobacterium swidsinskii, Bifidobacterium unknown, Bifidobacterium vaginale, Bifidobacterium vaginale_A, Bifidobacterium vaginale_C, Bifidobacterium vaginale_F, Bifidobacterium vaginale_H, Fannyhessea massiliensis, Fannyhessea vaginae, Lactobacillus iners, UBA629_sp005465875
v06a0	Siphoviridae,Actinomycetota, Bacteroidota,Bifidobacterium leopoldii, Bifidobacterium piotii, Bifidobacterium sp003585735, Bifidobacterium swidsinskii, Bifidobacterium unknown, Bifidobacterium vaginale, Bifidobacterium vaginale_A, Bifidobacterium vaginale_B, Bifidobacterium vaginale_C, Bifidobacterium vaginale_D, Bifidobacterium vaginale_F, Bifidobacterium vaginale_H, Prevotella timonensis_A
v06a1	Unclassified,Actinomycetota,Bifidobacterium leopoldii, Bifidobacterium piotii, Bifidobacterium sp003585735, Bifidobacterium swidsinskii, Bifidobacterium unknown, Bifidobacterium vaginale, Bifidobacterium vaginale_A, Bifidobacterium vaginale_B, Bifidobacterium vaginale_C, Bifidobacterium vaginale_D, Bifidobacterium vaginale_F, Bifidobacterium vaginale_H
v06a2	Papillomaviridae,Eukaryote,Eukaryote
v06a3	Siphoviridae,Actinomycetota,Bifidobacterium piotii, Bifidobacterium swidsinskii, Bifidobacterium vaginale, Bifidobacterium vaginale_A, Bifidobacterium vaginale_B, Bifidobacterium vaginale_H
v06a4	Siphoviridae,-,-
v06a5	Siphoviridae,Bacillota,Streptococcus mitis_Q, Streptococcus oralis_BA, Streptococcus oralis_S, Streptococcus sp019448285, Streptococcus sp020089495, Streptococcus unknown
v06a6	Myoviridae,-,-
v06a7	Siphoviridae,Bacillota_C,Megasphaera lornae
v06a8	Siphoviridae,Actinomycetota, Bacteroidota, Fusobacteriota,Berryella sp001552935, Berryella unknown, Fannyhessea massiliensis, Fannyhessea unknown, Fannyhessea vaginae, Prevotella amnii, Prevotella timonensis_A, Sneathia vaginalis
v06a9	Siphoviridae,Bacillota,Lactobacillus crispatus
v06aa	Rountreeviridae,Bacillota,Lactobacillus crispatus, Lactobacillus mulieris
v06ab	Siphoviridae,Actinomycetota, Bacillota_A,Fannyhessea massiliensis, Fannyhessea unknown, Fannyhessea vaginae, Mageeibacillus indolicus
v06ac	Siphoviridae,Actinomycetota,Bifidobacterium vaginale_H
v06ad	Rountreeviridae,Bacillota,Streptococcus agalactiae
v06ae	Siphoviridae,Actinomycetota, Bacillota, Bacillota_A, Bacteroidota,Aerococcus christensenii, Alloscardovia omnicolens, Bifidobacterium piotii, Bifidobacterium swidsinskii, Bifidobacterium unknown, Bifidobacterium vaginale, Bifidobacterium vaginale_A, Bifidobacterium vaginale_C, Bifidobacterium vaginale_H, Fannyhessea massiliensis, Fannyhessea vaginae, Lactobacillus iners, Prevotella timonensis_A, UBA629_sp005465875
v06af	Siphoviridae,Bacillota_A,Mageeibacillus indolicus, Stomatobaculum naviforme
v06b0	Siphoviridae,Actinomycetota,Fannyhessea massiliensis
v06b1	Unclassified,Actinomycetota, Bacteroidota,Berryella sp001552935, Berryella unknown, Fannyhessea vaginae, Prevotella disiens
v06b2	Unclassified,Patescibacteria,Nanoperiomorbus sp004136275, Nanoperiomorbus unknown
v06b3	Siphoviridae,Bacteroidota,Prevotella amnii, Prevotella sp000758925, Prevotella timonensis_A
v06b4	Siphoviridae,Bacillota_A,UBA629_sp005465875
v06b5	Siphoviridae,Bacillota,Lactobacillus crispatus, Lactobacillus iners, Lactobacillus jensenii
v06b6	Unclassified,Bacteroidota,Prevotella amnii, Prevotella sp000479005, Prevotella sp000758925, Prevotella timonensis_A, Prevotella unknown
v06b7	Unclassified,Bacteroidota,Prevotella corporis, Prevotella disiens, Prevotella ihumii, Prevotella nigrescens, Prevotella pallens
v06b8	Siphoviridae,Actinomycetota, Bacillota_C,Bifidobacterium vaginale, Megasphaera hutchinsoni, Megasphaera lornae, Veillonella_A seminalis
v06b9	Unclassified,Bacteroidota,Prevotella colorans, Prevotella sp000479005, Prevotella sp000758925, Prevotella timonensis_A, Prevotella unknown
v06ba	Unclassified,Bacillota,Lactobacillus iners
v06bb	Unclassified,Actinomycetota,Corynebacterium aurimucosum_F, Corynebacterium tuberculostearicum
v06bc	Siphoviridae,Actinomycetota,Bifidobacterium vaginale
v06bd	Siphoviridae,Actinomycetota,Fannyhessea massiliensis, Fannyhessea unknown, Fannyhessea vaginae
v06be	Unclassified,-,-
v06bf	Siphoviridae,-,-
v06c0	Unclassified,Pseudomonadota,Oligella urethralis
v06c1	Siphoviridae,Actinomycetota,Corynebacterium jeikeium
v06c2	Siphoviridae,-,-
v06c3	Siphoviridae,-,-
v06c4	Unclassified,-,-
v06c5	Siphoviridae,-,-
v06c6	Siphoviridae,Actinomycetota,Corynebacterium tuscaniense, Corynebacterium unknown
v06c7	Siphoviridae,-,-
v06c8	Siphoviridae,Actinomycetota,Bifidobacterium vaginale_D, Bifidobacterium vaginale_H
v06c9	Siphoviridae,-,-
v06ca	Unclassified,-,-
v06cb	Siphoviridae,Actinomycetota, Bacillota, Bacillota_A,Berryella sp001552935, Bifidobacterium piotii, Bifidobacterium sp003585735, Bifidobacterium swidsinskii, Bifidobacterium unknown, Bifidobacterium vaginale, Bifidobacterium vaginale_A, Bifidobacterium vaginale_C, Bifidobacterium vaginale_F, Bifidobacterium vaginale_H, Fannyhessea massiliensis, Fannyhessea vaginae, Lactobacillus iners, UBA629_sp005465875
v06cc	Unclassified,Actinomycetota, Bacteroidota,Berryella sp001552935, Berryella unknown, Fannyhessea vaginae, Prevotella disiens
v06cd	Unclassified,Actinomycetota, Bacteroidota,Bifidobacterium leopoldii, Bifidobacterium piotii, Bifidobacterium sp003585735, Bifidobacterium swidsinskii, Bifidobacterium unknown, Bifidobacterium vaginale, Bifidobacterium vaginale_A, Bifidobacterium vaginale_B, Bifidobacterium vaginale_C, Bifidobacterium vaginale_D, Bifidobacterium vaginale_F, Bifidobacterium vaginale_H, Prevotella timonensis_A
v06ce	Siphoviridae,Actinomycetota, Bacteroidota,Bifidobacterium piotii, Bifidobacterium sp003585735, Bifidobacterium swidsinskii, Bifidobacterium vaginale, Bifidobacterium vaginale_A, Bifidobacterium vaginale_C, Bifidobacterium vaginale_D, Bifidobacterium vaginale_F, Bifidobacterium vaginale_H, Prevotella timonensis_A
v06cf	Papillomaviridae,Eukaryote,Eukaryote
v06d0	Unclassified,Bacillota, Fusobacteriota,Lactobacillus iners, Sneathia sanguinegens, Sneathia vaginalis
v06d1	Siphoviridae,Actinomycetota, Bacteroidota,Berryella sp001552935, Berryella unknown, Fannyhessea vaginae, Prevotella disiens
v06d2	Siphoviridae,Actinomycetota,Berryella sp001552935, Berryella unknown, Fannyhessea vaginae
v06d3	Siphoviridae,-,-
v06d4	Siphoviridae,Actinomycetota,Bifidobacterium leopoldii, Bifidobacterium piotii, Bifidobacterium sp003585735, Bifidobacterium swidsinskii, Bifidobacterium unknown, Bifidobacterium vaginale, Bifidobacterium vaginale_A, Bifidobacterium vaginale_C, Bifidobacterium vaginale_D, Bifidobacterium vaginale_F, Bifidobacterium vaginale_H
v06d5	Retroviridae,Eukaryote,Eukaryote
v06d6	Siphoviridae,Actinomycetota,Berryella unknown, Fannyhessea massiliensis, Fannyhessea unknown, Fannyhessea vaginae
v06d7	Siphoviridae,Bacillota, Bacillota_A,Gemella asaccharolytica, Peptostreptococcus sp000758885
v06d8	Myoviridae,Bacteroidota,Prevotella bivia, Prevotella disiens, Prevotella timonensis_A, Prevotella unknown, Sodaliphilus unknown
v06d9	Unclassified,Actinomycetota,Bifidobacterium leopoldii, Bifidobacterium piotii, Bifidobacterium swidsinskii, Bifidobacterium unknown, Bifidobacterium vaginale, Bifidobacterium vaginale_A, Bifidobacterium vaginale_B, Bifidobacterium vaginale_C, Bifidobacterium vaginale_F, Bifidobacterium vaginale_H
v06da	Podoviridae,Actinomycetota,Fannyhessea massiliensis, Fannyhessea unknown, Fannyhessea vaginae
v06db	Unclassified,Bacteroidota,Prevotella amnii, Prevotella bivia
v06dc	Unclassified,Actinomycetota, Bacteroidota,Bifidobacterium leopoldii, Bifidobacterium piotii, Bifidobacterium swidsinskii, Bifidobacterium unknown, Bifidobacterium vaginale, Bifidobacterium vaginale_A, Bifidobacterium vaginale_C, Bifidobacterium vaginale_F, Bifidobacterium vaginale_H, Prevotella timonensis_A
v06dd	Myoviridae,-,-
v06de	Unclassified,Actinomycetota,Bifidobacterium piotii, Bifidobacterium swidsinskii, Bifidobacterium unknown, Bifidobacterium vaginale, Bifidobacterium vaginale_A, Bifidobacterium vaginale_C, Bifidobacterium vaginale_F, Bifidobacterium vaginale_H
v06df	Unclassified,Actinomycetota, Bacteroidota,Bifidobacterium piotii, Bifidobacterium swidsinskii, Bifidobacterium unknown, Bifidobacterium vaginale, Bifidobacterium vaginale_A, Bifidobacterium vaginale_C, Bifidobacterium vaginale_H, Prevotella timonensis_A
v06e0	Unclassified,Bacillota_A,Finegoldia magna_H, Finegoldia unknown
v06e1	Siphoviridae,Bacillota, Bacteroidota,Prevotella bivia, Streptococcus agalactiae, Streptococcus anginosus, Streptococcus anginosus_C, Streptococcus pasteurianus, Streptococcus urinalis
v06e2	Siphoviridae,Bacillota_A,KA00134_sp001574395, Peptoniphilus_A grossensis, Peptoniphilus_A harei_A, Peptoniphilus_A lacrimalis, Peptoniphilus_A unknown, Peptoniphilus_A vaginalis, Peptoniphilus_B duerdenii
v06e3	Unclassified,Bacillota_A,Finegoldia magna_F, Finegoldia magna_H, Finegoldia unknown
v06e4	Siphoviridae,Bacillota_A,Peptoniphilus_A grossensis, Peptoniphilus_A harei_A, Peptoniphilus_A vaginalis
v06e5	Unclassified,Actinomycetota, Bacillota_C, Bacteroidota,Fannyhessea massiliensis, Fannyhessea unknown, Fannyhessea vaginae, Megasphaera hutchinsoni, Prevotella amnii
v06e6	Unclassified,Bacteroidota,Prevotella amnii, Prevotella sp000758925, Prevotella timonensis_A
v06e7	Siphoviridae,Fusobacteriota,Sneathia sanguinegens, Sneathia unknown, Sneathia vaginalis
v06e8	Unclassified,Bacteroidota,Porphyromonas_A sp001808555, Prevotella amnii, Prevotella sp000758925, Prevotella timonensis_A
v06e9	Quimbyviridae,Bacillota_A, Bacteroidota,CAKAHY01_unknown, Prevotella melaninogenica, Prevotella sp000758925, Prevotella timonensis_A
v06ea	Siphoviridae,Bacillota,Enterococcus faecalis
v06eb	Siphoviridae,Actinomycetota,Bifidobacterium swidsinskii
v06ec	Siphoviridae,Actinomycetota, Bacillota, Bacillota_A,Bifidobacterium leopoldii, Bifidobacterium piotii, Bifidobacterium swidsinskii, Bifidobacterium unknown, Bifidobacterium vaginale, Bifidobacterium vaginale_A, Bifidobacterium vaginale_C, Bifidobacterium vaginale_F, Bifidobacterium vaginale_H, Fannyhessea massiliensis, Fannyhessea vaginae, Lactobacillus iners, UBA629_sp005465875
v06ed	Unclassified,Bacteroidota,Prevotella sp000758925, Prevotella unknown
v06ee	Siphoviridae,Actinomycetota,Fannyhessea massiliensis, Fannyhessea unknown, Fannyhessea vaginae
v06ef	Siphoviridae,Bacillota_A,Peptoniphilus_A harei_A, Peptoniphilus_B unknown
v06f0	Quimbyviridae,Bacteroidota,Prevotella timonensis_A, Prevotella unknown
v06f1	Siphoviridae,Actinomycetota, Bacillota_C,Bifidobacterium vaginale, Megasphaera hutchinsoni, Megasphaera lornae
v06f2	Unclassified,Actinomycetota,Bifidobacterium swidsinskii, Bifidobacterium vaginale_D, Bifidobacterium vaginale_H
v06f3	Siphoviridae,-,-
v06f4	Unclassified,Actinomycetota, Bacteroidota,Bifidobacterium piotii, Bifidobacterium swidsinskii, Bifidobacterium unknown, Bifidobacterium vaginale, Bifidobacterium vaginale_A, Bifidobacterium vaginale_C, Bifidobacterium vaginale_D, Bifidobacterium vaginale_F, Bifidobacterium vaginale_H, Prevotella timonensis_A
v06f5	Unclassified,Actinomycetota,Bifidobacterium piotii, Bifidobacterium sp003585735, Bifidobacterium swidsinskii, Bifidobacterium unknown, Bifidobacterium vaginale, Bifidobacterium vaginale_A, Bifidobacterium vaginale_C, Bifidobacterium vaginale_D, Bifidobacterium vaginale_F, Bifidobacterium vaginale_H
v06f6	Siphoviridae,Bacillota,Gemella asaccharolytica
v06f7	Unclassified,Bacteroidota,Prevotella timonensis_A, Prevotella unknown
v06f8	Unclassified,Bacillota_C,Megasphaera lornae
v06f9	Unclassified,Actinomycetota,Bifidobacterium leopoldii, Bifidobacterium piotii, Bifidobacterium swidsinskii, Bifidobacterium unknown, Bifidobacterium vaginale, Bifidobacterium vaginale_A, Bifidobacterium vaginale_C, Bifidobacterium vaginale_D, Bifidobacterium vaginale_F, Bifidobacterium vaginale_H
v06fa	Siphoviridae,Actinomycetota,Bifidobacterium leopoldii, Bifidobacterium piotii, Bifidobacterium swidsinskii, Bifidobacterium unknown, Bifidobacterium vaginale, Bifidobacterium vaginale_A, Bifidobacterium vaginale_C, Bifidobacterium vaginale_D, Bifidobacterium vaginale_F, Bifidobacterium vaginale_H
v06fb	Siphoviridae,Actinomycetota,Bifidobacterium vaginale_C
v06fc	Unclassified,Actinomycetota, Bacteroidota,Bifidobacterium leopoldii, Bifidobacterium piotii, Bifidobacterium sp003585735, Bifidobacterium swidsinskii, Bifidobacterium unknown, Bifidobacterium vaginale, Bifidobacterium vaginale_A, Bifidobacterium vaginale_B, Bifidobacterium vaginale_C, Bifidobacterium vaginale_D, Bifidobacterium vaginale_F, Bifidobacterium vaginale_H, Prevotella timonensis_A
v06fd	Siphoviridae,Actinomycetota, Bacteroidota,Berryella sp001552935, Fannyhessea massiliensis, Fannyhessea unknown, Fannyhessea vaginae, Prevotella amnii
v06fe	Siphoviridae,-,-
v06ff	Siphoviridae,Actinomycetota, Bacteroidota,Berryella sp001552935, Berryella unknown, Fannyhessea massiliensis, Fannyhessea unknown, Fannyhessea vaginae, Prevotella amnii, Prevotella timonensis_A
v0700	Unclassified,Bacillota_C,Dialister micraerophilus, Dialister sp001553355
v0701	Siphoviridae,Actinomycetota,Bifidobacterium vaginale
v0702	Siphoviridae,Actinomycetota, Bacteroidota,Berryella sp001552935, Fannyhessea massiliensis, Fannyhessea unknown, Fannyhessea vaginae, Prevotella amnii, Prevotella timonensis_A
v0703	Unclassified,Bacillota_C,Megasphaera lornae
v0704	Siphoviridae,Bacillota,Lactobacillus crispatus, Lactobacillus gasseri, Lactobacillus iners, Lactobacillus jensenii
v0705	Siphoviridae,Actinomycetota,Berryella unknown, Fannyhessea massiliensis, Fannyhessea unknown, Fannyhessea vaginae
v0706	Siphoviridae,Bacillota_A,Parvimonas sp001552895
v0707	Unclassified,-,-
v0708	Unclassified,Bacillota,Streptococcus mitis_BM, Streptococcus oralis_BA, Streptococcus unknown
v0709	Siphoviridae,Bacillota,Streptococcus sp000187745, Streptococcus sp019448285
v070a	Siphoviridae,-,-
v070b	Siphoviridae,Bacillota,Limosilactobacillus unknown
v070c	Siphoviridae,Actinomycetota,Bifidobacterium vaginale
v070d	Siphoviridae,Actinomycetota, Bacillota, Bacillota_A, Bacteroidota,Aerococcus christensenii, Bifidobacterium leopoldii, Bifidobacterium piotii, Bifidobacterium swidsinskii, Bifidobacterium unknown, Bifidobacterium vaginale, Bifidobacterium vaginale_A, Bifidobacterium vaginale_C, Bifidobacterium vaginale_F, Bifidobacterium vaginale_H, Fannyhessea massiliensis, Fannyhessea vaginae, Lactobacillus iners, Prevotella timonensis_A, UBA629_sp005465875
v070e	Siphoviridae,Actinomycetota, Bacteroidota,Bifidobacterium leopoldii, Bifidobacterium piotii, Bifidobacterium swidsinskii, Bifidobacterium unknown, Bifidobacterium vaginale, Bifidobacterium vaginale_A, Bifidobacterium vaginale_B, Bifidobacterium vaginale_C, Bifidobacterium vaginale_D, Bifidobacterium vaginale_F, Bifidobacterium vaginale_H, Prevotella timonensis_A
v070f	Unclassified,Actinomycetota,Bifidobacterium unknown, Bifidobacterium vaginale
v0710	Siphoviridae,Actinomycetota, Bacillota_C, Bacteroidota,Berryella sp001552935, Fannyhessea massiliensis, Fannyhessea unknown, Fannyhessea vaginae, Megasphaera hutchinsoni, Prevotella amnii, Prevotella timonensis_A
v0711	Siphoviridae,Actinomycetota, Bacteroidota,Bifidobacterium leopoldii, Bifidobacterium piotii, Bifidobacterium sp003585735, Bifidobacterium swidsinskii, Bifidobacterium unknown, Bifidobacterium vaginale, Bifidobacterium vaginale_A, Bifidobacterium vaginale_B, Bifidobacterium vaginale_C, Bifidobacterium vaginale_D, Bifidobacterium vaginale_F, Bifidobacterium vaginale_H, Prevotella timonensis_A
v0712	Podoviridae,Actinomycetota,Fannyhessea massiliensis, Fannyhessea unknown, Fannyhessea vaginae
v0713	Unclassified,Bacteroidota,Prevotella unknown
v0714	Unclassified,Bacteroidota,Prevotella amnii, Prevotella bivia
v0715	Unclassified,Bacteroidota,Prevotella sp000479005, Prevotella sp000758925, Prevotella timonensis_A, Prevotella unknown
v0716	Unclassified,Bacillota,Lactobacillus mulieris
v0717	Unclassified,Actinomycetota,Bifidobacterium piotii, Bifidobacterium swidsinskii, Bifidobacterium unknown, Bifidobacterium vaginale, Bifidobacterium vaginale_A, Bifidobacterium vaginale_C, Bifidobacterium vaginale_F, Bifidobacterium vaginale_H
v0718	Unclassified,Actinomycetota,Bifidobacterium piotii, Bifidobacterium swidsinskii, Bifidobacterium unknown, Bifidobacterium vaginale, Bifidobacterium vaginale_A, Bifidobacterium vaginale_B, Bifidobacterium vaginale_C, Bifidobacterium vaginale_D, Bifidobacterium vaginale_F, Bifidobacterium vaginale_H
v0719	Unclassified,Actinomycetota, Bacillota, Bacillota_A,Amygdalobacter indicium, Bifidobacterium vaginale, Lactobacillus mulieris, Parvimonas sp001552895, UBA629_sp005465875
v071a	Siphoviridae,Actinomycetota, Bacteroidota, Fusobacteriota,Berryella sp001552935, Fannyhessea massiliensis, Fannyhessea unknown, Fannyhessea vaginae, Prevotella amnii, Prevotella timonensis_A, Sneathia vaginalis
v071b	Unclassified,Bacteroidota,Porphyromonas sp001552775, Porphyromonas uenonis_A, Porphyromonas unknown, Prevotella timonensis_A
v071c	Siphoviridae,Actinomycetota,Fannyhessea massiliensis, Fannyhessea unknown, Fannyhessea vaginae
v071d	Unclassified,Actinomycetota,Berryella sp001552935, Berryella unknown, Fannyhessea vaginae
v071e	Siphoviridae,Actinomycetota,Bifidobacterium swidsinskii, Bifidobacterium vaginale_C
v071f	Unclassified,Actinomycetota,Bifidobacterium piotii, Bifidobacterium swidsinskii, Bifidobacterium unknown, Bifidobacterium vaginale, Bifidobacterium vaginale_A, Bifidobacterium vaginale_C, Bifidobacterium vaginale_F, Bifidobacterium vaginale_H
v0720	Unclassified,Actinomycetota, Bacteroidota,Bifidobacterium leopoldii, Bifidobacterium piotii, Bifidobacterium sp003585735, Bifidobacterium swidsinskii, Bifidobacterium unknown, Bifidobacterium vaginale, Bifidobacterium vaginale_A, Bifidobacterium vaginale_C, Bifidobacterium vaginale_D, Bifidobacterium vaginale_F, Bifidobacterium vaginale_H, Prevotella timonensis_A
v0721	Siphoviridae,Actinomycetota,Bifidobacterium leopoldii, Bifidobacterium piotii, Bifidobacterium swidsinskii, Bifidobacterium unknown, Bifidobacterium vaginale, Bifidobacterium vaginale_A, Bifidobacterium vaginale_C, Bifidobacterium vaginale_D, Bifidobacterium vaginale_F, Bifidobacterium vaginale_H
v0722	Unclassified,Actinomycetota, Bacteroidota,Bifidobacterium leopoldii, Bifidobacterium piotii, Bifidobacterium swidsinskii, Bifidobacterium unknown, Bifidobacterium vaginale, Bifidobacterium vaginale_A, Bifidobacterium vaginale_C, Bifidobacterium vaginale_D, Bifidobacterium vaginale_F, Bifidobacterium vaginale_H, Prevotella timonensis_A
v0723	Siphoviridae,Bacillota_A,Anaerococcus tetradius, Anaerococcus vaginalis_B
v0724	Unclassified,Actinomycetota, Bacteroidota,Bifidobacterium leopoldii, Bifidobacterium piotii, Bifidobacterium swidsinskii, Bifidobacterium unknown, Bifidobacterium vaginale, Bifidobacterium vaginale_A, Bifidobacterium vaginale_C, Bifidobacterium vaginale_F, Bifidobacterium vaginale_H, Prevotella timonensis_A
v0725	Unclassified,Actinomycetota, Bacteroidota,Berryella sp001552935, Berryella unknown, Fannyhessea vaginae, Prevotella disiens
v0726	Podoviridae_crAss-like,Bacteroidota,Prevotella unknown
v0727	Unclassified,Actinomycetota, Bacillota_C,Fannyhessea massiliensis, Fannyhessea unknown, Fannyhessea vaginae, Megasphaera hutchinsoni
v0728	Unclassified,-,-
v0729	Siphoviridae,Actinomycetota,Winkia neuii
v072a	Unclassified,Actinomycetota, Bacteroidota,Bifidobacterium leopoldii, Bifidobacterium piotii, Bifidobacterium sp003585735, Bifidobacterium swidsinskii, Bifidobacterium unknown, Bifidobacterium vaginale, Bifidobacterium vaginale_A, Bifidobacterium vaginale_C, Bifidobacterium vaginale_D, Bifidobacterium vaginale_F, Bifidobacterium vaginale_H, Prevotella timonensis_A
v072b	Siphoviridae,Actinomycetota,Bifidobacterium vaginale_C
v072c	Unclassified,-,-
v072d	Unclassified,Bacteroidota,Prevotella amnii, Prevotella sp000758925, Prevotella timonensis_A
v072e	Siphoviridae,Actinomycetota,Bifidobacterium unknown, Bifidobacterium vaginale
v072f	Unclassified,-,-
v0730	Unclassified,-,-
v0731	Unclassified,Actinomycetota,Bifidobacterium leopoldii, Bifidobacterium piotii, Bifidobacterium swidsinskii, Bifidobacterium unknown, Bifidobacterium vaginale, Bifidobacterium vaginale_A, Bifidobacterium vaginale_C, Bifidobacterium vaginale_D, Bifidobacterium vaginale_F, Bifidobacterium vaginale_H
v0732	Unclassified,Actinomycetota,Bifidobacterium piotii, Bifidobacterium swidsinskii, Bifidobacterium unknown, Bifidobacterium vaginale, Bifidobacterium vaginale_A, Bifidobacterium vaginale_C, Bifidobacterium vaginale_F, Bifidobacterium vaginale_H
v0733	Unclassified,Bacteroidota,Prevotella sp000479005, Prevotella timonensis_A
v0734	Unclassified,Actinomycetota, Bacteroidota,Berryella sp001552935, Fannyhessea massiliensis, Fannyhessea unknown, Fannyhessea vaginae, Prevotella amnii, Prevotella timonensis_A
v0735	Siphoviridae,Actinomycetota,Berryella sp001552935, Berryella unknown
v0736	Siphoviridae,Bacillota_A,Peptoniphilus_A harei_A, Peptoniphilus_B unknown
v0737	Rountreeviridae,-,-
v0738	Siphoviridae,-,-
v0739	Siphoviridae,Actinomycetota,Actinotignum timonense, Propionimicrobium lymphophilum
v073a	Siphoviridae,Bacillota,Lactobacillus crispatus, Lactobacillus gasseri, Lactobacillus iners, Lactobacillus jensenii, Lactobacillus mulieris
v073b	Unclassified,Bacteroidota,Prevotella sp000479005, Prevotella timonensis_A, Prevotella unknown
v073c	Rountreeviridae,Bacillota,Lactobacillus crispatus
v073d	Unclassified,Bacillota,Lactobacillus crispatus
v073e	Siphoviridae,Actinomycetota,Corynebacterium tuscaniense
v073f	Papillomaviridae,Eukaryote,Eukaryote
v0740	Myoviridae,Bacillota,Lactobacillus crispatus
v0741	Siphoviridae,Actinomycetota, Bacillota_C,Bifidobacterium vaginale, Megasphaera hutchinsoni, Megasphaera lornae
v0742	Unclassified,Actinomycetota,Bifidobacterium piotii, Bifidobacterium sp003585735, Bifidobacterium swidsinskii, Bifidobacterium unknown, Bifidobacterium vaginale, Bifidobacterium vaginale_A, Bifidobacterium vaginale_C, Bifidobacterium vaginale_D, Bifidobacterium vaginale_F, Bifidobacterium vaginale_H
v0743	Papillomaviridae,Eukaryote,Eukaryote
v0744	Siphoviridae,Bacillota, Bacteroidota,Lactobacillus crispatus, Prevotella unknown
v0745	Siphoviridae,Actinomycetota, Bacillota, Bacillota_A,Aerococcus christensenii, Bifidobacterium swidsinskii, Bifidobacterium vaginale_H, Parvimonas sp001552895
v0746	Siphoviridae,Bacillota,Lactobacillus crispatus
v0747	Unclassified,Patescibacteria,Nanoperiomorbus sp004136275, Nanoperiomorbus unknown
v0748	Unclassified,Actinomycetota,Fannyhessea massiliensis, Fannyhessea unknown, Fannyhessea vaginae
v0749	Siphoviridae,Actinomycetota, Bacillota, Bacillota_A,Berryella sp001552935, Bifidobacterium leopoldii, Bifidobacterium piotii, Bifidobacterium swidsinskii, Bifidobacterium unknown, Bifidobacterium vaginale, Bifidobacterium vaginale_A, Bifidobacterium vaginale_C, Bifidobacterium vaginale_F, Bifidobacterium vaginale_H, Fannyhessea massiliensis, Fannyhessea vaginae, Lactobacillus iners, UBA629_sp005465875
v074a	Unclassified,Bacillota, Bacteroidota,Lactobacillus jensenii, Prevotella amnii, Prevotella bivia, Prevotella sp000758925, Prevotella timonensis_A, Prevotella unknown
v074b	Myoviridae,-,-
v074c	Siphoviridae,Bacillota,Lactobacillus crispatus
v074d	Unclassified,Bacteroidota,Phocaeicola plebeius_A
v074e	Unclassified,Bacillota_A,Peptoniphilus_A harei_A, Peptoniphilus_A vaginalis, Peptoniphilus_B unknown
v074f	Siphoviridae,Bacillota_A,Peptoniphilus_A harei_A
v0750	Unclassified,-,-
v0751	Unclassified,Bacillota,Lactobacillus crispatus, Lactobacillus gasseri, Lactobacillus jensenii, Lactobacillus ultunensis
v0752	Unclassified,Bacillota,Lactobacillus crispatus, Lactobacillus gasseri, Lactobacillus jensenii, Lactobacillus mulieris, Lactobacillus ultunensis, Ligilactobacillus salivarius
v0753	Unclassified,-,-
v0754	Unclassified,-,-
v0755	Unclassified,-,-
v0756	Unclassified,Bacillota,Streptococcus salivarius
v0757	Unclassified,-,-
v0758	Myoviridae,-,-
v0759	Siphoviridae,-,-
v075a	Unclassified,Bacillota,Lactobacillus crispatus, Lactobacillus jensenii, Lactobacillus mulieris
v075b	Unclassified,-,-
v075c	Unclassified,Actinomycetota,Berryella sp900604965
v075d	Unclassified,Campylobacterota,Campylobacter_B unknown
v075e	Unclassified,-,-
v075f	Unclassified,Bacillota,Lactobacillus crispatus, Lactobacillus gasseri, Lactobacillus iners, Lactobacillus jensenii
v0760	Unclassified,-,-
v0761	Unclassified,-,-
v0762	Unclassified,Bacillota,Streptococcus anginosus
v0763	Unclassified,Bacillota_A,UBA629_sp005465875
v0764	Siphoviridae,Bacillota,Bulleidia unknown
v0765	Unclassified,-,-
v0766	Siphoviridae,Bacillota,Nosocomiicoccus ampullae_A
v0767	Unclassified,Campylobacterota,Campylobacter_B ureolyticus, Campylobacter_B ureolyticus_A
v0768	Unclassified,-,-
v0769	Unclassified,Bacillota, Bacillota_A, Fusobacteriota,Gemella asaccharolytica, Parvimonas sp001552895, Sneathia vaginalis
v076a	Unclassified,Bacillota, Bacteroidota,Lactobacillus jensenii, Prevotella amnii, Prevotella bivia, Prevotella sp900313215
v076b	Unclassified,-,-
v076c	Unclassified,-,-
v076d	Siphoviridae,-,-
v076e	Unclassified,-,-
v076f	Unclassified,-,-
v0770	Unclassified,Actinomycetota,Bifidobacterium leopoldii, Bifidobacterium swidsinskii, Bifidobacterium unknown, Bifidobacterium vaginale_A, Bifidobacterium vaginale_C, Bifidobacterium vaginale_F
v0771	Unclassified,Bacillota,Lactobacillus jensenii, Lactobacillus mulieris
v0772	Myoviridae,-,-
v0773	Unclassified,-,-
v0774	Unclassified,Bacillota,Streptococcus agalactiae, Streptococcus anginosus
v0775	Siphoviridae,Actinomycetota, Bacteroidota,Corynebacterium phoceense, Prevotella timonensis_A, Prevotella unknown
v0776	Siphoviridae,Actinomycetota,Berryella sp001552935, Berryella unknown
v0777	Unclassified,Bacteroidota,Prevotella bivia
v0778	Siphoviridae,-,-
v0779	Unclassified,Bacillota_A,Fastidiosipila unknown
v077a	Siphoviridae,Actinomycetota,Brevibacterium sp001815905
v077b	Unclassified,Bacteroidota,Prevotella sp000479005, Prevotella timonensis_A, Prevotella unknown
v077c	Unclassified,Bacillota,Lactobacillus gasseri, Lactobacillus paragasseri
v077d	Unclassified,-,-
v077e	Siphoviridae,-,-
v077f	Siphoviridae,Actinomycetota, Bacillota_A,Fannyhessea massiliensis, Peptoniphilus_A vaginalis
v0780	Unclassified,Bacillota, Bacillota_A,Aerococcus urinae_A, Anaerococcus ihuae, Anaerococcus sp900232825, Anaerococcus tetradius, Anaerococcus vaginalis_B, Anaerococcus vaginimassiliensis, Facklamia hominis, Finegoldia magna_F, Finegoldia magna_H, Lactobacillus gasseri, Mediannikoviicoccus vaginalis, Peptoniphilus_A harei_A, Peptoniphilus_A lacrimalis, Peptoniphilus_A vaginalis, Peptoniphilus_B duerdenii, Streptococcus agalactiae, Streptococcus pasteurianus, Streptococcus urinalis
v0781	Unclassified,Bacillota_A,UBA629_sp005465875
v0782	Unclassified,Bacteroidota,Prevotella corporis, Prevotella disiens, Prevotella pallens, Prevotella unknown
v0783	Unclassified,Actinomycetota, Bacillota,Bifidobacterium vaginale_A, Bifidobacterium vaginale_C, Lactobacillus iners
v0784	Unclassified,-,-
v0785	Unclassified,Actinomycetota,Actinotignum sanguinis, Actinotignum timonense
v0786	Unclassified,-,-
v0787	Unclassified,Bacillota_C,Megasphaera lornae
v0788	Unclassified,-,-
v0789	Unclassified,-,-
v078a	Unclassified,-,-
v078b	Unclassified,Bacillota_C,Dialister sp001553355
v078c	Unclassified,Actinomycetota,Berryella sp001552935, Berryella unknown, Fannyhessea vaginae
v078d	Unclassified,Bacteroidota,Phocaeicola vulgatus
v078e	Unclassified,Bacillota_C,Dialister sp001553355
v078f	Myoviridae,Bacillota, Bacillota_A,Lactobacillus iners, UBA629_sp005465875
v0790	Unclassified,Actinomycetota, Bacillota,Bifidobacterium vaginale_A, Bifidobacterium vaginale_C, Lactobacillus iners
v0791	Unclassified,Bacillota,Streptococcus anginosus
v0792	Unclassified,Bacteroidota,Prevotella bivia, Prevotella sp000758925, Prevotella sp900548585, Prevotella timonensis_A
v0793	Unclassified,-,-
v0794	Unclassified,Bacillota_A,Peptoniphilus_A harei_A
v0795	Unclassified,Actinomycetota,Mobiluncus mulieris
v0796	Siphoviridae,Fusobacteriota,Sneathia sanguinegens, Sneathia vaginalis
v0797	Unclassified,Actinomycetota, Bacillota, Bacillota_A,Bifidobacterium vaginale_A, Lactobacillus iners, Parvimonas sp001552895
v0798	Unclassified,Bacillota_A,UBA629_sp005465875
v0799	Unclassified,Bacteroidota,Cryptobacteroides unknown
v079a	Unclassified,Bacteroidota,Prevotella sp000479005, Prevotella sp000758925
v079b	Unclassified,Bacteroidota,Cryptobacteroides unknown, Prevotella unknown
v079c	Unclassified,Bacteroidota,Prevotella corporis, Prevotella disiens
v079d	Unclassified,-,-
v079e	Unclassified,-,-
v079f	Siphoviridae,-,-
v07a0	Unclassified,Bacteroidota,Prevotella timonensis_A
v07a1	Unclassified,Bacillota, Bacillota_A, Bacillota_C, Fusobacteriota,Gemella asaccharolytica, Lactobacillus crispatus, Lactobacillus iners, Lactobacillus jensenii, Lactobacillus mulieris, Megasphaera hutchinsoni, Megasphaera lornae, Parvimonas sp001552895, Peptoniphilus_A harei_A, Peptoniphilus_A lacrimalis, Peptoniphilus_A vaginalis, Sneathia sanguinegens, Sneathia vaginalis, UBA629_sp005465875
v07a2	Unclassified,Bacillota,Streptococcus anginosus
v07a3	Inoviridae,Bacillota_C,Megasphaera lornae
v07a4	Unclassified,Bacteroidota,Prevotella unknown
v07a5	Unclassified,Actinomycetota, Bacillota, Bacillota_A,Bifidobacterium vaginale_A, Lactobacillus iners, UBA629_sp005465875
v07a6	Unclassified,Bacillota_A,Finegoldia magna_H, Finegoldia unknown
v07a7	Unclassified,Bacillota_A,Anaerococcus unknown, Peptoniphilus_C coxii, Peptoniphilus_C sp902363535, Peptoniphilus_C unknown
v07a8	Siphoviridae,-,-
v07a9	Unclassified,Bacillota, Bacteroidota,Lactobacillus jensenii, Prevotella amnii, Prevotella bivia, Prevotella denticola, Prevotella sp000758925, Prevotella sp001553265, Prevotella timonensis_A, Prevotella unknown
v07aa	Unclassified,Bacteroidota,Prevotella disiens, Prevotella ihumii, Prevotella unknown
v07ab	Siphoviridae,Bacillota_A,UBA629_sp005465875
v07ac	Unclassified,-,-
v07ad	Unclassified,Bacillota_C,Veillonella montpellierensis
v07ae	Unclassified,Actinomycetota, Bacillota, Bacillota_A,Bifidobacterium sp003585735, Bifidobacterium vaginale_A, Lactobacillus iners, UBA629_sp005465875
v07af	Unclassified,-,-
v07b0	Unclassified,Actinomycetota,Berryella sp001552935, Berryella unknown
v07b1	Unclassified,-,-
v07b2	Unclassified,Bacteroidota,Prevotella amnii, Prevotella sp000479005, Prevotella timonensis_A, Prevotella unknown
v07b3	Unclassified,Actinomycetota,Mobiluncus curtisii
v07b4	Unclassified,Bacillota, Bacillota_A,Aerococcus urinae_A, Anaerococcus hydrogenalis, Anaerococcus ihuae, Anaerococcus sp900232825, Anaerococcus tetradius, Anaerococcus vaginalis_B, Anaerococcus vaginimassiliensis, Ezakiella coagulans, Facklamia hominis, Finegoldia magna_F, Finegoldia magna_H, Lactobacillus gasseri, Mediannikoviicoccus vaginalis, Peptoniphilus_A harei_A, Peptoniphilus_A lacrimalis, Peptoniphilus_A vaginalis, Peptoniphilus_B duerdenii, Streptococcus agalactiae, Streptococcus pasteurianus, Streptococcus urinalis
v07b5	Unclassified,Bacillota_A,Peptoniphilus_A lacrimalis, Peptoniphilus_A vaginalis
v07b6	Unclassified,Actinomycetota,Bifidobacterium piotii, Bifidobacterium swidsinskii, Bifidobacterium unknown, Bifidobacterium vaginale, Bifidobacterium vaginale_B, Bifidobacterium vaginale_H
v07b7	Unclassified,-,-
v07b8	Unclassified,Bacillota,Streptococcus agalactiae, Streptococcus anginosus, Streptococcus anginosus_C
v07b9	Unclassified,-,-
v07ba	Unclassified,Bacillota_A,Peptoniphilus_A harei_A, Peptoniphilus_A lacrimalis, Peptoniphilus_A vaginalis, Peptoniphilus_B unknown
v07bb	Unclassified,-,-
v07bc	Unclassified,Actinomycetota, Bacillota,Bifidobacterium leopoldii, Bifidobacterium vaginale_A, Bifidobacterium vaginale_C, Lactobacillus iners
v07bd	Unclassified,Bacillota,Lactobacillus crispatus
v07be	Unclassified,Bacteroidota,Sodaliphilus unknown
v07bf	Unclassified,Bacteroidota,Prevotella bivia, Prevotella colorans, Prevotella melaninogenica, Prevotella sp000479005, Prevotella sp000758925, Prevotella timonensis_A
v07c0	Unclassified,-,-
v07c1	Unclassified,Bacillota_C,Dialister micraerophilus, Dialister sp001553355
v07c2	Unclassified,Bacillota_A,Parvimonas sp001552895
v07c3	Unclassified,Bacillota_A, Bacillota_C,Catonella unknown, Dialister sp001553355, Dialister sp900541485
v07c4	Unclassified,Bacillota, Bacillota_A, Bacteroidota, Fusobacteriota,Anaerococcus lactolyticus, Finegoldia magna_H, Fusobacterium_C gonidiaformans, Parvimonas parva, Parvimonas sp001552895, Prevotella timonensis_A, Prevotella unknown, Streptococcus agalactiae, Streptococcus anginosus_C, Streptococcus mitis_BF, UBA629_sp005465875
v07c5	Unclassified,Bacillota_C,Dialister sp001553355
v07c6	Unclassified,Bacteroidota,Prevotella disiens, Prevotella unknown
v07c7	Unclassified,Bacillota, Bacteroidota,Lactobacillus jensenii, Prevotella amnii, Prevotella bivia, Prevotella disiens, Prevotella sp000758925, Prevotella timonensis_A, Prevotella unknown
v07c8	Unclassified,Actinomycetota, Bacillota_A,Bifidobacterium piotii, Bifidobacterium swidsinskii, Bifidobacterium vaginale, Fannyhessea vaginae, UBA629_sp005465875
v07c9	Unclassified,-,-
v07ca	Unclassified,Actinomycetota,Fannyhessea massiliensis
v07cb	Unclassified,Bacillota,Lactobacillus iners, Lactobacillus jensenii, Lactobacillus mulieris
v07cc	Inoviridae,-,-
v07cd	Unclassified,Bacillota_A,Parvimonas sp001552895
v07ce	Unclassified,Actinomycetota,Berryella sp001552935, Berryella unknown
v07cf	Unclassified,Actinomycetota, Bacillota,Bifidobacterium vaginale_A, Bifidobacterium vaginale_C, Lactobacillus iners
v07d0	Unclassified,Bacteroidota,Cryptobacteroides unknown
v07d1	Unclassified,-,-
v07d2	Unclassified,Bacillota_A,Parvimonas sp001552895
v07d3	Unclassified,Actinomycetota,Bifidobacterium vaginale
v07d4	Siphoviridae,Actinomycetota, Bacillota, Bacillota_A,Bifidobacterium vaginale_A, Lactobacillus iners, UBA629_sp005465875
v07d5	Myoviridae,Bacillota_C,Megasphaera hutchinsoni
v07d6	Unclassified,Bacteroidota,Prevotella amnii, Prevotella bivia, Prevotella denticola, Prevotella sp000758925, Prevotella timonensis_A, Prevotella unknown
v07d7	Unclassified,-,-
v07d8	Siphoviridae,Bacillota,Lactobacillus iners
v07d9	Unclassified,Bacillota_A,Peptoniphilus_A harei_A, Peptoniphilus_A lacrimalis, Peptoniphilus_A vaginalis
v07da	Siphoviridae,-,-
v07db	Siphoviridae,Bacteroidota,Prevotella amnii, Prevotella sp000758925, Prevotella timonensis_A, Prevotella unknown
v07dc	Unclassified,Bacteroidota,Prevotella timonensis_A, Prevotella unknown
v07dd	Unclassified,Actinomycetota, Bacillota, Bacillota_A,Bifidobacterium sp003585735, Bifidobacterium unknown, Bifidobacterium vaginale_A, Lactobacillus iners, Parvimonas sp001552895, UBA629_sp005465875
v07de	Unclassified,Bacteroidota,Prevotella unknown
v07df	Unclassified,Bacillota_C,Dialister sp001553355
v07e0	Unclassified,Bacteroidota,Prevotella amnii, Prevotella bivia, Prevotella timonensis_A
v07e1	Siphoviridae,Actinomycetota, Bacillota, Bacillota_A,Bifidobacterium vaginale_A, Lactobacillus iners, Parvimonas sp001552895, UBA629_sp005465875
v07e2	Unclassified,Bacillota_A,UBA629_sp005465875
v07e3	Unclassified,Bacillota_A, Bacillota_C,Megasphaera hutchinsoni, UBA4285_sp900542465
v07e4	Unclassified,Bacillota, Bacteroidota,Lactobacillus jensenii, Prevotella amnii, Prevotella bivia, Prevotella sp000758925, Prevotella sp001553265, Prevotella timonensis_A
v07e5	Unclassified,-,-
v07e6	Unclassified,Bacillota_A,Peptoniphilus_A harei_A, Peptoniphilus_A vaginalis
v07e7	Siphoviridae,Bacillota_A,Peptoniphilus_A harei_A
v07e8	Unclassified,Bacillota,Lactobacillus iners
v07e9	Unclassified,Bacillota_A,Peptoniphilus_A harei_A, Peptoniphilus_A vaginalis, Urinicoccus massiliensis
v07ea	Siphoviridae,Bacillota_A,Peptoniphilus_A harei_A
v07eb	Unclassified,Bacillota_A,Peptoniphilus_A harei_A, Peptoniphilus_A vaginalis
v07ec	Siphoviridae,Bacillota_A,Parvimonas sp001552895
v07ed	Unclassified,Bacillota,Metamycoplasma hominis
v07ee	Unclassified,Actinomycetota, Bacillota, Bacillota_A,Bifidobacterium vaginale_A, Lactobacillus iners, Parvimonas sp001552895, UBA629_sp005465875
v07ef	Unclassified,Bacteroidota,Prevotella unknown
v07f0	Siphoviridae,Actinomycetota, Bacillota_A,Fannyhessea massiliensis, Fannyhessea vaginae, Peptoniphilus_A vaginalis
v07f1	Unclassified,Bacteroidota,Prevotella disiens, Prevotella ihumii
v07f2	Unclassified,Bacillota,Lactobacillus gallinarum
v07f3	Unclassified,-,-
v07f4	Unclassified,Bacteroidota,Prevotella buccalis, Prevotella sp000479005, Prevotella timonensis_A, Prevotella unknown
v07f5	Unclassified,Bacillota,Lactobacillus iners
v07f6	Siphoviridae,Bacillota_A,Parvimonas sp001552895
v07f7	Unclassified,-,-
v07f8	Unclassified,Bacillota,Lactobacillus iners
v07f9	Unclassified,Bacillota,Lactobacillus jensenii, Lactobacillus mulieris
v07fa	Unclassified,Bacillota_A,Parvimonas sp001552895
v07fb	Unclassified,-,-
v07fc	Unclassified,-,-
v07fd	Unclassified,-,-
v07fe	Unclassified,Bacillota,Lactobacillus iners
v07ff	Unclassified,Bacteroidota,Cryptobacteroides unknown
v0800	Unclassified,-,-
v0801	Unclassified,Bacillota_C,Megasphaera hutchinsoni, Megasphaera lornae
v0802	Unclassified,-,-
v0803	Unclassified,Actinomycetota, Bacillota,Bifidobacterium vaginale_A, Bifidobacterium vaginale_C, Lactobacillus iners
v0804	Unclassified,Fusobacteriota,Sneathia vaginalis
v0805	Unclassified,Actinomycetota,Berryella unknown
v0806	Unclassified,Actinomycetota, Bacteroidota,Berryella unknown, Prevotella unknown
v0807	Unclassified,Actinomycetota,Mobiluncus curtisii, Mobiluncus mulieris, Mobiluncus unknown
v0808	Unclassified,Bacillota, Bacteroidota,Lactobacillus jensenii, Prevotella amnii, Prevotella bivia, Prevotella sp000758925, Prevotella timonensis_A, Prevotella unknown
v0809	Unclassified,Bacillota,Lactobacillus iners
v080a	Unclassified,-,-
v080b	Unclassified,Bacillota,Lactobacillus iners
v080c	Unclassified,Actinomycetota, Bacillota_C,Bifidobacterium piotii, Bifidobacterium swidsinskii, Bifidobacterium unknown, Bifidobacterium vaginale, Bifidobacterium vaginale_A, Bifidobacterium vaginale_F, Megasphaera lornae
v080d	Unclassified,Bacillota,Lactobacillus iners
v080e	Siphoviridae,-,-
v080f	Unclassified,Bacteroidota,Prevotella amnii, Prevotella bivia, Prevotella sp000479005, Prevotella sp000758925, Prevotella timonensis_A, Prevotella unknown
v0810	Unclassified,Bacillota,Streptococcus mitis_BF, Streptococcus oralis_BA
v0811	Unclassified,Actinomycetota, Bacteroidota,Bifidobacterium vaginale_F, Prevotella colorans, Prevotella sp000479005, Prevotella sp000758925, Prevotella timonensis_A, Prevotella unknown
v0812	Unclassified,Bacillota_A,Finegoldia magna_H, Finegoldia unknown
v0813	Unclassified,-,-
v0814	Unclassified,Bacillota_A,Finegoldia unknown
v0815	Siphoviridae,Bacillota_A,Peptoniphilus_A harei_A
v0816	Unclassified,Bacillota_A,Peptoniphilus_A harei_A
v0817	Unclassified,Actinomycetota,Bifidobacterium leopoldii, Bifidobacterium swidsinskii, Bifidobacterium unknown, Bifidobacterium vaginale, Bifidobacterium vaginale_C
v0818	Unclassified,Fusobacteriota,Sneathia vaginalis
v0819	Unclassified,-,-
v081a	Siphoviridae,-,-
v081b	Unclassified,Campylobacterota,Campylobacter_B unknown
v081c	Unclassified,Bacillota_A,Peptoniphilus_A harei_A, Peptoniphilus_A lacrimalis, Peptoniphilus_A vaginalis, Peptoniphilus_B unknown
v081d	Unclassified,Actinomycetota, Bacillota,Bifidobacterium vaginale_A, Bifidobacterium vaginale_C, Lactobacillus iners
v081e	Unclassified,Bacillota_C,Dialister sp001553355
v081f	Unclassified,Bacteroidota,Prevotella bivia, Prevotella timonensis_A, Prevotella unknown
v0820	Unclassified,Bacillota, Bacteroidota,Lactobacillus jensenii, Prevotella amnii, Prevotella bivia, Prevotella denticola, Prevotella sp000758925, Prevotella sp001553265, Prevotella timonensis_A, Prevotella unknown
v0821	Unclassified,Actinomycetota, Bacillota_A,Fannyhessea massiliensis, Fannyhessea unknown, Peptoniphilus_A vaginalis
v0822	Unclassified,-,-
v0823	Unclassified,Bacteroidota,Prevotella amnii, Prevotella bivia
v0824	Unclassified,Bacillota_C,Megasphaera hutchinsoni, Megasphaera lornae
v0825	Unclassified,Bacteroidota,Prevotella amnii, Prevotella bivia, Prevotella pallens, Prevotella sp000758925, Prevotella timonensis_A, Prevotella unknown
v0826	Unclassified,Bacillota_A,Parvimonas sp001552895
v0827	Unclassified,Bacillota_A,UBA629_sp005465875
v0828	Unclassified,Actinomycetota,Bifidobacterium breve
v0829	Unclassified,Actinomycetota, Bacillota, Bacillota_A,Bifidobacterium vaginale_A, Lactobacillus iners, UBA629_sp005465875
v082a	Unclassified,Bacillota_A,Parvimonas sp001552895
v082b	Siphoviridae,-,-
v082c	Unclassified,Actinomycetota, Bacillota, Bacillota_A,Bifidobacterium vaginale_A, Lactobacillus iners, Parvimonas sp001552895, UBA629_sp005465875
v082d	Unclassified,Bacteroidota,Prevotella amnii, Prevotella colorans, Prevotella sp000479005, Prevotella sp000758925, Prevotella timonensis_A, Prevotella unknown
v082e	Unclassified,-,-
v082f	Unclassified,-,-
v0830	Unclassified,Bacillota_A,Peptoniphilus_A vaginalis
v0831	Siphoviridae,Bacillota, Bacillota_A,Lactobacillus iners, Parvimonas sp001552895
v0832	Siphoviridae,Bacillota,Streptococcus mitis_BF
v0833	Unclassified,Bacillota_A,UBA629_sp005465875
v0834	Unclassified,Actinomycetota, Bacillota, Bacillota_A,Bifidobacterium vaginale_A, Lactobacillus iners, Parvimonas sp001552895, UBA629_sp005465875
v0835	Siphoviridae,Bacillota, Bacillota_A,Lactobacillus iners, Parvimonas sp001552895
v0836	Unclassified,Bacillota_A,Parvimonas sp001552895
v0837	Unclassified,Bacillota,Mycoplasmopsis unknown
v0838	Unclassified,-,-
v0839	Siphoviridae,Bacillota,Aerococcus christensenii, Lactobacillus crispatus
v083a	Unclassified,Bacillota_A, Fusobacteriota,Parvimonas sp001552895, Sneathia sanguinegens, Sneathia vaginalis
v083b	Unclassified,-,-
v083c	Siphoviridae,Bacillota,Streptococcus unknown
v083d	Unclassified,Bacillota_C,Dialister micraerophilus, Veillonella montpellierensis
v083e	Unclassified,Bacillota,Lactobacillus iners
v083f	Unclassified,Bacteroidota,Prevotella amnii, Prevotella colorans, Prevotella denticola, Prevotella disiens, Prevotella ihumii, Prevotella sp000479005, Prevotella sp000758925, Prevotella timonensis_A, Prevotella unknown
v0840	Unclassified,-,-
v0841	Unclassified,Bacillota, Bacillota_A, Bacillota_C,Megasphaera lornae, S5-A14a sp000758905, Streptococcus agalactiae, Streptococcus anginosus, Streptococcus pyogenes, UBA629_sp005465875
v0842	Siphoviridae,-,-
v0843	Siphoviridae,Bacillota,Aerococcus christensenii
v0844	Unclassified,-,-
v0845	Siphoviridae,Bacillota_A,Parvimonas sp001552895
v0846	Unclassified,Bacillota_A, Bacillota_C,Megasphaera hutchinsoni, UBA629_sp005465875
v0847	Unclassified,Bacillota, Bacillota_A,Lactobacillus iners, UBA629_sp005465875
v0848	Unclassified,Bacillota_A,Stomatobaculum naviforme
v0849	Siphoviridae,Actinomycetota,Berryella unknown
v084a	Unclassified,-,-
v084b	Unclassified,Bacillota_A,Parvimonas sp001552895
v084c	Unclassified,Bacillota_A,Peptoniphilus_A lacrimalis, Peptoniphilus_A vaginalis
v084d	Unclassified,-,-
v084e	Unclassified,Bacillota, Bacteroidota,Lactobacillus jensenii, Prevotella disiens, Prevotella ihumii, Prevotella nigrescens
v084f	Siphoviridae,Bacillota,Lactobacillus crispatus, Lactobacillus iners, Lactobacillus jensenii
v0850	Siphoviridae,Bacillota,Lacticaseibacillus paracasei
v0851	Siphoviridae,Bacillota,Lacticaseibacillus paracasei, Lacticaseibacillus rhamnosus
v0852	Myoviridae,Pseudomonadota,Escherichia coli
v0853	Myoviridae,Pseudomonadota,Escherichia coli
v0854	Myoviridae,Pseudomonadota,Escherichia coli, Klebsiella pneumoniae
v0855	Siphoviridae,Bacillota,Lacticaseibacillus rhamnosus
v0856	Siphoviridae,Bacillota,Lactobacillus crispatus
v0857	Siphoviridae,Bacillota,Lactobacillus crispatus
v0858	Siphoviridae,Actinomycetota, Bacteroidota,Berryella sp001552935, Berryella unknown, Fannyhessea massiliensis, Fannyhessea unknown, Fannyhessea vaginae, Prevotella timonensis_A
v0859	Siphoviridae,Actinomycetota, Bacillota, Bacillota_A,Berryella sp001552935, Bifidobacterium leopoldii, Bifidobacterium piotii, Bifidobacterium swidsinskii, Bifidobacterium unknown, Bifidobacterium vaginale, Bifidobacterium vaginale_A, Bifidobacterium vaginale_C, Bifidobacterium vaginale_F, Bifidobacterium vaginale_H, Bulleidia unknown, Fannyhessea massiliensis, Fannyhessea vaginae, Lactobacillus iners, UBA629_sp005465875
v085a	Siphoviridae,Bacillota,Limosilactobacillus vaginalis
v085b	Siphoviridae,Bacillota,Lactobacillus crispatus, Lactobacillus iners, Lactobacillus jensenii, Lactobacillus mulieris
v085c	Siphoviridae,Bacillota,Lactobacillus crispatus
v085d	Myoviridae,Bacillota,Lactobacillus crispatus
v085e	Myoviridae,Bacillota,Lactobacillus crispatus
v085f	Unclassified,Actinomycetota, Bacteroidota,Bifidobacterium leopoldii, Bifidobacterium piotii, Bifidobacterium swidsinskii, Bifidobacterium unknown, Bifidobacterium vaginale, Bifidobacterium vaginale_A, Bifidobacterium vaginale_C, Bifidobacterium vaginale_D, Bifidobacterium vaginale_F, Bifidobacterium vaginale_H, Prevotella timonensis_A
v0860	Siphoviridae,Bacillota, Bacillota_A,Anaerococcus vaginimassiliensis, Finegoldia magna_F, Gemella asaccharolytica, Lactobacillus iners, Peptoniphilus_A lacrimalis, Peptoniphilus_A vaginalis, Peptoniphilus_B duerdenii, Peptoniphilus_C coxii, UBA629_sp005465875
v0861	Myoviridae,Bacillota,Lactobacillus gasseri, Lactobacillus paragasseri
v0862	Siphoviridae,Actinomycetota,Bifidobacterium breve, Bifidobacterium pseudocatenulatum
v0863	Myoviridae,Bacillota,Lactobacillus gasseri, Lactobacillus paragasseri
v0864	Siphoviridae,Bacillota,Lactobacillus gasseri, Lactobacillus mulieris, Lactobacillus paragasseri
v0865	Siphoviridae,Bacillota,Lactobacillus gasseri, Lactobacillus paragasseri
v0866	Siphoviridae,Bacillota,Lactobacillus crispatus, Lactobacillus gasseri, Lactobacillus paragasseri, Limosilactobacillus coleohominis_A, Limosilactobacillus portuensis, Limosilactobacillus vaginalis
v0867	Unclassified,Actinomycetota, Bacteroidota,Bifidobacterium leopoldii, Bifidobacterium piotii, Bifidobacterium swidsinskii, Bifidobacterium unknown, Bifidobacterium vaginale, Bifidobacterium vaginale_A, Bifidobacterium vaginale_C, Bifidobacterium vaginale_D, Bifidobacterium vaginale_F, Bifidobacterium vaginale_H, Prevotella timonensis_A
v0868	Siphoviridae,Actinomycetota, Bacteroidota,Bifidobacterium leopoldii, Bifidobacterium piotii, Bifidobacterium sp003585735, Bifidobacterium swidsinskii, Bifidobacterium unknown, Bifidobacterium vaginale, Bifidobacterium vaginale_A, Bifidobacterium vaginale_B, Bifidobacterium vaginale_C, Bifidobacterium vaginale_D, Bifidobacterium vaginale_F, Bifidobacterium vaginale_H, Nanchangia sp900545825, Prevotella timonensis_A
v0869	Siphoviridae,Bacillota,Lactobacillus crispatus, Lactobacillus iners, Lactobacillus jensenii, Lactobacillus mulieris
v086a	Siphoviridae,Bacillota,Lactobacillus crispatus, Lactobacillus iners, Lactobacillus jensenii, Lactobacillus mulieris
v086b	Siphoviridae,Bacillota,Lactobacillus gasseri, Lactobacillus paragasseri, Limosilactobacillus coleohominis_A, Limosilactobacillus oris, Limosilactobacillus portuensis, Limosilactobacillus vaginalis
v086c	Siphoviridae,Bacillota,Lactobacillus gasseri, Lactobacillus johnsonii, Lactobacillus paragasseri
v086d	Siphoviridae,Bacillota,Lactobacillus gasseri, Lactobacillus paragasseri
v086e	Unclassified,Bacteroidota,Prevotella amnii, Prevotella colorans, Prevotella sp000479005, Prevotella sp000758925, Prevotella timonensis_A, Prevotella unknown
v086f	Unclassified,Bacteroidota,Prevotella timonensis, Prevotella timonensis_A, Prevotella unknown
v0870	Unclassified,Bacteroidota,Prevotella timonensis_A, Prevotella unknown
v0871	Siphoviridae,Actinomycetota,Bifidobacterium scardovii
v0872	Myoviridae,Bacillota,Lactobacillus gasseri, Lactobacillus paragasseri
v0873	Unclassified,Bacteroidota,Phocaeicola plebeius_A
v0874	Unclassified,Bacteroidota,Alistipes putredinis
v0875	Unclassified,Bacteroidota,Phocaeicola plebeius_A
v0876	Myoviridae,Bacillota,Lactobacillus crispatus, Lactobacillus mulieris
v0877	Siphoviridae,Bacillota_A, Fusobacteriota,Parvimonas sp001552895, Sneathia sanguinegens, Sneathia unknown, Sneathia vaginalis
v0878	Unclassified,Actinomycetota,Mobiluncus curtisii
v0879	Siphoviridae,Bacillota,Lactobacillus crispatus
v087a	Myoviridae,Bacillota,Lactobacillus crispatus
v087b	Siphoviridae,Bacillota,Lactobacillus crispatus, Lactobacillus gasseri, Lactobacillus paragasseri
v087c	Quimbyviridae,-,-
v087d	Siphoviridae,Bacillota_C,Dialister sp001553355, Dialister sp900541485
v087e	Myoviridae,-,-
v087f	Unclassified,Bacteroidota,Bacteroides ovatus
v0880	Siphoviridae,Bacillota,Lactobacillus crispatus, Lactobacillus jensenii, Lactobacillus mulieris
v0881	Myoviridae,Pseudomonadota,Neisseria perflava_A
v0882	Siphoviridae,Bacillota,Lactobacillus gasseri, Lactobacillus paragasseri
v0883	Myoviridae,Bacillota,Lactobacillus crispatus
v0884	Unclassified,Bacteroidota,Prevotella disiens
v0885	Siphoviridae,-,-
v0886	Siphoviridae,-,-
v0887	Myoviridae,Bacillota_A,Lachnoanaerobaculum saburreum
v0888	Unclassified,Bacteroidota,Alloprevotella sp905369775
v0889	Myoviridae,-,-
v088a	Unclassified,Fusobacteriota,Leptotrichia_A sp000469505
v088b	Siphoviridae,-,-
v088c	Siphoviridae,Actinomycetota,Arcanobacterium_A sp000758825, Bifidobacterium piotii, Bifidobacterium swidsinskii, Bifidobacterium vaginale, Corynebacterium pyruviciproducens, Mobiluncus curtisii, Mobiluncus mulieris, Vaginimicrobium propionicum, Varibaculum cambriense, Varibaculum massiliense, Varibaculum vaginae
v088d	Unclassified,-,-
v088e	Quimbyviridae,Bacteroidota,Prevotella nigrescens, Prevotella sp013333285
v088f	Unclassified,Bacteroidota,Prevotella sp000599605
v0890	Unclassified,Actinomycetota, Bacillota, Bacillota_A,Amygdalobacter indicium, Bifidobacterium swidsinskii, Bifidobacterium vaginale, Bifidobacterium vaginale_A, Bifidobacterium vaginale_C, Lactobacillus crispatus, UBA629_sp005465875
v0891	Siphoviridae,Bacillota,Streptococcus mitis_BF, Streptococcus sp019448285
v0892	Unclassified,Patescibacteria,SDRW01_sp007845485
v0893	Myoviridae,Bacillota_C,Veillonella montpellierensis, Veillonella parvula_A
v0894	Unclassified,Campylobacterota,Campylobacter_B unknown
v0895	Siphoviridae,-,-
v0896	Unclassified,-,-
v0897	Siphoviridae,Bacteroidota,Capnocytophaga unknown
v0898	Siphoviridae,Bacillota,Streptococcus mitis_Q, Streptococcus oralis_BA, Streptococcus oralis_S, Streptococcus sp019448285, Streptococcus sp020089495, Streptococcus unknown
v0899	Myoviridae,Bacillota_A,Lachnoanaerobaculum saburreum
v089a	Myoviridae,Bacillota_A,F0428_sp003043955, Lachnoanaerobaculum saburreum
v089b	Siphoviridae,-,-
v089c	Myoviridae,Bacillota,Lactobacillus crispatus
v089d	Siphoviridae,Bacillota_A,UBA629_sp005465875
v089e	Siphoviridae,Actinomycetota, Bacillota_C,Bifidobacterium vaginale, Megasphaera hutchinsoni, Megasphaera lornae
v089f	Siphoviridae,Actinomycetota, Bacillota, Bacillota_A, Bacillota_C,Dialister sp001553355, Lactobacillus crispatus, Lactobacillus iners, Lactobacillus jensenii, Lactobacillus mulieris, Mobiluncus curtisii, UBA629_sp005465875
v08a0	Siphoviridae,Actinomycetota, Bacteroidota,Fannyhessea massiliensis, Fannyhessea unknown, Fannyhessea vaginae, Prevotella amnii, Prevotella timonensis_A
v08a1	Siphoviridae,Bacillota,Lactobacillus crispatus, Lactobacillus iners, Lactobacillus jensenii, Lactobacillus paragasseri
v08a2	Siphoviridae,Actinomycetota, Bacillota, Bacillota_A,Berryella sp001552935, Bifidobacterium leopoldii, Bifidobacterium swidsinskii, Bifidobacterium unknown, Bifidobacterium vaginale, Bifidobacterium vaginale_A, Bifidobacterium vaginale_C, Bifidobacterium vaginale_H, Fannyhessea massiliensis, Fannyhessea vaginae, Lactobacillus iners, UBA629_sp005465875
v08a3	Myoviridae,Bacillota_A,Peptoniphilus_A harei_A, Peptoniphilus_A lacrimalis, Peptoniphilus_A unknown, Peptoniphilus_A vaginalis
v08a4	Siphoviridae,Bacillota, Bacillota_A,Anaerococcus tetradius, Anaerococcus vaginimassiliensis, Finegoldia magna_F, Gemella asaccharolytica, Lactobacillus iners, Peptoniphilus_A harei_A, Peptoniphilus_A lacrimalis, Peptoniphilus_A vaginalis, Peptoniphilus_B duerdenii, Peptoniphilus_C coxii, UBA629_sp005465875
v08a5	Unclassified,Bacteroidota,Prevotella amnii, Prevotella bivia, Prevotella sp900548585, Prevotella timonensis_A
v08a6	Siphoviridae,Actinomycetota,Berryella sp900604965, Pauljensenia turicensis
v08a7	Siphoviridae,Bacillota_C,Anaeroglobus vaginalis, Dialister sp001553355, Dialister sp900541485, Veillonella_A seminalis
v08a8	Siphoviridae,Bacillota_C,Dialister sp001553355, Dialister sp900541485
v08a9	Siphoviridae,Bacillota_C,Anaeroglobus vaginalis
v08aa	Myoviridae,Bacillota_C,Dialister micraerophilus, Dialister sp001553355, Dialister sp900541485, Megasphaera lornae
v08ab	Siphoviridae,Bacillota,Lactobacillus crispatus
v08ac	Siphoviridae,Bacillota,Lactobacillus crispatus, Lactobacillus ultunensis, Ligilactobacillus salivarius
v08ad	Unclassified,Actinomycetota, Bacteroidota,Bifidobacterium leopoldii, Bifidobacterium piotii, Bifidobacterium sp003585735, Bifidobacterium swidsinskii, Bifidobacterium unknown, Bifidobacterium vaginale, Bifidobacterium vaginale_A, Bifidobacterium vaginale_B, Bifidobacterium vaginale_C, Bifidobacterium vaginale_F, Bifidobacterium vaginale_H, Prevotella timonensis_A
v08ae	Siphoviridae,Bacillota, Bacillota_A,Gemella asaccharolytica, Parvimonas sp001552895
v08af	Unclassified,Actinomycetota, Bacteroidota,Mobiluncus curtisii, Mobiluncus unknown, Prevotella timonensis_A, Prevotella unknown
v08b0	Siphoviridae,Bacillota, Bacillota_A,Anaerococcus vaginimassiliensis, Finegoldia magna_F, Gemella asaccharolytica, Lactobacillus iners, Peptoniphilus_A lacrimalis, Peptoniphilus_A vaginalis, Peptoniphilus_B duerdenii, Peptoniphilus_C coxii, UBA629_sp005465875
v08b1	Myoviridae,Bacillota_A,Peptoniphilus_A harei_A, Peptoniphilus_A lacrimalis, Peptoniphilus_A unknown, Peptoniphilus_A vaginalis
v08b2	Myoviridae,Bacillota_A,Stomatobaculum naviforme, Stomatobaculum sp002892395
v08b3	Siphoviridae,Bacillota_C,Dialister sp001553355
v08b4	Myoviridae,Bacillota_A,Peptoniphilus_A lacrimalis, Peptoniphilus_A vaginalis
v08b5	Siphoviridae,Actinomycetota,Fannyhessea massiliensis
v08b6	Myoviridae,Bacillota_A, Bacillota_C,Anaerococcus lactolyticus, Anaerococcus murdochii, Anaerococcus obesiensis, Anaerococcus unknown, Anaerococcus vaginalis_B, Dialister sp001553355, Ezakiella coagulans, Ezakiella unknown, Fenollaria massiliensis, Fenollaria sp900539725, Fenollaria unknown, Finegoldia magna_H, Finegoldia unknown, KA00134_sp001574395, Megasphaera hutchinsoni, Megasphaera lornae, Parvimonas sp001552895, Peptoniphilus_A harei_A, Peptoniphilus_A lacrimalis, Peptoniphilus_A vaginalis, Peptoniphilus_B duerdenii, Peptoniphilus_B unknown, UBA629_sp005465875, Urinicoccus massiliensis, Veillonella montpellierensis
v08b7	Siphoviridae,Actinomycetota,Arcanobacterium_A sp000758825, Bifidobacterium piotii, Bifidobacterium swidsinskii, Bifidobacterium vaginale, Bifidobacterium vaginale_A, Bifidobacterium vaginale_C, Bifidobacterium vaginale_D, Corynebacterium pyruviciproducens, Mobiluncus curtisii, Mobiluncus mulieris, Vaginimicrobium propionicum, Varibaculum massiliense
v08b8	Siphoviridae,Actinomycetota,Arcanobacterium_A sp000758825
v08b9	Siphoviridae,Actinomycetota, Bacteroidota,Bifidobacterium leopoldii, Bifidobacterium piotii, Bifidobacterium sp003585735, Bifidobacterium swidsinskii, Bifidobacterium unknown, Bifidobacterium vaginale, Bifidobacterium vaginale_A, Bifidobacterium vaginale_C, Bifidobacterium vaginale_D, Bifidobacterium vaginale_F, Bifidobacterium vaginale_H, Prevotella timonensis_A
v08ba	Siphoviridae,Actinomycetota, Bacillota_A, Bacillota_C,Bifidobacterium vaginale, Megasphaera hutchinsoni, Megasphaera lornae, Peptoniphilus_A lacrimalis, Peptoniphilus_A vaginalis, UBA629_sp005465875
v08bb	Myoviridae,Bacillota,Lactobacillus crispatus
v08bc	Siphoviridae,Bacillota,Lactobacillus gasseri, Lactobacillus paragasseri
v08bd	Siphoviridae,Bacillota,Lactobacillus crispatus
v08be	Myoviridae,Bacillota,Lactobacillus crispatus, Lactobacillus jensenii
v08bf	Siphoviridae,Bacillota,Enterococcus faecalis
v08c0	Siphoviridae,Actinomycetota, Bacillota, Bacillota_A,Bifidobacterium leopoldii, Bifidobacterium swidsinskii, Bifidobacterium unknown, Bifidobacterium vaginale, Bifidobacterium vaginale_A, Bifidobacterium vaginale_C, Bifidobacterium vaginale_F, Bifidobacterium vaginale_H, Bulleidia unknown, Fannyhessea massiliensis, Fannyhessea vaginae, Lactobacillus iners, UBA629_sp005465875
v08c1	Siphoviridae,Bacillota,Lactobacillus gasseri, Lactobacillus paragasseri
v08c2	Siphoviridae,Bacillota,Lactobacillus crispatus, Lactobacillus iners, Lactobacillus jensenii, Lactobacillus mulieris
v08c3	Unclassified,Actinomycetota,Bifidobacterium leopoldii, Bifidobacterium swidsinskii, Bifidobacterium unknown, Bifidobacterium vaginale_C
v08c4	Unclassified,Actinomycetota,Bifidobacterium leopoldii, Bifidobacterium swidsinskii, Bifidobacterium vaginale, Bifidobacterium vaginale_A, Bifidobacterium vaginale_C, Bifidobacterium vaginale_D, Bifidobacterium vaginale_F, Bifidobacterium vaginale_H
v08c5	Siphoviridae,Actinomycetota,Berryella sp001552935, Fannyhessea massiliensis, Fannyhessea unknown, Fannyhessea vaginae
v08c6	Siphoviridae,Bacillota_A,Anaerococcus tetradius
v08c7	Siphoviridae,Actinomycetota,Berryella sp900604965
v08c8	Unclassified,Actinomycetota,Berryella sp900604965
v08c9	Siphoviridae,Actinomycetota,Berryella sp900604965, Pauljensenia turicensis
v08ca	Siphoviridae,Bacillota, Bacillota_C,Bulleidia unknown, Dialister sp001553355
v08cb	Siphoviridae,Bacillota,Streptococcus anginosus
v08cc	Siphoviridae,Bacillota, Bacillota_A,Anaerococcus vaginimassiliensis, Finegoldia magna_F, Lactobacillus iners, Peptoniphilus_A lacrimalis, Peptoniphilus_A vaginalis, Peptoniphilus_B duerdenii, Peptoniphilus_C coxii, UBA629_sp005465875
v08cd	Siphoviridae,Bacillota_A,Amygdalobacter nucleatus
v08ce	Siphoviridae,Bacillota_C,Veillonella montpellierensis
v08cf	Siphoviridae,Bacillota_C,Megasphaera lornae, Veillonella montpellierensis
v08d0	Myoviridae,Bacillota_A,Stomatobaculum sp002892395
v08d1	Siphoviridae,Actinomycetota, Bacillota_C,Bifidobacterium vaginale, Megasphaera hutchinsoni, Megasphaera lornae
v08d2	Unclassified,Bacillota_C,Megasphaera lornae
v08d3	Myoviridae,Bacillota,Lactobacillus crispatus
v08d4	Siphoviridae,Actinomycetota, Bacteroidota,Berryella sp001552935, Fannyhessea massiliensis, Fannyhessea unknown, Fannyhessea vaginae, Prevotella amnii, Prevotella timonensis_A
v08d5	Myoviridae,Bacillota_A, Bacillota_C,Anaerococcus tetradius, Dialister micraerophilus, Dialister sp001553355, Megasphaera lornae
v08d6	Unclassified,Bacillota_C,Dialister sp001553355
v08d7	Siphoviridae,Actinomycetota,Mobiluncus curtisii, Mobiluncus unknown
v08d8	Myoviridae,Bacillota,Lactobacillus gasseri, Lactobacillus iners, Lactobacillus paragasseri
v08d9	Siphoviridae,Bacillota,Lactobacillus crispatus, Lactobacillus gasseri
v08da	Myoviridae,Bacillota,Lactobacillus crispatus
v08db	Siphoviridae,Actinomycetota,Bifidobacterium bifidum, Bifidobacterium breve, Bifidobacterium infantis, Bifidobacterium longum
v08dc	Unclassified,Actinomycetota,Bifidobacterium swidsinskii, Bifidobacterium vaginale_D
v08dd	Siphoviridae,Bacillota,Lactobacillus gasseri, Lactobacillus johnsonii, Lactobacillus paragasseri
v08de	Siphoviridae,Actinomycetota, Bacillota_C,Bifidobacterium vaginale, Megasphaera hutchinsoni, Megasphaera lornae
v08df	Unclassified,Actinomycetota, Bacteroidota,Bifidobacterium leopoldii, Bifidobacterium piotii, Bifidobacterium sp003585735, Bifidobacterium swidsinskii, Bifidobacterium unknown, Bifidobacterium vaginale, Bifidobacterium vaginale_A, Bifidobacterium vaginale_C, Bifidobacterium vaginale_D, Bifidobacterium vaginale_F, Bifidobacterium vaginale_H, Prevotella timonensis_A
v08e0	Myoviridae,Bacillota,Lactobacillus crispatus, Lactobacillus mulieris
v08e1	Siphoviridae,Bacillota,Lactobacillus iners, Lactobacillus jensenii
v08e2	Siphoviridae,Actinomycetota, Bacteroidota,Berryella sp001552935, Fannyhessea massiliensis, Fannyhessea unknown, Fannyhessea vaginae, Prevotella timonensis_A
v08e3	Unclassified,Actinomycetota, Bacteroidota,Bifidobacterium leopoldii, Bifidobacterium piotii, Bifidobacterium sp003585735, Bifidobacterium swidsinskii, Bifidobacterium unknown, Bifidobacterium vaginale, Bifidobacterium vaginale_A, Bifidobacterium vaginale_B, Bifidobacterium vaginale_C, Bifidobacterium vaginale_D, Bifidobacterium vaginale_F, Bifidobacterium vaginale_H, Prevotella timonensis_A
v08e4	Siphoviridae,Actinomycetota,Bifidobacterium breve, Bifidobacterium longum
v08e5	Siphoviridae,Bacillota,Lactobacillus crispatus, Lactobacillus iners, Lactobacillus jensenii, Lactobacillus mulieris
v08e6	Siphoviridae,Bacillota,Lactobacillus gasseri, Lactobacillus paragasseri
v08e7	Myoviridae,Bacillota,Lactobacillus crispatus
v08e8	Siphoviridae,Actinomycetota,Bifidobacterium vaginale
v08e9	Siphoviridae,Actinomycetota, Bacillota, Bacillota_A, Bacillota_C,Berryella sp001552935, Bifidobacterium leopoldii, Bifidobacterium swidsinskii, Bifidobacterium unknown, Bifidobacterium vaginale, Bifidobacterium vaginale_A, Bifidobacterium vaginale_C, Bifidobacterium vaginale_H, Fannyhessea massiliensis, Fannyhessea vaginae, Lactobacillus iners, Megasphaera lornae, UBA629_sp005465875
v08ea	Unclassified,Actinomycetota, Bacteroidota,Bifidobacterium piotii, Bifidobacterium swidsinskii, Bifidobacterium unknown, Bifidobacterium vaginale, Bifidobacterium vaginale_A, Bifidobacterium vaginale_C, Bifidobacterium vaginale_D, Bifidobacterium vaginale_F, Bifidobacterium vaginale_H, Prevotella timonensis_A
v08eb	Siphoviridae,Bacillota,Lactobacillus gasseri, Lactobacillus paragasseri
v08ec	Siphoviridae,Bacillota,Lactobacillus gasseri, Lactobacillus johnsonii, Lactobacillus paragasseri
v08ed	Siphoviridae,Actinomycetota, Bacillota, Bacillota_A,Bifidobacterium leopoldii, Bifidobacterium piotii, Bifidobacterium swidsinskii, Bifidobacterium unknown, Bifidobacterium vaginale, Bifidobacterium vaginale_A, Bifidobacterium vaginale_C, Bifidobacterium vaginale_F, Bifidobacterium vaginale_H, Fannyhessea massiliensis, Fannyhessea vaginae, Lactobacillus iners, UBA629_sp005465875
v08ee	Unclassified,Actinomycetota, Bacteroidota,Bifidobacterium piotii, Bifidobacterium sp003585735, Bifidobacterium swidsinskii, Bifidobacterium unknown, Bifidobacterium vaginale, Bifidobacterium vaginale_A, Bifidobacterium vaginale_C, Bifidobacterium vaginale_D, Bifidobacterium vaginale_F, Bifidobacterium vaginale_H, Prevotella timonensis_A
v08ef	Siphoviridae,Actinomycetota,Berryella sp001552935, Berryella unknown, Fannyhessea vaginae
v08f0	Siphoviridae,Bacillota,Lactobacillus crispatus
v08f1	Siphoviridae,Actinomycetota,Lawsonella sp018376445
v08f2	Siphoviridae,Bacillota,Lactiplantibacillus plantarum, Lactobacillus gasseri, Lactobacillus paragasseri, Limosilactobacillus coleohominis_A, Limosilactobacillus oris, Limosilactobacillus portuensis
v08f3	Unclassified,Actinomycetota, Bacteroidota,Bifidobacterium piotii, Bifidobacterium swidsinskii, Bifidobacterium unknown, Bifidobacterium vaginale, Bifidobacterium vaginale_A, Bifidobacterium vaginale_B, Bifidobacterium vaginale_C, Bifidobacterium vaginale_F, Bifidobacterium vaginale_H, Prevotella timonensis_A
v08f4	Unclassified,Bacteroidota,Prevotella amnii, Prevotella bivia, Prevotella corporis, Prevotella disiens, Prevotella melaninogenica, Prevotella sp001553265, Prevotella timonensis_A, Prevotella unknown
v08f5	Siphoviridae,Actinomycetota, Bacteroidota,Fannyhessea massiliensis, Fannyhessea unknown, Fannyhessea vaginae, Prevotella amnii, Prevotella timonensis_A
v08f6	Siphoviridae,Actinomycetota,Bifidobacterium vaginale
v08f7	Unclassified,Bacteroidota,Prevotella amnii, Prevotella colorans, Prevotella corporis, Prevotella sp000479005, Prevotella sp000758925, Prevotella timonensis_A, Prevotella unknown
v08f8	Siphoviridae,Bacillota,Lactobacillus gasseri, Lactobacillus paragasseri
v08f9	Unclassified,Bacillota_C,Megasphaera lornae
v08fa	Siphoviridae,Actinomycetota, Bacillota, Bacillota_A,Berryella sp001552935, Bifidobacterium leopoldii, Bifidobacterium swidsinskii, Bifidobacterium unknown, Bifidobacterium vaginale, Bifidobacterium vaginale_A, Bifidobacterium vaginale_C, Bifidobacterium vaginale_H, Fannyhessea massiliensis, Fannyhessea vaginae, Lactobacillus iners, UBA629_sp005465875
v08fb	Myoviridae,Bacillota,Lactobacillus gasseri, Lactobacillus paragasseri
v08fc	Siphoviridae,Bacillota,Lactobacillus gasseri, Lactobacillus paragasseri
v08fd	Siphoviridae,Bacillota,Lactobacillus gasseri, Lactobacillus paragasseri
v08fe	Myoviridae,Bacillota,Lactobacillus gasseri, Lactobacillus paragasseri
v08ff	Siphoviridae,Bacillota,Lactobacillus iners, Lactobacillus jensenii, Lactobacillus mulieris
v0900	Unclassified,Bacteroidota,Bacteroides fragilis, Bacteroides fragilis_A
v0901	Unclassified,Campylobacterota,Campylobacter_A unknown
v0902	Myoviridae,Bacillota_A, Bacteroidota,Anaerococcus degeneri, Anaerococcus lactolyticus, Anaerococcus murdochii, Prevotella timonensis_A, Prevotella unknown
v0903	Autographiviridae,Campylobacterota,Campylobacter_A unknown
v0904	Myoviridae,Bacillota_A,Anaerococcus lactolyticus, Anaerococcus unknown
v0905	Myoviridae,Fusobacteriota,Fusobacterium animalis
v0906	Siphoviridae,Spirochaetota,Treponema_C unknown
v0907	Siphoviridae,Actinomycetota,Bifidobacterium unknown, Bifidobacterium vaginale
v0908	Unclassified,Bacteroidota,Prevotella timonensis, Prevotella timonensis_A, Prevotella unknown
v0909	Siphoviridae,Actinomycetota, Bacillota_C,Bifidobacterium vaginale, Megasphaera hutchinsoni, Megasphaera lornae
v090a	Unclassified,Actinomycetota,Mobiluncus mulieris
v090b	Myoviridae,Bacillota_A,Peptoniphilus_A grossensis, Peptoniphilus_A harei_A, Peptoniphilus_A vaginalis
v090c	Siphoviridae,Bacteroidota,Prevotella sp000479005, Prevotella timonensis_A, Prevotella unknown
v090d	Siphoviridae,Bacillota_A,Anaerococcus lactolyticus, Anaerococcus murdochii, Anaerococcus tetradius, Finegoldia magna_H
v090e	Myoviridae,Bacillota_A,Peptoniphilus_A harei_A, Peptoniphilus_A lacrimalis, Peptoniphilus_A vaginalis, Peptoniphilus_B duerdenii
v090f	Myoviridae,Bacillota_C,Veillonella montpellierensis
v0910	Myoviridae,Actinomycetota, Bacillota, Bacillota_A, Bacillota_C,Dialister sp001553355, Lactobacillus iners, Mobiluncus curtisii, UBA629_sp005465875, Veillonella atypica, Veillonella montpellierensis
v0911	Siphoviridae,Bacteroidota,Porphyromonas_A somerae
v0912	Unclassified,-,-
v0913	Siphoviridae,Bacteroidota,Porphyromonas asaccharolytica, Porphyromonas uenonis, Porphyromonas uenonis_A, Porphyromonas unknown
v0914	Unclassified,Bacteroidota,Porphyromonas_A somerae
v0915	Unclassified,Bacteroidota,Prevotella sp000479005, Prevotella sp000758925, Prevotella timonensis_A
v0916	Myoviridae,Bacillota_C,Veillonella montpellierensis
v0917	Myoviridae,Bacillota_C,Veillonella montpellierensis
v0918	Unclassified,Bacteroidota,Prevotella sp000479005, Prevotella timonensis_A, Prevotella unknown
v0919	Siphoviridae,Bacillota_C,Veillonella montpellierensis
v091a	Siphoviridae,Actinomycetota, Bacillota, Bacillota_A, Bacillota_C,Aerococcus christensenii, Dialister sp001553355, Lactobacillus crispatus, Lactobacillus iners, Lactobacillus jensenii, Mobiluncus curtisii, Streptococcus agalactiae, UBA629_sp005465875
v091b	Unclassified,Patescibacteria,Nanoperiomorbus sp004136275, Nanoperiomorbus unknown
v091c	Siphoviridae,Bacillota,Streptococcus anginosus_C
v091d	Siphoviridae,Actinomycetota, Bacillota, Bacillota_A,Berryella sp001552935, Bifidobacterium piotii, Bifidobacterium swidsinskii, Bifidobacterium unknown, Bifidobacterium vaginale, Bifidobacterium vaginale_A, Bifidobacterium vaginale_C, Bifidobacterium vaginale_F, Bifidobacterium vaginale_H, Fannyhessea massiliensis, Fannyhessea vaginae, Lactobacillus iners, UBA629_sp005465875
v091e	Siphoviridae,Bacillota,Lactobacillus crispatus, Lactobacillus iners, Lactobacillus jensenii
v091f	Siphoviridae,Bacillota,Lactobacillus gasseri, Lactobacillus paragasseri
v0920	Siphoviridae,Actinomycetota,Fannyhessea massiliensis, Fannyhessea unknown, Fannyhessea vaginae
v0921	Siphoviridae,Bacillota,Lactobacillus crispatus, Lactobacillus iners
v0922	Siphoviridae,Bacillota_A, Fusobacteriota,Parvimonas sp001552895, Sneathia sanguinegens, Sneathia unknown, Sneathia vaginalis
v0923	Unclassified,Bacteroidota,Porphyromonas asaccharolytica, Porphyromonas uenonis, Porphyromonas uenonis_A, Porphyromonas unknown
v0924	Siphoviridae,Bacillota,Lactobacillus crispatus, Lactobacillus iners, Lactobacillus jensenii, Lactobacillus mulieris
v0925	Siphoviridae,Bacillota,Streptococcus agalactiae, Streptococcus sp020089495
v0926	Myoviridae,Fusobacteriota,Fusobacterium animalis
v0927	Siphoviridae,Bacillota,Streptococcus oralis_S, Streptococcus sp020089495, Streptococcus unknown
v0928	Siphoviridae,Bacillota,Streptococcus mitis_Q, Streptococcus oralis_BA, Streptococcus oralis_S, Streptococcus sp019448285, Streptococcus sp020089495, Streptococcus unknown
v0929	Siphoviridae,Actinomycetota,Lancefieldella unknown
v092a	Siphoviridae,Bacillota_A,Finegoldia magna_F, Finegoldia magna_H, Finegoldia unknown, Peptoniphilus_A lacrimalis
v092b	Unclassified,Bacteroidota,Porphyromonas asaccharolytica, Porphyromonas sp900548415, Porphyromonas uenonis, Porphyromonas uenonis_A, Porphyromonas unknown
v092c	Unclassified,Bacteroidota,Prevotella sp000479005, Prevotella timonensis_A
v092d	Siphoviridae,Bacillota_C,Dialister invisus, Dialister sp001553355, Dialister sp900541485
v092e	Unclassified,Bacteroidota,Bacteroides fragilis
v092f	Siphoviridae,Bacillota_A,Anaerococcus hydrogenalis, Anaerococcus ihuae, Anaerococcus obesiensis, Anaerococcus senegalensis
v0930	Unclassified,Bacillota_C,Dialister micraerophilus, Dialister sp001553355, Dialister sp900541485
v0931	Unclassified,Bacteroidota,Bacteroides fragilis, Bacteroides fragilis_A
v0932	Unclassified,Bacillota_A,S5-A14a sp000758905
v0933	Siphoviridae,Pseudomonadota,Basfia bettyae, Haemophilus haemolyticus
v0934	Myoviridae,Bacillota_A,Stomatobaculum sp002892395
v0935	Siphoviridae,Actinomycetota, Bacillota, Bacillota_A,Berryella sp001552935, Bifidobacterium leopoldii, Bifidobacterium swidsinskii, Bifidobacterium unknown, Bifidobacterium vaginale, Bifidobacterium vaginale_A, Bifidobacterium vaginale_C, Fannyhessea massiliensis, Fannyhessea vaginae, Lactobacillus iners, UBA629_sp005465875
v0936	Siphoviridae,Bacillota,Lactobacillus crispatus
v0937	Quimbyviridae,Bacteroidota,Prevotella brunnea, Prevotella melaninogenica, Prevotella timonensis_A, Prevotella unknown
v0938	Siphoviridae,Bacillota_A,Anaerococcus hydrogenalis, Anaerococcus ihuae, Anaerococcus obesiensis, Anaerococcus tetradius, Anaerococcus vaginalis_B
v0939	Siphoviridae,Pseudomonadota,Oligella urethralis
v093a	Siphoviridae,Actinomycetota,Corynebacterium amycolatum_A, Corynebacterium unknown
v093b	Siphoviridae,Bacillota, Bacillota_A,Anaerococcus tetradius, Anaerococcus vaginimassiliensis, Finegoldia magna_F, Gemella asaccharolytica, Lactobacillus iners, Peptoniphilus_A harei_A, Peptoniphilus_A lacrimalis, Peptoniphilus_A vaginalis, Peptoniphilus_B duerdenii, Peptoniphilus_C coxii, UBA629_sp005465875
v093c	Siphoviridae,Actinomycetota, Bacteroidota,Fannyhessea massiliensis, Fannyhessea unknown, Fannyhessea vaginae, Prevotella timonensis_A
v093d	Siphoviridae,Actinomycetota,Bifidobacterium breve
v093e	Siphoviridae,Bacillota_A,Parvimonas sp001552895
v093f	Siphoviridae,Actinomycetota,Berryella sp900604965, Pauljensenia turicensis
v0940	Siphoviridae,Actinomycetota,Berryella sp900604965
v0941	Siphoviridae,Bacillota_A,Anaerococcus lactolyticus, Anaerococcus tetradius, Anaerococcus vaginalis_B, Peptoniphilus_A vaginalis
v0942	Unclassified,Bacteroidota,Prevotella amnii, Prevotella bivia, Prevotella sp001553265, Prevotella timonensis_A
v0943	Siphoviridae,Bacillota, Bacillota_A,Gemella asaccharolytica, Parvimonas sp001552895
v0944	Siphoviridae,Actinomycetota,Berryella sp001552935, Berryella unknown, Fannyhessea vaginae
v0945	Unclassified,Bacteroidota,Prevotella timonensis, Prevotella timonensis_A
v0946	Siphoviridae,Actinomycetota, Bacteroidota,Berryella sp001552935, Fannyhessea massiliensis, Fannyhessea unknown, Fannyhessea vaginae, Prevotella amnii, Prevotella timonensis_A
v0947	Unclassified,Actinomycetota, Bacteroidota,Bifidobacterium leopoldii, Bifidobacterium piotii, Bifidobacterium sp003585735, Bifidobacterium swidsinskii, Bifidobacterium unknown, Bifidobacterium vaginale, Bifidobacterium vaginale_A, Bifidobacterium vaginale_C, Bifidobacterium vaginale_D, Bifidobacterium vaginale_F, Bifidobacterium vaginale_H, Prevotella timonensis_A
v0948	Myoviridae,Bacillota_A,Peptoniphilus_A lacrimalis, Peptoniphilus_A vaginalis
v0949	Siphoviridae,Bacillota,Gemella asaccharolytica
v094a	Unclassified,Patescibacteria,Nanoperiomorbus sp004136275, Nanoperiomorbus unknown
v094b	Siphoviridae,Actinomycetota,Bifidobacterium piotii, Bifidobacterium swidsinskii, Bifidobacterium vaginale, Bifidobacterium vaginale_A, Bifidobacterium vaginale_D
v094c	Siphoviridae,Bacillota_A,Peptoniphilus_A harei_A, Peptoniphilus_A lacrimalis
v094d	Siphoviridae,Actinomycetota, Bacillota, Bacillota_A, Bacillota_C,Bifidobacterium vaginale, Dialister sp001553355, Lactobacillus iners, Megasphaera hutchinsoni, Megasphaera lornae, Mobiluncus curtisii, UBA629_sp005465875
v094e	Myoviridae,Bacillota_A, Fusobacteriota,Parvimonas sp001552895, Sneathia sanguinegens, Sneathia unknown, Sneathia vaginalis
v094f	Siphoviridae,Pseudomonadota,Acinetobacter baumannii
v0950	Siphoviridae,Pseudomonadota,Acinetobacter baumannii
v0951	Siphoviridae,Pseudomonadota,Acinetobacter baumannii
v0952	Siphoviridae,Actinomycetota, Bacteroidota,Berryella sp001552935, Berryella unknown, Fannyhessea vaginae, Prevotella disiens
v0953	Siphoviridae,Bacillota, Bacillota_A,Anaerococcus vaginimassiliensis, Finegoldia magna_F, Gemella asaccharolytica, Lactobacillus iners, Peptoniphilus_A lacrimalis, Peptoniphilus_A vaginalis, Peptoniphilus_B duerdenii, Peptoniphilus_C coxii, UBA629_sp005465875
v0954	Siphoviridae,Actinomycetota,Bifidobacterium breve, Bifidobacterium longum
v0955	Siphoviridae,Bacillota, Bacillota_A,Anaerococcus tetradius, Catonella unknown, Finegoldia unknown, Gemella asaccharolytica, Peptoniphilus_A lacrimalis, Peptoniphilus_A vaginalis, Streptococcus agalactiae, UBA629_sp005465875
v0956	Siphoviridae,Bacillota, Bacillota_A,Anaerococcus tetradius, Anaerococcus vaginimassiliensis, Finegoldia magna_F, Gemella asaccharolytica, Lactobacillus iners, Parvimonas sp001552895, Peptoniphilus_A harei_A, Peptoniphilus_A lacrimalis, Peptoniphilus_A vaginalis, Peptoniphilus_B duerdenii, Peptoniphilus_C coxii, UBA629_sp005465875
v0957	Siphoviridae,Actinomycetota,Fannyhessea massiliensis
v0958	Quimbyviridae,Bacteroidota,Prevotella amnii, Prevotella bivia, Prevotella sp000479005, Prevotella sp000758925, Prevotella timonensis_A, Prevotella unknown
v0959	Myoviridae,Bacillota_C,Dialister micraerophilus, Dialister sp001553355
v095a	Siphoviridae,Bacillota, Bacillota_A,Gemella asaccharolytica, Parvimonas sp001552895
v095b	Siphoviridae,Bacillota_A,Parvimonas sp001552895, Peptoniphilus_A vaginalis
v095c	Siphoviridae,Actinomycetota,Fannyhessea massiliensis
v095d	Siphoviridae,Actinomycetota,Actinobaculum massiliense, Arcanobacterium_A sp000758825, Corynebacterium phoceense, Gleimia europaea_A, Mobiluncus curtisii, Mobiluncus mulieris
v095e	Siphoviridae,Bacillota_A,Peptostreptococcus anaerobius
v095f	Siphoviridae,Actinomycetota, Bacillota, Bacteroidota,Bifidobacterium leopoldii, Bifidobacterium piotii, Bifidobacterium sp003585735, Bifidobacterium swidsinskii, Bifidobacterium unknown, Bifidobacterium vaginale, Bifidobacterium vaginale_A, Bifidobacterium vaginale_C, Bifidobacterium vaginale_D, Bifidobacterium vaginale_F, Bifidobacterium vaginale_H, Lactobacillus iners, Nanchangia sp900545825, Prevotella timonensis_A
v0960	Siphoviridae,Actinomycetota,Corynebacterium phoceense
v0961	Unclassified,Actinomycetota, Bacteroidota,Berryella sp001552935, Berryella unknown, Fannyhessea vaginae, Prevotella disiens
v0962	Siphoviridae,Bacillota_A, Fusobacteriota,Parvimonas sp001552895, Sneathia sanguinegens, Sneathia unknown, Sneathia vaginalis
v0963	Siphoviridae,Bacillota_C,Dialister sp001553355
v0964	Unclassified,Bacillota_C,Dialister sp001553355
v0965	Myoviridae,Pseudomonadota,Oligella urethralis
v0966	Unclassified,Bacteroidota,Prevotella amnii, Prevotella colorans, Prevotella sp000479005, Prevotella sp000758925, Prevotella timonensis_A, Prevotella unknown
v0967	Myoviridae,Bacillota_A,W5053_unknown
v0968	Siphoviridae,Bacillota_A,CAG-508_unknown
v0969	Siphoviridae,Bacillota_A,Levyella massiliensis
v096a	Siphoviridae,Bacillota_A,Parvimonas sp001552895
v096b	Siphoviridae,Actinomycetota, Bacillota_C,Bifidobacterium vaginale, Megasphaera hutchinsoni, Megasphaera lornae, Veillonella montpellierensis
v096c	Siphoviridae,Actinomycetota,Berryella sp001552935, Berryella unknown
v096d	Siphoviridae,Actinomycetota,Bifidobacterium piotii, Bifidobacterium unknown, Bifidobacterium vaginale, Bifidobacterium vaginale_A, Bifidobacterium vaginale_C, Bifidobacterium vaginale_D, Bifidobacterium vaginale_F, Bifidobacterium vaginale_H
v096e	Myoviridae,Pseudomonadota,Escherichia coli, Klebsiella michiganensis
v096f	Siphoviridae,Bacillota,Lactobacillus gasseri, Lactobacillus paragasseri
v0970	Siphoviridae,Bacillota_A,Peptoniphilus_A grossensis, Peptoniphilus_A harei_A, Peptoniphilus_A lacrimalis
v0971	Myoviridae,Bacillota_A,Peptoniphilus_A lacrimalis, Peptoniphilus_A vaginalis
v0972	Quimbyviridae,Bacteroidota,Prevotella disiens, Prevotella unknown
v0973	Siphoviridae,Bacillota, Bacillota_A,Anaerococcus lactolyticus, Anaerococcus murdochii, Anaerococcus prevotii, Anaerococcus tetradius, Anaerococcus vaginalis_B, Anaerococcus vaginimassiliensis, Finegoldia unknown, Gemella asaccharolytica, Lactobacillus iners, Peptoniphilus_A harei_A, Peptoniphilus_A lacrimalis, Peptoniphilus_A vaginalis, Peptoniphilus_B duerdenii, Peptoniphilus_C coxii, UBA629_sp005465875
v0974	Siphoviridae,Bacillota,Staphylococcus epidermidis, Staphylococcus lugdunensis
v0975	Siphoviridae,Bacillota,Lactobacillus crispatus, Lactobacillus gasseri, Lactobacillus paragasseri, Limosilactobacillus coleohominis_A, Limosilactobacillus oris, Limosilactobacillus portuensis, Limosilactobacillus vaginalis
v0976	Siphoviridae,Bacillota,Lactobacillus crispatus
v0977	Siphoviridae,Bacillota,Lactobacillus crispatus, Lactobacillus jensenii, Lactobacillus ultunensis
v0978	Siphoviridae,Actinomycetota, Bacillota, Bacillota_A, Bacillota_C,Dialister sp001553355, Lactobacillus crispatus, Lactobacillus iners, Lactobacillus jensenii, Mobiluncus curtisii, UBA629_sp005465875
v0979	Siphoviridae,Bacillota,Lactobacillus crispatus
v097a	Siphoviridae,Actinomycetota, Bacillota, Bacteroidota,Actinotignum timonense, Bifidobacterium leopoldii, Bifidobacterium piotii, Bifidobacterium sp003585735, Bifidobacterium swidsinskii, Bifidobacterium unknown, Bifidobacterium vaginale, Bifidobacterium vaginale_A, Bifidobacterium vaginale_B, Bifidobacterium vaginale_C, Bifidobacterium vaginale_D, Bifidobacterium vaginale_F, Bifidobacterium vaginale_H, Lactobacillus iners, Mobiluncus curtisii, Mobiluncus mulieris, Prevotella timonensis_A, Vaginimicrobium propionicum, Varibaculum cambriense
v097b	Myoviridae,Bacillota,Lactobacillus crispatus
v097c	Unclassified,Actinomycetota, Bacteroidota,Bifidobacterium leopoldii, Bifidobacterium piotii, Bifidobacterium swidsinskii, Bifidobacterium unknown, Bifidobacterium vaginale, Bifidobacterium vaginale_A, Bifidobacterium vaginale_C, Bifidobacterium vaginale_D, Bifidobacterium vaginale_F, Bifidobacterium vaginale_H, Prevotella timonensis_A
v097d	Unclassified,Actinomycetota, Bacteroidota,Bifidobacterium piotii, Bifidobacterium sp003585735, Bifidobacterium swidsinskii, Bifidobacterium unknown, Bifidobacterium vaginale, Bifidobacterium vaginale_A, Bifidobacterium vaginale_C, Bifidobacterium vaginale_D, Bifidobacterium vaginale_F, Bifidobacterium vaginale_H, Prevotella timonensis_A
v097e	Unclassified,Actinomycetota, Bacillota, Bacillota_A,Bifidobacterium piotii, Lactobacillus crispatus, Lactobacillus gasseri, Lactobacillus iners, Staphylococcus haemolyticus, UBA629_sp005465875
v097f	Myoviridae,Bacillota,Lactobacillus gasseri, Lactobacillus paragasseri
v0980	Siphoviridae,Bacillota,Lactobacillus crispatus, Lactobacillus iners, Lactobacillus jensenii
v0981	Myoviridae,Bacillota,Lactobacillus gasseri, Lactobacillus johnsonii, Lactobacillus paragasseri
v0982	Myoviridae,Bacillota,Lactobacillus gasseri, Lactobacillus paragasseri
v0983	Siphoviridae,Bacillota,Limosilactobacillus vaginalis
v0984	Siphoviridae,Bacillota,Lactobacillus gasseri, Lactobacillus johnsonii, Lactobacillus paragasseri
v0985	Siphoviridae,Bacillota,Lactobacillus crispatus
v0986	Siphoviridae,Bacillota,Lactobacillus crispatus, Lactobacillus iners, Lactobacillus jensenii, Lactobacillus mulieris
v0987	Siphoviridae,Pseudomonadota,Klebsiella pneumoniae, Klebsiella quasipneumoniae
v0988	Myoviridae,Pseudomonadota,Klebsiella michiganensis, Klebsiella pneumoniae, Salmonella diarizonae
v0989	Myoviridae,Pseudomonadota,Klebsiella pneumoniae
v098a	Unclassified,Bacteroidota,Prevotella sp000479005, Prevotella sp900548585
v098b	Siphoviridae,Bacillota_A,Anaerococcus hydrogenalis, Anaerococcus obesiensis, Anaerococcus tetradius, Anaerococcus vaginalis_B, Finegoldia magna_H, Finegoldia unknown
v098c	Siphoviridae,Bacillota_C,Dialister micraerophilus, Dialister sp001553355
v098d	Unclassified,Actinomycetota, Bacteroidota,Mobiluncus curtisii, Mobiluncus mulieris, Mobiluncus unknown, Prevotella timonensis_A, Prevotella unknown
v098e	Myoviridae,Bacillota_A,Peptoniphilus_A grossensis, Peptoniphilus_A harei_A, Peptoniphilus_A lacrimalis, Peptoniphilus_A unknown
v098f	Myoviridae,Campylobacterota,Campylobacter_B unknown, Campylobacter_B ureolyticus, Campylobacter_B ureolyticus_A
v0990	Siphoviridae,Actinomycetota, Bacillota, Bacillota_A, Bacillota_C,Dialister sp001553355, Lactobacillus iners, Megasphaera lornae, Mobiluncus curtisii, UBA629_sp005465875
v0991	Unclassified,Bacillota_C, Bacteroidota,Dialister micraerophilus, Dialister sp001553355, Prevotella timonensis_A, Prevotella unknown
v0992	Siphoviridae,Bacillota_A,S5-A14a sp000758905
v0993	Siphoviridae,Bacillota_A,Peptoniphilus_A harei_A, Peptoniphilus_A lacrimalis, Peptoniphilus_B unknown
v0994	Unclassified,Patescibacteria,Nanoperiomorbus sp004136275, Nanoperiomorbus unknown
v0995	Unclassified,Bacteroidota,Porphyromonas asaccharolytica, Porphyromonas uenonis, Porphyromonas uenonis_A, Porphyromonas unknown
v0996	Siphoviridae,Bacteroidota,Prevotella amnii
v0997	Unclassified,Bacillota_B,Peptococcus niger
v0998	Unclassified,Patescibacteria,Nanoperiomorbus sp004136275, Nanoperiomorbus unknown
v0999	Siphoviridae,Actinomycetota,Mobiluncus curtisii, Mobiluncus mulieris, Mobiluncus unknown
v099a	Siphoviridae,Actinomycetota,Mobiluncus curtisii, Mobiluncus unknown
v099b	Unclassified,Bacillota_C,Megasphaera hutchinsoni, Megasphaera lornae
v099c	Siphoviridae,Bacillota_C,Megasphaera lornae
v099d	Unclassified,Pseudomonadota,Oligella urethralis
v099e	Siphoviridae,Actinomycetota,Olegusella massiliensis, Olegusella unknown
v099f	Siphoviridae,Actinomycetota,Corynebacterium aurimucosum_F, Corynebacterium tuscaniense, Corynebacterium unknown
v09a0	Siphoviridae,-,-
v09a1	Unclassified,Bacteroidota,Prevotella amnii, Prevotella bivia, Prevotella sp000479005, Prevotella sp000758925, Prevotella timonensis_A, Prevotella unknown
v09a2	Siphoviridae,Bacillota,Lactobacillus gasseri, Lactobacillus paragasseri
v09a3	Siphoviridae,Actinomycetota,Varibaculum cambriense, Varibaculum cambriense_B, Varibaculum unknown
v09a4	Siphoviridae,Bacillota,Limosilactobacillus portuensis
v09a5	Siphoviridae,Bacillota,Lactobacillus crispatus, Lactobacillus iners, Lactobacillus jensenii
v09a6	Siphoviridae,Bacillota,Streptococcus anginosus
v09a7	Unclassified,Bacillota,Bulleidia moorei
v09a8	Siphoviridae,Bacillota, Bacillota_A,Anaerococcus lactolyticus, Anaerococcus tetradius, Anaerococcus vaginalis_B, Anaerococcus vaginimassiliensis, CAKAHY01_unknown, Finegoldia magna_F, Gemella asaccharolytica, Lactobacillus iners, Peptoniphilus_A harei_A, Peptoniphilus_A lacrimalis, Peptoniphilus_A vaginalis, Peptoniphilus_C coxii, UBA629_sp005465875
v09a9	Unclassified,Bacteroidota,Prevotella disiens, Prevotella timonensis_A
v09aa	Siphoviridae,Actinomycetota,Berryella sp900604965, Pauljensenia turicensis
v09ab	Myoviridae,Bacillota_A,Finegoldia magna_F, Finegoldia magna_H, Finegoldia unknown
v09ac	Siphoviridae,Bacillota_A,Finegoldia magna_F, Finegoldia magna_H, Finegoldia unknown
v09ad	Myoviridae,Bacillota_A, Bacteroidota,Anaerococcus lactolyticus, Anaerococcus murdochii, Anaerococcus unknown, Prevotella timonensis_A, Prevotella unknown
v09ae	Unclassified,Bacillota,Bulleidia moorei
v09af	Unclassified,Bacillota_C,Dialister sp001553355
v09b0	Siphoviridae,Bacillota_A,Anaerococcus tetradius
v09b1	Unclassified,Bacillota,Bulleidia moorei
v09b2	Unclassified,Bacteroidota,Prevotella amnii, Prevotella bivia
v09b3	Siphoviridae,Actinomycetota,Olsenella_G urininfantis
v09b4	Siphoviridae,Actinomycetota,Corynebacterium glucuronolyticum, Corynebacterium pyruviciproducens
v09b5	Siphoviridae,Bacillota,Lactobacillus crispatus, Lactobacillus gasseri
v09b6	Siphoviridae,Actinomycetota, Bacteroidota,Fannyhessea massiliensis, Fannyhessea unknown, Fannyhessea vaginae, Prevotella timonensis_A
v09b7	Siphoviridae,Actinomycetota,Corynebacterium tuscaniense, Corynebacterium unknown
v09b8	Siphoviridae,Actinomycetota,Corynebacterium amycolatum_A, Corynebacterium sp001767255
v09b9	Siphoviridae,Actinomycetota,Corynebacterium aurimucosum_F, Corynebacterium phoceense, Corynebacterium sp900539985
v09ba	Myoviridae,Bacillota_A,Peptoniphilus_A grossensis, Peptoniphilus_A harei_A, Peptoniphilus_A lacrimalis, Peptoniphilus_A vaginalis, Peptoniphilus_B duerdenii
v09bb	Unclassified,Actinomycetota, Bacteroidota,Berryella sp001552935, Berryella unknown, Fannyhessea massiliensis, Fannyhessea vaginae, Prevotella disiens
v09bc	Siphoviridae,Bacillota_A,Anaerococcus tetradius, Anaerococcus vaginalis_B
v09bd	Siphoviridae,Bacillota_A,Anaerococcus hydrogenalis, Anaerococcus ihuae, Anaerococcus obesiensis, Anaerococcus senegalensis, Anaerococcus vaginalis_B
v09be	Myoviridae,Bacillota_A,Peptoniphilus_C coxii, Peptoniphilus_C unknown
v09bf	Siphoviridae,Bacillota_A,Finegoldia unknown
v09c0	Siphoviridae,Bacillota,Lactobacillus gasseri, Lactobacillus paragasseri
v09c1	Unclassified,Actinomycetota,Berryella sp001552935, Berryella unknown, Fannyhessea vaginae
v09c2	Unclassified,Patescibacteria,Nanoperiomorbus sp004136275, Nanoperiomorbus unknown
v09c3	Siphoviridae,Bacillota,Limosilactobacillus portuensis
v09c4	Siphoviridae,Actinomycetota,Bifidobacterium breve, Bifidobacterium longum
v09c5	Siphoviridae,Actinomycetota,Corynebacterium riegelii, Corynebacterium tuscaniense, Corynebacterium unknown
v09c6	Siphoviridae,Actinomycetota, Bacteroidota,Berryella sp001552935, Fannyhessea massiliensis, Fannyhessea unknown, Fannyhessea vaginae, Prevotella timonensis_A
v09c7	Siphoviridae,Bacillota,Lactobacillus crispatus, Lactobacillus gasseri, Lactobacillus paragasseri
v09c8	Unclassified,Actinomycetota, Bacteroidota,Berryella sp001552935, Fannyhessea massiliensis, Fannyhessea unknown, Fannyhessea vaginae, Prevotella timonensis_A
v09c9	Unclassified,Actinomycetota, Bacteroidota,Bifidobacterium piotii, Bifidobacterium swidsinskii, Bifidobacterium unknown, Bifidobacterium vaginale, Bifidobacterium vaginale_A, Bifidobacterium vaginale_C, Bifidobacterium vaginale_D, Bifidobacterium vaginale_F, Bifidobacterium vaginale_H, Prevotella timonensis_A
v09ca	Siphoviridae,Bacillota,Lactobacillus crispatus, Lactobacillus gasseri, Lactobacillus paragasseri
v09cb	Siphoviridae,Bacillota,Streptococcus anginosus
v09cc	Unclassified,Actinomycetota, Bacteroidota,Bifidobacterium piotii, Bifidobacterium sp003585735, Bifidobacterium unknown, Bifidobacterium vaginale, Bifidobacterium vaginale_A, Bifidobacterium vaginale_C, Bifidobacterium vaginale_D, Bifidobacterium vaginale_F, Bifidobacterium vaginale_H, Prevotella timonensis_A
v09cd	Siphoviridae,Bacillota,Streptococcus agalactiae
v09ce	Siphoviridae,Actinomycetota,Corynebacterium aurimucosum_F
v09cf	Unclassified,Bacteroidota,Prevotella sp000479005, Prevotella unknown
v09d0	Siphoviridae,Actinomycetota,Berryella sp001552935, Berryella unknown, Fannyhessea vaginae
v09d1	Unclassified,Bacteroidota,Prevotella colorans, Prevotella sp000479005, Prevotella sp000758925, Prevotella timonensis_A, Prevotella unknown
v09d2	Siphoviridae,Bacillota_A,Anaerococcus murdochii, Anaerococcus tetradius
v09d3	Siphoviridae,Bacillota_C,Dialister sp001553355
v09d4	Siphoviridae,Bacillota_A,Eubacterium_I unknown
v09d5	Myoviridae,Bacillota_A,Peptoniphilus_A harei_A, Peptoniphilus_A lacrimalis, Peptoniphilus_A vaginalis, Peptoniphilus_B duerdenii
v09d6	Siphoviridae,Actinomycetota,Corynebacterium aurimucosum_F, Corynebacterium phoceense
v09d7	Siphoviridae,Actinomycetota,Bifidobacterium swidsinskii, Bifidobacterium unknown, Bifidobacterium vaginale, Bifidobacterium vaginale_A, Bifidobacterium vaginale_C, Fannyhessea massiliensis, Fannyhessea vaginae
v09d8	Siphoviridae,Bacillota,Lactobacillus gasseri, Lactobacillus paragasseri
v09d9	Unclassified,Bacillota, Bacteroidota,Prevotella amnii, Prevotella bivia, Streptococcus unknown
v09da	Siphoviridae,Bacillota,Streptococcus anginosus
v09db	Siphoviridae,Bacillota_A,Ezakiella coagulans, Ezakiella massiliensis
v09dc	Siphoviridae,Actinomycetota,Pseudoglutamicibacter albus
v09dd	Siphoviridae,Bacillota_A,Finegoldia magna_F, Finegoldia magna_H, Finegoldia unknown
v09de	Siphoviridae,Bacillota_A,Finegoldia magna_F, Finegoldia magna_H, Finegoldia unknown
v09df	Siphoviridae,Actinomycetota,Corynebacterium sp001767255
v09e0	Siphoviridae,Actinomycetota,Gleimia europaea_A
v09e1	Siphoviridae,Bacteroidota,Porphyromonas_A somerae, Porphyromonas_A sp900554935
v09e2	Siphoviridae,Actinomycetota,Corynebacterium tuscaniense, Corynebacterium unknown
v09e3	Siphoviridae,Actinomycetota,Gleimia europaea_A
v09e4	Unclassified,Bacteroidota,Porphyromonas_A somerae, Porphyromonas_A sp900554935, Porphyromonas_A unknown
v09e5	Unclassified,Actinomycetota, Bacteroidota,Bifidobacterium leopoldii, Bifidobacterium piotii, Bifidobacterium sp003585735, Bifidobacterium swidsinskii, Bifidobacterium unknown, Bifidobacterium vaginale, Bifidobacterium vaginale_A, Bifidobacterium vaginale_B, Bifidobacterium vaginale_C, Bifidobacterium vaginale_D, Bifidobacterium vaginale_H, Prevotella timonensis_A
v09e6	Siphoviridae,Actinomycetota,Bifidobacterium piotii, Bifidobacterium swidsinskii, Bifidobacterium vaginale, Bifidobacterium vaginale_A, Bifidobacterium vaginale_D, Corynebacterium pyruviciproducens, Mobiluncus curtisii, Mobiluncus mulieris, Vaginimicrobium propionicum, Varibaculum cambriense, Varibaculum massiliense, Varibaculum vaginae, Winkia sp002849225
v09e7	Unclassified,Bacteroidota,Prevotella melaninogenica, Prevotella melaninogenica_A
v09e8	Siphoviridae,Pseudomonadota,Haemophilus_D parainfluenzae_N, Haemophilus_D unknown
v09e9	Siphoviridae,Pseudomonadota,Haemophilus_D unknown
v09ea	Siphoviridae,Bacillota,Streptococcus agalactiae, Streptococcus anginosus
v09eb	Myoviridae,Pseudomonadota,Haemophilus_D unknown
v09ec	Myoviridae,Pseudomonadota,Haemophilus_D unknown
v09ed	Unclassified,Bacteroidota,Prevotella timonensis_A
v09ee	Herelleviridae,Bacillota_A,Anaerococcus degeneri, Anaerococcus lactolyticus, Anaerococcus murdochii, Anaerococcus tetradius, Anaerococcus unknown, Peptoniphilus_A vaginalis
v09ef	Siphoviridae,Actinomycetota,Bifidobacterium piotii, Bifidobacterium swidsinskii, Bifidobacterium vaginale, Bifidobacterium vaginale_A, Bifidobacterium vaginale_D, Corynebacterium pyruviciproducens, Mobiluncus curtisii, Mobiluncus mulieris, Varibaculum cambriense, Varibaculum massiliense, Varibaculum vaginae
v09f0	Siphoviridae,Bacillota_C,Dialister sp001553355, Megasphaera lornae
v09f1	Siphoviridae,Actinomycetota,Olegusella massiliensis, Olegusella unknown
v09f2	Siphoviridae,Bacillota, Bacillota_A,Anaerococcus tetradius, Catonella unknown, Gemella asaccharolytica, Peptoniphilus_A lacrimalis, Peptoniphilus_A vaginalis, Streptococcus agalactiae, Streptococcus anginosus, UBA629_sp005465875
v09f3	Siphoviridae,Actinomycetota,Propionimicrobium lymphophilum
v09f4	Siphoviridae,Bacillota_A,Fastidiosipila unknown
v09f5	Autographiviridae,-,-
v09f6	Unclassified,Bacillota_A,W5053_unknown
v09f7	Siphoviridae,Bacillota_A,Ezakiella unknown
v09f8	Siphoviridae,-,-
v09f9	Siphoviridae,Bacillota_A, Bacteroidota,Anaerococcus murdochii, Anaerococcus unknown, Prevotella timonensis_A, Prevotella unknown
v09fa	Unclassified,Bacteroidota,Porphyromonas_A somerae, Porphyromonas_A sp900554935, Porphyromonas uenonis, Prevotella amnii
v09fb	Siphoviridae,Bacillota_A,Khoudiadiopia massiliensis, Khoudiadiopia unknown
v09fc	Siphoviridae,Bacillota,Staphylococcus aureus
v09fd	Unclassified,Bacteroidota,Prevotella sp000479005, Prevotella timonensis_A, Prevotella unknown
v09fe	Siphoviridae,Actinomycetota,Bifidobacterium breve, Bifidobacterium longum
v09ff	Siphoviridae,Bacillota_A,Anaerococcus tetradius
v0a00	Unclassified,Bacteroidota,Prevotella copri_A, Prevotella copri_B
v0a01	Siphoviridae,Bacillota_C,Veillonella montpellierensis
v0a02	Unclassified,-,-
v0a03	Siphoviridae,Bacillota,Lactobacillus jensenii, Lactobacillus mulieris
v0a04	Siphoviridae,Actinomycetota, Bacillota, Bacillota_A,Bifidobacterium leopoldii, Bifidobacterium piotii, Bifidobacterium swidsinskii, Bifidobacterium unknown, Bifidobacterium vaginale, Bifidobacterium vaginale_A, Bifidobacterium vaginale_C, Bifidobacterium vaginale_F, Bifidobacterium vaginale_H, Fannyhessea massiliensis, Fannyhessea vaginae, Lactobacillus iners, UBA629_sp005465875
v0a05	Siphoviridae,Actinomycetota,Fannyhessea massiliensis, Fannyhessea unknown, Fannyhessea vaginae
v0a06	Siphoviridae,Bacillota_B,Peptococcus niger
v0a07	Siphoviridae,Actinomycetota,Mobiluncus curtisii
v0a08	Siphoviridae,Bacillota, Bacillota_A,Anaerococcus murdochii, Anaerococcus prevotii, Anaerococcus tetradius, Anaerococcus vaginalis_B, Anaerococcus vaginimassiliensis, Finegoldia magna_F, Finegoldia unknown, Gemella asaccharolytica, Lactobacillus iners, Parvimonas sp001552895, Peptoniphilus_A harei_A, Peptoniphilus_A lacrimalis, Peptoniphilus_A vaginalis, Peptoniphilus_B duerdenii, Peptoniphilus_C coxii, UBA629_sp005465875
v0a09	Unclassified,Bacillota_C,Megasphaera lornae
v0a0a	Myoviridae,Bacillota_A,Peptoniphilus_A grossensis, Peptoniphilus_A harei_A, Peptoniphilus_A lacrimalis, Peptoniphilus_A vaginalis, Peptoniphilus_B duerdenii
v0a0b	Siphoviridae,Bacillota_A,Anaerococcus tetradius, Anaerococcus vaginalis_B
v0a0c	Siphoviridae,Bacillota_A,Peptoniphilus_C coxii
v0a0d	Siphoviridae,Bacillota_A,Peptoniphilus_A harei_A, Peptoniphilus_A vaginalis, Peptoniphilus_B unknown
v0a0e	Unclassified,Bacillota_B,Peptococcus niger
v0a0f	Siphoviridae,Bacillota_A,Stomatobaculum sp002892395
v0a10	Siphoviridae,Bacillota_A,Peptoniphilus_A harei_A, Peptoniphilus_A lacrimalis, Peptoniphilus_A unknown, Peptoniphilus_A vaginalis
v0a11	Siphoviridae,Bacillota_A,Parvimonas sp001552895
v0a12	Myoviridae,Bacillota_A,Peptoniphilus_A harei_A, Peptoniphilus_A lacrimalis, Peptoniphilus_A vaginalis
v0a13	Siphoviridae,Bacillota_A,Peptoniphilus_A lacrimalis, Peptoniphilus_C coxii, Peptoniphilus_C unknown
v0a14	Unclassified,Actinomycetota, Bacteroidota,Bifidobacterium piotii, Bifidobacterium sp003585735, Bifidobacterium unknown, Bifidobacterium vaginale, Bifidobacterium vaginale_A, Bifidobacterium vaginale_B, Bifidobacterium vaginale_C, Bifidobacterium vaginale_D, Bifidobacterium vaginale_F, Bifidobacterium vaginale_H, Prevotella timonensis_A
v0a15	Siphoviridae,Bacillota_A,Peptostreptococcus anaerobius, Peptostreptococcus sp000758885
v0a16	Myoviridae,Bacillota_A,Stomatobaculum sp002892395
v0a17	Siphoviridae,Bacillota_C,Veillonella montpellierensis
v0a18	Siphoviridae,Actinomycetota,Berryella sp001552935
v0a19	Siphoviridae,Actinomycetota,Berryella sp001552935, Berryella unknown, Fannyhessea vaginae
v0a1a	Unclassified,Bacteroidota,Alloprevotella sp015259235
v0a1b	Unclassified,Actinomycetota, Bacteroidota,Bifidobacterium piotii, Bifidobacterium swidsinskii, Bifidobacterium unknown, Bifidobacterium vaginale, Bifidobacterium vaginale_A, Bifidobacterium vaginale_C, Bifidobacterium vaginale_D, Bifidobacterium vaginale_F, Bifidobacterium vaginale_H, Prevotella timonensis_A
v0a1c	Siphoviridae,-,-
v0a1d	Unclassified,Bacteroidota,Alloprevotella sp015259235
v0a1e	Unclassified,Bacillota,Streptococcus mitis_BF
v0a1f	Siphoviridae,Bacillota_A,Finegoldia magna_F, Finegoldia magna_H, Finegoldia unknown
v0a20	Unclassified,Bacillota_A,Finegoldia magna_F, Finegoldia magna_H, Finegoldia unknown
v0a21	Unclassified,Bacillota, Bacteroidota,Lactobacillus jensenii, Prevotella amnii, Prevotella bivia, Prevotella denticola, Prevotella sp000758925, Prevotella sp001553265, Prevotella timonensis_A, Prevotella unknown
v0a22	Siphoviridae,-,-
v0a23	Myoviridae,Bacillota_B,Peptococcaceae unknown
v0a24	Siphoviridae,Bacillota,Streptococcus mitis_BF
v0a25	Unclassified,Bacillota,Streptococcus mitis_BF, Streptococcus sp019448285, Streptococcus unknown
v0a26	Unclassified,Actinomycetota, Bacteroidota,Mobiluncus curtisii, Mobiluncus unknown, Prevotella timonensis_A, Prevotella unknown
v0a27	Myoviridae,Bacillota_A,Peptoniphilus_A harei_A, Peptoniphilus_A lacrimalis, Peptoniphilus_A unknown, Peptoniphilus_A vaginalis
v0a28	Siphoviridae,Bacillota_A,Fenollaria massiliensis, Fenollaria sp900539725, Fenollaria unknown, UBA629_sp005465875
v0a29	Siphoviridae,Bacillota_C,Dialister sp001553355
v0a2a	Unclassified,Bacteroidota,Prevotella sp900548585, Prevotella timonensis_A, Prevotella unknown
v0a2b	Siphoviridae,Actinomycetota,Olsenella_I unknown
v0a2c	Siphoviridae,Bacillota_A,Peptoniphilus_A lacrimalis, Peptoniphilus_A vaginalis, Peptoniphilus_B duerdenii, Urinicoccus massiliensis
v0a2d	Siphoviridae,Bacillota_A,Anaerococcus tetradius, Anaerococcus unknown
v0a2e	Siphoviridae,Bacillota,Streptococcus anginosus
v0a2f	Siphoviridae,Bacillota,Limosilactobacillus vaginalis
v0a30	Siphoviridae,Actinomycetota,Bifidobacterium breve, Bifidobacterium infantis, Bifidobacterium longum
v0a31	Siphoviridae,Actinomycetota,Actinotignum urinale
v0a32	Siphoviridae,-,-
v0a33	Siphoviridae,Actinomycetota,Corynebacterium sp001815985
v0a34	Unclassified,Patescibacteria,Nanoperiomorbus sp004136275, Nanoperiomorbus unknown
v0a35	Siphoviridae,-,-
v0a36	Unclassified,Actinomycetota, Bacteroidota, Fusobacteriota,Fannyhessea massiliensis, Fannyhessea unknown, Fannyhessea vaginae, Prevotella amnii, Prevotella timonensis_A, Sneathia vaginalis
v0a37	Siphoviridae,Bacillota,Limosilactobacillus oris
v0a38	Siphoviridae,Bacillota,Limosilactobacillus portuensis
v0a39	Siphoviridae,Bacillota,Limosilactobacillus portuensis, Limosilactobacillus vaginalis
v0a3a	Siphoviridae,Bacillota, Bacteroidota,Prevotella bivia, Streptococcus agalactiae, Streptococcus anginosus, Streptococcus anginosus_C, Streptococcus pasteurianus, Streptococcus urinalis
v0a3b	Siphoviridae,Bacillota,Streptococcus anginosus
v0a3c	Siphoviridae,Actinomycetota,Corynebacterium amycolatum_A
v0a3d	Unclassified,Patescibacteria,Nanoperiomorbus sp004136275, Nanoperiomorbus unknown
v0a3e	Siphoviridae,Actinomycetota, Bacillota, Bacillota_A,Berryella sp001552935, Bifidobacterium leopoldii, Bifidobacterium piotii, Bifidobacterium swidsinskii, Bifidobacterium unknown, Bifidobacterium vaginale, Bifidobacterium vaginale_A, Bifidobacterium vaginale_C, Bifidobacterium vaginale_F, Bifidobacterium vaginale_H, Fannyhessea massiliensis, Fannyhessea vaginae, Lactobacillus iners, UBA629_sp005465875
v0a3f	Siphoviridae,Bacillota_A, Fusobacteriota,Parvimonas sp001552895, Sneathia sanguinegens, Sneathia unknown, Sneathia vaginalis
v0a40	Siphoviridae,Bacillota_A, Fusobacteriota,Parvimonas sp001552895, Sneathia sanguinegens, Sneathia unknown, Sneathia vaginalis
v0a41	Siphoviridae,Actinomycetota,Bifidobacterium bifidum, Bifidobacterium breve, Bifidobacterium longum
v0a42	Unclassified,Actinomycetota,Bifidobacterium bifidum
v0a43	Unclassified,Actinomycetota, Bacteroidota,Berryella sp001552935, Berryella unknown, Fannyhessea vaginae, Prevotella disiens
v0a44	Siphoviridae,Actinomycetota,Bifidobacterium bifidum, Bifidobacterium breve, Bifidobacterium longum
v0a45	Siphoviridae,Bacillota,Limosilactobacillus portuensis
v0a46	Siphoviridae,Bacillota,Staphylococcus lugdunensis
v0a47	Siphoviridae,Bacillota,Staphylococcus haemolyticus
v0a48	Siphoviridae,Bacillota,Streptococcus anginosus, Streptococcus anginosus_C
v0a49	Siphoviridae,Actinomycetota, Bacillota, Bacillota_A,Bifidobacterium leopoldii, Bifidobacterium piotii, Bifidobacterium swidsinskii, Bifidobacterium unknown, Bifidobacterium vaginale, Bifidobacterium vaginale_A, Bifidobacterium vaginale_C, Bifidobacterium vaginale_F, Bifidobacterium vaginale_H, Bulleidia unknown, Fannyhessea massiliensis, Fannyhessea vaginae, Lactobacillus iners, UBA629_sp005465875
v0a4a	Unclassified,Bacteroidota,Porphyromonas asaccharolytica, Porphyromonas uenonis, Porphyromonas uenonis_A, Porphyromonas unknown
v0a4b	Unclassified,Bacteroidota,Porphyromonas_A somerae, Porphyromonas_A sp900554935, Porphyromonas_A unknown
v0a4c	Siphoviridae,Actinomycetota,Corynebacterium amycolatum_A, Corynebacterium sp001767255
v0a4d	Siphoviridae,Bacillota, Bacteroidota,Prevotella timonensis_A, Streptococcus agalactiae, Streptococcus anginosus, Streptococcus urinalis
v0a4e	Siphoviridae,Bacillota,Streptococcus anginosus
v0a4f	Siphoviridae,Actinomycetota,Corynebacterium sp001767255
v0a50	Siphoviridae,Actinomycetota, Bacteroidota,Berryella unknown, Fannyhessea massiliensis, Fannyhessea unknown, Fannyhessea vaginae, Prevotella timonensis_A
v0a51	Siphoviridae,Actinomycetota, Bacteroidota,Corynebacterium tuscaniense, Corynebacterium unknown, Prevotella timonensis_A, Prevotella unknown
v0a52	Siphoviridae,Bacillota,Lactobacillus crispatus, Lactobacillus gasseri, Lactobacillus paragasseri, Limosilactobacillus coleohominis_A, Limosilactobacillus oris, Limosilactobacillus portuensis, Limosilactobacillus vaginalis
v0a53	Unclassified,Bacillota,Streptococcus pyogenes
v0a54	Unclassified,Bacillota,Streptococcus agalactiae, Streptococcus pyogenes
v0a55	Siphoviridae,Actinomycetota,Corynebacterium amycolatum_A
v0a56	Siphoviridae,Actinomycetota,Alloscardovia omnicolens
v0a57	Siphoviridae,Bacillota,Streptococcus anginosus, Streptococcus anginosus_C
v0a58	Siphoviridae,Bacillota,Limosilactobacillus coleohominis_A
v0a59	Unclassified,Patescibacteria,Nanoperiomorbus sp004136275, Nanoperiomorbus unknown
v0a5a	Myoviridae,Bacillota,Lactobacillus crispatus
v0a5b	Siphoviridae,Bacillota,Streptococcus agalactiae
v0a5c	Siphoviridae,Bacillota,Lactobacillus gasseri, Lactobacillus johnsonii, Lactobacillus paragasseri
v0a5d	Siphoviridae,Bacillota,Lactobacillus gasseri, Lactobacillus mulieris, Lactobacillus paragasseri
v0a5e	Siphoviridae,Actinomycetota, Bacillota_C,Bifidobacterium vaginale, Megasphaera hutchinsoni, Megasphaera lornae
v0a5f	Unclassified,Bacteroidota,Prevotella timonensis_A, Prevotella unknown
v0a60	Siphoviridae,Actinomycetota, Bacillota, Bacteroidota,Bifidobacterium piotii, Bifidobacterium sp003585735, Bifidobacterium swidsinskii, Bifidobacterium unknown, Bifidobacterium vaginale, Bifidobacterium vaginale_A, Bifidobacterium vaginale_C, Bifidobacterium vaginale_D, Bifidobacterium vaginale_F, Bifidobacterium vaginale_H, Lactobacillus iners, Prevotella timonensis_A
v0a61	Unclassified,Actinomycetota, Bacteroidota,Bifidobacterium leopoldii, Bifidobacterium piotii, Bifidobacterium sp003585735, Bifidobacterium swidsinskii, Bifidobacterium unknown, Bifidobacterium vaginale, Bifidobacterium vaginale_A, Bifidobacterium vaginale_C, Bifidobacterium vaginale_D, Bifidobacterium vaginale_F, Bifidobacterium vaginale_H, Prevotella timonensis_A
v0a62	Siphoviridae,Bacteroidota,Prevotella sp000479005, Prevotella sp000758925, Prevotella timonensis_A, Prevotella unknown
v0a63	Unclassified,Bacteroidota,Sodaliphilus unknown
v0a64	Siphoviridae,Bacillota_B,Peptococcus niger
v0a65	Myoviridae,Bacillota_A,Peptostreptococcus anaerobius, Peptostreptococcus sp000758885, Peptostreptococcus stomatis
v0a66	Siphoviridae,Bacillota_A, Bacillota_B,Murdochiella vaginalis, Peptococcus niger
v0a67	Unclassified,-,-
v0a68	Unclassified,Bacillota, Bacteroidota,Lactobacillus jensenii, Prevotella amnii, Prevotella bivia, Prevotella denticola, Prevotella sp000758925, Prevotella sp001553265, Prevotella timonensis_A, Prevotella unknown
v0a69	Siphoviridae,Bacillota_A, Bacillota_C,Peptostreptococcus anaerobius, Peptostreptococcus sp000758885, Veillonella montpellierensis
v0a6a	Unclassified,Bacteroidota,Porphyromonas sp001552775, Porphyromonas uenonis_A, Prevotella timonensis_A
v0a6b	Unclassified,Bacteroidota,Alloprevotella sp905369775
v0a6c	Siphoviridae,Actinomycetota,Bifidobacterium piotii, Bifidobacterium swidsinskii, Bifidobacterium vaginale, Bifidobacterium vaginale_A, Bifidobacterium vaginale_C, Mobiluncus curtisii, Mobiluncus mulieris, Vaginimicrobium propionicum, Varibaculum cambriense, Winkia sp002849225
v0a6d	Myoviridae,Bacillota_A,Peptoniphilus_A grossensis, Peptoniphilus_A harei_A, Peptoniphilus_A lacrimalis, Peptoniphilus_A vaginalis, Peptoniphilus_B unknown
v0a6e	Unclassified,Bacteroidota,Sodaliphilus unknown
v0a6f	Siphoviridae,Actinomycetota, Bacillota_C,Bifidobacterium vaginale, Megasphaera hutchinsoni, Megasphaera lornae, Veillonella montpellierensis
v0a70	Unclassified,Bacteroidota,Porphyromonas asaccharolytica, Porphyromonas sp900548415, Porphyromonas uenonis, Porphyromonas uenonis_A, Porphyromonas unknown
v0a71	Unclassified,Bacillota_A,Stomatobaculum sp002892395
v0a72	Unclassified,Actinomycetota, Bacillota_C,Bifidobacterium vaginale, Megasphaera hutchinsoni, Megasphaera lornae
v0a73	Siphoviridae,Actinomycetota, Bacteroidota,Fannyhessea massiliensis, Fannyhessea unknown, Fannyhessea vaginae, Prevotella amnii, Prevotella timonensis_A
v0a74	Myoviridae,Bacillota,Lactobacillus crispatus
v0a75	Siphoviridae,Bacillota,Lactobacillus crispatus, Lactobacillus jensenii
v0a76	Myoviridae,Bacillota,Lactobacillus crispatus
v0a77	Siphoviridae,Actinomycetota,Bifidobacterium breve
v0a78	Siphoviridae,Fusobacteriota,Fusobacterium animalis
v0a79	Myoviridae,Fusobacteriota,Fusobacterium animalis
v0a7a	Siphoviridae,Bacillota_C,Megasphaera lornae
v0a7b	Siphoviridae,Bacillota,Lactobacillus crispatus
v0a7c	Unclassified,Campylobacterota,Campylobacter_B ureolyticus, Campylobacter_B ureolyticus_A
v0a7d	Myoviridae,Bacillota,Lactobacillus crispatus
v0a7e	Unclassified,Actinomycetota, Bacteroidota,Bifidobacterium leopoldii, Bifidobacterium piotii, Bifidobacterium swidsinskii, Bifidobacterium unknown, Bifidobacterium vaginale, Bifidobacterium vaginale_A, Bifidobacterium vaginale_C, Bifidobacterium vaginale_D, Bifidobacterium vaginale_F, Bifidobacterium vaginale_H, Prevotella timonensis_A
v0a7f	Herelleviridae,Bacillota_A,Peptoniphilus_A harei_A, Peptoniphilus_A lacrimalis, Peptoniphilus_A unknown, Peptoniphilus_A vaginalis
v0a80	Siphoviridae,Bacillota_C,Dialister sp001553355
v0a81	Siphoviridae,Actinomycetota,Corynebacterium aurimucosum_C, Corynebacterium aurimucosum_F, Corynebacterium phoceense
v0a82	Siphoviridae,Bacillota,Lactobacillus gasseri, Lactobacillus paragasseri
v0a83	Unclassified,Actinomycetota,Bifidobacterium breve, Bifidobacterium longum
v0a84	Siphoviridae,Actinomycetota,Bifidobacterium breve, Bifidobacterium longum
v0a85	Siphoviridae,Actinomycetota,Bifidobacterium breve, Bifidobacterium longum
v0a86	Siphoviridae,Actinomycetota,Bifidobacterium breve, Bifidobacterium longum
v0a87	Siphoviridae,Actinomycetota,Bifidobacterium longum
v0a88	Siphoviridae,Bacillota,Limosilactobacillus vaginalis
v0a89	Siphoviridae,Bacillota,Lactobacillus gasseri, Lactobacillus paragasseri
v0a8a	Myoviridae,Bacillota,Lactobacillus gasseri, Lactobacillus paragasseri
v0a8b	Unclassified,Actinomycetota, Bacteroidota,Berryella sp001552935, Fannyhessea massiliensis, Fannyhessea unknown, Fannyhessea vaginae, Prevotella timonensis_A
v0a8c	Siphoviridae,Actinomycetota, Bacteroidota,Bifidobacterium piotii, Bifidobacterium sp003585735, Bifidobacterium swidsinskii, Bifidobacterium unknown, Bifidobacterium vaginale, Bifidobacterium vaginale_A, Bifidobacterium vaginale_C, Bifidobacterium vaginale_D, Bifidobacterium vaginale_H, Prevotella timonensis_A
v0a8d	Siphoviridae,Bacillota, Bacillota_A,Anaerococcus tetradius, Catonella unknown, Gemella asaccharolytica, Peptoniphilus_A lacrimalis, Peptoniphilus_A vaginalis, Streptococcus agalactiae, Streptococcus anginosus, UBA629_sp005465875
v0a8e	Siphoviridae,Bacillota,Lactobacillus crispatus
v0a8f	Myoviridae,Bacillota,Lactobacillus crispatus
v0a90	Siphoviridae,Actinomycetota,Bifidobacterium breve
v0a91	Unclassified,Bacteroidota,Prevotella timonensis_A
v0a92	Unclassified,Bacteroidota,Prevotella sp000479005, Prevotella timonensis_A
v0a93	Unclassified,Patescibacteria,Nanoperiomorbus sp004136275, Nanoperiomorbus unknown
v0a94	Siphoviridae,Bacillota_A,Peptoniphilus_A harei_A, Peptoniphilus_A lacrimalis, Peptoniphilus_A unknown
v0a95	Unclassified,Bacteroidota,Prevotella amnii, Prevotella bivia, Prevotella denticola, Prevotella disiens, Prevotella melaninogenica, Prevotella sp001553265, Prevotella timonensis_A, Prevotella unknown
v0a96	Siphoviridae,Bacillota_A, Fusobacteriota,Parvimonas sp001552895, Sneathia sanguinegens, Sneathia unknown, Sneathia vaginalis
v0a97	Unclassified,Bacteroidota,Porphyromonas_A sp900554935
v0a98	Siphoviridae,Bacillota, Bacillota_A,Anaerococcus ihuae, Anaerococcus tetradius, Anaerococcus vaginimassiliensis, Finegoldia magna_F, Gemella asaccharolytica, Lactobacillus iners, Peptoniphilus_A harei_A, Peptoniphilus_A lacrimalis, Peptoniphilus_A vaginalis, Peptoniphilus_B duerdenii, Peptoniphilus_C coxii, UBA629_sp005465875
v0a99	Siphoviridae,Bacillota_A,Mageeibacillus indolicus
v0a9a	Siphoviridae,Bacteroidota,Prevotella amnii, Prevotella bivia, Prevotella colorans, Prevotella sp000479005, Prevotella timonensis_A, Prevotella unknown
v0a9b	Unclassified,Bacteroidota,Prevotella sp000479005, Prevotella sp000758925, Prevotella timonensis_A
v0a9c	Siphoviridae,Bacillota, Bacillota_A,Anaerococcus tetradius, Catonella unknown, Gemella asaccharolytica, Peptoniphilus_A lacrimalis, Peptoniphilus_A vaginalis, Streptococcus agalactiae, UBA629_sp005465875
v0a9d	Myoviridae,Bacillota,Lactobacillus crispatus
v0a9e	Siphoviridae,Bacillota,Aerococcus christensenii
v0a9f	Unclassified,Bacteroidota,Prevotella sp000758925
v0aa0	Siphoviridae,Bacteroidota,Prevotella sp000479005, Prevotella sp000758925, Prevotella timonensis_A, Prevotella unknown
v0aa1	Siphoviridae,Actinomycetota,Berryella sp001552935, Fannyhessea massiliensis, Fannyhessea unknown, Fannyhessea vaginae
v0aa2	Unclassified,Actinomycetota, Bacillota_A, Bacillota_C,Amygdalobacter indicium, Corynebacterium sp001815985, Dialister micraerophilus, Dialister sp001553355, KA00274_sp902373515, Megasphaera hutchinsoni
v0aa3	Myoviridae,Bacillota_C,Dialister micraerophilus, Dialister sp001553355, Dialister sp900541485, Megasphaera lornae
v0aa4	Unclassified,Actinomycetota, Bacillota, Bacteroidota,Bifidobacterium piotii, Bifidobacterium sp003585735, Bifidobacterium swidsinskii, Bifidobacterium vaginale, Bifidobacterium vaginale_A, Bifidobacterium vaginale_C, Bifidobacterium vaginale_D, Bifidobacterium vaginale_H, Lactobacillus iners, Prevotella timonensis_A
v0aa5	Unclassified,Bacillota_A,Stomatobaculum sp002892395
v0aa6	Unclassified,Patescibacteria,Nanoperiomorbus sp004136275, Nanoperiomorbus unknown
v0aa7	Myoviridae,Bacillota_A, Fusobacteriota,Parvimonas sp001552895, Sneathia sanguinegens, Sneathia unknown, Sneathia vaginalis
v0aa8	Siphoviridae,Bacillota_A,Peptostreptococcus anaerobius, Peptostreptococcus sp000758885, Peptostreptococcus stomatis
v0aa9	Myoviridae,Bacillota,Lactobacillus crispatus
v0aaa	Siphoviridae,Actinomycetota, Bacillota, Bacillota_C,Dialister sp001553355, Dialister sp900541485, Lactobacillus iners, Mobiluncus curtisii
v0aab	Unclassified,Actinomycetota, Bacteroidota,Bifidobacterium leopoldii, Bifidobacterium piotii, Bifidobacterium swidsinskii, Bifidobacterium unknown, Bifidobacterium vaginale, Bifidobacterium vaginale_A, Bifidobacterium vaginale_B, Bifidobacterium vaginale_C, Bifidobacterium vaginale_D, Bifidobacterium vaginale_F, Bifidobacterium vaginale_H, Prevotella timonensis_A
v0aac	Siphoviridae,Bacillota, Bacillota_A,Anaerococcus tetradius, Anaerococcus vaginimassiliensis, Finegoldia magna_F, Gemella asaccharolytica, Lactobacillus iners, Peptoniphilus_A harei_A, Peptoniphilus_A lacrimalis, Peptoniphilus_A vaginalis, Peptoniphilus_B duerdenii, Peptoniphilus_C coxii, UBA629_sp005465875
v0aad	Siphoviridae,Actinomycetota, Bacillota, Bacillota_A,Berryella sp001552935, Bifidobacterium leopoldii, Bifidobacterium piotii, Bifidobacterium swidsinskii, Bifidobacterium unknown, Bifidobacterium vaginale, Bifidobacterium vaginale_A, Bifidobacterium vaginale_C, Bifidobacterium vaginale_F, Bifidobacterium vaginale_H, Bulleidia unknown, Fannyhessea massiliensis, Fannyhessea vaginae, Lactobacillus iners, UBA629_sp005465875
v0aae	Unclassified,Bacteroidota,Porphyromonas uenonis, Porphyromonas uenonis_A, Porphyromonas unknown
v0aaf	Myoviridae,Bacillota_A, Fusobacteriota,Parvimonas sp001552895, Sneathia sanguinegens, Sneathia unknown, Sneathia vaginalis
v0ab0	Siphoviridae,Bacillota_A,Peptoniphilus_A harei_A, Peptoniphilus_A lacrimalis, Peptoniphilus_A unknown, Peptoniphilus_A vaginalis
v0ab1	Siphoviridae,Actinomycetota,Bifidobacterium leopoldii, Bifidobacterium swidsinskii, Bifidobacterium unknown, Bifidobacterium vaginale_C
v0ab2	Unclassified,Bacillota, Bacillota_A,Lactobacillus iners, UBA629_sp005465875
v0ab3	Siphoviridae,Bacillota,Limosilactobacillus portuensis, Limosilactobacillus vaginalis
v0ab4	Unclassified,Actinomycetota,Bifidobacterium leopoldii, Bifidobacterium piotii, Bifidobacterium swidsinskii, Bifidobacterium unknown, Bifidobacterium vaginale, Bifidobacterium vaginale_A, Bifidobacterium vaginale_C, Bifidobacterium vaginale_D, Bifidobacterium vaginale_H
v0ab5	Siphoviridae,Actinomycetota,Bifidobacterium piotii, Bifidobacterium swidsinskii, Bifidobacterium vaginale
v0ab6	Siphoviridae,Bacillota,Lactobacillus jensenii, Lactobacillus mulieris
v0ab7	Siphoviridae,Bacillota,Limosilactobacillus portuensis, Limosilactobacillus vaginalis
v0ab8	Siphoviridae,Bacillota, Bacillota_A,Anaerococcus tetradius, Anaerococcus vaginimassiliensis, Finegoldia magna_F, Gemella asaccharolytica, Lactobacillus iners, Peptoniphilus_A harei_A, Peptoniphilus_A lacrimalis, Peptoniphilus_A vaginalis, Peptoniphilus_B duerdenii, Peptoniphilus_C coxii, UBA629_sp005465875
v0ab9	Unclassified,Bacteroidota,Prevotella sp000758925
v0aba	Siphoviridae,Bacillota, Bacillota_A,Gemella asaccharolytica, Parvimonas sp001552895
v0abb	Siphoviridae,Actinomycetota,Bifidobacterium adolescentis, Bifidobacterium bifidum, Bifidobacterium dentium, Bifidobacterium sp002742445
v0abc	Unclassified,Fusobacteriota,Fusobacterium animalis
v0abd	Siphoviridae,Bacillota_A,Hornefia unknown, Peptostreptococcus anaerobius
v0abe	Siphoviridae,Bacillota_A,Parvimonas sp001552895, UBA629_sp005465875
v0abf	Unclassified,Bacillota_A,CAG-217_sp000436335
v0ac0	Unclassified,Bacteroidota,Porphyromonas_A sp001808555, Prevotella amnii, Sodaliphilus unknown
v0ac1	Siphoviridae,Bacillota_C,Megasphaera lornae
v0ac2	Unclassified,-,-
v0ac3	Unclassified,Bacteroidota,Prevotella amnii, Prevotella ihumii
v0ac4	Myoviridae,Bacillota_A,Hornefia unknown
v0ac5	Siphoviridae,Bacillota_A,Amygdalobacter nucleatus
v0ac6	Myoviridae,Bacillota_A,Peptostreptococcus sp000758885
v0ac7	Siphoviridae,Bacillota_A,Peptostreptococcus anaerobius, Peptostreptococcus sp000758885
v0ac8	Unclassified,Actinomycetota,Bifidobacterium piotii, Bifidobacterium sp003585735, Bifidobacterium swidsinskii, Bifidobacterium unknown, Bifidobacterium vaginale, Bifidobacterium vaginale_A, Bifidobacterium vaginale_B, Bifidobacterium vaginale_F, Bifidobacterium vaginale_H
v0ac9	Siphoviridae,Actinomycetota,Mobiluncus curtisii, Mobiluncus mulieris, Mobiluncus unknown
v0aca	Siphoviridae,Bacillota_A, Bacillota_C,Peptostreptococcus anaerobius, Peptostreptococcus sp000758885, Veillonella montpellierensis
v0acb	Unclassified,Bacillota_C,Dialister micraerophilus, Dialister sp001553355
v0acc	Unclassified,Patescibacteria,HOT-345_unknown
v0acd	Siphoviridae,Bacillota_A,Hornefia unknown
v0ace	Siphoviridae,Bacillota_A,Parvimonas sp001552895
v0acf	Unclassified,Actinomycetota, Bacillota_A, Bacillota_C, Bacteroidota,Amygdalobacter indicium, Corynebacterium sp001815985, Dialister micraerophilus, Dialister sp001553355, KA00274_sp902373515, Megasphaera hutchinsoni, Prevotella disiens, UBA629_sp005465875
v0ad0	Siphoviridae,Bacillota,Streptococcus anginosus
v0ad1	Unclassified,Bacteroidota,Prevotella amnii, Prevotella colorans, Prevotella sp000479005, Prevotella sp000758925, Prevotella timonensis_A, Prevotella unknown
v0ad2	Unclassified,Bacteroidota,Prevotella amnii
v0ad3	Unclassified,Bacillota,Streptococcus anginosus
v0ad4	Siphoviridae,Actinomycetota, Bacillota_C,Bifidobacterium vaginale, Megasphaera hutchinsoni, Megasphaera lornae
v0ad5	Siphoviridae,Bacillota,Limosilactobacillus coleohominis_A, Limosilactobacillus unknown
v0ad6	Unclassified,Patescibacteria,Nanoperiomorbus sp004136275, Nanoperiomorbus unknown
v0ad7	Siphoviridae,Bacteroidota,Porphyromonas_A somerae, Porphyromonas_A sp900554935
v0ad8	Siphoviridae,Actinomycetota,Actinobaculum massiliense, Corynebacterium jeikeium, Corynebacterium striatum, Winkia neuii
v0ad9	Siphoviridae,Bacillota_A,Parvimonas parva, Parvimonas sp001552895
v0ada	Siphoviridae,Bacillota, Bacteroidota,Prevotella bivia, Streptococcus agalactiae, Streptococcus anginosus, Streptococcus anginosus_C, Streptococcus pasteurianus, Streptococcus urinalis
v0adb	Unclassified,Bacteroidota,Prevotella timonensis_A
v0adc	Siphoviridae,Actinomycetota,Corynebacterium coyleae, Corynebacterium sp001767255
v0add	Siphoviridae,Bacillota,Lactobacillus crispatus, Lactobacillus iners, Lactobacillus jensenii
v0ade	Unclassified,Patescibacteria,Nanoperiomorbus sp004136275, Nanoperiomorbus unknown
v0adf	Myoviridae,Fusobacteriota,Fusobacterium_C gonidiaformans
v0ae0	Unclassified,Fusobacteriota,Fusobacterium_C gonidiaformans
v0ae1	Siphoviridae,Actinomycetota, Bacteroidota,Bifidobacterium leopoldii, Bifidobacterium piotii, Bifidobacterium swidsinskii, Bifidobacterium unknown, Bifidobacterium vaginale, Bifidobacterium vaginale_A, Bifidobacterium vaginale_B, Bifidobacterium vaginale_C, Bifidobacterium vaginale_D, Bifidobacterium vaginale_F, Bifidobacterium vaginale_H, Prevotella timonensis_A
v0ae2	Myoviridae,Bacillota_A,Peptoniphilus_C coxii, Peptoniphilus_C unknown
v0ae3	Unclassified,Bacteroidota,Porphyromonas sp001552775, Porphyromonas uenonis, Porphyromonas uenonis_A, Porphyromonas unknown
v0ae4	Siphoviridae,Bacillota_A,Anaerococcus sp943912825
v0ae5	Myoviridae,Bacillota_B,Peptococcus niger
v0ae6	Siphoviridae,Bacillota_A,Stomatobaculum sp002892395
v0ae7	Siphoviridae,Bacillota_A, Bacillota_C,Dialister sp900541485, Mageeibacillus indolicus
v0ae8	Unclassified,Bacteroidota,Porphyromonas uenonis_A, Porphyromonas unknown
v0ae9	Myoviridae,Bacillota_A,Anaerococcus senegalensis, Anaerococcus sp943912825
v0aea	Siphoviridae,Bacillota_A,Anaerococcus hydrogenalis, Anaerococcus ihuae, Anaerococcus obesiensis, Anaerococcus vaginalis_B
v0aeb	Unclassified,Bacteroidota,Porphyromonas_A somerae, Porphyromonas sp001552775
v0aec	Unclassified,Actinomycetota,Bifidobacterium piotii, Bifidobacterium swidsinskii, Bifidobacterium unknown, Bifidobacterium vaginale, Bifidobacterium vaginale_A, Bifidobacterium vaginale_F, Bifidobacterium vaginale_H
v0aed	Siphoviridae,Bacillota_A, Fusobacteriota,Parvimonas sp001552895, Sneathia sanguinegens, Sneathia unknown, Sneathia vaginalis
v0aee	Siphoviridae,Bacillota_A, Bacillota_C,Amygdalobacter indicium, Dialister micraerophilus, Dialister sp001553355, KA00274_sp902373515, UBA629_sp005465875
v0aef	Siphoviridae,Actinomycetota,Bifidobacterium dentium
v0af0	Siphoviridae,Actinomycetota,Bifidobacterium dentium
v0af1	Siphoviridae,Bacillota,Lactobacillus crispatus, Lactobacillus gasseri
v0af2	Siphoviridae,Bacillota,Lactobacillus crispatus, Lactobacillus gasseri, Lactobacillus paragasseri
v0af3	Siphoviridae,Bacillota_A, Fusobacteriota,Parvimonas sp001552895, Sneathia sanguinegens, Sneathia unknown, Sneathia vaginalis
v0af4	Siphoviridae,Actinomycetota,Actinobaculum massiliense, Gleimia europaea_A, Mobiluncus curtisii, Mobiluncus mulieris, Pauljensenia turicensis, Winkia neuii
v0af5	Siphoviridae,Actinomycetota,Winkia neuii, Winkia sp002849225
v0af6	Myoviridae,Bacillota,Lactobacillus crispatus
v0af7	Siphoviridae,Bacillota,Lactobacillus crispatus, Lactobacillus iners, Lactobacillus jensenii
v0af8	Myoviridae,Bacillota_A,Peptoniphilus_A harei_A, Peptoniphilus_A lacrimalis, Peptoniphilus_A vaginalis, Peptoniphilus_B unknown
v0af9	Siphoviridae,Actinomycetota,Berryella sp001552935, Fannyhessea massiliensis, Fannyhessea unknown, Fannyhessea vaginae
v0afa	Siphoviridae,Bacillota,Streptococcus mitis_BF, Streptococcus unknown
v0afb	Siphoviridae,Bacillota_A,Parvimonas sp001552895
v0afc	Siphoviridae,Bacillota, Bacillota_A,Anaerococcus tetradius, Catonella unknown, Gemella asaccharolytica, Peptoniphilus_A lacrimalis, Peptoniphilus_A vaginalis, Streptococcus agalactiae, Streptococcus anginosus, UBA629_sp005465875
v0afd	Unclassified,Bacteroidota,Prevotella disiens
v0afe	Myoviridae,Bacillota_A,Peptoniphilus_A harei_A, Peptoniphilus_A vaginalis
v0aff	Myoviridae,Bacillota, Fusobacteriota,Sneathia sanguinegens, Sneathia vaginalis, Streptococcus anginosus
v0b00	Siphoviridae,Bacillota, Bacillota_A,Anaerococcus lactolyticus, Anaerococcus tetradius, Anaerococcus vaginalis_B, CAKAHY01_unknown, Finegoldia unknown, Gemella asaccharolytica, Peptoniphilus_A lacrimalis, Peptoniphilus_A vaginalis
v0b01	Siphoviridae,Bacillota_A,UBA629_sp005465875
v0b02	Siphoviridae,Bacillota, Bacillota_A,Anaerococcus tetradius, Catonella unknown, Gemella asaccharolytica, Peptoniphilus_A lacrimalis, Peptoniphilus_A vaginalis, Streptococcus agalactiae, UBA629_sp005465875
v0b03	Myoviridae,Bacillota_A,Anaerococcus degeneri, Anaerococcus lactolyticus, Anaerococcus murdochii, Anaerococcus unknown, Peptoniphilus_A lacrimalis, Peptoniphilus_B unknown
v0b04	Podoviridae,Pseudomonadota,Proteus mirabilis
v0b05	Siphoviridae,Pseudomonadota,Proteus mirabilis
v0b06	Myoviridae,Bacillota_A,Peptoniphilus_A harei_A, Peptoniphilus_A vaginalis
v0b07	Myoviridae,Pseudomonadota,Proteus mirabilis
v0b08	Quimbyviridae,Bacteroidota,Prevotella melaninogenica, Prevotella timonensis_A, Prevotella unknown
v0b09	Unclassified,Bacteroidota,Prevotella amnii, Prevotella colorans, Prevotella sp000479005, Prevotella sp000758925, Prevotella timonensis_A, Prevotella unknown
v0b0a	Siphoviridae,Bacillota_C,Megasphaera lornae
v0b0b	Siphoviridae,Bacillota, Bacillota_A,Anaerococcus tetradius, Catonella unknown, Finegoldia unknown, Gemella asaccharolytica, Peptoniphilus_A harei_A, Peptoniphilus_A lacrimalis, Peptoniphilus_A vaginalis, Streptococcus agalactiae, UBA629_sp005465875
v0b0c	Siphoviridae,Actinomycetota,Berryella sp001552935, Berryella unknown, Fannyhessea vaginae
v0b0d	Unclassified,Campylobacterota,Campylobacter_B unknown, Campylobacter unknown
v0b0e	Unclassified,Campylobacterota,Campylobacter unknown
v0b0f	Siphoviridae,Bacillota_A,Peptostreptococcus anaerobius, Peptostreptococcus sp000758885
v0b10	Unclassified,Bacillota_C,Megasphaera lornae
v0b11	Myoviridae,Bacillota_C,Dialister micraerophilus, Dialister sp001553355, Dialister sp900541485, Megasphaera lornae
v0b12	Siphoviridae,Bacillota_A, Bacillota_C,Dialister sp001553355, UBA629_sp005465875
v0b13	Unclassified,Bacteroidota,Prevotella melaninogenica, Prevotella timonensis_A, Prevotella unknown
v0b14	Siphoviridae,Bacillota, Bacillota_A,Anaerococcus tetradius, Anaerococcus vaginalis_B, Finegoldia unknown, Gemella asaccharolytica, Peptoniphilus_A vaginalis, UBA629_sp005465875
v0b15	Siphoviridae,Actinomycetota,Berryella sp001552935, Berryella unknown, Fannyhessea vaginae
v0b16	Myoviridae,Bacillota_A,Peptoniphilus_A harei_A, Peptoniphilus_A lacrimalis, Peptoniphilus_A vaginalis
v0b17	Unclassified,Actinomycetota, Bacteroidota,Bifidobacterium leopoldii, Bifidobacterium piotii, Bifidobacterium sp003585735, Bifidobacterium swidsinskii, Bifidobacterium unknown, Bifidobacterium vaginale, Bifidobacterium vaginale_A, Bifidobacterium vaginale_B, Bifidobacterium vaginale_C, Bifidobacterium vaginale_D, Bifidobacterium vaginale_F, Bifidobacterium vaginale_H, Prevotella timonensis_A
v0b18	Siphoviridae,Actinomycetota, Bacillota, Bacillota_A, Bacillota_C,Dialister sp001553355, Lactobacillus crispatus, Lactobacillus iners, Lactobacillus jensenii, Mobiluncus curtisii, UBA629_sp005465875
v0b19	Siphoviridae,Actinomycetota, Bacillota, Bacillota_A, Bacillota_C,Bifidobacterium leopoldii, Bifidobacterium swidsinskii, Bifidobacterium vaginale, Bifidobacterium vaginale_A, Bifidobacterium vaginale_C, Bifidobacterium vaginale_H, Fannyhessea massiliensis, Fannyhessea vaginae, Lactobacillus iners, Megasphaera lornae, UBA629_sp005465875
v0b1a	Unclassified,Actinomycetota, Bacteroidota,Berryella sp001552935, Berryella unknown, Fannyhessea vaginae, Prevotella disiens
v0b1b	Siphoviridae,Bacillota_A,Parvimonas parva, Parvimonas sp001552895
v0b1c	Siphoviridae,Bacillota_A,Peptoniphilus_A vaginalis, UBA629_sp005465875
v0b1d	Siphoviridae,Bacillota_A,KA00134_sp001574395, Peptoniphilus_A harei_A, Peptoniphilus_A lacrimalis, Peptoniphilus_A vaginalis, Peptoniphilus_B unknown
v0b1e	Siphoviridae,Actinomycetota,Berryella unknown, Fannyhessea massiliensis, Fannyhessea unknown, Fannyhessea vaginae
v0b1f	Siphoviridae,Bacillota,Lactobacillus crispatus, Lactobacillus iners, Lactobacillus jensenii
v0b20	Unclassified,Bacteroidota,Porphyromonas sp001552775
v0b21	Siphoviridae,Bacillota_A,Catonella unknown, Peptoniphilus_A lacrimalis, Peptoniphilus_A vaginalis
v0b22	Myoviridae,Bacillota_C,Dialister sp001553355, Dialister sp900541485
v0b23	Unclassified,Actinomycetota,Fannyhessea massiliensis, Fannyhessea unknown, Fannyhessea vaginae
v0b24	Myoviridae,Bacillota_A, Fusobacteriota,Parvimonas sp001552895, Sneathia sanguinegens, Sneathia unknown, Sneathia vaginalis
v0b25	Myoviridae,Bacillota_A, Bacillota_C,Anaerococcus lactolyticus, Anaerococcus murdochii, Anaerococcus obesiensis, Anaerococcus vaginalis_B, Dialister sp001553355, Ezakiella coagulans, Ezakiella unknown, Fenollaria massiliensis, Fenollaria sp900539725, Fenollaria unknown, Finegoldia unknown, KA00134_sp001574395, Megasphaera hutchinsoni, Megasphaera lornae, Parvimonas sp001552895, Peptoniphilus_A harei_A, Peptoniphilus_A lacrimalis, Peptoniphilus_A vaginalis, Peptoniphilus_B duerdenii, Peptoniphilus_B unknown, UBA629_sp005465875, Urinicoccus massiliensis, Veillonella montpellierensis
v0b26	Siphoviridae,Actinomycetota,Mobiluncus curtisii
v0b27	Unclassified,Actinomycetota,Mobiluncus curtisii
v0b28	Siphoviridae,Bacillota_A,Anaerococcus tetradius, Finegoldia magna_H
v0b29	Siphoviridae,Bacillota_A,Peptoniphilus_A harei_A, Peptoniphilus_A lacrimalis, Peptoniphilus_A unknown, Peptoniphilus_A vaginalis
v0b2a	Siphoviridae,Bacillota,Lactobacillus crispatus, Lactobacillus iners, Lactobacillus jensenii, Lactobacillus mulieris
v0b2b	Unclassified,Bacteroidota,Prevotella amnii, Prevotella timonensis_A, Prevotella unknown
v0b2c	Unclassified,Bacillota,Streptococcus agalactiae
v0b2d	Siphoviridae,Bacillota,Streptococcus agalactiae, Streptococcus pyogenes
v0b2e	Siphoviridae,Bacillota,Streptococcus mitis_BF
v0b2f	Unclassified,Bacteroidota,Prevotella amnii, Prevotella bivia
v0b30	Unclassified,Bacillota_C,Dialister sp001553355, Dialister sp900541485
v0b31	Unclassified,-,-
v0b32	Myoviridae,Bacillota_C,Dialister micraerophilus, Dialister sp001553355, Dialister sp900541485
v0b33	Siphoviridae,Bacillota_A,Anaerococcus hydrogenalis, Anaerococcus ihuae, Anaerococcus murdochii, Anaerococcus senegalensis, Anaerococcus vaginalis_B
v0b34	Siphoviridae,Bacillota,Streptococcus agalactiae
v0b35	Myoviridae,Bacillota_A,Peptoniphilus_A grossensis, Peptoniphilus_A harei_A, Peptoniphilus_A lacrimalis, Peptoniphilus_A vaginalis, Peptoniphilus_B duerdenii
v0b36	Siphoviridae,Bacillota_A,Peptoniphilus_A lacrimalis, Peptoniphilus_A vaginalis
v0b37	Unclassified,Pseudomonadota,Escherichia coli
v0b38	Siphoviridae,Bacillota,Streptococcus agalactiae, Streptococcus canis, Streptococcus dysgalactiae, Streptococcus pyogenes
v0b39	Siphoviridae,Bacillota,Streptococcus agalactiae, Streptococcus urinalis
v0b3a	Myoviridae,Bacillota_C,Dialister sp001553355, Dialister sp900541485, Megasphaera lornae
v0b3b	Siphoviridae,Bacillota_A,Peptoniphilus_C sp902363535
v0b3c	Autographiviridae,Bacillota_C,Dialister sp001553355
v0b3d	Siphoviridae,Actinomycetota, Bacteroidota,Bifidobacterium leopoldii, Bifidobacterium piotii, Bifidobacterium swidsinskii, Bifidobacterium unknown, Bifidobacterium vaginale, Bifidobacterium vaginale_A, Bifidobacterium vaginale_B, Bifidobacterium vaginale_C, Bifidobacterium vaginale_D, Bifidobacterium vaginale_F, Bifidobacterium vaginale_H, Prevotella timonensis_A
v0b3e	Unclassified,Bacillota_C,Dialister sp001553355, Dialister sp900541485
v0b3f	Unclassified,Bacillota,Streptococcus mitis_BF
v0b40	Myoviridae,Bacillota_A,Peptoniphilus_A harei_A, Peptoniphilus_A lacrimalis, Peptoniphilus_A vaginalis
v0b41	Siphoviridae,Bacillota_A,Parvimonas sp001552895
v0b42	Siphoviridae,Actinomycetota,Berryella sp001552935, Berryella unknown, Fannyhessea vaginae
v0b43	Siphoviridae,Bacillota, Bacillota_A,Catonella unknown, Gemella asaccharolytica, Parvimonas sp001552895, Peptoniphilus_A lacrimalis, Peptoniphilus_A vaginalis, Streptococcus agalactiae, UBA629_sp005465875
v0b44	Siphoviridae,Bacillota_A,Peptoniphilus_A harei_A, Peptoniphilus_A lacrimalis, Peptoniphilus_A vaginalis
v0b45	Siphoviridae,Bacillota_A,Peptostreptococcus anaerobius, Peptostreptococcus sp000758885
v0b46	Siphoviridae,Bacillota,Streptococcus mitis_BF
v0b47	Siphoviridae,-,-
v0b48	Siphoviridae,Bacillota,Granulicatella unknown
v0b49	Unclassified,Bacillota,Streptococcus agalactiae, Streptococcus mitis_BM, Streptococcus oralis_BA, Streptococcus unknown
v0b4a	Siphoviridae,Bacillota_B,Peptococcaceae unknown
v0b4b	Siphoviridae,Bacillota_A,Parvimonas sp001552895
v0b4c	Siphoviridae,Bacillota_A,Peptoniphilus_A lacrimalis, Peptoniphilus_A vaginalis, Peptoniphilus_B unknown
v0b4d	Unclassified,Bacteroidota,Sodaliphilus unknown
v0b4e	Unclassified,Bacteroidota,Porphyromonas asaccharolytica, Porphyromonas uenonis, Porphyromonas uenonis_A, Porphyromonas unknown
v0b4f	Unclassified,Bacillota_A,Peptoniphilus_A lacrimalis, Peptoniphilus_A vaginalis
v0b50	Siphoviridae,Bacillota, Bacillota_A,Anaerococcus tetradius, Catonella unknown, Gemella asaccharolytica, Parvimonas sp001552895, Peptoniphilus_A lacrimalis, Peptoniphilus_A vaginalis, Streptococcus agalactiae, UBA629_sp005465875
v0b51	Siphoviridae,Bacillota,Streptococcus mitis_BF
v0b52	Siphoviridae,Bacillota_A, Fusobacteriota,Parvimonas sp001552895, Sneathia sanguinegens, Sneathia unknown
v0b53	Siphoviridae,Bacillota,Aerococcus christensenii
v0b54	Unclassified,Bacteroidota,Prevotella colorans, Prevotella corporis, Prevotella sp000479005, Prevotella sp000758925, Prevotella timonensis_A, Prevotella unknown
v0b55	Siphoviridae,Bacillota, Bacillota_A,Anaerococcus ihuae, Anaerococcus lactolyticus, Anaerococcus tetradius, Anaerococcus vaginalis_B, Anaerococcus vaginimassiliensis, Finegoldia magna_F, Gemella asaccharolytica, Lactobacillus iners, Peptoniphilus_A lacrimalis, Peptoniphilus_A vaginalis, Peptoniphilus_B duerdenii, Peptoniphilus_C coxii, UBA629_sp005465875
v0b56	Siphoviridae,Bacillota,Streptococcus agalactiae, Streptococcus pyogenes
v0b57	Myoviridae,Bacillota_C,Dialister sp001553355
v0b58	Unclassified,Fusobacteriota,Fusobacterium animalis
v0b59	Siphoviridae,Actinomycetota, Bacteroidota,Berryella sp001552935, Fannyhessea massiliensis, Fannyhessea unknown, Fannyhessea vaginae, Prevotella timonensis_A
v0b5a	Siphoviridae,Bacillota_A,Mageeibacillus indolicus
v0b5b	Unclassified,Campylobacterota,Campylobacter_B unknown
v0b5c	Unclassified,Bacteroidota,Cryptobacteroides unknown
v0b5d	Unclassified,Bacillota_B,Peptococcus niger
v0b5e	Siphoviridae,Actinomycetota,Berryella sp001552935, Berryella unknown, Fannyhessea vaginae
v0b5f	Unclassified,Actinomycetota, Bacillota,Bifidobacterium piotii, Bifidobacterium swidsinskii, Bifidobacterium unknown, Bifidobacterium vaginale, Bifidobacterium vaginale_A, Bifidobacterium vaginale_C, Bifidobacterium vaginale_D, Bifidobacterium vaginale_F, Bifidobacterium vaginale_H, Lactobacillus iners
v0b60	Siphoviridae,Bacillota_A,Peptostreptococcus anaerobius, Peptostreptococcus sp000758885, Peptostreptococcus stomatis
v0b61	Myoviridae,Bacillota_A,Peptostreptococcus anaerobius, Peptostreptococcus stomatis
v0b62	Siphoviridae,Actinomycetota, Bacteroidota,Bifidobacterium leopoldii, Bifidobacterium piotii, Bifidobacterium swidsinskii, Bifidobacterium unknown, Bifidobacterium vaginale, Bifidobacterium vaginale_A, Bifidobacterium vaginale_C, Bifidobacterium vaginale_D, Bifidobacterium vaginale_H, Prevotella timonensis_A
v0b63	Unclassified,Bacteroidota,Sodaliphilus unknown
v0b64	Unclassified,Bacillota_A,Anaerococcus lactolyticus, Anaerococcus unknown
v0b65	Siphoviridae,Bacillota_A,Anaerococcus murdochii, Anaerococcus sp943912825, Anaerococcus tetradius, Anaerococcus unknown
v0b66	Siphoviridae,Bacillota_A,Anaerococcus tetradius
v0b67	Siphoviridae,Bacillota_A,Peptostreptococcus anaerobius, Peptostreptococcus sp000758885
v0b68	Siphoviridae,Bacteroidota,Prevotella sp001552765
v0b69	Myoviridae,Bacillota_A,Stomatobaculum sp002892395
v0b6a	Siphoviridae,Bacillota,Lactobacillus crispatus, Lactobacillus jensenii, Lactobacillus mulieris
v0b6b	Unclassified,Bacillota,Lactobacillus crispatus, Lactobacillus gasseri
v0b6c	Unclassified,Actinomycetota,Bifidobacterium leopoldii, Bifidobacterium swidsinskii, Bifidobacterium vaginale, Bifidobacterium vaginale_C, Bifidobacterium vaginale_D, Bifidobacterium vaginale_F, Bifidobacterium vaginale_H
v0b6d	Siphoviridae,Bacillota_A,Parvimonas sp001552895
v0b6e	Siphoviridae,Bacteroidota,Prevotella amnii, Prevotella sp000758925
v0b6f	Siphoviridae,Bacillota_A, Fusobacteriota,Parvimonas sp001552895, Sneathia sanguinegens, Sneathia unknown, Sneathia vaginalis
v0b70	Siphoviridae,Bacillota_A,Parvimonas parva, Parvimonas sp001552895
v0b71	Unclassified,Bacteroidota,Prevotella sp000479005, Prevotella sp000758925, Prevotella timonensis_A, Prevotella unknown
v0b72	Siphoviridae,Actinomycetota,Bifidobacterium leopoldii, Bifidobacterium swidsinskii, Bifidobacterium unknown, Bifidobacterium vaginale, Bifidobacterium vaginale_C, Bifidobacterium vaginale_F, Bifidobacterium vaginale_H
v0b73	Unclassified,Actinomycetota, Bacteroidota,Mobiluncus curtisii, Prevotella timonensis_A, Prevotella unknown
v0b74	Siphoviridae,Actinomycetota, Bacteroidota, Fusobacteriota,Berryella sp001552935, Berryella unknown, Fannyhessea massiliensis, Fannyhessea unknown, Fannyhessea vaginae, Prevotella amnii, Prevotella timonensis_A, Sneathia vaginalis
v0b75	Siphoviridae,Bacillota_C,Dialister sp001553355
v0b76	Siphoviridae,Bacillota_A,Mageeibacillus indolicus
v0b77	Unclassified,Bacteroidota,Prevotella bivia, Prevotella sp000479005, Prevotella sp000758925, Prevotella timonensis_A, Prevotella unknown
v0b78	Siphoviridae,Bacillota_A,Parvimonas parva, Parvimonas sp001552895
v0b79	Siphoviridae,Actinomycetota,Arcanobacterium_A sp000758825
v0b7a	Siphoviridae,Actinomycetota, Bacteroidota,Bifidobacterium leopoldii, Bifidobacterium piotii, Bifidobacterium swidsinskii, Bifidobacterium unknown, Bifidobacterium vaginale, Bifidobacterium vaginale_A, Bifidobacterium vaginale_C, Bifidobacterium vaginale_D, Bifidobacterium vaginale_F, Bifidobacterium vaginale_H, Prevotella timonensis_A
v0b7b	Siphoviridae,Bacteroidota,Prevotella corporis
v0b7c	Unclassified,Patescibacteria,Nanoperiomorbus sp004136275, Nanoperiomorbus unknown
v0b7d	Unclassified,Actinomycetota,Berryella sp001552935, Berryella unknown, Fannyhessea vaginae
v0b7e	Siphoviridae,Bacillota_A,Peptostreptococcus anaerobius
v0b7f	Myoviridae,Bacillota_A,Peptoniphilus_A harei_A, Peptoniphilus_A lacrimalis, Peptoniphilus_A unknown, Peptoniphilus_A vaginalis
v0b80	Myoviridae,Bacillota_A,Peptoniphilus_A harei_A, Peptoniphilus_A lacrimalis, Peptoniphilus_A unknown, Peptoniphilus_A vaginalis, Peptoniphilus_B duerdenii
v0b81	Siphoviridae,Bacillota_A,KA00134_sp001574395, Peptoniphilus_A harei_A, Peptoniphilus_A lacrimalis, Peptoniphilus_A unknown, Peptoniphilus_A vaginalis, Peptoniphilus_B unknown
v0b82	Unclassified,Bacteroidota,Prevotella disiens
v0b83	Unclassified,Actinomycetota, Bacillota_A, Bacillota_C,Amygdalobacter indicium, Corynebacterium sp001815985, Dialister micraerophilus, Dialister sp001553355, KA00274_sp902373515, Megasphaera hutchinsoni
v0b84	Siphoviridae,Bacillota_C,Dialister sp001553355, Dialister sp900541485
v0b85	Siphoviridae,Bacillota,Staphylococcus haemolyticus
v0b86	Siphoviridae,Bacillota,Staphylococcus epidermidis
v0b87	Siphoviridae,Bacillota_A,Peptoniphilus_A harei_A, Peptoniphilus_A vaginalis
v0b88	Myoviridae,Bacillota_C,Dialister micraerophilus, Dialister sp001553355
v0b89	Unclassified,Actinomycetota, Bacillota_A, Bacillota_C,Amygdalobacter indicium, Corynebacterium sp001815985, Dialister micraerophilus, Dialister sp001553355, KA00274_sp902373515, Megasphaera hutchinsoni, UBA629_sp005465875
v0b8a	Siphoviridae,Actinomycetota, Bacteroidota,Berryella unknown, Fannyhessea massiliensis, Fannyhessea unknown, Fannyhessea vaginae, Prevotella amnii
v0b8b	Siphoviridae,Bacillota_A,Parvimonas sp001552895
v0b8c	Siphoviridae,Bacillota_A,Parvimonas sp001552895
v0b8d	Siphoviridae,Fusobacteriota,Sneathia sanguinegens, Sneathia unknown, Sneathia vaginalis
v0b8e	Siphoviridae,Actinomycetota, Bacillota_A,KA00134_sp001574395, Peptoniphilus_A lacrimalis, Peptoniphilus_A vaginalis, Peptoniphilus_B unknown, ZJ293_unknown
v0b8f	Siphoviridae,Actinomycetota, Bacillota, Bacillota_A,Berryella sp001552935, Bifidobacterium leopoldii, Bifidobacterium swidsinskii, Bifidobacterium unknown, Bifidobacterium vaginale, Bifidobacterium vaginale_A, Bifidobacterium vaginale_C, Bifidobacterium vaginale_F, Bifidobacterium vaginale_H, Bulleidia unknown, Fannyhessea massiliensis, Fannyhessea vaginae, Lactobacillus iners, UBA629_sp005465875
v0b90	Unclassified,Bacteroidota,Prevotella timonensis, Prevotella timonensis_A, Prevotella unknown
v0b91	Siphoviridae,Actinomycetota,Bifidobacterium adolescentis
v0b92	Siphoviridae,Actinomycetota,Bifidobacterium longum
v0b93	Siphoviridae,Actinomycetota,Bifidobacterium adolescentis, Bifidobacterium breve
v0b94	Siphoviridae,Actinomycetota, Bacillota, Bacillota_A, Bacillota_C,Dialister sp001553355, Dialister sp900541485, Lactobacillus iners, Mobiluncus curtisii, UBA629_sp005465875
v0b95	Siphoviridae,Bacillota,Lactobacillus crispatus, Lactobacillus iners, Lactobacillus jensenii, Lactobacillus mulieris
v0b96	Myoviridae,Bacillota,Lactobacillus crispatus
v0b97	Siphoviridae,Bacillota_A, Fusobacteriota,Parvimonas sp001552895, Sneathia sanguinegens, Sneathia unknown, Sneathia vaginalis
v0b98	Unclassified,Bacteroidota,Prevotella timonensis_A, Prevotella unknown
v0b99	Siphoviridae,Bacillota_A,Parvimonas sp001552895
v0b9a	Siphoviridae,Bacillota, Bacillota_A,Anaerococcus tetradius, Anaerococcus vaginimassiliensis, Finegoldia magna_F, Gemella asaccharolytica, Lactobacillus iners, Peptoniphilus_A harei_A, Peptoniphilus_A lacrimalis, Peptoniphilus_A vaginalis, Peptoniphilus_B duerdenii, Peptoniphilus_C coxii, UBA629_sp005465875
v0b9b	Siphoviridae,Bacillota, Bacillota_A,Anaerococcus tetradius, Catonella unknown, Gemella asaccharolytica, Peptoniphilus_A lacrimalis, Peptoniphilus_A vaginalis, Streptococcus agalactiae, Streptococcus anginosus, UBA629_sp005465875
v0b9c	Siphoviridae,Actinomycetota,Fannyhessea massiliensis
v0b9d	Siphoviridae,Actinomycetota, Bacillota, Bacillota_A,Berryella sp001552935, Bifidobacterium leopoldii, Bifidobacterium piotii, Bifidobacterium swidsinskii, Bifidobacterium unknown, Bifidobacterium vaginale, Bifidobacterium vaginale_A, Bifidobacterium vaginale_C, Bifidobacterium vaginale_F, Bifidobacterium vaginale_H, Fannyhessea massiliensis, Fannyhessea vaginae, Lactobacillus iners, UBA629_sp005465875
v0b9e	Unclassified,Bacteroidota,Prevotella amnii, Prevotella corporis, Prevotella sp000479005, Prevotella sp000758925, Prevotella timonensis_A, Prevotella unknown
v0b9f	Unclassified,Actinomycetota,Bifidobacterium breve, Bifidobacterium longum
v0ba0	Siphoviridae,Actinomycetota,Bifidobacterium vaginale_C
v0ba1	Myoviridae,Bacillota_A,Peptoniphilus_A harei_A, Peptoniphilus_A lacrimalis, Peptoniphilus_A vaginalis
v0ba2	Siphoviridae,Bacillota,Lactobacillus gasseri, Lactobacillus paragasseri, Limosilactobacillus coleohominis_A, Limosilactobacillus portuensis
v0ba3	Siphoviridae,Bacillota,Lactobacillus crispatus, Lactobacillus iners, Lactobacillus jensenii, Lactobacillus mulieris
v0ba4	Siphoviridae,Actinomycetota, Bacillota_C,Bifidobacterium vaginale, Megasphaera hutchinsoni, Megasphaera lornae
v0ba5	Siphoviridae,Bacillota,Lactobacillus crispatus, Lactobacillus gasseri, Lactobacillus paragasseri
v0ba6	Siphoviridae,Bacillota, Bacillota_A,Anaerococcus tetradius, Catonella unknown, Gemella asaccharolytica, Peptoniphilus_A lacrimalis, Peptoniphilus_A vaginalis, Streptococcus agalactiae, UBA629_sp005465875
v0ba7	Siphoviridae,Bacillota_A,Mageeibacillus indolicus
v0ba8	Siphoviridae,-,-
v0ba9	Siphoviridae,Bacillota_C,Dialister sp001553355
v0baa	Unclassified,Actinomycetota,Mobiluncus curtisii, Mobiluncus mulieris, Mobiluncus unknown
v0bab	Siphoviridae,Bacillota, Bacillota_A,Catonella unknown, Parvimonas sp001552895, Peptoniphilus_A lacrimalis, Peptoniphilus_A vaginalis, Streptococcus agalactiae
v0bac	Unclassified,Actinomycetota, Bacteroidota,Bifidobacterium leopoldii, Bifidobacterium piotii, Bifidobacterium sp003585735, Bifidobacterium swidsinskii, Bifidobacterium unknown, Bifidobacterium vaginale, Bifidobacterium vaginale_A, Bifidobacterium vaginale_B, Bifidobacterium vaginale_C, Bifidobacterium vaginale_D, Bifidobacterium vaginale_F, Bifidobacterium vaginale_H, Prevotella timonensis_A
v0bad	Siphoviridae,Bacillota,Lactobacillus crispatus
v0bae	Unclassified,Actinomycetota,Fannyhessea unknown
v0baf	Siphoviridae,Actinomycetota, Bacteroidota,Bifidobacterium piotii, Bifidobacterium swidsinskii, Bifidobacterium unknown, Bifidobacterium vaginale, Bifidobacterium vaginale_A, Bifidobacterium vaginale_C, Bifidobacterium vaginale_D, Bifidobacterium vaginale_F, Bifidobacterium vaginale_H, Prevotella timonensis_A
v0bb0	Siphoviridae,Bacillota_C,Megasphaera hutchinsoni, Megasphaera lornae
v0bb1	Unclassified,Bacteroidota,Cryptobacteroides unknown, Porphyromonas sp001552775, Prevotella amnii, Prevotella bivia, Prevotella colorans, Prevotella disiens, Prevotella sp000479005, Prevotella sp000758925, Prevotella sp001553265, Prevotella sp900548585, Prevotella timonensis_A, Prevotella unknown
v0bb2	Siphoviridae,Bacillota_A, Fusobacteriota,Parvimonas sp001552895, Sneathia sanguinegens, Sneathia unknown, Sneathia vaginalis
v0bb3	Autographiviridae,Bacillota_C,Dialister sp001553355, Dialister sp900541485
v0bb4	Unclassified,Bacteroidota,Prevotella amnii, Prevotella bivia, Prevotella sp000479005, Prevotella sp000758925, Prevotella timonensis_A, Prevotella unknown
v0bb5	Siphoviridae,Actinomycetota,Mobiluncus curtisii, Mobiluncus mulieris, Mobiluncus unknown
v0bb6	Siphoviridae,Bacteroidota,Prevotella bivia, Prevotella corporis, Prevotella disiens, Prevotella sp001553265, Sodaliphilus unknown
v0bb7	Myoviridae,Bacillota_A, Fusobacteriota,Parvimonas sp001552895, Sneathia sanguinegens, Sneathia unknown, Sneathia vaginalis
v0bb8	Siphoviridae,Bacillota,Streptococcus agalactiae
v0bb9	Unclassified,Bacteroidota,Prevotella melaninogenica, Prevotella sp900548585, Prevotella timonensis_A, Prevotella unknown
v0bba	Quimbyviridae,Bacteroidota,Porphyromonas_A sp001808555, Prevotella timonensis_A, Prevotella unknown
v0bbb	Unclassified,Bacteroidota,Prevotella unknown
v0bbc	Siphoviridae,Bacillota_A,Eubacterium_I unknown
v0bbd	Myoviridae,Bacillota_A, Fusobacteriota,Parvimonas sp001552895, Sneathia sanguinegens, Sneathia unknown, Sneathia vaginalis
v0bbe	Siphoviridae,Bacillota_C,Dialister sp001553355, Dialister sp900541485
v0bbf	Unclassified,Bacteroidota,Porphyromonas asaccharolytica, Porphyromonas uenonis, Porphyromonas uenonis_A, Porphyromonas unknown
v0bc0	Siphoviridae,Fusobacteriota,Sneathia sanguinegens, Sneathia unknown, Sneathia vaginalis
v0bc1	Unclassified,Bacillota_A,Agathobacter faecis
v0bc2	Unclassified,-,-
v0bc3	Myoviridae,Bacillota_A,Peptostreptococcus anaerobius, Peptostreptococcus sp000758885, Peptostreptococcus stomatis
v0bc4	Unclassified,Bacteroidota,Cryptobacteroides unknown
v0bc5	Siphoviridae,Bacillota, Bacteroidota,Prevotella bivia, Streptococcus agalactiae, Streptococcus anginosus, Streptococcus anginosus_C
v0bc6	Unclassified,Bacteroidota,Prevotella sp000758925, Prevotella sp001553265
v0bc7	Siphoviridae,Bacillota_A, Fusobacteriota,Parvimonas sp001552895, Sneathia sanguinegens, Sneathia unknown, Sneathia vaginalis
v0bc8	Unclassified,Bacteroidota,Prevotella melaninogenica
v0bc9	Unclassified,Bacteroidota,Prevotella amnii, Prevotella bivia, Prevotella denticola, Prevotella melaninogenica, Prevotella timonensis_A, Prevotella unknown
v0bca	Unclassified,Bacillota_A, Bacteroidota,Finegoldia magna_H, Prevotella bivia, Prevotella timonensis_A
v0bcb	Myoviridae,Fusobacteriota,Sneathia sanguinegens, Sneathia unknown, Sneathia vaginalis
v0bcc	Siphoviridae,Actinomycetota,Berryella sp001552935, Berryella unknown, Fannyhessea vaginae
v0bcd	Unclassified,Actinomycetota, Bacteroidota,Bifidobacterium piotii, Bifidobacterium sp003585735, Bifidobacterium swidsinskii, Bifidobacterium unknown, Bifidobacterium vaginale, Bifidobacterium vaginale_A, Bifidobacterium vaginale_C, Bifidobacterium vaginale_D, Bifidobacterium vaginale_H, Prevotella timonensis_A
v0bce	Unclassified,Bacteroidota,Prevotella timonensis_A
v0bcf	Siphoviridae,Actinomycetota,Mobiluncus mulieris
v0bd0	Siphoviridae,Bacillota,Limosilactobacillus coleohominis_A, Limosilactobacillus unknown
v0bd1	Siphoviridae,Bacillota,Limosilactobacillus portuensis, Limosilactobacillus unknown
v0bd2	Siphoviridae,Bacillota_C,Megasphaera hutchinsoni, Megasphaera lornae
v0bd3	Siphoviridae,Bacillota,Lactobacillus crispatus, Lactobacillus gasseri, Lactobacillus iners, Lactobacillus jensenii, Lactobacillus mulieris
v0bd4	Unclassified,Actinomycetota, Bacteroidota, Fusobacteriota,Fannyhessea massiliensis, Fannyhessea unknown, Fannyhessea vaginae, Prevotella amnii, Prevotella timonensis_A, Sneathia vaginalis
v0bd5	Siphoviridae,Bacillota,Lactobacillus gasseri, Lactobacillus mulieris, Lactobacillus paragasseri
v0bd6	Unclassified,Actinomycetota,Berryella sp001552935, Berryella unknown, Fannyhessea vaginae
v0bd7	Unclassified,Actinomycetota, Bacteroidota,Berryella sp001552935, Berryella unknown, Fannyhessea vaginae, Prevotella disiens
v0bd8	Siphoviridae,Actinomycetota,Bifidobacterium piotii, Bifidobacterium swidsinskii, Bifidobacterium unknown, Bifidobacterium vaginale, Bifidobacterium vaginale_A, Bifidobacterium vaginale_C, Bifidobacterium vaginale_F, Bifidobacterium vaginale_H
v0bd9	Myoviridae,Bacillota_A,Peptoniphilus_A harei_A, Peptoniphilus_A lacrimalis, Peptoniphilus_A vaginalis, Peptoniphilus_B unknown
v0bda	Unclassified,Bacteroidota,Prevotella amnii, Prevotella bivia
v0bdb	Myoviridae,Bacillota_A,Peptoniphilus_A grossensis, Peptoniphilus_A harei_A, Peptoniphilus_A lacrimalis, Peptoniphilus_A vaginalis
v0bdc	Unclassified,Bacteroidota,Porphyromonas sp001552775, Porphyromonas uenonis_A
v0bdd	Unclassified,Bacillota,Lactobacillus jensenii, Lactobacillus mulieris
v0bde	Unclassified,Bacteroidota,Prevotella sp000758925
v0bdf	Siphoviridae,Bacillota_C,Megasphaera hutchinsoni, Megasphaera lornae
v0be0	Siphoviridae,Actinomycetota, Bacillota_C,Bifidobacterium vaginale, Megasphaera hutchinsoni, Megasphaera lornae
v0be1	Siphoviridae,Bacillota_C,Megasphaera hutchinsoni, Megasphaera lornae
v0be2	Myoviridae,Bacillota_A, Fusobacteriota,Parvimonas sp001552895, Sneathia sanguinegens, Sneathia unknown, Sneathia vaginalis
v0be3	Siphoviridae,Actinomycetota,Bifidobacterium swidsinskii, Bifidobacterium vaginale_D, Bifidobacterium vaginale_H
v0be4	Unclassified,Bacteroidota,Prevotella timonensis_A, Prevotella unknown
v0be5	Myoviridae,Bacillota_A,Peptoniphilus_C coxii, Peptoniphilus_C rachelemmaiella, Peptoniphilus_C unknown
v0be6	Myoviridae,Bacillota_A,Peptoniphilus_A harei_A, Peptoniphilus_A lacrimalis, Peptoniphilus_A vaginalis
v0be7	Unclassified,Bacteroidota,Sodaliphilus unknown
v0be8	Siphoviridae,-,-
v0be9	Siphoviridae,Bacillota_A,Peptoniphilus_A lacrimalis, Peptoniphilus_A vaginalis
v0bea	Siphoviridae,Bacillota_A,Peptoniphilus_A vaginalis
v0beb	Siphoviridae,Actinomycetota, Bacillota, Bacillota_A, Bacillota_C,Bifidobacterium leopoldii, Bifidobacterium piotii, Bifidobacterium swidsinskii, Bifidobacterium unknown, Bifidobacterium vaginale, Bifidobacterium vaginale_A, Bifidobacterium vaginale_C, Bifidobacterium vaginale_F, Bifidobacterium vaginale_H, Fannyhessea massiliensis, Fannyhessea vaginae, Lactobacillus iners, Megasphaera lornae, UBA629_sp005465875
v0bec	Siphoviridae,Bacillota,Streptococcus mitis_BF
v0bed	Unclassified,Actinomycetota,Bifidobacterium leopoldii, Bifidobacterium swidsinskii, Bifidobacterium unknown, Bifidobacterium vaginale, Bifidobacterium vaginale_A, Bifidobacterium vaginale_B, Bifidobacterium vaginale_C, Bifidobacterium vaginale_D, Bifidobacterium vaginale_F, Bifidobacterium vaginale_H
v0bee	Unclassified,-,-
v0bef	Myoviridae,Bacillota_A, Fusobacteriota,Parvimonas sp001552895, Sneathia sanguinegens, Sneathia unknown, Sneathia vaginalis
v0bf0	Siphoviridae,-,-
v0bf1	Siphoviridae,Bacteroidota,Prevotella sp001553265
v0bf2	Siphoviridae,Bacillota_A,Parvimonas parva, Parvimonas sp001552895
v0bf3	Unclassified,Bacteroidota,Prevotella amnii, Prevotella bivia, Prevotella timonensis_A
v0bf4	Unclassified,Actinomycetota,Mobiluncus curtisii, Mobiluncus mulieris, Mobiluncus unknown
v0bf5	Unclassified,Bacillota_C,Dialister sp001553355
v0bf6	Siphoviridae,Actinomycetota,Alloscardovia omnicolens
v0bf7	Siphoviridae,Bacillota,Lactobacillus crispatus, Lactobacillus iners, Lactobacillus jensenii, Lactobacillus mulieris
v0bf8	Siphoviridae,Bacillota,Streptococcus agalactiae
v0bf9	Siphoviridae,Actinomycetota, Bacteroidota,Fannyhessea massiliensis, Fannyhessea unknown, Fannyhessea vaginae, Prevotella timonensis_A
v0bfa	Siphoviridae,Actinomycetota, Bacteroidota,Fannyhessea massiliensis, Fannyhessea unknown, Fannyhessea vaginae, Prevotella timonensis_A
v0bfb	Siphoviridae,Bacillota_C,Dialister sp001553355, Dialister sp900541485
v0bfc	Siphoviridae,Actinomycetota,Berryella sp001552935, Berryella unknown, Fannyhessea vaginae
v0bfd	Siphoviridae,Bacillota,Lactobacillus crispatus, Lactobacillus gasseri
v0bfe	Siphoviridae,Actinomycetota, Bacillota,Bifidobacterium leopoldii, Bifidobacterium piotii, Bifidobacterium sp003585735, Bifidobacterium swidsinskii, Bifidobacterium unknown, Bifidobacterium vaginale, Bifidobacterium vaginale_A, Bifidobacterium vaginale_C, Bifidobacterium vaginale_D, Bifidobacterium vaginale_F, Bifidobacterium vaginale_H, Lactobacillus iners
v0bff	Siphoviridae,Bacillota,Streptococcus mitis_BF
v0c00	Siphoviridae,Bacillota,Streptococcus mitis_BF
v0c01	Autographiviridae,Bacillota_C,Dialister micraerophilus
v0c02	Myoviridae,Bacillota_A,Catonella unknown
v0c03	Siphoviridae,Bacillota, Bacillota_A,Anaerococcus tetradius, Catonella unknown, Gemella asaccharolytica, Peptoniphilus_A lacrimalis, Peptoniphilus_A vaginalis, Streptococcus agalactiae, Streptococcus anginosus, UBA629_sp005465875
v0c04	Unclassified,Bacteroidota,Prevotella colorans, Prevotella sp000479005, Prevotella sp000758925, Prevotella timonensis_A, Prevotella unknown
v0c05	Siphoviridae,Actinomycetota, Bacteroidota,Fannyhessea massiliensis, Fannyhessea unknown, Fannyhessea vaginae, Prevotella amnii, Prevotella timonensis_A
v0c06	Unclassified,Bacteroidota,Prevotella bivia
v0c07	Myoviridae,Bacillota,Lactobacillus crispatus, Lactobacillus gallinarum
v0c08	Unclassified,Bacillota, Bacteroidota,Prevotella sp000479005, Prevotella timonensis_A, Prevotella unknown, Streptococcus agalactiae
v0c09	Unclassified,Bacteroidota,Porphyromonas asaccharolytica, Porphyromonas uenonis, Porphyromonas uenonis_A, Porphyromonas unknown
v0c0a	Siphoviridae,Actinomycetota, Bacteroidota,Bifidobacterium leopoldii, Bifidobacterium piotii, Bifidobacterium sp003585735, Bifidobacterium swidsinskii, Bifidobacterium unknown, Bifidobacterium vaginale, Bifidobacterium vaginale_A, Bifidobacterium vaginale_C, Bifidobacterium vaginale_D, Bifidobacterium vaginale_F, Bifidobacterium vaginale_H, Prevotella timonensis_A
v0c0b	Siphoviridae,Actinomycetota,Bifidobacterium vaginale
v0c0c	Unclassified,Bacillota, Bacteroidota,Prevotella amnii, Prevotella bivia, Streptococcus unknown
v0c0d	Unclassified,Bacillota_C,Megasphaera hutchinsoni, Megasphaera lornae
v0c0e	Unclassified,Bacteroidota,Prevotella amnii, Prevotella disiens, Prevotella sp000479005, Prevotella timonensis_A
v0c0f	Siphoviridae,Actinomycetota,Fannyhessea massiliensis
v0c10	Myoviridae,Bacillota_A,Peptoniphilus_A lacrimalis, Peptoniphilus_A vaginalis
v0c11	Unclassified,Bacillota_A,Peptoniphilus_A vaginalis
v0c12	Siphoviridae,Bacillota_A,Parvimonas parva, Parvimonas sp001552895
v0c13	Siphoviridae,Bacillota_A,Eubacterium_I unknown, Lachnospira sp003537285, Lachnospira sp900551945
v0c14	Unclassified,Bacteroidota,Prevotella amnii, Prevotella disiens, Prevotella timonensis_A, Prevotella unknown
v0c15	Unclassified,Bacillota_C,Dialister sp001553355
v0c16	Siphoviridae,Bacillota,Gemella asaccharolytica
v0c17	Unclassified,Bacteroidota,Prevotella disiens, Prevotella ihumii, Prevotella timonensis_A, Prevotella unknown
v0c18	Myoviridae,Bacillota_C,Megasphaera hutchinsoni
v0c19	Siphoviridae,Bacillota,Limosilactobacillus vaginalis
v0c1a	Siphoviridae,Bacillota,Lactobacillus crispatus, Lactobacillus gasseri
v0c1b	Unclassified,Bacteroidota,Prevotella sp000758925, Prevotella unknown
v0c1c	Unclassified,Bacteroidota,Prevotella colorans, Prevotella sp000479005, Prevotella sp000758925, Prevotella timonensis_A, Prevotella unknown
v0c1d	Siphoviridae,Actinomycetota, Bacillota_C,Bifidobacterium vaginale, Megasphaera hutchinsoni, Megasphaera lornae
v0c1e	Siphoviridae,Actinomycetota, Bacillota_C,Bifidobacterium vaginale, Megasphaera hutchinsoni, Megasphaera lornae
v0c1f	Siphoviridae,Actinomycetota, Bacteroidota,Bifidobacterium leopoldii, Bifidobacterium piotii, Bifidobacterium swidsinskii, Bifidobacterium unknown, Bifidobacterium vaginale, Bifidobacterium vaginale_A, Bifidobacterium vaginale_C, Bifidobacterium vaginale_D, Bifidobacterium vaginale_F, Bifidobacterium vaginale_H, Prevotella timonensis_A
v0c20	Siphoviridae,Actinomycetota,Bifidobacterium vaginale
v0c21	Siphoviridae,Bacillota,Limosilactobacillus portuensis, Limosilactobacillus vaginalis
v0c22	Unclassified,Bacteroidota,Prevotella amnii, Prevotella bivia, Prevotella timonensis_A, Prevotella unknown
v0c23	Siphoviridae,Actinomycetota, Bacteroidota, Fusobacteriota,Berryella sp001552935, Berryella unknown, Fannyhessea massiliensis, Fannyhessea unknown, Fannyhessea vaginae, Prevotella amnii, Prevotella timonensis_A, Sneathia vaginalis
v0c24	Siphoviridae,Actinomycetota,Bifidobacterium breve
v0c25	Unclassified,Actinomycetota, Bacteroidota,Bifidobacterium leopoldii, Bifidobacterium piotii, Bifidobacterium swidsinskii, Bifidobacterium unknown, Bifidobacterium vaginale, Bifidobacterium vaginale_A, Bifidobacterium vaginale_C, Bifidobacterium vaginale_D, Bifidobacterium vaginale_F, Bifidobacterium vaginale_H, Prevotella timonensis_A
v0c26	Siphoviridae,Bacillota,Lactobacillus crispatus, Lactobacillus iners, Lactobacillus jensenii, Lactobacillus mulieris
v0c27	Unclassified,Actinomycetota,Berryella sp001552935, Berryella unknown, Fannyhessea vaginae
v0c28	Siphoviridae,Fusobacteriota,Sneathia sanguinegens, Sneathia unknown, Sneathia vaginalis
v0c29	Siphoviridae,Bacillota,Streptococcus anginosus
v0c2a	Siphoviridae,Bacillota, Bacteroidota,Prevotella bivia, Streptococcus agalactiae, Streptococcus anginosus, Streptococcus anginosus_C
v0c2b	Siphoviridae,Bacillota,Streptococcus anginosus
v0c2c	Siphoviridae,Actinomycetota,Bifidobacterium vaginale_C
v0c2d	Unclassified,Actinomycetota,Fannyhessea massiliensis, Fannyhessea unknown, Fannyhessea vaginae
v0c2e	Unclassified,Actinomycetota,Bifidobacterium leopoldii, Bifidobacterium piotii, Bifidobacterium swidsinskii, Bifidobacterium unknown, Bifidobacterium vaginale, Bifidobacterium vaginale_A, Bifidobacterium vaginale_B, Bifidobacterium vaginale_C, Bifidobacterium vaginale_D, Bifidobacterium vaginale_F, Bifidobacterium vaginale_H, Nanchangia sp900545825
v0c2f	Unclassified,Actinomycetota, Bacteroidota,Berryella sp001552935, Fannyhessea massiliensis, Fannyhessea unknown, Fannyhessea vaginae, Prevotella amnii, Prevotella timonensis_A
v0c30	Unclassified,Bacteroidota,Prevotella sp000758925, Prevotella timonensis_A
v0c31	Siphoviridae,Bacillota_A,Peptoniphilus_A grossensis, Peptoniphilus_A harei_A, Peptoniphilus_A vaginalis, Peptoniphilus_B unknown
v0c32	Myoviridae,Bacillota_A,Peptoniphilus_C coxii, Peptoniphilus_C unknown
v0c33	Siphoviridae,Bacillota_A,Peptoniphilus_A harei_A, Peptoniphilus_B duerdenii, Peptoniphilus_B unknown
v0c34	Autographiviridae,Bacillota_C,Veillonella montpellierensis
v0c35	Siphoviridae,Bacillota_A,KA00134_sp001574395, Peptoniphilus_A harei_A, Peptoniphilus_A lacrimalis, Peptoniphilus_A vaginalis, Peptoniphilus_B duerdenii, Peptoniphilus_B unknown
v0c36	Siphoviridae,Bacillota,Streptococcus anginosus, Streptococcus mitis_BF, Streptococcus sp000187745
v0c37	Siphoviridae,Bacillota_A,Finegoldia magna_F, Finegoldia magna_H, Finegoldia unknown
v0c38	Unclassified,Bacteroidota,Prevotella unknown
v0c39	Unclassified,Actinomycetota, Bacteroidota,Bifidobacterium piotii, Bifidobacterium sp003585735, Bifidobacterium swidsinskii, Bifidobacterium unknown, Bifidobacterium vaginale, Bifidobacterium vaginale_A, Bifidobacterium vaginale_B, Bifidobacterium vaginale_C, Bifidobacterium vaginale_D, Bifidobacterium vaginale_F, Bifidobacterium vaginale_H, Prevotella timonensis_A
v0c3a	Unclassified,Bacteroidota,Prevotella corporis
v0c3b	Siphoviridae,Actinomycetota, Bacteroidota,Bifidobacterium leopoldii, Bifidobacterium piotii, Bifidobacterium swidsinskii, Bifidobacterium unknown, Bifidobacterium vaginale, Bifidobacterium vaginale_A, Bifidobacterium vaginale_C, Bifidobacterium vaginale_D, Bifidobacterium vaginale_F, Bifidobacterium vaginale_H, Prevotella timonensis_A
v0c3c	Myoviridae,Bacillota_A, Fusobacteriota,Parvimonas sp001552895, Sneathia sanguinegens, Sneathia unknown, Sneathia vaginalis
v0c3d	Unclassified,Actinomycetota,Bifidobacterium vaginale, Bifidobacterium vaginale_D, Bifidobacterium vaginale_F, Bifidobacterium vaginale_H
v0c3e	Siphoviridae,Actinomycetota,Berryella sp001552935, Berryella unknown, Fannyhessea vaginae
v0c3f	Unclassified,Bacteroidota,Porphyromonas uenonis_A, Porphyromonas unknown
v0c40	Siphoviridae,Bacillota_A,Mageeibacillus indolicus
v0c41	Siphoviridae,Bacillota_C,Dialister sp001553355, Dialister sp900541485
v0c42	Unclassified,Bacillota_C,Dialister sp001553355
v0c43	Siphoviridae,Actinomycetota,Berryella sp001552935, Berryella unknown, Fannyhessea vaginae
v0c44	Siphoviridae,Actinomycetota, Bacteroidota,Fannyhessea massiliensis, Fannyhessea unknown, Fannyhessea vaginae, Prevotella timonensis_A
v0c45	Unclassified,Bacillota_A,UBA629_sp005465875
v0c46	Myoviridae,Bacillota_A,CAKAHY01_unknown
v0c47	Siphoviridae,Actinomycetota,Fannyhessea massiliensis, Fannyhessea unknown, Fannyhessea vaginae
v0c48	Unclassified,Bacteroidota,Prevotella sp000479005, Prevotella sp000758925, Prevotella timonensis_A, Prevotella unknown
v0c49	Siphoviridae,Bacillota,Streptococcus agalactiae
v0c4a	Siphoviridae,Actinomycetota,Bifidobacterium leopoldii, Bifidobacterium swidsinskii, Bifidobacterium vaginale, Bifidobacterium vaginale_C, Bifidobacterium vaginale_D, Bifidobacterium vaginale_H
v0c4b	Siphoviridae,Actinomycetota,Fannyhessea massiliensis, Fannyhessea unknown, Fannyhessea vaginae
v0c4c	Myoviridae,Bacillota,Lactobacillus crispatus
v0c4d	Siphoviridae,Bacillota_A,Anaerococcus lactolyticus, Anaerococcus tetradius, Finegoldia magna_H
v0c4e	Myoviridae,Pseudomonadota,Aggregatibacter sp000466335, Haemophilus_D unknown
v0c4f	Siphoviridae,Pseudomonadota,Haemophilus_D unknown, Haemophilus haemolyticus
v0c50	Siphoviridae,Actinomycetota,Bifidobacterium piotii, Bifidobacterium swidsinskii, Bifidobacterium unknown, Bifidobacterium vaginale, Bifidobacterium vaginale_A, Bifidobacterium vaginale_C, Bifidobacterium vaginale_D, Bifidobacterium vaginale_F, Bifidobacterium vaginale_H
v0c51	Unclassified,Bacteroidota,Prevotella amnii, Prevotella colorans, Prevotella sp000479005, Prevotella sp000758925, Prevotella timonensis_A, Prevotella unknown
v0c52	Siphoviridae,Actinomycetota,Bifidobacterium vaginale
v0c53	Unclassified,Actinomycetota, Bacteroidota,Berryella sp001552935, Fannyhessea massiliensis, Fannyhessea unknown, Fannyhessea vaginae, Prevotella timonensis_A
v0c54	Unclassified,Actinomycetota,Berryella sp001552935, Berryella unknown, Fannyhessea vaginae
v0c55	Siphoviridae,Bacillota_A,Peptoniphilus_A lacrimalis
v0c56	Siphoviridae,Bacillota_A,Parvimonas sp001552895, UBA629_sp005465875
v0c57	Myoviridae,Bacillota_C,Veillonella montpellierensis
v0c58	Siphoviridae,Bacillota,Streptococcus agalactiae
v0c59	Siphoviridae,Bacillota_A,Anaerococcus tetradius
v0c5a	Siphoviridae,Bacillota,Streptococcus anginosus
v0c5b	Myoviridae,-,-
v0c5c	Siphoviridae,-,-
v0c5d	Unclassified,Actinomycetota, Bacillota_A, Bacillota_C,Amygdalobacter indicium, Corynebacterium sp001815985, Dialister micraerophilus, Dialister sp001553355, KA00274_sp902373515, Megasphaera hutchinsoni
v0c5e	Siphoviridae,Bacillota_A, Fusobacteriota,Parvimonas sp001552895, Sneathia sanguinegens, Sneathia vaginalis
v0c5f	Unclassified,Bacteroidota,Prevotella amnii, Prevotella bivia
v0c60	Unclassified,Bacillota, Bacteroidota,Lactobacillus jensenii, Prevotella amnii, Prevotella bivia, Prevotella denticola, Prevotella sp000758925, Prevotella sp001553265, Prevotella timonensis_A, Prevotella unknown
v0c61	Siphoviridae,Bacillota_C,Megasphaera lornae
v0c62	Siphoviridae,Actinomycetota,Fannyhessea massiliensis, Fannyhessea unknown, Fannyhessea vaginae
v0c63	Siphoviridae,Bacillota_A,Anaerococcus tetradius, Anaerococcus unknown, Finegoldia magna_H, Peptoniphilus_A vaginalis
v0c64	Unclassified,Bacteroidota,Porphyromonas asaccharolytica, Porphyromonas sp001552775, Porphyromonas sp900548415, Porphyromonas uenonis, Porphyromonas uenonis_A, Porphyromonas unknown, Prevotella timonensis_A
v0c65	Unclassified,Actinomycetota, Bacteroidota,Bifidobacterium leopoldii, Bifidobacterium piotii, Bifidobacterium sp003585735, Bifidobacterium swidsinskii, Bifidobacterium unknown, Bifidobacterium vaginale, Bifidobacterium vaginale_A, Bifidobacterium vaginale_C, Bifidobacterium vaginale_D, Bifidobacterium vaginale_F, Bifidobacterium vaginale_H, Prevotella timonensis_A
v0c66	Siphoviridae,Actinomycetota,Mobiluncus curtisii
v0c67	Siphoviridae,Actinomycetota,Berryella sp001552935, Fannyhessea massiliensis, Fannyhessea unknown, Fannyhessea vaginae
v0c68	Siphoviridae,Bacteroidota,Prevotella sp000758925, Prevotella timonensis_A
v0c69	Siphoviridae,Bacillota,Lactobacillus crispatus, Lactobacillus iners, Lactobacillus jensenii, Lactobacillus mulieris
v0c6a	Siphoviridae,Bacillota,Lactobacillus crispatus, Lactobacillus gasseri
v0c6b	Unclassified,Bacteroidota,Prevotella copri_B
v0c6c	Unclassified,Bacillota_C,Megasphaera lornae
v0c6d	Myoviridae,-,-
v0c6e	Siphoviridae,Actinomycetota,Bifidobacterium leopoldii, Bifidobacterium piotii, Bifidobacterium sp003585735, Bifidobacterium swidsinskii, Bifidobacterium unknown, Bifidobacterium vaginale, Bifidobacterium vaginale_A, Bifidobacterium vaginale_C, Bifidobacterium vaginale_D, Bifidobacterium vaginale_H
v0c6f	Unclassified,Bacteroidota,Prevotella amnii, Prevotella unknown
v0c70	Siphoviridae,Actinomycetota, Bacillota_C,Bifidobacterium vaginale, Megasphaera hutchinsoni, Megasphaera lornae
v0c71	Unclassified,Bacteroidota,Prevotella amnii, Prevotella unknown
v0c72	Unclassified,Bacillota_C,Dialister sp001553355
v0c73	Siphoviridae,Actinomycetota,Bifidobacterium swidsinskii, Bifidobacterium unknown, Bifidobacterium vaginale, Bifidobacterium vaginale_A, Bifidobacterium vaginale_C, Bifidobacterium vaginale_D
v0c74	Siphoviridae,Bacillota_C,Megasphaera lornae
v0c75	Unclassified,Bacteroidota,Prevotella colorans, Prevotella sp000479005, Prevotella sp000758925, Prevotella timonensis_A, Prevotella unknown
v0c76	Unclassified,Bacillota,Streptococcus agalactiae, Streptococcus pyogenes
v0c77	Siphoviridae,Actinomycetota, Bacillota, Bacillota_A, Bacillota_C,Dialister sp001553355, Lactobacillus crispatus, Lactobacillus iners, Mobiluncus curtisii, Streptococcus agalactiae, UBA629_sp005465875
v0c78	Myoviridae,Bacillota,Lactobacillus gasseri, Lactobacillus paragasseri
v0c79	Siphoviridae,Bacillota,Lactobacillus crispatus, Lactobacillus gasseri
v0c7a	Siphoviridae,-,-
v0c7b	Unclassified,Patescibacteria,Nanoperiomorbus sp004136275, Nanoperiomorbus unknown
v0c7c	Unclassified,Bacteroidota,Prevotella disiens
v0c7d	Siphoviridae,Bacillota_A,Parvimonas parva, Parvimonas sp001552895
v0c7e	Siphoviridae,Bacillota,Streptococcus sp000187745, Streptococcus sp019448285, Streptococcus unknown
v0c7f	Unclassified,Actinomycetota,Bifidobacterium leopoldii, Bifidobacterium swidsinskii, Bifidobacterium unknown, Bifidobacterium vaginale_C
v0c80	Siphoviridae,Actinomycetota, Bacillota_A, Bacillota_C,Bifidobacterium swidsinskii, Bifidobacterium vaginale, Bifidobacterium vaginale_A, Dialister sp001553355, UBA629_sp005465875
v0c81	Siphoviridae,Actinomycetota, Bacteroidota,Berryella sp001552935, Fannyhessea massiliensis, Fannyhessea unknown, Fannyhessea vaginae, Prevotella timonensis_A
v0c82	Unclassified,Actinomycetota, Patescibacteria,Fannyhessea massiliensis, Nanoperiomorbus sp004136275, Nanoperiomorbus unknown
v0c83	Siphoviridae,Bacillota_C,Megasphaera hutchinsoni, Megasphaera lornae
v0c84	Unclassified,Bacteroidota,Prevotella amnii, Prevotella bivia, Prevotella sp900548585, Prevotella timonensis_A
v0c85	Myoviridae,Bacillota_C,Dialister micraerophilus, Dialister sp001553355
v0c86	Siphoviridae,-,-
v0c87	Myoviridae,Bacillota,Lactobacillus gasseri, Lactobacillus iners, Lactobacillus paragasseri
v0c88	Unclassified,Bacillota_C,Dialister sp001553355, Megasphaera lornae
v0c89	Unclassified,Bacteroidota,Prevotella sp000479005, Prevotella timonensis_A
v0c8a	Siphoviridae,Actinomycetota, Bacillota, Bacillota_A,Arcanobacterium_A sp000758825, Bifidobacterium leopoldii, Bifidobacterium swidsinskii, Bifidobacterium unknown, Bifidobacterium vaginale, Bifidobacterium vaginale_A, Bifidobacterium vaginale_C, Bifidobacterium vaginale_H, Fannyhessea massiliensis, Fannyhessea vaginae, Lactobacillus iners, UBA629_sp005465875
v0c8b	Myoviridae,Bacillota_A,Peptoniphilus_A harei_A, Peptoniphilus_A lacrimalis, Peptoniphilus_A vaginalis
v0c8c	Unclassified,Actinomycetota,Bifidobacterium piotii, Bifidobacterium swidsinskii, Bifidobacterium vaginale, Bifidobacterium vaginale_A, Bifidobacterium vaginale_H
v0c8d	Siphoviridae,Bacillota_A,Anaerococcus senegalensis, Anaerococcus tetradius, Anaerococcus unknown, Anaerococcus vaginalis_B
v0c8e	Myoviridae,Bacillota_C,Dialister micraerophilus, Megasphaera lornae
v0c8f	Siphoviridae,Bacillota_C,Dialister sp001553355, Dialister sp900541485
v0c90	Unclassified,Bacteroidota,Prevotella timonensis_A, Prevotella unknown
v0c91	Unclassified,Bacteroidota,Prevotella amnii, Prevotella bivia, Prevotella colorans, Prevotella denticola, Prevotella disiens, Prevotella sp001553265, Prevotella timonensis_A
v0c92	Siphoviridae,Bacillota_A,Peptoniphilus_C unknown
v0c93	Unclassified,Actinomycetota,Bifidobacterium breve, Bifidobacterium longum
v0c94	Unclassified,Actinomycetota,Bifidobacterium breve
v0c95	Siphoviridae,Bacillota,Lactobacillus gasseri, Lactobacillus paragasseri, Limosilactobacillus coleohominis_A, Limosilactobacillus oris, Limosilactobacillus portuensis, Limosilactobacillus vaginalis
v0c96	Myoviridae,Bacillota_A,CAKAHY01_unknown
v0c97	Siphoviridae,Bacillota,Gemella asaccharolytica
v0c98	Unclassified,Bacteroidota,Prevotella amnii, Prevotella timonensis_A, Prevotella unknown
v0c99	Unclassified,Bacteroidota,Prevotella amnii, Prevotella sp000479005, Prevotella timonensis_A, Prevotella unknown
v0c9a	Siphoviridae,Bacillota_A, Bacillota_C,Dialister sp001553355, UBA629_sp005465875
v0c9b	Unclassified,Bacteroidota,Prevotella colorans, Prevotella corporis, Prevotella sp000479005, Prevotella sp000758925, Prevotella timonensis_A, Prevotella unknown
v0c9c	Siphoviridae,Actinomycetota, Bacteroidota,Berryella sp001552935, Berryella unknown, Fannyhessea vaginae, Prevotella disiens
v0c9d	Unclassified,Patescibacteria,Nanoperiomorbus sp004136275, Nanoperiomorbus unknown
v0c9e	Siphoviridae,Bacillota,Limosilactobacillus vaginalis
v0c9f	Unclassified,Actinomycetota, Bacillota_A, Bacteroidota,Berryella sp001552935, Fannyhessea massiliensis, Fannyhessea unknown, Fannyhessea vaginae, Mageeibacillus indolicus, Prevotella timonensis_A
v0ca0	Myoviridae,Bacillota_A,Peptoniphilus_A harei_A, Peptoniphilus_A lacrimalis, Peptoniphilus_A vaginalis
v0ca1	Myoviridae,Bacillota_A,Anaerococcus lactolyticus, Anaerococcus murdochii
v0ca2	Myoviridae,Fusobacteriota,Sneathia sanguinegens, Sneathia unknown, Sneathia vaginalis
v0ca3	Siphoviridae,Bacillota_A,Anaerococcus lactolyticus, Anaerococcus unknown
v0ca4	Siphoviridae,Actinomycetota, Bacteroidota,Bifidobacterium leopoldii, Bifidobacterium piotii, Bifidobacterium sp003585735, Bifidobacterium swidsinskii, Bifidobacterium unknown, Bifidobacterium vaginale, Bifidobacterium vaginale_A, Bifidobacterium vaginale_C, Bifidobacterium vaginale_D, Bifidobacterium vaginale_F, Bifidobacterium vaginale_H, Prevotella timonensis_A
v0ca5	Unclassified,Actinomycetota,Bifidobacterium leopoldii, Bifidobacterium swidsinskii, Bifidobacterium vaginale, Bifidobacterium vaginale_C, Bifidobacterium vaginale_F, Bifidobacterium vaginale_H
v0ca6	Unclassified,Actinomycetota, Bacteroidota,Berryella sp001552935, Fannyhessea massiliensis, Fannyhessea unknown, Fannyhessea vaginae, Prevotella amnii, Prevotella timonensis_A
v0ca7	Unclassified,Bacteroidota,Prevotella sp000758925
v0ca8	Unclassified,Actinomycetota,Bifidobacterium vaginale_F, Bifidobacterium vaginale_H
v0ca9	Myoviridae,Bacillota,Lactobacillus gallinarum, Lactobacillus helveticus
v0caa	Unclassified,Actinomycetota, Bacillota, Bacteroidota,Bifidobacterium piotii, Bifidobacterium sp003585735, Bifidobacterium swidsinskii, Bifidobacterium unknown, Bifidobacterium vaginale, Bifidobacterium vaginale_A, Bifidobacterium vaginale_C, Bifidobacterium vaginale_D, Bifidobacterium vaginale_F, Bifidobacterium vaginale_H, Lactobacillus iners, Prevotella timonensis_A
v0cab	Unclassified,Bacteroidota,Porphyromonas asaccharolytica, Porphyromonas sp900548415, Porphyromonas uenonis, Porphyromonas uenonis_A, Porphyromonas unknown
v0cac	Siphoviridae,Bacillota_B,Peptococcus niger
v0cad	Myoviridae,Bacillota_A, Fusobacteriota,Parvimonas sp001552895, Sneathia sanguinegens, Sneathia unknown, Sneathia vaginalis
v0cae	Unclassified,-,-
v0caf	Unclassified,Bacteroidota,Sodaliphilus unknown
v0cb0	Quimbyviridae,Bacteroidota,Prevotella disiens, Prevotella timonensis_A, Prevotella unknown
v0cb1	Siphoviridae,Bacillota_A,Parvimonas sp001552895, Peptoniphilus_A vaginalis
v0cb2	Siphoviridae,Bacillota,Aerococcus christensenii
v0cb3	Unclassified,Bacteroidota,Prevotella sp000479005, Prevotella timonensis_A, Prevotella unknown
v0cb4	Unclassified,Actinomycetota, Bacillota, Bacillota_A, Bacillota_C,Aerococcus christensenii, Dialister sp001553355, Lactobacillus iners, Mobiluncus curtisii, UBA629_sp005465875
v0cb5	Siphoviridae,Actinomycetota, Bacteroidota,Bifidobacterium piotii, Bifidobacterium sp003585735, Bifidobacterium swidsinskii, Bifidobacterium unknown, Bifidobacterium vaginale, Bifidobacterium vaginale_A, Bifidobacterium vaginale_C, Bifidobacterium vaginale_D, Bifidobacterium vaginale_F, Bifidobacterium vaginale_H, Prevotella timonensis_A
v0cb6	Myoviridae,Bacillota,Lactobacillus crispatus
v0cb7	Unclassified,Bacillota_C,Megasphaera hutchinsoni, Megasphaera lornae
v0cb8	Siphoviridae,Bacillota,Lactobacillus iners, Lactobacillus jensenii, Lactobacillus mulieris
v0cb9	Siphoviridae,Bacillota_A, Bacillota_C,Amygdalobacter indicium, Dialister sp001553355, KA00274_sp902373515, Megasphaera hutchinsoni
v0cba	Unclassified,Actinomycetota, Bacteroidota,Bifidobacterium piotii, Bifidobacterium swidsinskii, Bifidobacterium unknown, Bifidobacterium vaginale, Bifidobacterium vaginale_A, Bifidobacterium vaginale_B, Bifidobacterium vaginale_C, Bifidobacterium vaginale_D, Bifidobacterium vaginale_F, Bifidobacterium vaginale_H, Prevotella timonensis_A
v0cbb	Siphoviridae,Bacteroidota,Porphyromonas unknown, Prevotella disiens
v0cbc	Unclassified,Bacteroidota,Prevotella amnii, Prevotella corporis, Prevotella sp000479005, Prevotella sp000758925, Prevotella timonensis_A, Prevotella unknown
v0cbd	Unclassified,Bacillota_C, Bacteroidota,Dialister sp001553355, Prevotella timonensis_A, Prevotella unknown
v0cbe	Myoviridae,Bacillota,Lactobacillus crispatus
v0cbf	Unclassified,Bacillota_C,Megasphaera lornae
v0cc0	Siphoviridae,Actinomycetota, Bacteroidota,Bifidobacterium piotii, Bifidobacterium sp003585735, Bifidobacterium swidsinskii, Bifidobacterium unknown, Bifidobacterium vaginale, Bifidobacterium vaginale_A, Bifidobacterium vaginale_B, Bifidobacterium vaginale_C, Bifidobacterium vaginale_D, Bifidobacterium vaginale_F, Bifidobacterium vaginale_H, Prevotella timonensis_A
v0cc1	Siphoviridae,Bacillota,Lactobacillus gasseri, Lactobacillus paragasseri, Limosilactobacillus coleohominis_A, Limosilactobacillus oris, Limosilactobacillus portuensis, Limosilactobacillus vaginalis
v0cc2	Myoviridae,Bacillota,Lactobacillus gasseri, Lactobacillus paragasseri
v0cc3	Unclassified,Bacillota_C, Bacteroidota,Dialister micraerophilus, Prevotella sp000479005, Prevotella timonensis_A
v0cc4	Unclassified,Bacteroidota,Prevotella amnii, Prevotella colorans, Prevotella sp000479005, Prevotella sp000758925, Prevotella timonensis_A, Prevotella unknown
v0cc5	Unclassified,Bacteroidota,Prevotella amnii, Prevotella sp000758925, Prevotella timonensis_A, Prevotella unknown
v0cc6	Siphoviridae,Actinomycetota,Bifidobacterium leopoldii, Bifidobacterium swidsinskii, Bifidobacterium vaginale, Bifidobacterium vaginale_A, Bifidobacterium vaginale_C
v0cc7	Siphoviridae,Actinomycetota, Bacteroidota,Bifidobacterium piotii, Bifidobacterium swidsinskii, Bifidobacterium unknown, Bifidobacterium vaginale, Bifidobacterium vaginale_A, Bifidobacterium vaginale_B, Bifidobacterium vaginale_C, Bifidobacterium vaginale_D, Bifidobacterium vaginale_F, Bifidobacterium vaginale_H, Prevotella timonensis_A
v0cc8	Siphoviridae,Bacillota,Lactobacillus crispatus, Lactobacillus jensenii, Lactobacillus mulieris
v0cc9	Siphoviridae,Bacillota_A, Fusobacteriota,Parvimonas sp001552895, Sneathia sanguinegens, Sneathia unknown, Sneathia vaginalis
v0cca	Siphoviridae,Bacillota,Limosilactobacillus vaginalis
v0ccb	Siphoviridae,Bacillota,Limosilactobacillus portuensis, Limosilactobacillus vaginalis
v0ccc	Siphoviridae,Bacillota,Lactobacillus crispatus, Lactobacillus gallinarum
v0ccd	Unclassified,Bacillota, Bacteroidota,Lactobacillus jensenii, Prevotella amnii, Prevotella bivia, Prevotella disiens, Prevotella sp000758925, Prevotella sp001553265, Prevotella timonensis_A
v0cce	Unclassified,-,-
v0ccf	Siphoviridae,-,-
v0cd0	Siphoviridae,Pseudomonadota,Escherichia coli
v0cd1	Siphoviridae,Bacillota,Streptococcus mitis_BF
v0cd2	Unclassified,Bacteroidota,Prevotella timonensis, Prevotella timonensis_A, Prevotella unknown
v0cd3	Unclassified,Actinomycetota, Bacillota_A, Bacillota_C,Amygdalobacter indicium, Corynebacterium sp001815985, Dialister micraerophilus, Dialister sp001553355, KA00274_sp902373515, Megasphaera hutchinsoni
v0cd4	Siphoviridae,Bacillota_C,Dialister sp001553355, Dialister sp900541485
v0cd5	Siphoviridae,Bacillota_A, Bacillota_C,Peptostreptococcus anaerobius, Peptostreptococcus sp000758885, Peptostreptococcus stomatis, Veillonella montpellierensis
v0cd6	Siphoviridae,Bacillota_A,Anaerococcus hydrogenalis, Anaerococcus tetradius, Finegoldia magna_H
v0cd7	Siphoviridae,Bacillota_A,Peptoniphilus_A harei_A, Peptoniphilus_A lacrimalis, Peptoniphilus_A vaginalis
v0cd8	Myoviridae,Bacillota_A,Peptoniphilus_A grossensis, Peptoniphilus_A harei_A, Peptoniphilus_A lacrimalis, Peptoniphilus_A vaginalis, Peptoniphilus_B unknown
v0cd9	Myoviridae,Bacillota,Lactobacillus gasseri, Lactobacillus paragasseri
v0cda	Unclassified,Actinomycetota, Bacteroidota,Bifidobacterium piotii, Bifidobacterium swidsinskii, Bifidobacterium unknown, Bifidobacterium vaginale, Bifidobacterium vaginale_A, Bifidobacterium vaginale_B, Bifidobacterium vaginale_D, Bifidobacterium vaginale_F, Bifidobacterium vaginale_H, Prevotella timonensis_A
v0cdb	Unclassified,Patescibacteria,Nanoperiomorbus unknown
v0cdc	Siphoviridae,Bacillota_A,Catonella unknown, Lachnospira sp900551945
v0cdd	Siphoviridae,Bacillota,Streptococcus pasteurianus
v0cde	Unclassified,Bacteroidota,Prevotella unknown
v0cdf	Myoviridae,Bacillota_A, Fusobacteriota,Parvimonas sp001552895, Sneathia sanguinegens, Sneathia unknown, Sneathia vaginalis
v0ce0	Siphoviridae,Actinomycetota,Mobiluncus mulieris, Mobiluncus unknown
v0ce1	Siphoviridae,Bacillota_A,Parvimonas sp001552895, Peptoniphilus_A vaginalis
v0ce2	Unclassified,Bacillota_A,UBA629_sp005465875
v0ce3	Myoviridae,Bacillota,Lactobacillus gasseri, Lactobacillus paragasseri
v0ce4	Myoviridae,Bacillota,Lactobacillus gasseri, Lactobacillus paragasseri
v0ce5	Siphoviridae,Bacteroidota,Prevotella sp000479005, Prevotella timonensis_A, Prevotella unknown
v0ce6	Siphoviridae,Bacillota_A,Parvimonas parva, Parvimonas sp001552895
v0ce7	Siphoviridae,Actinomycetota, Bacteroidota,Bifidobacterium leopoldii, Bifidobacterium piotii, Bifidobacterium swidsinskii, Bifidobacterium unknown, Bifidobacterium vaginale, Bifidobacterium vaginale_A, Bifidobacterium vaginale_B, Bifidobacterium vaginale_C, Bifidobacterium vaginale_D, Bifidobacterium vaginale_F, Bifidobacterium vaginale_H, Prevotella timonensis_A
v0ce8	Siphoviridae,Actinomycetota, Bacteroidota,Fannyhessea massiliensis, Fannyhessea unknown, Fannyhessea vaginae, Prevotella amnii, Prevotella timonensis_A
v0ce9	Siphoviridae,Bacillota,Limosilactobacillus portuensis
v0cea	Siphoviridae,Bacillota,Lactobacillus crispatus, Limosilactobacillus portuensis, Limosilactobacillus vaginalis
v0ceb	Siphoviridae,Actinomycetota,Bifidobacterium leopoldii, Bifidobacterium piotii, Bifidobacterium swidsinskii, Bifidobacterium vaginale, Bifidobacterium vaginale_A, Bifidobacterium vaginale_C, Bifidobacterium vaginale_D, Bifidobacterium vaginale_H
v0cec	Siphoviridae,Actinomycetota,Berryella sp001552935, Berryella unknown, Fannyhessea vaginae
v0ced	Siphoviridae,Bacillota_A,Peptoniphilus_A harei_A, Peptoniphilus_A lacrimalis, Peptoniphilus_A vaginalis
v0cee	Myoviridae,Bacillota_A, Fusobacteriota,Parvimonas sp001552895, Sneathia sanguinegens, Sneathia unknown, Sneathia vaginalis
v0cef	Unclassified,-,-
v0cf0	Siphoviridae,Actinomycetota,Fannyhessea massiliensis, Fannyhessea unknown, Fannyhessea vaginae
v0cf1	Siphoviridae,Bacillota,Streptococcus mitis_Q, Streptococcus oralis_BA, Streptococcus oralis_S, Streptococcus sp019448285, Streptococcus sp020089495, Streptococcus unknown
v0cf2	Siphoviridae,Actinomycetota,Bifidobacterium leopoldii, Bifidobacterium piotii, Bifidobacterium swidsinskii, Bifidobacterium unknown, Bifidobacterium vaginale, Bifidobacterium vaginale_A, Bifidobacterium vaginale_C, Bifidobacterium vaginale_D, Bifidobacterium vaginale_F, Bifidobacterium vaginale_H
v0cf3	Unclassified,Bacteroidota,Prevotella sp000479005, Prevotella timonensis_A
v0cf4	Siphoviridae,Actinomycetota,Fannyhessea unknown
v0cf5	Siphoviridae,Actinomycetota,Fannyhessea massiliensis, Fannyhessea unknown, Fannyhessea vaginae
v0cf6	Siphoviridae,Actinomycetota, Bacillota_C,Bifidobacterium vaginale, Megasphaera hutchinsoni, Megasphaera lornae
v0cf7	Siphoviridae,Bacillota_A, Fusobacteriota,Parvimonas sp001552895, Sneathia sanguinegens, Sneathia unknown, Sneathia vaginalis
v0cf8	Unclassified,Actinomycetota, Bacillota, Bacillota_A, Bacillota_C,Aerococcus christensenii, Bifidobacterium piotii, Bifidobacterium swidsinskii, Bifidobacterium unknown, Bifidobacterium vaginale, Bifidobacterium vaginale_A, Bifidobacterium vaginale_B, Bifidobacterium vaginale_C, Bifidobacterium vaginale_D, Bifidobacterium vaginale_F, Bifidobacterium vaginale_H, Dialister sp001553355, Lactobacillus iners, Mobiluncus curtisii, Streptococcus agalactiae, UBA629_sp005465875
v0cf9	Unclassified,Bacteroidota,Prevotella amnii, Prevotella sp000758925, Prevotella timonensis_A, Prevotella unknown
v0cfa	Siphoviridae,Bacillota_C,Veillonella montpellierensis, Veillonella parvula_A
v0cfb	Siphoviridae,Actinomycetota,Fannyhessea massiliensis
v0cfc	Siphoviridae,Bacillota,Lactobacillus crispatus, Limosilactobacillus portuensis
v0cfd	Siphoviridae,Bacillota,Streptococcus agalactiae
v0cfe	Unclassified,Bacteroidota,Prevotella amnii, Prevotella sp000479005, Prevotella sp000758925, Prevotella timonensis_A, Prevotella unknown
v0cff	Unclassified,Bacteroidota,Prevotella sp000479005, Prevotella unknown
v0d00	Unclassified,Bacteroidota,Prevotella amnii, Prevotella colorans, Prevotella sp000758925, Prevotella timonensis_A
v0d01	Unclassified,Bacteroidota,Prevotella sp000758925
v0d02	Unclassified,Bacteroidota,Prevotella timonensis_A, Prevotella unknown
v0d03	Unclassified,Actinomycetota,Bifidobacterium leopoldii, Bifidobacterium piotii, Bifidobacterium swidsinskii, Bifidobacterium vaginale, Bifidobacterium vaginale_A, Bifidobacterium vaginale_C, Bifidobacterium vaginale_D, Bifidobacterium vaginale_F, Bifidobacterium vaginale_H
v0d04	Siphoviridae,Actinomycetota,Berryella sp001552935, Berryella unknown, Fannyhessea vaginae
v0d05	Siphoviridae,Bacillota_A,Parvimonas sp001552895
v0d06	Unclassified,Bacteroidota,Prevotella amnii, Prevotella disiens, Prevotella timonensis_A, Prevotella unknown
v0d07	Siphoviridae,Bacillota,Lactobacillus crispatus, Lactobacillus iners, Lactobacillus jensenii
v0d08	Siphoviridae,Bacillota,Streptococcus anginosus_C, Streptococcus pyogenes
v0d09	Siphoviridae,Bacillota,Streptococcus anginosus, Streptococcus anginosus_C
v0d0a	Siphoviridae,Bacillota,Streptococcus anginosus, Streptococcus anginosus_C
v0d0b	Myoviridae,Bacillota_C,Dialister micraerophilus, Dialister sp001553355, Megasphaera hutchinsoni, Megasphaera lornae
v0d0c	Siphoviridae,Bacillota_C,Megasphaera lornae
v0d0d	Unclassified,Bacteroidota,Prevotella amnii, Prevotella melaninogenica, Prevotella timonensis_A, Prevotella unknown
v0d0e	Siphoviridae,Actinomycetota,Bifidobacterium leopoldii, Bifidobacterium piotii, Bifidobacterium swidsinskii, Bifidobacterium unknown, Bifidobacterium vaginale, Bifidobacterium vaginale_A, Bifidobacterium vaginale_C, Bifidobacterium vaginale_D, Bifidobacterium vaginale_F, Bifidobacterium vaginale_H
v0d0f	Myoviridae,Actinomycetota, Bacillota, Bacillota_A, Bacillota_C,Aerococcus christensenii, Dialister sp001553355, Lactobacillus iners, Mobiluncus curtisii, UBA629_sp005465875
v0d10	Myoviridae,Bacillota_A,Catonella unknown
v0d11	Siphoviridae,Bacillota_A,Peptostreptococcus anaerobius, Peptostreptococcus sp000758885
v0d12	Siphoviridae,Actinomycetota,Berryella sp001552935, Berryella unknown, Fannyhessea vaginae
v0d13	Siphoviridae,Actinomycetota, Bacillota, Bacillota_A, Bacillota_C,Bifidobacterium vaginale, Dialister sp001553355, Lactobacillus iners, Megasphaera hutchinsoni, Megasphaera lornae, Mobiluncus curtisii, Peptoniphilus_A lacrimalis, Peptoniphilus_A vaginalis, Streptococcus agalactiae, UBA629_sp005465875
v0d14	Unclassified,Actinomycetota, Bacteroidota,Bifidobacterium leopoldii, Bifidobacterium sp003585735, Bifidobacterium swidsinskii, Bifidobacterium unknown, Bifidobacterium vaginale, Bifidobacterium vaginale_A, Bifidobacterium vaginale_C, Bifidobacterium vaginale_D, Bifidobacterium vaginale_F, Bifidobacterium vaginale_H, Prevotella timonensis_A
v0d15	Siphoviridae,Actinomycetota,Berryella sp001552935, Berryella unknown, Fannyhessea vaginae
v0d16	Unclassified,Patescibacteria,Nanoperiomorbus sp004136275, Nanoperiomorbus unknown
v0d17	Unclassified,Actinomycetota, Bacteroidota,Bifidobacterium piotii, Bifidobacterium sp003585735, Bifidobacterium swidsinskii, Bifidobacterium unknown, Bifidobacterium vaginale, Bifidobacterium vaginale_A, Bifidobacterium vaginale_C, Bifidobacterium vaginale_D, Bifidobacterium vaginale_F, Bifidobacterium vaginale_H, Prevotella timonensis_A
v0d18	Siphoviridae,Bacillota_A,Parvimonas sp001552895
v0d19	Unclassified,-,-
v0d1a	Siphoviridae,Actinomycetota, Bacteroidota,Berryella sp001552935, Berryella unknown, Fannyhessea vaginae, Prevotella disiens
v0d1b	Unclassified,Bacteroidota,Prevotella amnii, Prevotella sp000758925, Prevotella timonensis_A
v0d1c	Siphoviridae,Actinomycetota, Bacillota_C,Bifidobacterium vaginale, Megasphaera hutchinsoni, Megasphaera lornae
v0d1d	Siphoviridae,Actinomycetota, Bacillota, Bacillota_A,Berryella sp001552935, Bifidobacterium piotii, Bifidobacterium swidsinskii, Bifidobacterium unknown, Bifidobacterium vaginale, Bifidobacterium vaginale_A, Bifidobacterium vaginale_C, Bifidobacterium vaginale_F, Bifidobacterium vaginale_H, Fannyhessea massiliensis, Fannyhessea vaginae, Lactobacillus iners, UBA629_sp005465875
v0d1e	Siphoviridae,Actinomycetota, Bacillota_C,Bifidobacterium vaginale, Megasphaera hutchinsoni, Megasphaera lornae
v0d1f	Siphoviridae,Actinomycetota,Fannyhessea massiliensis, Fannyhessea unknown
v0d20	Unclassified,Bacteroidota,Prevotella amnii, Prevotella bivia, Prevotella sp001553265, Prevotella timonensis_A
v0d21	Siphoviridae,Actinomycetota,Fannyhessea massiliensis
v0d22	Unclassified,Actinomycetota,Bifidobacterium swidsinskii, Bifidobacterium vaginale, Bifidobacterium vaginale_H
v0d23	Siphoviridae,Bacillota_A,UBA629_sp005465875
v0d24	Myoviridae,Bacillota,Lactobacillus crispatus, Lactobacillus mulieris
v0d25	Unclassified,Actinomycetota, Bacillota, Bacteroidota,Bifidobacterium piotii, Bifidobacterium sp003585735, Bifidobacterium swidsinskii, Bifidobacterium unknown, Bifidobacterium vaginale, Bifidobacterium vaginale_A, Bifidobacterium vaginale_C, Bifidobacterium vaginale_D, Bifidobacterium vaginale_H, Lactobacillus iners, Prevotella timonensis_A
v0d26	Unclassified,Bacillota, Bacteroidota,Prevotella amnii, Prevotella bivia, Streptococcus unknown
v0d27	Unclassified,Bacteroidota,Prevotella amnii, Prevotella bivia, Prevotella colorans, Prevotella sp000479005, Prevotella timonensis_A, Prevotella unknown
v0d28	Unclassified,Bacillota_A, Bacteroidota,Ezakiella coagulans, Prevotella amnii, Prevotella bivia, Prevotella unknown
v0d29	Siphoviridae,Actinomycetota, Bacteroidota,Bifidobacterium leopoldii, Bifidobacterium piotii, Bifidobacterium sp003585735, Bifidobacterium swidsinskii, Bifidobacterium unknown, Bifidobacterium vaginale, Bifidobacterium vaginale_A, Bifidobacterium vaginale_C, Bifidobacterium vaginale_D, Bifidobacterium vaginale_F, Bifidobacterium vaginale_H, Prevotella timonensis_A
v0d2a	Unclassified,Bacillota_C,Megasphaera lornae
v0d2b	Siphoviridae,Actinomycetota,Bifidobacterium leopoldii, Bifidobacterium piotii, Bifidobacterium sp003585735, Bifidobacterium swidsinskii, Bifidobacterium unknown, Bifidobacterium vaginale, Bifidobacterium vaginale_A, Bifidobacterium vaginale_B, Bifidobacterium vaginale_C, Bifidobacterium vaginale_D, Bifidobacterium vaginale_F, Bifidobacterium vaginale_H
v0d2c	Siphoviridae,Actinomycetota,Bifidobacterium vaginale
v0d2d	Unclassified,Bacteroidota,Prevotella amnii, Prevotella bivia, Prevotella disiens, Prevotella sp000479005, Prevotella sp001553265, Prevotella timonensis_A, Prevotella unknown
v0d2e	Siphoviridae,Bacillota,Gemella asaccharolytica
v0d2f	Unclassified,Bacteroidota,Prevotella timonensis_A, Prevotella unknown
v0d30	Siphoviridae,Bacillota, Bacillota_A,Gemella asaccharolytica, Parvimonas sp001552895
v0d31	Unclassified,Actinomycetota, Bacillota, Bacillota_A, Bacillota_C, Bacteroidota,Bifidobacterium piotii, Bifidobacterium swidsinskii, Bifidobacterium unknown, Bifidobacterium vaginale, Bifidobacterium vaginale_A, Bifidobacterium vaginale_B, Bifidobacterium vaginale_C, Bifidobacterium vaginale_D, Bifidobacterium vaginale_F, Bifidobacterium vaginale_H, Dialister sp001553355, Lactobacillus iners, Mobiluncus curtisii, Prevotella timonensis_A, UBA629_sp005465875
v0d32	Unclassified,Actinomycetota,Bifidobacterium piotii, Bifidobacterium swidsinskii, Bifidobacterium vaginale, Bifidobacterium vaginale_A
v0d33	Siphoviridae,Bacillota, Bacillota_A,Streptococcus anginosus, UBA629_sp005465875
v0d34	Siphoviridae,Actinomycetota,Berryella sp001552935, Berryella unknown
v0d35	Unclassified,Bacteroidota,Prevotella sp000758925, Prevotella unknown
v0d36	Unclassified,Bacteroidota,Prevotella amnii, Prevotella sp000479005, Prevotella sp000758925, Prevotella timonensis_A, Prevotella unknown
v0d37	Myoviridae,Fusobacteriota,Sneathia sanguinegens, Sneathia unknown, Sneathia vaginalis
v0d38	Unclassified,Actinomycetota, Bacteroidota,Berryella sp001552935, Fannyhessea massiliensis, Fannyhessea unknown, Fannyhessea vaginae, Prevotella timonensis_A
v0d39	Unclassified,Actinomycetota, Bacteroidota,Bifidobacterium leopoldii, Bifidobacterium piotii, Bifidobacterium sp003585735, Bifidobacterium swidsinskii, Bifidobacterium unknown, Bifidobacterium vaginale, Bifidobacterium vaginale_A, Bifidobacterium vaginale_B, Bifidobacterium vaginale_C, Bifidobacterium vaginale_D, Bifidobacterium vaginale_F, Bifidobacterium vaginale_H, Prevotella timonensis_A
v0d3a	Siphoviridae,Bacillota,Lactobacillus gasseri, Lactobacillus paragasseri
v0d3b	Unclassified,Patescibacteria,Nanoperiomorbus sp004136275, Nanoperiomorbus unknown
v0d3c	Siphoviridae,Bacillota, Bacillota_A,Anaerococcus vaginalis_B, Anaerococcus vaginimassiliensis, Finegoldia magna_F, Gemella asaccharolytica, Lactobacillus iners, Parvimonas sp001552895, Peptoniphilus_A harei_A, Peptoniphilus_A lacrimalis, Peptoniphilus_A vaginalis, Peptoniphilus_B duerdenii, Peptoniphilus_C coxii, UBA629_sp005465875
v0d3d	Myoviridae,Bacillota_A,Peptoniphilus_A harei_A, Peptoniphilus_A lacrimalis, Peptoniphilus_A vaginalis
v0d3e	Unclassified,Bacteroidota,Prevotella amnii, Prevotella bivia, Prevotella colorans, Prevotella sp000479005, Prevotella sp000758925, Prevotella timonensis_A, Prevotella unknown
v0d3f	Unclassified,Patescibacteria,Nanoperiomorbus sp004136275, Nanoperiomorbus unknown
v0d40	Siphoviridae,Actinomycetota, Bacteroidota,Berryella sp001552935, Fannyhessea massiliensis, Fannyhessea unknown, Fannyhessea vaginae, Prevotella timonensis_A
v0d41	Siphoviridae,Bacillota,Lactobacillus iners, Lactobacillus jensenii, Lactobacillus mulieris
v0d42	Siphoviridae,Actinomycetota, Bacillota, Bacillota_A, Bacillota_C,Berryella sp001552935, Bifidobacterium leopoldii, Bifidobacterium piotii, Bifidobacterium swidsinskii, Bifidobacterium unknown, Bifidobacterium vaginale, Bifidobacterium vaginale_A, Bifidobacterium vaginale_C, Bifidobacterium vaginale_F, Bifidobacterium vaginale_H, Fannyhessea massiliensis, Fannyhessea vaginae, Lactobacillus iners, Megasphaera lornae, UBA629_sp005465875
v0d43	Unclassified,Bacillota_A,Mageeibacillus indolicus
v0d44	Siphoviridae,Bacillota,Lactiplantibacillus plantarum, Lactobacillus gasseri, Lactobacillus paragasseri, Limosilactobacillus coleohominis_A, Limosilactobacillus oris, Limosilactobacillus portuensis, Limosilactobacillus vaginalis
v0d45	Siphoviridae,Actinomycetota,Fannyhessea massiliensis, Fannyhessea unknown, Fannyhessea vaginae
v0d46	Unclassified,Bacteroidota,Prevotella sp000479005, Prevotella timonensis_A, Prevotella unknown
v0d47	Unclassified,Actinomycetota,Bifidobacterium piotii, Bifidobacterium swidsinskii, Bifidobacterium vaginale, Bifidobacterium vaginale_C, Bifidobacterium vaginale_D, Bifidobacterium vaginale_F, Bifidobacterium vaginale_H
v0d48	Unclassified,Actinomycetota,Berryella sp001552935, Berryella unknown, Fannyhessea vaginae
v0d49	Siphoviridae,Bacillota_A, Bacillota_C,Dialister sp001553355, Megasphaera lornae, UBA629_sp005465875
v0d4a	Myoviridae,Bacillota_A,Peptoniphilus_A grossensis, Peptoniphilus_A harei_A, Peptoniphilus_A lacrimalis, Peptoniphilus_A unknown, Peptoniphilus_A vaginalis
v0d4b	Siphoviridae,Bacillota,Lactobacillus crispatus, Lactobacillus iners, Lactobacillus jensenii, Lactobacillus mulieris
v0d4c	Siphoviridae,Bacillota,Enterococcus faecalis
v0d4d	Siphoviridae,Bacillota,Enterococcus faecalis
v0d4e	Siphoviridae,Bacillota_A, Fusobacteriota,Parvimonas sp001552895, Sneathia sanguinegens, Sneathia unknown, Sneathia vaginalis
v0d4f	Unclassified,Patescibacteria,Nanoperiomorbus sp004136275, Nanoperiomorbus unknown
v0d50	Siphoviridae,Bacillota,Lactobacillus crispatus
v0d51	Myoviridae,Bacillota,Lactobacillus crispatus
v0d52	Siphoviridae,Actinomycetota,Berryella sp001552935, Fannyhessea massiliensis, Fannyhessea unknown, Fannyhessea vaginae
v0d53	Siphoviridae,Actinomycetota, Bacillota_C,Bifidobacterium vaginale, Megasphaera hutchinsoni, Megasphaera lornae
v0d54	Unclassified,Actinomycetota, Bacteroidota,Berryella sp001552935, Berryella unknown, Fannyhessea massiliensis, Fannyhessea vaginae, Prevotella disiens
v0d55	Siphoviridae,Actinomycetota,Fannyhessea massiliensis, Fannyhessea unknown, Fannyhessea vaginae
v0d56	Unclassified,Actinomycetota,Bifidobacterium leopoldii, Bifidobacterium swidsinskii, Bifidobacterium vaginale, Bifidobacterium vaginale_A, Bifidobacterium vaginale_C, Bifidobacterium vaginale_D, Bifidobacterium vaginale_H
v0d57	Siphoviridae,Actinomycetota, Bacillota, Bacteroidota,Bifidobacterium piotii, Bifidobacterium swidsinskii, Bifidobacterium unknown, Bifidobacterium vaginale, Bifidobacterium vaginale_A, Bifidobacterium vaginale_B, Bifidobacterium vaginale_C, Bifidobacterium vaginale_D, Bifidobacterium vaginale_F, Bifidobacterium vaginale_H, Lactobacillus iners, Prevotella timonensis_A
v0d58	Unclassified,Patescibacteria,Nanoperiomorbus sp004136275, Nanoperiomorbus unknown
v0d59	Myoviridae,Bacillota_A,Peptoniphilus_A harei_A, Peptoniphilus_A lacrimalis, Peptoniphilus_A vaginalis, Peptoniphilus_B duerdenii, Peptoniphilus_B unknown
v0d5a	Siphoviridae,Bacillota,Streptococcus mitis_Q, Streptococcus oralis_BA, Streptococcus oralis_S, Streptococcus sp019448285, Streptococcus sp020089495, Streptococcus unknown
v0d5b	Unclassified,Bacteroidota,Prevotella colorans, Prevotella sp000479005, Prevotella sp000758925, Prevotella timonensis_A, Prevotella unknown
v0d5c	Myoviridae,Bacillota,Lactobacillus crispatus, Lactobacillus mulieris
v0d5d	Unclassified,Bacteroidota,Prevotella disiens, Prevotella sp001553265, Prevotella sp900548585
v0d5e	Siphoviridae,Bacillota,Streptococcus anginosus_C, Streptococcus unknown
v0d5f	Unclassified,Bacteroidota,Sodaliphilus unknown
v0d60	Myoviridae,Bacillota_A,Peptostreptococcus anaerobius
v0d61	Siphoviridae,Bacillota,Streptococcus unknown
v0d62	Unclassified,Bacteroidota,Sodaliphilus unknown
v0d63	Unclassified,Bacteroidota,Prevotella colorans, Prevotella sp000479005, Prevotella sp000758925, Prevotella timonensis_A, Prevotella unknown
v0d64	Myoviridae,Bacillota_A,Peptoniphilus_A grossensis, Peptoniphilus_A harei_A, Peptoniphilus_A lacrimalis, Peptoniphilus_A vaginalis, Peptoniphilus_B duerdenii
v0d65	Unclassified,Bacteroidota,Porphyromonas asaccharolytica, Porphyromonas uenonis, Porphyromonas uenonis_A, Porphyromonas unknown
v0d66	Siphoviridae,Bacillota_B,Peptococcus niger
v0d67	Siphoviridae,Actinomycetota,Fannyhessea massiliensis, Fannyhessea unknown, Fannyhessea vaginae
v0d68	Unclassified,Bacillota_A, Bacteroidota,Ezakiella coagulans, Prevotella amnii, Prevotella bivia
v0d69	Siphoviridae,Actinomycetota,Bifidobacterium vaginale
v0d6a	Siphoviridae,Bacillota,Lactobacillus jensenii, Lactobacillus mulieris
v0d6b	Siphoviridae,Bacillota, Bacillota_A,Anaerococcus tetradius, Catonella unknown, Gemella asaccharolytica, Peptoniphilus_A lacrimalis, Peptoniphilus_A vaginalis, Streptococcus agalactiae, UBA629_sp005465875
v0d6c	Siphoviridae,Bacillota_A, Bacillota_C,Amygdalobacter indicium, Dialister micraerophilus, Dialister sp001553355, KA00274_sp902373515, Megasphaera hutchinsoni
v0d6d	Siphoviridae,Bacillota_A,Peptoniphilus_A harei_A, Peptoniphilus_A lacrimalis
v0d6e	Siphoviridae,Bacillota_A,Parvimonas sp001552895
v0d6f	Unclassified,Patescibacteria,Nanoperiomorbus sp004136275, Nanoperiomorbus unknown
v0d70	Myoviridae,Bacillota_A,KA00134_sp001574395, Peptoniphilus_A grossensis, Peptoniphilus_A harei_A, Peptoniphilus_A lacrimalis, Peptoniphilus_A vaginalis, Peptoniphilus_B duerdenii
v0d71	Myoviridae,Bacillota_A,Peptoniphilus_A harei_A, Peptoniphilus_A lacrimalis, Peptoniphilus_A unknown, Peptoniphilus_A vaginalis, Peptoniphilus_B duerdenii
v0d72	Siphoviridae,Actinomycetota, Bacillota_C,Bifidobacterium vaginale, Megasphaera hutchinsoni, Megasphaera lornae
v0d73	Unclassified,Bacteroidota,Prevotella timonensis_A
v0d74	Siphoviridae,Bacillota_A,Amygdalobacter indicium, KA00274_sp902373515
v0d75	Unclassified,Bacteroidota,Prevotella sp000479005, Prevotella timonensis_A, Prevotella unknown
v0d76	Siphoviridae,Actinomycetota, Bacillota_C,Bifidobacterium vaginale, Megasphaera lornae
v0d77	Unclassified,Bacteroidota,Prevotella timonensis_A, Prevotella unknown
v0d78	Unclassified,-,-
v0d79	Siphoviridae,Bacillota,Enterococcus faecalis
v0d7a	Siphoviridae,Bacillota,Enterococcus faecalis
v0d7b	Unclassified,Bacillota_A, Bacteroidota,Ezakiella coagulans, Prevotella amnii, Prevotella bivia, Prevotella disiens, Prevotella unknown
v0d7c	Totiviridae,Eukaryote,Eukaryote
v0d7d	Siphoviridae,Actinomycetota, Bacillota, Bacillota_A, Bacillota_C,Aerococcus christensenii, Dialister sp001553355, Lactobacillus crispatus, Lactobacillus iners, Lactobacillus jensenii, Lactobacillus mulieris, Mobiluncus curtisii, Streptococcus agalactiae, UBA629_sp005465875
v0d7e	Unclassified,Actinomycetota, Bacillota_A, Bacillota_C,Amygdalobacter indicium, Corynebacterium sp001815985, Dialister micraerophilus, Dialister sp001553355, KA00274_sp902373515, Megasphaera hutchinsoni
v0d7f	Unclassified,-,-
v0d80	Siphoviridae,Actinomycetota, Bacteroidota,Fannyhessea massiliensis, Fannyhessea unknown, Fannyhessea vaginae, Prevotella timonensis_A
v0d81	Siphoviridae,Actinomycetota,Bifidobacterium vaginale_C
v0d82	Siphoviridae,Actinomycetota, Bacteroidota,Berryella sp001552935, Fannyhessea massiliensis, Fannyhessea unknown, Fannyhessea vaginae, Prevotella amnii, Prevotella timonensis_A
v0d83	Metaviridae,Eukaryote,Eukaryote
v0d84	Siphoviridae,Bacillota_C,Dialister sp001553355
v0d85	Unclassified,Bacteroidota,Prevotella amnii, Prevotella sp000479005, Prevotella timonensis_A, Prevotella unknown
v0d86	Siphoviridae,Actinomycetota,Actinobaculum massiliense, Corynebacterium jeikeium, Corynebacterium sp001815985, Corynebacterium striatum, Winkia neuii
v0d87	Siphoviridae,Actinomycetota,Actinobaculum massiliense
v0d88	Siphoviridae,Actinomycetota,Actinobaculum massiliense, Arcanobacterium_A sp000758825, Corynebacterium phoceense, Mobiluncus curtisii, Mobiluncus mulieris, Varibaculum massiliense, Winkia neuii
v0d89	Siphoviridae,Bacillota,Lacticaseibacillus paracasei
v0d8a	Siphoviridae,Actinomycetota, Bacillota, Bacillota_A,Bifidobacterium leopoldii, Bifidobacterium swidsinskii, Bifidobacterium unknown, Bifidobacterium vaginale, Bifidobacterium vaginale_A, Bifidobacterium vaginale_C, Bifidobacterium vaginale_F, Bifidobacterium vaginale_H, Fannyhessea massiliensis, Fannyhessea vaginae, Gemella asaccharolytica, Lactobacillus iners, UBA629_sp005465875
v0d8b	Siphoviridae,Bacillota,Lactobacillus gasseri, Lactobacillus paragasseri
v0d8c	Siphoviridae,Actinomycetota, Bacillota, Bacillota_A,Berryella sp001552935, Bifidobacterium leopoldii, Bifidobacterium piotii, Bifidobacterium swidsinskii, Bifidobacterium unknown, Bifidobacterium vaginale, Bifidobacterium vaginale_A, Bifidobacterium vaginale_C, Bifidobacterium vaginale_H, Fannyhessea massiliensis, Fannyhessea vaginae, Lactobacillus iners, UBA629_sp005465875
v0d8d	Unclassified,Bacteroidota,Prevotella disiens, Sodaliphilus unknown
v0d8e	Siphoviridae,Bacillota,Lactobacillus crispatus
v0d8f	Siphoviridae,Actinomycetota, Bacillota, Bacillota_A, Bacillota_C,Aerococcus christensenii, Bifidobacterium piotii, Bifidobacterium sp003585735, Bifidobacterium swidsinskii, Bifidobacterium unknown, Bifidobacterium vaginale, Bifidobacterium vaginale_A, Bifidobacterium vaginale_F, Bifidobacterium vaginale_H, Dialister sp001553355, Lactobacillus iners, Mobiluncus curtisii, Streptococcus agalactiae, UBA629_sp005465875
v0d90	Unclassified,Bacteroidota,Prevotella sp000479005, Prevotella timonensis_A, Prevotella unknown
v0d91	Myoviridae,Bacillota,Lactobacillus crispatus, Lactobacillus gasseri, Lactobacillus paragasseri
v0d92	Siphoviridae,Actinomycetota, Bacteroidota,Bifidobacterium piotii, Bifidobacterium swidsinskii, Bifidobacterium unknown, Bifidobacterium vaginale, Bifidobacterium vaginale_A, Bifidobacterium vaginale_D, Bifidobacterium vaginale_F, Bifidobacterium vaginale_H, Prevotella timonensis_A
v0d93	Myoviridae,Bacillota,Lactobacillus crispatus, Lactobacillus mulieris
v0d94	Papillomaviridae,Eukaryote,Eukaryote
v0d95	Inoviridae,-,-
v0d96	Unclassified,Pseudomonadota,Escherichia coli
v0d97	Myoviridae,Pseudomonadota,Escherichia coli
v0d98	Siphoviridae,-,-
v0d99	Papillomaviridae,Eukaryote,Eukaryote
v0d9a	Siphoviridae,Actinomycetota,Fannyhessea massiliensis, Fannyhessea unknown, Fannyhessea vaginae
v0d9b	Siphoviridae,Pseudomonadota,Escherichia coli
v0d9c	Siphoviridae,Bacillota,Lactobacillus crispatus, Lactobacillus iners, Lactobacillus jensenii, Lactobacillus mulieris
v0d9d	Siphoviridae,Bacillota,Lactobacillus crispatus, Lactobacillus jensenii, Lactobacillus mulieris
v0d9e	Siphoviridae,Actinomycetota, Bacteroidota,Bifidobacterium leopoldii, Bifidobacterium piotii, Bifidobacterium sp003585735, Bifidobacterium swidsinskii, Bifidobacterium unknown, Bifidobacterium vaginale, Bifidobacterium vaginale_A, Bifidobacterium vaginale_C, Bifidobacterium vaginale_D, Bifidobacterium vaginale_F, Bifidobacterium vaginale_H, Prevotella timonensis_A
v0d9f	Siphoviridae,Actinomycetota,Bifidobacterium swidsinskii, Bifidobacterium vaginale, Bifidobacterium vaginale_A, Bifidobacterium vaginale_C, Bifidobacterium vaginale_H
v0da0	Unclassified,Bacteroidota,Prevotella disiens, Prevotella sp000479005, Prevotella sp000758925, Prevotella timonensis_A, Prevotella unknown
v0da1	Unclassified,Actinomycetota,Bifidobacterium leopoldii, Bifidobacterium piotii, Bifidobacterium swidsinskii, Bifidobacterium unknown, Bifidobacterium vaginale, Bifidobacterium vaginale_A, Bifidobacterium vaginale_C, Bifidobacterium vaginale_F
v0da2	Siphoviridae,Bacillota,Lactobacillus crispatus, Lactobacillus iners, Lactobacillus jensenii, Lactobacillus mulieris
v0da3	Siphoviridae,Actinomycetota, Bacillota, Bacillota_A,Bifidobacterium leopoldii, Bifidobacterium piotii, Bifidobacterium swidsinskii, Bifidobacterium unknown, Bifidobacterium vaginale, Bifidobacterium vaginale_A, Bifidobacterium vaginale_C, Bifidobacterium vaginale_F, Bifidobacterium vaginale_H, Fannyhessea massiliensis, Fannyhessea vaginae, Lactobacillus iners, UBA629_sp005465875
v0da4	Siphoviridae,Bacillota,Lactobacillus crispatus, Lactobacillus iners, Lactobacillus jensenii, Lactobacillus mulieris
v0da5	Unclassified,-,-
v0da6	Unclassified,-,-
v0da7	Unclassified,-,-
v0da8	Rountreeviridae,Bacillota,Lactobacillus crispatus, Lactobacillus mulieris
v0da9	Siphoviridae,Bacillota,Lactobacillus gasseri, Lactobacillus johnsonii, Lactobacillus paragasseri
v0daa	Siphoviridae,-,-
v0dab	Myoviridae,Bacillota,Lactobacillus gasseri, Lactobacillus iners, Lactobacillus paragasseri
v0dac	Siphoviridae,Actinomycetota, Bacteroidota,Bifidobacterium leopoldii, Bifidobacterium piotii, Bifidobacterium swidsinskii, Bifidobacterium unknown, Bifidobacterium vaginale, Bifidobacterium vaginale_A, Bifidobacterium vaginale_C, Bifidobacterium vaginale_D, Bifidobacterium vaginale_F, Bifidobacterium vaginale_H, Prevotella timonensis_A
v0dad	Siphoviridae,Actinomycetota, Bacteroidota,Berryella sp001552935, Fannyhessea massiliensis, Fannyhessea unknown, Fannyhessea vaginae, Prevotella timonensis_A
v0dae	Siphoviridae,Actinomycetota,Bifidobacterium vaginale
v0daf	Siphoviridae,Bacillota,Lactobacillus crispatus
v0db0	Unclassified,Actinomycetota, Bacillota_C,Bifidobacterium vaginale, Megasphaera lornae
v0db1	Siphoviridae,Actinomycetota, Bacteroidota,Berryella sp001552935, Fannyhessea massiliensis, Fannyhessea unknown, Fannyhessea vaginae, Prevotella timonensis_A
v0db2	Myoviridae,Bacillota,Lactobacillus crispatus, Lactobacillus mulieris
v0db3	Siphoviridae,Pseudomonadota,Escherichia coli
v0db4	Siphoviridae,Bacillota,Enterococcus faecalis
v0db5	Rountreeviridae,Bacillota,Lactobacillus gasseri, Lactobacillus paragasseri
v0db6	Unclassified,-,-
v0db7	Unclassified,-,-
v0db8	Unclassified,Bacillota,Aerococcus christensenii
v0db9	Myoviridae,Bacillota,Lactobacillus gasseri, Lactobacillus paragasseri
v0dba	Myoviridae,Bacillota,Lactobacillus gasseri, Lactobacillus paragasseri
v0dbb	Unclassified,Actinomycetota, Bacteroidota,Bifidobacterium piotii, Bifidobacterium swidsinskii, Bifidobacterium unknown, Bifidobacterium vaginale, Bifidobacterium vaginale_A, Bifidobacterium vaginale_B, Bifidobacterium vaginale_C, Bifidobacterium vaginale_D, Bifidobacterium vaginale_F, Bifidobacterium vaginale_H, Prevotella timonensis_A
v0dbc	Rountreeviridae,Bacillota,Lactobacillus iners
v0dbd	Unclassified,Actinomycetota, Bacteroidota,Berryella sp001552935, Berryella unknown, Prevotella disiens
v0dbe	Myoviridae,Bacillota,Lactobacillus crispatus
v0dbf	Siphoviridae,Bacillota,Lactobacillus gasseri, Lactobacillus paragasseri
v0dc0	Siphoviridae,-,-
v0dc1	Rountreeviridae,Bacillota,Staphylococcus epidermidis
v0dc2	Siphoviridae,Bacillota,Staphylococcus haemolyticus
v0dc3	Rountreeviridae,Bacillota,Lactobacillus crispatus, Lactobacillus jensenii, Lactobacillus mulieris
v0dc4	Siphoviridae,Bacillota,Enterococcus faecalis
v0dc5	Siphoviridae,Bacillota,Lactobacillus crispatus, Lactobacillus iners, Lactobacillus jensenii, Lactobacillus mulieris
v0dc6	Siphoviridae,Bacillota,Enterococcus faecalis
v0dc7	Polyomaviridae,Eukaryote,Eukaryote
v0dc8	Papillomaviridae,Eukaryote,Eukaryote
v0dc9	Rountreeviridae,-,-
v0dca	Unclassified,Bacillota_C,Veillonella parvula_A
v0dcb	Unclassified,Bacillota_C,Veillonella parvula_A
v0dcc	Unclassified,Bacillota, Bacteroidota,Lactobacillus jensenii, Prevotella amnii, Prevotella bivia, Prevotella denticola, Prevotella sp000758925, Prevotella timonensis_A, Prevotella unknown
v0dcd	Podoviridae,Pseudomonadota,Escherichia coli
v0dce	Unclassified,Pseudomonadota,Escherichia coli
v0dcf	Siphoviridae,Bacillota,Enterococcus faecalis
v0dd0	Siphoviridae,Pseudomonadota,Escherichia coli
v0dd1	Siphoviridae,Bacillota_A,Anaerococcus tetradius
v0dd2	Siphoviridae,Bacillota,Streptococcus agalactiae
v0dd3	Myoviridae,-,-
v0dd4	Siphoviridae,Bacteroidota,Porphyromonas_A sp001808555, Porphyromonas_A sp900541275
v0dd5	Unclassified,Actinomycetota,Bifidobacterium dentium
v0dd6	Siphoviridae,Actinomycetota,Actinobaculum massiliense, Mobiluncus curtisii, Mobiluncus mulieris
v0dd7	Siphoviridae,Bacillota_C,Dialister invisus, Dialister sp001553355, Dialister sp900541485
v0dd8	Siphoviridae,Bacillota,Lactobacillus gasseri, Lactobacillus paragasseri
v0dd9	Myoviridae,Bacillota_A,Peptoniphilus_A harei_A, Peptoniphilus_A lacrimalis, Peptoniphilus_A unknown, Peptoniphilus_A vaginalis
v0dda	Unclassified,Bacteroidota,Porphyromonas asaccharolytica, Porphyromonas uenonis_A, Porphyromonas unknown
v0ddb	Siphoviridae,Bacillota, Bacillota_A,Anaerococcus lactolyticus, Anaerococcus tetradius, Anaerococcus vaginimassiliensis, Finegoldia magna_F, Gemella asaccharolytica, Lactobacillus iners, Parvimonas sp001552895, Peptoniphilus_A lacrimalis, Peptoniphilus_A vaginalis, Peptoniphilus_B duerdenii, Peptoniphilus_C coxii, UBA629_sp005465875
v0ddc	Unclassified,Bacteroidota,Prevotella colorans, Prevotella melaninogenica, Prevotella sp000479005, Prevotella timonensis_A, Prevotella unknown
v0ddd	Myoviridae,Bacillota_A,Peptoniphilus_B duerdenii, Peptoniphilus_B unknown
v0dde	Siphoviridae,Bacillota,Lactobacillus crispatus, Lactobacillus gasseri, Lactobacillus jensenii
v0ddf	Siphoviridae,Actinomycetota,Bifidobacterium vaginale
v0de0	Siphoviridae,Pseudomonadota,Klebsiella michiganensis, Klebsiella pneumoniae
v0de1	Myoviridae,Bacillota,Lactobacillus crispatus, Lactobacillus jensenii, Lactobacillus ultunensis
v0de2	Unclassified,Bacteroidota,Prevotella sp001553265
v0de3	Myoviridae,Pseudomonadota,Escherichia coli
v0de4	Siphoviridae,Bacillota,Lactobacillus crispatus
v0de5	Siphoviridae,Actinomycetota,Bifidobacterium leopoldii, Bifidobacterium swidsinskii, Bifidobacterium unknown, Bifidobacterium vaginale_C
v0de6	Siphoviridae,Bacillota,Lactobacillus crispatus
v0de7	Myoviridae,Bacillota,Lactobacillus crispatus, Lactobacillus iners, Lactobacillus mulieris
v0de8	Siphoviridae,Pseudomonadota,Escherichia coli
v0de9	Siphoviridae,Bacillota,Enterococcus faecalis
v0dea	Siphoviridae,Bacillota,Lactobacillus crispatus
v0deb	Siphoviridae,Bacillota,Lactobacillus crispatus, Lactobacillus gasseri
v0dec	Siphoviridae,Actinomycetota,Bifidobacterium longum, Bifidobacterium scardovii
v0ded	Siphoviridae,Actinomycetota,Mobiluncus mulieris, Mobiluncus unknown
v0dee	Unclassified,Actinomycetota, Bacteroidota,Bifidobacterium piotii, Bifidobacterium swidsinskii, Bifidobacterium unknown, Bifidobacterium vaginale, Bifidobacterium vaginale_A, Bifidobacterium vaginale_C, Bifidobacterium vaginale_F, Bifidobacterium vaginale_H, Prevotella timonensis_A
v0def	Myoviridae,Bacillota,Lactobacillus crispatus, Lactobacillus mulieris
v0df0	Unclassified,Actinomycetota, Bacteroidota,Bifidobacterium leopoldii, Bifidobacterium piotii, Bifidobacterium sp003585735, Bifidobacterium swidsinskii, Bifidobacterium unknown, Bifidobacterium vaginale, Bifidobacterium vaginale_A, Bifidobacterium vaginale_C, Bifidobacterium vaginale_D, Bifidobacterium vaginale_F, Bifidobacterium vaginale_H, Prevotella timonensis_A
v0df1	Unclassified,Pseudomonadota,Escherichia coli
v0df2	Siphoviridae,Bacillota,Enterococcus faecalis
v0df3	Siphoviridae,Bacillota,Lactobacillus gasseri, Lactobacillus iners, Lactobacillus jensenii
v0df4	Siphoviridae,Bacillota,Streptococcus agalactiae
v0df5	Siphoviridae,Bacillota,Lactobacillus johnsonii, Lactobacillus paragasseri
v0df6	Siphoviridae,Actinomycetota,Bifidobacterium longum
v0df7	Siphoviridae,Bacillota_A,Anaerococcus sp943912825, Anaerococcus vaginalis_B
v0df8	Unclassified,-,-
v0df9	Siphoviridae,Bacillota,Lactobacillus crispatus
v0dfa	Siphoviridae,-,-
v0dfb	Siphoviridae,Bacillota,Enterococcus faecalis
v0dfc	Rountreeviridae,Bacillota,Lactobacillus crispatus, Lactobacillus mulieris
v0dfd	Siphoviridae,Pseudomonadota,Proteus mirabilis
v0dfe	Siphoviridae,Bacillota,Staphylococcus haemolyticus
v0dff	Unclassified,-,-
v0e00	Siphoviridae,Pseudomonadota,Proteus mirabilis
v0e01	Siphoviridae,Pseudomonadota,Klebsiella pneumoniae
v0e02	Podoviridae,Pseudomonadota,Escherichia coli
v0e03	Siphoviridae,Pseudomonadota,Klebsiella pneumoniae
v0e04	Myoviridae,Pseudomonadota,Klebsiella pneumoniae
v0e05	Podoviridae,Pseudomonadota,Klebsiella aerogenes
v0e06	Siphoviridae,Pseudomonadota,Klebsiella pneumoniae
v0e07	Myoviridae,Pseudomonadota,Escherichia coli
v0e08	Siphoviridae,Bacillota,Lactobacillus gasseri, Lactobacillus paragasseri
v0e09	Siphoviridae,Pseudomonadota,Escherichia coli
v0e0a	Myoviridae,-,-
v0e0b	Siphoviridae,Pseudomonadota,Klebsiella michiganensis, Klebsiella pneumoniae, Klebsiella quasipneumoniae
v0e0c	Myoviridae,Pseudomonadota,Klebsiella pneumoniae
v0e0d	Myoviridae,-,-
v0e0e	Siphoviridae,Pseudomonadota,Klebsiella pneumoniae
v0e0f	Siphoviridae,-,-
v0e10	Unclassified,-,-
v0e11	Siphoviridae,Bacillota,Lactobacillus crispatus, Lactobacillus iners, Lactobacillus jensenii, Lactobacillus mulieris
v0e12	Siphoviridae,Bacillota,Lactobacillus crispatus, Lactobacillus jensenii, Lactobacillus mulieris
v0e13	Siphoviridae,Bacillota,Lactobacillus crispatus
v0e14	Siphoviridae,Bacillota,Streptococcus agalactiae, Streptococcus anginosus_C
v0e15	Siphoviridae,Bacillota,Staphylococcus aureus
v0e16	Siphoviridae,Actinomycetota, Bacillota, Bacillota_A, Bacillota_C,Bifidobacterium leopoldii, Bifidobacterium piotii, Bifidobacterium swidsinskii, Bifidobacterium unknown, Bifidobacterium vaginale, Bifidobacterium vaginale_A, Bifidobacterium vaginale_C, Bifidobacterium vaginale_F, Bifidobacterium vaginale_H, Bulleidia unknown, Fannyhessea massiliensis, Fannyhessea vaginae, Lactobacillus iners, Megasphaera lornae, UBA629_sp005465875
v0e17	Myoviridae,Bacillota,Lactobacillus gasseri, Lactobacillus johnsonii
v0e18	Siphoviridae,Bacillota,Lactobacillus gasseri, Lactobacillus paragasseri
v0e19	Siphoviridae,Actinomycetota,Pauljensenia turicensis
v0e1a	Siphoviridae,Bacillota,Streptococcus oralis_S, Streptococcus unknown
v0e1b	Siphoviridae,Pseudomonadota,Proteus mirabilis
v0e1c	Myoviridae,Pseudomonadota,Proteus mirabilis
v0e1d	Myoviridae,Pseudomonadota,Proteus mirabilis
v0e1e	Myoviridae,Pseudomonadota,Proteus mirabilis
v0e1f	Siphoviridae,Actinomycetota, Bacillota, Bacillota_A,Bifidobacterium leopoldii, Bifidobacterium piotii, Bifidobacterium swidsinskii, Bifidobacterium unknown, Bifidobacterium vaginale, Bifidobacterium vaginale_A, Bifidobacterium vaginale_C, Bifidobacterium vaginale_F, Bifidobacterium vaginale_H, Fannyhessea massiliensis, Fannyhessea vaginae, Lactobacillus iners, UBA629_sp005465875
v0e20	Siphoviridae,Actinomycetota,Bifidobacterium piotii, Bifidobacterium swidsinskii, Bifidobacterium unknown, Bifidobacterium vaginale, Bifidobacterium vaginale_A, Bifidobacterium vaginale_D, Bifidobacterium vaginale_F, Bifidobacterium vaginale_H
v0e21	Myoviridae,Bacillota,Lactobacillus crispatus
v0e22	Myoviridae,Pseudomonadota,Klebsiella quasipneumoniae
v0e23	Unclassified,Pseudomonadota,Klebsiella pneumoniae, Klebsiella quasipneumoniae
v0e24	Podoviridae,Pseudomonadota,Klebsiella quasipneumoniae
v0e25	Podoviridae,Pseudomonadota,Klebsiella ornithinolytica, Klebsiella pneumoniae
v0e26	Myoviridae,-,-
v0e27	Myoviridae,-,-
v0e28	Unclassified,-,-
v0e29	Siphoviridae,Bacillota,Lactobacillus crispatus, Lactobacillus gasseri
v0e2a	Siphoviridae,Bacillota,Enterococcus faecalis
v0e2b	Siphoviridae,-,-
v0e2c	Siphoviridae,Bacillota,Staphylococcus haemolyticus
v0e2d	Siphoviridae,Bacillota,Staphylococcus haemolyticus
v0e2e	Siphoviridae,Bacillota,Lactobacillus crispatus
v0e2f	Myoviridae,Bacillota,Lactobacillus gasseri, Lactobacillus paragasseri
v0e30	Siphoviridae,Actinomycetota, Bacillota, Bacillota_A,Bifidobacterium leopoldii, Bifidobacterium piotii, Bifidobacterium swidsinskii, Bifidobacterium unknown, Bifidobacterium vaginale, Bifidobacterium vaginale_A, Bifidobacterium vaginale_C, Bifidobacterium vaginale_F, Bifidobacterium vaginale_H, Bulleidia unknown, Fannyhessea massiliensis, Fannyhessea vaginae, Lactobacillus iners, UBA629_sp005465875
v0e31	Siphoviridae,Bacillota,Lactobacillus crispatus, Lactobacillus gasseri, Lactobacillus jensenii
v0e32	Podoviridae,Bacillota,Enterococcus faecalis
v0e33	Siphoviridae,Actinomycetota, Bacteroidota,Bifidobacterium leopoldii, Bifidobacterium piotii, Bifidobacterium sp003585735, Bifidobacterium swidsinskii, Bifidobacterium unknown, Bifidobacterium vaginale, Bifidobacterium vaginale_A, Bifidobacterium vaginale_D, Bifidobacterium vaginale_H, Prevotella timonensis_A
v0e34	Siphoviridae,Actinomycetota,Bifidobacterium piotii, Bifidobacterium swidsinskii, Bifidobacterium vaginale, Bifidobacterium vaginale_A, Bifidobacterium vaginale_D, Bifidobacterium vaginale_H
v0e35	Myoviridae,-,-
v0e36	Siphoviridae,Pseudomonadota,Enterobacter cloacae
v0e37	Myoviridae,-,-
v0e38	Myoviridae,Pseudomonadota,Escherichia coli
v0e39	Siphoviridae,-,-
v0e3a	Myoviridae,-,-
v0e3b	Myoviridae,-,-
v0e3c	Myoviridae,-,-
v0e3d	Siphoviridae,Bacillota,Lactobacillus iners, Lactobacillus jensenii, Lactobacillus mulieris
v0e3e	Siphoviridae,-,-
v0e3f	Siphoviridae,-,-
v0e40	Myoviridae,Pseudomonadota,Klebsiella pneumoniae
v0e41	Siphoviridae,-,-
v0e42	Siphoviridae,Bacillota,Enterococcus faecalis
v0e43	Siphoviridae,-,-
v0e44	Siphoviridae,Pseudomonadota,Klebsiella pneumoniae
v0e45	Myoviridae,-,-
v0e46	Myoviridae,Pseudomonadota,Escherichia coli
v0e47	Papillomaviridae,Eukaryote,Eukaryote
v0e48	Siphoviridae,-,-
v0e49	Myoviridae,Pseudomonadota,Escherichia coli, Klebsiella pneumoniae
v0e4a	Myoviridae,Pseudomonadota,Escherichia coli
v0e4b	Myoviridae,-,-
v0e4c	Podoviridae,Pseudomonadota,Escherichia coli
v0e4d	Siphoviridae,Bacillota,Lactobacillus crispatus, Lactobacillus gasseri, Lactobacillus johnsonii, Lactobacillus paragasseri
v0e4e	Siphoviridae,Bacillota,Lactobacillus gasseri, Lactobacillus paragasseri
v0e4f	Siphoviridae,Pseudomonadota,Escherichia coli
v0e50	Myoviridae,Bacillota_A,Peptoniphilus_A harei_A, Peptoniphilus_A lacrimalis, Peptoniphilus_A vaginalis, Peptoniphilus_B unknown
v0e51	Siphoviridae,Actinomycetota,Berryella sp001552935, Berryella unknown, Fannyhessea vaginae
v0e52	Siphoviridae,Actinomycetota, Bacillota_A, Bacteroidota,Berryella sp001552935, Berryella unknown, Fannyhessea massiliensis, Fannyhessea unknown, Fannyhessea vaginae, Mageeibacillus indolicus, Prevotella amnii, Prevotella timonensis_A
v0e53	Unclassified,Actinomycetota,Bifidobacterium piotii, Bifidobacterium swidsinskii, Bifidobacterium unknown, Bifidobacterium vaginale, Bifidobacterium vaginale_A, Bifidobacterium vaginale_C, Bifidobacterium vaginale_H
v0e54	Unclassified,Bacteroidota,Prevotella amnii, Prevotella bivia, Prevotella disiens, Prevotella melaninogenica, Prevotella melaninogenica_A, Prevotella unknown
v0e55	Siphoviridae,Bacillota,Lactobacillus crispatus, Lactobacillus gasseri
v0e56	Unclassified,Actinomycetota,Bifidobacterium piotii, Bifidobacterium swidsinskii, Bifidobacterium unknown, Bifidobacterium vaginale, Bifidobacterium vaginale_A, Bifidobacterium vaginale_C, Bifidobacterium vaginale_H
v0e57	Unclassified,Actinomycetota, Bacteroidota,Berryella sp001552935, Berryella unknown, Fannyhessea vaginae, Prevotella disiens
v0e58	Unclassified,Bacillota_C,Megasphaera lornae
v0e59	Rountreeviridae,Bacillota,Lactobacillus crispatus, Lactobacillus mulieris
v0e5a	Siphoviridae,Actinomycetota,Berryella sp001552935, Berryella unknown
v0e5b	Autographiviridae,Bacillota_C,Veillonella montpellierensis
v0e5c	Siphoviridae,Bacillota_C,Dialister sp001553355, Dialister sp900541485
v0e5d	Siphoviridae,Actinomycetota, Bacteroidota,Bifidobacterium leopoldii, Bifidobacterium piotii, Bifidobacterium sp003585735, Bifidobacterium swidsinskii, Bifidobacterium unknown, Bifidobacterium vaginale, Bifidobacterium vaginale_A, Bifidobacterium vaginale_B, Bifidobacterium vaginale_C, Bifidobacterium vaginale_D, Bifidobacterium vaginale_F, Bifidobacterium vaginale_H, Prevotella timonensis_A
v0e5e	Siphoviridae,Bacillota,Lactobacillus crispatus, Lactobacillus iners
v0e5f	Podoviridae,Actinomycetota,Fannyhessea vaginae
v0e60	Unclassified,Actinomycetota, Bacillota_C,Bifidobacterium vaginale, Megasphaera lornae
v0e61	Siphoviridae,Actinomycetota, Bacteroidota,Bifidobacterium piotii, Bifidobacterium sp003585735, Bifidobacterium swidsinskii, Bifidobacterium unknown, Bifidobacterium vaginale, Bifidobacterium vaginale_A, Bifidobacterium vaginale_C, Bifidobacterium vaginale_D, Bifidobacterium vaginale_F, Bifidobacterium vaginale_H, Prevotella timonensis_A
v0e62	Rountreeviridae,Bacillota,Lactobacillus iners
v0e63	Unclassified,Actinomycetota, Bacteroidota,Bifidobacterium leopoldii, Bifidobacterium swidsinskii, Bifidobacterium unknown, Bifidobacterium vaginale, Bifidobacterium vaginale_A, Bifidobacterium vaginale_B, Bifidobacterium vaginale_C, Bifidobacterium vaginale_D, Bifidobacterium vaginale_F, Bifidobacterium vaginale_H, Prevotella timonensis_A
v0e64	Siphoviridae,Bacillota,Lactobacillus crispatus, Lactobacillus jensenii, Lactobacillus mulieris
v0e65	Myoviridae,Bacillota_A,Peptoniphilus_A harei_A, Peptoniphilus_A lacrimalis, Peptoniphilus_A vaginalis
v0e66	Unclassified,Bacteroidota,Prevotella sp000479005, Prevotella unknown
v0e67	Siphoviridae,Bacillota_A,Parvimonas sp001552895
v0e68	Unclassified,Actinomycetota, Bacteroidota,Berryella sp001552935, Berryella unknown, Fannyhessea vaginae, Prevotella disiens
v0e69	Siphoviridae,Bacillota_C,Dialister sp001553355
v0e6a	Siphoviridae,Bacillota,Lactobacillus crispatus, Lactobacillus iners, Lactobacillus jensenii
v0e6b	Unclassified,Bacteroidota,Prevotella colorans, Prevotella sp000479005, Prevotella sp000758925, Prevotella timonensis_A, Prevotella unknown
v0e6c	Unclassified,Actinomycetota,Bifidobacterium leopoldii, Bifidobacterium piotii, Bifidobacterium swidsinskii, Bifidobacterium unknown, Bifidobacterium vaginale, Bifidobacterium vaginale_A, Bifidobacterium vaginale_B, Bifidobacterium vaginale_C, Bifidobacterium vaginale_F, Bifidobacterium vaginale_H
v0e6d	Unclassified,Actinomycetota, Bacteroidota,Bifidobacterium leopoldii, Bifidobacterium piotii, Bifidobacterium sp003585735, Bifidobacterium swidsinskii, Bifidobacterium unknown, Bifidobacterium vaginale, Bifidobacterium vaginale_A, Bifidobacterium vaginale_C, Bifidobacterium vaginale_D, Bifidobacterium vaginale_F, Bifidobacterium vaginale_H, Prevotella timonensis_A
v0e6e	Rountreeviridae,Bacillota,Lactobacillus crispatus, Lactobacillus jensenii
v0e6f	Unclassified,Actinomycetota,Fannyhessea vaginae
v0e70	Siphoviridae,Actinomycetota,Berryella sp001552935, Berryella unknown, Fannyhessea vaginae
v0e71	Unclassified,Actinomycetota,Bifidobacterium piotii, Bifidobacterium swidsinskii, Bifidobacterium unknown, Bifidobacterium vaginale, Bifidobacterium vaginale_A, Bifidobacterium vaginale_C, Bifidobacterium vaginale_F, Bifidobacterium vaginale_H
v0e72	Unclassified,Actinomycetota, Bacillota_C,Bifidobacterium vaginale, Megasphaera hutchinsoni, Megasphaera lornae
v0e73	Siphoviridae,Bacillota_A,UBA629_sp005465875
v0e74	Unclassified,Actinomycetota, Bacteroidota,Fannyhessea massiliensis, Fannyhessea unknown, Fannyhessea vaginae, Prevotella amnii, Prevotella timonensis_A
v0e75	Siphoviridae,Bacillota,Lactobacillus crispatus, Lactobacillus gasseri, Lactobacillus iners, Lactobacillus jensenii
v0e76	Unclassified,Bacteroidota,Prevotella amnii, Prevotella bivia, Prevotella timonensis_A, Prevotella unknown
v0e77	Microviridae,-,-
v0e78	Siphoviridae,Bacillota,Gemella asaccharolytica
v0e79	Microviridae,-,-
v0e7a	Unclassified,Bacteroidota,Porphyromonas asaccharolytica, Porphyromonas uenonis, Porphyromonas uenonis_A, Porphyromonas unknown
v0e7b	Siphoviridae,Bacteroidota,Porphyromonas asaccharolytica, Porphyromonas uenonis_A, Porphyromonas unknown
v0e7c	Unclassified,-,-
v0e7d	Unclassified,-,-
v0e7e	Papillomaviridae,Eukaryote,Eukaryote
v0e7f	Papillomaviridae,Eukaryote,Eukaryote
v0e80	Papillomaviridae,Eukaryote,Eukaryote
v0e81	Papillomaviridae,Eukaryote,Eukaryote
v0e82	Papillomaviridae,Eukaryote,Eukaryote
v0e83	Papillomaviridae,Eukaryote,Eukaryote
v0e84	Papillomaviridae,Eukaryote,Eukaryote
v0e85	Unclassified,-,-
v0e86	Papillomaviridae,Eukaryote,Eukaryote
v0e87	Unclassified,Bacteroidota,Porphyromonas_A sp900554935
v0e88	Siphoviridae,Actinomycetota,Bifidobacterium vaginale
v0e89	Papillomaviridae,Eukaryote,Eukaryote
v0e8a	Unclassified,-,-
v0e8b	Papillomaviridae,Eukaryote,Eukaryote
v0e8c	Papillomaviridae,Eukaryote,Eukaryote
v0e8d	Unclassified,Bacteroidota,Prevotella amnii, Prevotella bivia, Prevotella unknown
v0e8e	Papillomaviridae,Eukaryote,Eukaryote
v0e8f	Unclassified,Actinomycetota, Bacteroidota,Berryella sp001552935, Fannyhessea massiliensis, Fannyhessea unknown, Fannyhessea vaginae, Prevotella timonensis_A
v0e90	Siphoviridae,Actinomycetota, Bacteroidota,Berryella sp001552935, Fannyhessea massiliensis, Fannyhessea unknown, Fannyhessea vaginae, Prevotella amnii, Prevotella timonensis_A
v0e91	Siphoviridae,Actinomycetota, Bacillota, Bacillota_A,Bifidobacterium leopoldii, Bifidobacterium piotii, Bifidobacterium swidsinskii, Bifidobacterium unknown, Bifidobacterium vaginale, Bifidobacterium vaginale_A, Bifidobacterium vaginale_C, Bifidobacterium vaginale_F, Bifidobacterium vaginale_H, Bulleidia unknown, Fannyhessea massiliensis, Fannyhessea vaginae, Lactobacillus iners, UBA629_sp005465875
v0e92	Unclassified,Bacteroidota,Prevotella amnii, Prevotella sp000758925
v0e93	Unclassified,Actinomycetota,Bifidobacterium piotii, Bifidobacterium swidsinskii, Bifidobacterium unknown, Bifidobacterium vaginale, Bifidobacterium vaginale_A, Bifidobacterium vaginale_C, Bifidobacterium vaginale_D, Bifidobacterium vaginale_F, Bifidobacterium vaginale_H
v0e94	Siphoviridae,Bacillota_A, Bacillota_C,Dialister sp001553355, UBA629_sp005465875
v0e95	Siphoviridae,Actinomycetota, Bacillota, Bacillota_A,Berryella sp001552935, Bifidobacterium piotii, Bifidobacterium swidsinskii, Bifidobacterium unknown, Bifidobacterium vaginale, Bifidobacterium vaginale_A, Bifidobacterium vaginale_C, Bifidobacterium vaginale_F, Bifidobacterium vaginale_H, Fannyhessea massiliensis, Fannyhessea vaginae, Lactobacillus iners, UBA629_sp005465875
v0e96	Siphoviridae,Actinomycetota,Bifidobacterium vaginale
v0e97	Siphoviridae,-,-
v0e98	Siphoviridae,Actinomycetota,Bifidobacterium piotii, Bifidobacterium swidsinskii, Bifidobacterium vaginale, Bifidobacterium vaginale_A, Bifidobacterium vaginale_C, Bifidobacterium vaginale_D, Bifidobacterium vaginale_H
v0e99	Unclassified,Bacteroidota,Prevotella disiens, Prevotella sp900548585
v0e9a	Siphoviridae,Bacillota_C,Dialister micraerophilus, Dialister sp001553355, Dialister sp900541485, Megasphaera lornae
v0e9b	Unclassified,Bacillota_A,Peptostreptococcus anaerobius, Peptostreptococcus sp000758885, Peptostreptococcus stomatis
v0e9c	Siphoviridae,Bacteroidota,Prevotella amnii, Prevotella sp000758925, Prevotella timonensis_A
v0e9d	Unclassified,Bacteroidota,Prevotella amnii, Prevotella bivia, Prevotella melaninogenica, Prevotella unknown
v0e9e	Unclassified,Actinomycetota, Bacteroidota,Berryella sp001552935, Berryella unknown, Fannyhessea massiliensis, Fannyhessea vaginae, Prevotella disiens
v0e9f	Siphoviridae,Bacillota,Lactobacillus crispatus
v0ea0	Unclassified,Actinomycetota, Bacteroidota,Bifidobacterium piotii, Bifidobacterium swidsinskii, Bifidobacterium unknown, Bifidobacterium vaginale, Bifidobacterium vaginale_A, Bifidobacterium vaginale_C, Prevotella timonensis_A
v0ea1	Myoviridae,Bacillota_A, Fusobacteriota,Parvimonas sp001552895, Sneathia sanguinegens, Sneathia unknown, Sneathia vaginalis
v0ea2	Myoviridae,Bacillota_A,Peptoniphilus_A harei_A, Peptoniphilus_A lacrimalis, Peptoniphilus_A vaginalis, Peptoniphilus_B unknown
v0ea3	Papillomaviridae,Eukaryote,Eukaryote
v0ea4	Unclassified,Actinomycetota, Bacillota, Bacillota_A, Bacillota_C, Bacteroidota,Aerococcus christensenii, Dialister sp001553355, Fannyhessea massiliensis, Fannyhessea vaginae, Lactobacillus iners, Mobiluncus curtisii, Prevotella timonensis_A, UBA629_sp005465875
v0ea5	Siphoviridae,Bacillota_A, Fusobacteriota,Parvimonas sp001552895, Sneathia sanguinegens, Sneathia unknown, Sneathia vaginalis
v0ea6	Siphoviridae,Actinomycetota, Bacillota, Bacillota_A, Bacillota_C,Aerococcus christensenii, Dialister sp001553355, Lactobacillus iners, Megasphaera lornae, Mobiluncus curtisii, UBA629_sp005465875
v0ea7	Siphoviridae,Actinomycetota, Bacteroidota, Fusobacteriota,Fannyhessea massiliensis, Fannyhessea unknown, Fannyhessea vaginae, Prevotella amnii, Prevotella timonensis_A, Sneathia vaginalis
v0ea8	Unclassified,Bacteroidota,Prevotella colorans, Prevotella corporis, Prevotella sp000479005, Prevotella sp000758925, Prevotella timonensis_A, Prevotella unknown
v0ea9	Siphoviridae,Actinomycetota, Bacillota, Bacillota_A, Bacillota_C,Bifidobacterium vaginale, Dialister sp001553355, Lactobacillus iners, Megasphaera hutchinsoni, Megasphaera lornae, Mobiluncus curtisii, Peptoniphilus_A lacrimalis, UBA629_sp005465875
v0eaa	Siphoviridae,Bacillota,Lactobacillus crispatus, Lactobacillus iners, Lactobacillus mulieris
v0eab	Unclassified,Bacteroidota,Prevotella sp000479005, Prevotella timonensis_A
v0eac	Siphoviridae,Bacillota,Lactobacillus crispatus, Lactobacillus iners, Lactobacillus jensenii
v0ead	Unclassified,Bacteroidota,Prevotella melaninogenica
v0eae	Unclassified,Bacteroidota,Prevotella bivia, Prevotella colorans, Prevotella sp000479005, Prevotella sp000758925, Prevotella timonensis_A, Prevotella unknown
v0eaf	Siphoviridae,Actinomycetota,Fannyhessea massiliensis, Fannyhessea unknown, Fannyhessea vaginae
v0eb0	Siphoviridae,Actinomycetota,Fannyhessea massiliensis, Fannyhessea unknown
v0eb1	Siphoviridae,Bacillota,Aerococcus christensenii
v0eb2	Unclassified,Bacteroidota,Prevotella colorans, Prevotella disiens, Prevotella sp000758925, Prevotella timonensis_A
v0eb3	Siphoviridae,Actinomycetota,Berryella sp001552935
v0eb4	Siphoviridae,Bacillota,Lactobacillus crispatus, Lactobacillus iners, Lactobacillus mulieris
v0eb5	Unclassified,Actinomycetota, Bacteroidota,Bifidobacterium piotii, Bifidobacterium sp003585735, Bifidobacterium swidsinskii, Bifidobacterium unknown, Bifidobacterium vaginale, Bifidobacterium vaginale_A, Bifidobacterium vaginale_C, Bifidobacterium vaginale_D, Bifidobacterium vaginale_F, Bifidobacterium vaginale_H, Prevotella timonensis_A
v0eb6	Siphoviridae,Bacillota,Lactobacillus crispatus, Lactobacillus gasseri, Lactobacillus iners, Lactobacillus jensenii
v0eb7	Quimbyviridae,Bacteroidota,Prevotella timonensis_A, Prevotella unknown
v0eb8	Unclassified,Actinomycetota,Berryella sp001552935
v0eb9	Siphoviridae,Bacillota,Gemella asaccharolytica
v0eba	Siphoviridae,Bacillota_A,Mageeibacillus indolicus
v0ebb	Siphoviridae,Bacillota_C,Dialister sp001553355, Dialister sp900541485
v0ebc	Unclassified,Bacillota_C,Dialister sp001553355, Dialister sp900541485
v0ebd	Siphoviridae,Pseudomonadota,Escherichia coli
v0ebe	Unclassified,Bacteroidota,Porphyromonas asaccharolytica, Porphyromonas uenonis, Porphyromonas uenonis_A, Porphyromonas unknown
v0ebf	Siphoviridae,Actinomycetota,Fannyhessea massiliensis, Fannyhessea vaginae
v0ec0	Siphoviridae,Actinomycetota, Bacillota, Bacillota_A, Bacillota_C, Bacteroidota,Aerococcus christensenii, Berryella unknown, Dialister sp001553355, Fannyhessea massiliensis, Fannyhessea unknown, Fannyhessea vaginae, Lactobacillus iners, Mobiluncus curtisii, Prevotella amnii, UBA629_sp005465875
v0ec1	Unclassified,Bacillota_C,Dialister sp001553355
v0ec2	Siphoviridae,Actinomycetota,Bifidobacterium piotii, Bifidobacterium sp003585735, Bifidobacterium swidsinskii, Bifidobacterium unknown, Bifidobacterium vaginale, Bifidobacterium vaginale_A, Bifidobacterium vaginale_B, Bifidobacterium vaginale_C, Bifidobacterium vaginale_D, Bifidobacterium vaginale_F, Bifidobacterium vaginale_H, Mobiluncus curtisii, Mobiluncus mulieris, Vaginimicrobium propionicum, Varibaculum cambriense
v0ec3	Siphoviridae,Bacillota,Aerococcus christensenii
v0ec4	Siphoviridae,Bacillota,Streptococcus anginosus
v0ec5	Myoviridae,Bacillota_A,Peptostreptococcus anaerobius
v0ec6	Quimbyviridae,Bacteroidota,Prevotella bivia, Prevotella brunnea, Prevotella melaninogenica, Prevotella timonensis_A, Prevotella unknown
v0ec7	Unclassified,Bacteroidota,Porphyromonas uenonis, Porphyromonas uenonis_A, Porphyromonas unknown
v0ec8	Unclassified,Bacteroidota,Prevotella colorans, Prevotella sp000479005, Prevotella sp000758925, Prevotella timonensis_A, Prevotella unknown
v0ec9	Unclassified,Bacillota_C,Dialister sp001553355, Dialister sp900541485
v0eca	Myoviridae,Fusobacteriota,Sneathia sanguinegens, Sneathia unknown, Sneathia vaginalis
v0ecb	Siphoviridae,Actinomycetota,Fannyhessea massiliensis, Fannyhessea unknown, Fannyhessea vaginae
v0ecc	Unclassified,Actinomycetota,Berryella sp001552935
v0ecd	Unclassified,Bacteroidota,Prevotella timonensis_A, Sodaliphilus unknown
v0ece	Unclassified,Bacteroidota,Prevotella colorans, Prevotella sp000758925, Prevotella timonensis_A, Prevotella unknown
v0ecf	Siphoviridae,Actinomycetota, Bacillota, Bacillota_A, Bacillota_C,Aerococcus christensenii, Berryella sp001552935, Berryella unknown, Dialister sp001553355, Fannyhessea massiliensis, Fannyhessea unknown, Fannyhessea vaginae, Lactobacillus iners, Mobiluncus curtisii, UBA629_sp005465875
v0ed0	Unclassified,Bacteroidota,Prevotella amnii, Prevotella sp000758925
v0ed1	Podoviridae,Bacillota,Enterococcus faecalis
v0ed2	Unclassified,Bacteroidota,Porphyromonas sp900548415, Porphyromonas uenonis, Porphyromonas uenonis_A, Porphyromonas unknown
v0ed3	Unclassified,Actinomycetota, Bacillota_C, Bacteroidota,Fannyhessea unknown, Fannyhessea vaginae, Megasphaera hutchinsoni, Prevotella timonensis_A
v0ed4	Unclassified,Actinomycetota, Bacteroidota,Bifidobacterium piotii, Bifidobacterium swidsinskii, Bifidobacterium unknown, Bifidobacterium vaginale, Bifidobacterium vaginale_A, Bifidobacterium vaginale_C, Bifidobacterium vaginale_D, Bifidobacterium vaginale_F, Bifidobacterium vaginale_H, Prevotella timonensis_A
v0ed5	Siphoviridae,Actinomycetota,Actinotignum sanguinis, Arcanobacterium_A sp000758825, Bifidobacterium swidsinskii, Bifidobacterium unknown, Bifidobacterium vaginale_A, Corynebacterium phoceense, Corynebacterium striatum, Gleimia europaea_A, Mobiluncus curtisii, Mobiluncus mulieris
v0ed6	Unclassified,Bacteroidota,Prevotella disiens, Prevotella timonensis_A
v0ed7	Siphoviridae,Bacillota,Lactobacillus crispatus, Lactobacillus iners, Lactobacillus jensenii, Lactobacillus mulieris
v0ed8	Siphoviridae,Pseudomonadota,Escherichia coli
v0ed9	Unclassified,Actinomycetota,Berryella sp001552935, Berryella unknown, Fannyhessea vaginae
v0eda	Unclassified,Actinomycetota,Fannyhessea massiliensis, Fannyhessea unknown, Fannyhessea vaginae
v0edb	Unclassified,Bacteroidota,Prevotella bivia
v0edc	Unclassified,Actinomycetota, Bacteroidota,Bifidobacterium swidsinskii, Bifidobacterium vaginale, Bifidobacterium vaginale_A, Bifidobacterium vaginale_F, Bifidobacterium vaginale_H, Prevotella timonensis_A
v0edd	Siphoviridae,Bacillota_A,Anaerococcus unknown
v0ede	Siphoviridae,Bacillota_C,Anaeroglobus vaginalis
v0edf	Siphoviridae,Bacillota,Lactobacillus crispatus, Lactobacillus iners
v0ee0	Siphoviridae,Actinomycetota, Bacteroidota,Berryella sp001552935, Fannyhessea massiliensis, Fannyhessea unknown, Fannyhessea vaginae, Prevotella timonensis_A
v0ee1	Papillomaviridae,Eukaryote,Eukaryote
v0ee2	Siphoviridae,Actinomycetota,Bifidobacterium piotii, Bifidobacterium sp003585735, Bifidobacterium swidsinskii, Bifidobacterium vaginale, Bifidobacterium vaginale_A, Bifidobacterium vaginale_H
v0ee3	Unclassified,Bacillota_C, Bacteroidota,Dialister micraerophilus, Prevotella sp000479005, Prevotella timonensis_A
v0ee4	Siphoviridae,Bacteroidota,Prevotella disiens, Prevotella sp001553265, Prevotella sp900548585
v0ee5	Siphoviridae,Bacillota,Aerococcus christensenii
v0ee6	Siphoviridae,Actinomycetota,Bifidobacterium piotii, Bifidobacterium unknown, Bifidobacterium vaginale, Bifidobacterium vaginale_A, Bifidobacterium vaginale_D, Bifidobacterium vaginale_H
v0ee7	Siphoviridae,-,-
v0ee8	Siphoviridae,Actinomycetota, Bacillota, Bacillota_A, Bacillota_C, Bacteroidota,Aerococcus christensenii, Berryella sp001552935, Dialister sp001553355, Fannyhessea massiliensis, Fannyhessea unknown, Fannyhessea vaginae, Lactobacillus iners, Mobiluncus curtisii, Prevotella timonensis_A, UBA629_sp005465875
v0ee9	Unclassified,Bacteroidota,Prevotella amnii, Prevotella bivia, Prevotella timonensis_A, Prevotella unknown
v0eea	Siphoviridae,Actinomycetota, Bacteroidota,Bifidobacterium piotii, Bifidobacterium swidsinskii, Bifidobacterium unknown, Bifidobacterium vaginale, Bifidobacterium vaginale_A, Bifidobacterium vaginale_C, Bifidobacterium vaginale_D, Bifidobacterium vaginale_F, Bifidobacterium vaginale_H, Prevotella timonensis_A
v0eeb	Siphoviridae,Actinomycetota, Bacillota_C, Bacteroidota,Fannyhessea massiliensis, Fannyhessea unknown, Fannyhessea vaginae, Megasphaera hutchinsoni, Prevotella timonensis_A
v0eec	Siphoviridae,Actinomycetota,Bifidobacterium leopoldii, Bifidobacterium swidsinskii, Bifidobacterium unknown, Bifidobacterium vaginale_C
v0eed	Myoviridae,-,-
v0eee	Quimbyviridae,Bacteroidota,Prevotella timonensis_A, Prevotella unknown
v0eef	Siphoviridae,-,-
v0ef0	Myoviridae,-,-
v0ef1	Unclassified,-,-
v0ef2	Myoviridae,-,-
v0ef3	Unclassified,-,-
v0ef4	Unclassified,Bacillota_A,CAG-41_sp900066215
v0ef5	Myoviridae,-,-
v0ef6	Unclassified,-,-
v0ef7	Siphoviridae,Bacillota_A,Clostridium_Q fessum
v0ef8	Siphoviridae,-,-
v0ef9	Siphoviridae,Bacillota_A,Mediterraneibacter lactaris
v0efa	Unclassified,-,-
v0efb	Unclassified,-,-
v0efc	Unclassified,-,-
v0efd	Unclassified,-,-
v0efe	Myoviridae,-,-
v0eff	Siphoviridae,-,-
v0f00	Unclassified,-,-
v0f01	Unclassified,-,-
v0f02	Siphoviridae,-,-
v0f03	Myoviridae,Bacillota_C,Dialister micraerophilus, Dialister sp001553355
v0f04	Unclassified,Actinomycetota,Bifidobacterium leopoldii, Bifidobacterium piotii, Bifidobacterium swidsinskii, Bifidobacterium unknown, Bifidobacterium vaginale, Bifidobacterium vaginale_A, Bifidobacterium vaginale_C, Bifidobacterium vaginale_F, Bifidobacterium vaginale_H
v0f05	Unclassified,Actinomycetota,Bifidobacterium leopoldii, Bifidobacterium piotii, Bifidobacterium swidsinskii, Bifidobacterium unknown, Bifidobacterium vaginale, Bifidobacterium vaginale_C, Bifidobacterium vaginale_D, Bifidobacterium vaginale_F, Bifidobacterium vaginale_H
v0f06	Unclassified,Bacillota,Lactobacillus crispatus, Lactobacillus gasseri, Lactobacillus iners, Lactobacillus jensenii, Lactobacillus mulieris, Lactobacillus ultunensis, Ligilactobacillus salivarius
v0f07	Siphoviridae,Bacillota,Lactobacillus gasseri, Lactobacillus mulieris, Lactobacillus paragasseri
v0f08	Unclassified,Bacteroidota,Porphyromonas unknown
v0f09	Unclassified,Bacillota,Streptococcus mitis_BF, Streptococcus mitis_BM, Streptococcus mitis_Q, Streptococcus oralis_BA, Streptococcus oralis_S, Streptococcus sp000187745, Streptococcus sp019448285, Streptococcus sp020089495, Streptococcus unknown
v0f0a	Unclassified,-,-
v0f0b	Siphoviridae,Bacillota,Lactobacillus crispatus, Lactobacillus jensenii
v0f0c	Myoviridae,Pseudomonadota,Citrobacter_B koseri, Enterobacter kobei, Klebsiella quasipneumoniae
v0f0d	Unclassified,Bacillota, Bacteroidota,Lactobacillus jensenii, Prevotella amnii, Prevotella bivia, Prevotella disiens, Prevotella sp000758925, Prevotella timonensis_A, Prevotella unknown
v0f0e	Unclassified,Bacteroidota,Prevotella amnii, Prevotella bivia, Prevotella disiens, Prevotella timonensis_A
v0f0f	Unclassified,Bacillota, Bacteroidota,Lactobacillus jensenii, Prevotella amnii, Prevotella bivia, Prevotella denticola, Prevotella sp000758925, Prevotella sp001553265, Prevotella timonensis_A, Prevotella unknown
v0f10	Unclassified,-,-
v0f11	Inoviridae,-,-
v0f12	Unclassified,Bacteroidota,Prevotella bivia, Prevotella timonensis_A, Prevotella unknown
v0f13	Unclassified,Bacteroidota,Prevotella disiens
v0f14	Unclassified,Actinomycetota,Bifidobacterium piotii, Bifidobacterium swidsinskii, Bifidobacterium unknown, Bifidobacterium vaginale, Bifidobacterium vaginale_A, Bifidobacterium vaginale_C, Bifidobacterium vaginale_D, Mobiluncus curtisii, Mobiluncus mulieris, Propionimicrobium lymphophilum, Vaginimicrobium propionicum, Varibaculum cambriense, Winkia sp002849225
v0f15	Unclassified,Bacillota, Bacillota_A,Lactobacillus iners, Parvimonas sp001552895
v0f16	Unclassified,-,-
v0f17	Unclassified,Bacteroidota,Butyricimonas faecalis
v0f18	Unclassified,-,-
v0f19	Unclassified,-,-
v0f1a	Myoviridae,Fusobacteriota,Sneathia sanguinegens, Sneathia unknown, Sneathia vaginalis
v0f1b	Siphoviridae,Actinomycetota, Bacteroidota,Bifidobacterium piotii, Bifidobacterium sp003585735, Bifidobacterium swidsinskii, Bifidobacterium unknown, Bifidobacterium vaginale, Bifidobacterium vaginale_A, Bifidobacterium vaginale_C, Bifidobacterium vaginale_D, Bifidobacterium vaginale_F, Bifidobacterium vaginale_H, Prevotella timonensis_A
v0f1c	Unclassified,Bacteroidota,Prevotella amnii, Prevotella colorans, Prevotella sp000479005, Prevotella timonensis_A, Prevotella unknown
v0f1d	Siphoviridae,Actinomycetota, Bacillota_C,Bifidobacterium vaginale, Megasphaera hutchinsoni, Megasphaera lornae
v0f1e	Unclassified,Bacteroidota,Prevotella sp000479005
v0f1f	Unclassified,Actinomycetota,Berryella sp001552935
v0f20	Siphoviridae,Actinomycetota, Bacteroidota,Berryella sp001552935, Fannyhessea massiliensis, Fannyhessea unknown, Fannyhessea vaginae, Prevotella amnii, Prevotella timonensis_A
v0f21	Siphoviridae,Actinomycetota, Bacillota, Bacteroidota,Bifidobacterium piotii, Bifidobacterium sp003585735, Bifidobacterium swidsinskii, Bifidobacterium unknown, Bifidobacterium vaginale, Bifidobacterium vaginale_A, Bifidobacterium vaginale_C, Bifidobacterium vaginale_D, Bifidobacterium vaginale_F, Bifidobacterium vaginale_H, Lactobacillus iners, Prevotella timonensis_A
v0f22	Siphoviridae,Bacillota,Lactobacillus crispatus
v0f23	Siphoviridae,Bacillota,Lactobacillus crispatus
v0f24	Siphoviridae,Pseudomonadota,Klebsiella pneumoniae
v0f25	Siphoviridae,Pseudomonadota,Klebsiella pneumoniae, Klebsiella quasipneumoniae
v0f26	Siphoviridae,Pseudomonadota,Escherichia coli
v0f27	Podoviridae,Pseudomonadota,Escherichia coli
v0f28	Unclassified,Actinomycetota, Bacteroidota,Berryella sp001552935, Berryella unknown, Fannyhessea massiliensis, Fannyhessea vaginae, Prevotella disiens
v0f29	Myoviridae,Pseudomonadota,Escherichia coli
v0f2a	Unclassified,Bacillota, Bacteroidota,Prevotella amnii, Prevotella bivia, Prevotella sp001553265, Streptococcus unknown
v0f2b	Siphoviridae,-,-
v0f2c	Myoviridae,Bacillota,Lactobacillus crispatus, Lactobacillus mulieris
v0f2d	Siphoviridae,Bacillota,Lactobacillus crispatus, Lactobacillus iners, Lactobacillus jensenii, Lactobacillus mulieris
v0f2e	Myoviridae,Bacillota,Lactobacillus crispatus, Lactobacillus iners
v0f2f	Siphoviridae,Actinomycetota, Bacillota_C,Bifidobacterium vaginale, Megasphaera hutchinsoni, Megasphaera lornae
v0f30	Myoviridae,Bacillota,Lactobacillus crispatus
v0f31	Myoviridae,Bacillota,Lactobacillus crispatus
v0f32	Siphoviridae,Bacillota,Lactobacillus crispatus
v0f33	Siphoviridae,Bacillota,Lactobacillus crispatus
v0f34	Myoviridae,Bacillota,Lactobacillus gasseri, Lactobacillus paragasseri
v0f35	Siphoviridae,Bacillota_C,Anaeroglobus massiliensis
v0f36	Siphoviridae,Actinomycetota,Arcanobacterium_A sp000758825, Bifidobacterium piotii, Bifidobacterium swidsinskii, Bifidobacterium vaginale, Bifidobacterium vaginale_A, Bifidobacterium vaginale_D, Corynebacterium pyruviciproducens, Mobiluncus curtisii, Mobiluncus mulieris, Vaginimicrobium propionicum, Varibaculum cambriense, Varibaculum massiliense, Varibaculum vaginae
v0f37	Siphoviridae,Bacillota,Lactobacillus delbrueckii
v0f38	Siphoviridae,Bacillota,Lactobacillus crispatus, Lactobacillus gasseri
v0f39	Myoviridae,Pseudomonadota,Escherichia coli, Klebsiella pneumoniae
v0f3a	Siphoviridae,Bacillota,Enterococcus faecalis
v0f3b	Siphoviridae,Bacillota,Lactobacillus gasseri, Lactobacillus paragasseri, Limosilactobacillus coleohominis_A, Limosilactobacillus portuensis, Limosilactobacillus vaginalis
v0f3c	Siphoviridae,Bacillota,Lactobacillus crispatus
v0f3d	Siphoviridae,Actinomycetota, Bacteroidota,Bifidobacterium leopoldii, Bifidobacterium piotii, Bifidobacterium swidsinskii, Bifidobacterium unknown, Bifidobacterium vaginale, Bifidobacterium vaginale_A, Bifidobacterium vaginale_C, Bifidobacterium vaginale_D, Bifidobacterium vaginale_F, Bifidobacterium vaginale_H, Prevotella timonensis_A
v0f3e	Siphoviridae,Bacillota,Streptococcus infantarius
v0f3f	Siphoviridae,Bacillota,Lactobacillus gasseri, Lactobacillus paragasseri
v0f40	Siphoviridae,Bacillota,Lactobacillus gasseri, Lactobacillus paragasseri
v0f41	Siphoviridae,Bacillota,Enterococcus faecalis
v0f42	Siphoviridae,Bacillota,Streptococcus agalactiae, Streptococcus dysgalactiae, Streptococcus pseudoporcinus
v0f43	Siphoviridae,Pseudomonadota,Escherichia coli
v0f44	Myoviridae,Bacillota,Lactobacillus gasseri, Lactobacillus paragasseri
v0f45	Siphoviridae,Bacillota,Lactobacillus crispatus, Lactobacillus gasseri, Lactobacillus johnsonii, Lactobacillus paragasseri
v0f46	Myoviridae,Bacillota,Lactobacillus gasseri, Lactobacillus paragasseri
v0f47	Siphoviridae,Bacillota,Lactobacillus gasseri, Lactobacillus paragasseri, Limosilactobacillus portuensis
v0f48	Siphoviridae,Bacillota,Lactobacillus crispatus
v0f49	Unclassified,Actinomycetota, Bacillota, Bacillota_A, Bacillota_C,Aerococcus christensenii, Dialister sp001553355, Fannyhessea vaginae, Lactobacillus iners, Mobiluncus curtisii, UBA629_sp005465875
v0f4a	Unclassified,Bacillota_A,Blautia pseudococcoides
v0f4b	Siphoviridae,Bacillota,Lactobacillus crispatus, Lactobacillus jensenii
v0f4c	Unclassified,Actinomycetota, Bacteroidota,Bifidobacterium leopoldii, Bifidobacterium piotii, Bifidobacterium sp003585735, Bifidobacterium swidsinskii, Bifidobacterium unknown, Bifidobacterium vaginale, Bifidobacterium vaginale_A, Bifidobacterium vaginale_C, Bifidobacterium vaginale_D, Bifidobacterium vaginale_F, Bifidobacterium vaginale_H, Prevotella timonensis_A
v0f4d	Siphoviridae,Actinomycetota,Berryella sp001552935, Berryella unknown
v0f4e	Unclassified,Bacteroidota,Prevotella amnii, Prevotella denticola
v0f4f	Myoviridae,Bacillota,Lactobacillus crispatus
v0f50	Siphoviridae,Bacillota,Enterococcus faecalis
v0f51	Siphoviridae,Actinomycetota, Bacteroidota,Bifidobacterium leopoldii, Bifidobacterium piotii, Bifidobacterium sp003585735, Bifidobacterium swidsinskii, Bifidobacterium unknown, Bifidobacterium vaginale, Bifidobacterium vaginale_A, Bifidobacterium vaginale_C, Bifidobacterium vaginale_D, Bifidobacterium vaginale_F, Bifidobacterium vaginale_H, Prevotella timonensis_A
v0f52	Siphoviridae,Bacillota,Lactobacillus gasseri, Lactobacillus paragasseri
v0f53	Siphoviridae,Bacillota,Lactobacillus crispatus
v0f54	Siphoviridae,Bacillota,Lactobacillus gasseri, Lactobacillus paragasseri
v0f55	Siphoviridae,Bacillota,Lactobacillus gasseri, Lactobacillus paragasseri
v0f56	Unclassified,Pseudomonadota,Acinetobacter baumannii
v0f57	Myoviridae,Bacillota,Lactobacillus crispatus
v0f58	Siphoviridae,Bacillota,Lactobacillus crispatus, Lactobacillus gasseri
v0f59	Siphoviridae,Bacillota,Enterococcus faecalis
v0f5a	Siphoviridae,Actinomycetota,Bifidobacterium bifidum, Bifidobacterium breve, Bifidobacterium sp002742445
v0f5b	Unclassified,Actinomycetota,Bifidobacterium bifidum, Bifidobacterium longum
v0f5c	Siphoviridae,Actinomycetota, Bacteroidota,Bifidobacterium leopoldii, Bifidobacterium piotii, Bifidobacterium swidsinskii, Bifidobacterium unknown, Bifidobacterium vaginale, Bifidobacterium vaginale_A, Bifidobacterium vaginale_C, Bifidobacterium vaginale_D, Bifidobacterium vaginale_F, Bifidobacterium vaginale_H, Prevotella timonensis_A
v0f5d	Siphoviridae,Actinomycetota,Bifidobacterium breve, Bifidobacterium longum
v0f5e	Siphoviridae,Bacillota, Bacillota_A,Aerococcus christensenii, Lactobacillus iners, Streptococcus agalactiae, Streptococcus urinalis, UBA629_sp005465875
v0f5f	Myoviridae,Pseudomonadota,Morganella morganii
v0f60	Siphoviridae,Actinomycetota,Bifidobacterium leopoldii, Bifidobacterium piotii, Bifidobacterium swidsinskii, Bifidobacterium unknown, Bifidobacterium vaginale, Bifidobacterium vaginale_C, Bifidobacterium vaginale_F, Bifidobacterium vaginale_H
v0f61	Myoviridae,Pseudomonadota,Citrobacter_B koseri, Escherichia coli
v0f62	Siphoviridae,Actinomycetota, Bacillota, Bacillota_A, Bacillota_C,Berryella sp001552935, Bifidobacterium leopoldii, Bifidobacterium swidsinskii, Bifidobacterium unknown, Bifidobacterium vaginale, Bifidobacterium vaginale_A, Bifidobacterium vaginale_C, Bifidobacterium vaginale_F, Bifidobacterium vaginale_H, Fannyhessea massiliensis, Fannyhessea vaginae, Lactobacillus iners, Megasphaera lornae, UBA629_sp005465875
v0f63	Siphoviridae,Bacillota,Enterococcus faecalis
v0f64	Siphoviridae,Bacillota,Lactobacillus crispatus, Lactobacillus gasseri
v0f65	Siphoviridae,Bacillota,Streptococcus agalactiae
v0f66	Siphoviridae,Bacillota,Streptococcus anginosus, Streptococcus anginosus_C
v0f67	Myoviridae,Bacillota_A,Peptostreptococcus anaerobius
v0f68	Myoviridae,Pseudomonadota,Escherichia coli
v0f69	Siphoviridae,Actinomycetota,Actinotignum sanguinis, Corynebacterium phoceense, Gleimia europaea_A, Mobiluncus curtisii, Mobiluncus mulieris, Pauljensenia turicensis, Varibaculum massiliense
v0f6a	Siphoviridae,Actinomycetota,Varibaculum massiliense
v0f6b	Unclassified,Bacteroidota,Prevotella colorans, Prevotella sp000479005, Prevotella sp000758925, Prevotella timonensis_A, Prevotella unknown
v0f6c	Podoviridae,Pseudomonadota,Escherichia coli
v0f6d	Siphoviridae,Bacillota,Enterococcus faecalis
v0f6e	Myoviridae,-,-
v0f6f	Siphoviridae,Pseudomonadota,Citrobacter_B koseri
v0f70	Myoviridae,Pseudomonadota,Proteus mirabilis
v0f71	Siphoviridae,-,-
v0f72	Siphoviridae,Actinomycetota,Varibaculum massiliense
v0f73	Unclassified,Bacteroidota,Prevotella sp000758925
v0f74	Unclassified,-,-
v0f75	Unclassified,Actinomycetota,Olegusella massiliensis
v0f76	Unclassified,Actinomycetota,Mobiluncus curtisii, Mobiluncus unknown
v0f77	Myoviridae,Bacillota_A,Stomatobaculum naviforme
v0f78	Siphoviridae,Bacillota_A,Murdochiella vaginalis
v0f79	Siphoviridae,Bacillota_A,Levyella massiliensis
v0f7a	Myoviridae,Bacillota_B,Peptococcus niger
v0f7b	Siphoviridae,-,-
v0f7c	Siphoviridae,Actinomycetota,Propionimicrobium lymphophilum
v0f7d	Unclassified,Bacteroidota,Porphyromonas unknown
v0f7e	Siphoviridae,Bacillota,Lactiplantibacillus plantarum, Lactiplantibacillus plantarum_A
v0f7f	Siphoviridae,Bacillota,Lactiplantibacillus plantarum
v0f80	Myoviridae,Bacillota,Lactobacillus crispatus
v0f81	Siphoviridae,Bacillota,Lactobacillus crispatus, Lactobacillus gasseri
v0f82	Siphoviridae,Bacillota,Lactobacillus iners, Lactobacillus jensenii, Lactobacillus mulieris
v0f83	Unclassified,Actinomycetota, Bacteroidota,Bifidobacterium leopoldii, Bifidobacterium piotii, Bifidobacterium sp003585735, Bifidobacterium swidsinskii, Bifidobacterium unknown, Bifidobacterium vaginale, Bifidobacterium vaginale_A, Bifidobacterium vaginale_C, Bifidobacterium vaginale_D, Bifidobacterium vaginale_F, Bifidobacterium vaginale_H, Prevotella timonensis_A
v0f84	Siphoviridae,Pseudomonadota,Klebsiella aerogenes
v0f85	Siphoviridae,Pseudomonadota,Citrobacter_B koseri
v0f86	Myoviridae,Pseudomonadota,Citrobacter_B koseri
v0f87	Siphoviridae,Pseudomonadota,Klebsiella aerogenes
v0f88	Siphoviridae,Pseudomonadota,Citrobacter_B koseri
v0f89	Myoviridae,Bacillota,Lactobacillus crispatus
v0f8a	Unclassified,Bacillota, Bacteroidota,Prevotella amnii, Prevotella bivia, Streptococcus unknown
v0f8b	Siphoviridae,Bacillota_A,Peptostreptococcus anaerobius, Peptostreptococcus sp000758885, Peptostreptococcus stomatis
v0f8c	Siphoviridae,Bacillota,Streptococcus anginosus
v0f8d	Siphoviridae,Bacillota, Bacteroidota,Prevotella bivia, Streptococcus agalactiae, Streptococcus anginosus, Streptococcus anginosus_C, Streptococcus urinalis
v0f8e	Siphoviridae,Bacillota,Lactobacillus crispatus, Lactobacillus jensenii
v0f8f	Siphoviridae,Bacillota,Lactobacillus delbrueckii
v0f90	Siphoviridae,Bacillota, Bacillota_A,Anaerococcus tetradius, Anaerococcus vaginimassiliensis, Finegoldia magna_F, Gemella asaccharolytica, Lactobacillus gasseri, Lactobacillus iners, Parvimonas sp001552895, Peptoniphilus_A harei_A, Peptoniphilus_A lacrimalis, Peptoniphilus_A vaginalis, Peptoniphilus_B duerdenii, Peptoniphilus_C coxii, UBA629_sp005465875
v0f91	Siphoviridae,Actinomycetota,Bifidobacterium breve, Bifidobacterium longum
v0f92	Siphoviridae,Bacillota,Streptococcus mitis_Q, Streptococcus oralis_BA, Streptococcus oralis_S, Streptococcus sp019448285, Streptococcus sp020089495, Streptococcus unknown
v0f93	Siphoviridae,Bacillota,Enterococcus faecalis
v0f94	Siphoviridae,Bacillota,Enterococcus faecalis
v0f95	Siphoviridae,Bacillota,Enterococcus faecalis
v0f96	Siphoviridae,Bacillota,Enterococcus faecalis
v0f97	Siphoviridae,Bacillota,Streptococcus agalactiae, Streptococcus anginosus, Streptococcus urinalis
v0f98	Siphoviridae,Bacillota,Enterococcus faecalis
v0f99	Unclassified,Actinomycetota, Bacillota, Bacillota_A, Bacillota_C, Bacteroidota,Aerococcus christensenii, Bifidobacterium leopoldii, Bifidobacterium sp003585735, Bifidobacterium swidsinskii, Bifidobacterium vaginale, Bifidobacterium vaginale_A, Bifidobacterium vaginale_C, Bifidobacterium vaginale_D, Bifidobacterium vaginale_F, Bifidobacterium vaginale_H, Dialister sp001553355, Lactobacillus iners, Mobiluncus curtisii, Prevotella timonensis_A, Streptococcus agalactiae, UBA629_sp005465875
v0f9a	Myoviridae,Actinomycetota, Bacillota_C,Bifidobacterium vaginale, Dialister micraerophilus, Dialister sp001553355, Megasphaera hutchinsoni, Megasphaera lornae
v0f9b	Unclassified,Actinomycetota, Bacteroidota,Berryella sp001552935, Fannyhessea massiliensis, Fannyhessea unknown, Fannyhessea vaginae, Prevotella timonensis_A
v0f9c	Unclassified,Actinomycetota,Bifidobacterium leopoldii, Bifidobacterium piotii, Bifidobacterium sp003585735, Bifidobacterium swidsinskii, Bifidobacterium unknown, Bifidobacterium vaginale, Bifidobacterium vaginale_A, Bifidobacterium vaginale_B, Bifidobacterium vaginale_C, Bifidobacterium vaginale_D, Bifidobacterium vaginale_F, Bifidobacterium vaginale_H
v0f9d	Myoviridae,Bacillota,Lactobacillus crispatus
v0f9e	Siphoviridae,Actinomycetota, Bacillota, Bacillota_A,Bifidobacterium leopoldii, Bifidobacterium piotii, Bifidobacterium swidsinskii, Bifidobacterium unknown, Bifidobacterium vaginale, Bifidobacterium vaginale_A, Bifidobacterium vaginale_C, Bifidobacterium vaginale_F, Bifidobacterium vaginale_H, Fannyhessea massiliensis, Fannyhessea vaginae, Lactobacillus iners, UBA629_sp005465875
v0f9f	Siphoviridae,-,-
v0fa0	Siphoviridae,Bacillota,Streptococcus mitis_BM, Streptococcus oralis_BA, Streptococcus unknown
v0fa1	Siphoviridae,Actinomycetota,Actinobaculum massiliense, Corynebacterium jeikeium, Corynebacterium striatum, Winkia neuii
v0fa2	Siphoviridae,Actinomycetota, Bacillota, Bacillota_A, Bacillota_C, Bacteroidota, Fusobacteriota,Abiotrophia massiliensis, Aerococcus christensenii, Amygdalobacter nucleatus, Anaerococcus sp900232825, Anaerococcus tetradius, Dialister micraerophilus, Enterococcus_B faecium, Enterococcus faecalis, Ezakiella coagulans, Facklamia hominis, Fannyhessea vaginae, Finegoldia magna_F, Finegoldia magna_H, Helcococcus massiliensis, Khoudiadiopia massiliensis, Lactobacillus crispatus, Lactobacillus iners, Mageeibacillus indolicus, Megasphaera hutchinsoni, Parvimonas sp001552895, Peptoniphilus_B duerdenii, Peptostreptococcus anaerobius, Prevotella timonensis_A, Sneathia vaginalis, Streptococcus agalactiae, Streptococcus urinalis, UBA629_sp005465875
v0fa3	Siphoviridae,Bacillota,Enterococcus faecalis
v0fa4	Siphoviridae,Actinomycetota,Actinobaculum massiliense, Corynebacterium jeikeium, Corynebacterium sp001815985, Corynebacterium striatum, Winkia neuii
v0fa5	Myoviridae,Pseudomonadota,Morganella morganii
v0fa6	Siphoviridae,Pseudomonadota,Morganella morganii, Salmonella diarizonae
v0fa7	Myoviridae,Pseudomonadota,Morganella morganii
v0fa8	Podoviridae,Pseudomonadota,Morganella morganii
v0fa9	Siphoviridae,Bacillota,Enterococcus faecalis
v0faa	Unclassified,Pseudomonadota,Klebsiella pneumoniae, Klebsiella quasipneumoniae
v0fab	Siphoviridae,Pseudomonadota,Klebsiella pneumoniae
v0fac	Siphoviridae,Pseudomonadota,Klebsiella pneumoniae
v0fad	Siphoviridae,Pseudomonadota,Klebsiella pneumoniae
v0fae	Siphoviridae,Pseudomonadota,Klebsiella pneumoniae
v0faf	Siphoviridae,Actinomycetota,Alloscardovia omnicolens
v0fb0	Podoviridae,Pseudomonadota,Proteus mirabilis
v0fb1	Siphoviridae,Bacillota,Enterococcus faecalis
v0fb2	Myoviridae,Pseudomonadota,Klebsiella aerogenes
v0fb3	Podoviridae,Pseudomonadota,Klebsiella aerogenes
v0fb4	Siphoviridae,Pseudomonadota,Klebsiella pneumoniae
v0fb5	Siphoviridae,Pseudomonadota,Klebsiella aerogenes, Klebsiella grimontii, Klebsiella oxytoca
v0fb6	Podoviridae,Pseudomonadota,Klebsiella aerogenes
v0fb7	Myoviridae,Pseudomonadota,Citrobacter_B koseri, Klebsiella aerogenes
v0fb8	Myoviridae,Pseudomonadota,Escherichia coli
v0fb9	Siphoviridae,Bacillota,Enterococcus faecalis
v0fba	Siphoviridae,-,-
v0fbb	Siphoviridae,Bacillota,Lactobacillus gasseri, Lactobacillus paragasseri
v0fbc	Unclassified,Pseudomonadota,Escherichia coli
v0fbd	Myoviridae,Pseudomonadota,Escherichia coli, Klebsiella michiganensis
v0fbe	Myoviridae,-,-
v0fbf	Myoviridae,Pseudomonadota,Escherichia coli
v0fc0	Myoviridae,Pseudomonadota,Escherichia coli
v0fc1	Myoviridae,Pseudomonadota,Klebsiella grimontii, Klebsiella pneumoniae, Klebsiella quasipneumoniae
v0fc2	Siphoviridae,Pseudomonadota,Klebsiella michiganensis, Klebsiella pneumoniae, Klebsiella quasipneumoniae
v0fc3	Myoviridae,Pseudomonadota,Klebsiella oxytoca, Klebsiella pneumoniae
v0fc4	Siphoviridae,Pseudomonadota,Escherichia coli
v0fc5	Siphoviridae,Bacillota,Enterococcus faecalis
v0fc6	Myoviridae,Pseudomonadota,Klebsiella pneumoniae
v0fc7	Siphoviridae,Actinomycetota,Arcanobacterium_A ihumii, Mobiluncus mulieris, Pauljensenia turicensis
v0fc8	Myoviridae,Bacillota,Lactobacillus crispatus, Lactobacillus mulieris
v0fc9	Siphoviridae,Actinomycetota,Bifidobacterium vaginale_H
v0fca	Myoviridae,Pseudomonadota,Citrobacter_B koseri
v0fcb	Siphoviridae,Actinomycetota,Bifidobacterium vaginale
v0fcc	Siphoviridae,-,-
v0fcd	Siphoviridae,Pseudomonadota,Escherichia coli
v0fce	Myoviridae,-,-
v0fcf	Siphoviridae,Pseudomonadota,Escherichia coli
v0fd0	Podoviridae,Pseudomonadota,Escherichia coli
v0fd1	Siphoviridae,-,-
v0fd2	Myoviridae,Pseudomonadota,Klebsiella grimontii, Klebsiella pneumoniae, Klebsiella quasipneumoniae
v0fd3	Myoviridae,Pseudomonadota,Escherichia coli
v0fd4	Siphoviridae,Bacillota,Enterococcus faecalis
v0fd5	Siphoviridae,Bacillota,Enterococcus faecalis
v0fd6	Siphoviridae,Bacillota,Enterococcus faecalis
v0fd7	Siphoviridae,Bacillota,Lacticaseibacillus paracasei, Lacticaseibacillus rhamnosus
v0fd8	Myoviridae,Pseudomonadota,Morganella morganii
v0fd9	Siphoviridae,Bacillota,Enterococcus faecalis
v0fda	Siphoviridae,Actinomycetota,Bifidobacterium bifidum, Bifidobacterium breve, Bifidobacterium sp002742445
v0fdb	Siphoviridae,Bacillota,Streptococcus agalactiae, Streptococcus pyogenes
v0fdc	Siphoviridae,Pseudomonadota,Klebsiella michiganensis, Klebsiella pneumoniae
v0fdd	Myoviridae,Pseudomonadota,Klebsiella michiganensis, Klebsiella pneumoniae, Salmonella diarizonae
v0fde	Myoviridae,Bacillota,Lactobacillus crispatus
v0fdf	Siphoviridae,Actinomycetota,Varibaculum cambriense_B, Varibaculum massiliense, Varibaculum unknown
v0fe0	Siphoviridae,-,-
v0fe1	Siphoviridae,Bacillota_A,Peptoniphilus_A harei_A, Peptoniphilus_A lacrimalis, Peptoniphilus_A vaginalis
v0fe2	Myoviridae,Bacillota,Lactobacillus crispatus, Lactobacillus mulieris
v0fe3	Siphoviridae,Bacillota,Enterococcus faecalis
v0fe4	Siphoviridae,Bacillota,Enterococcus faecalis
v0fe5	Myoviridae,Pseudomonadota,Klebsiella terrigena
v0fe6	Siphoviridae,-,-
v0fe7	Myoviridae,Pseudomonadota,Klebsiella terrigena
v0fe8	Siphoviridae,-,-
v0fe9	Unclassified,Pseudomonadota,Escherichia coli
v0fea	Myoviridae,Pseudomonadota,Klebsiella terrigena
v0feb	Siphoviridae,-,-
v0fec	Myoviridae,Pseudomonadota,Enterobacter cloacae, Klebsiella quasipneumoniae
v0fed	Myoviridae,Pseudomonadota,Enterobacter cloacae
v0fee	Siphoviridae,-,-
v0fef	Podoviridae,Pseudomonadota,Enterobacter cloacae
v0ff0	Unclassified,Pseudomonadota,Escherichia coli
v0ff1	Siphoviridae,Bacillota,Enterococcus faecalis
v0ff2	Siphoviridae,Bacillota,Lactobacillus crispatus, Lactobacillus jensenii
v0ff3	Myoviridae,Bacillota,Lactobacillus unknown
v0ff4	Siphoviridae,Bacillota,Limosilactobacillus portuensis, Limosilactobacillus unknown
v0ff5	Siphoviridae,Actinomycetota,Corynebacterium pyruviciproducens, Mobiluncus curtisii, Mobiluncus mulieris
v0ff6	Myoviridae,-,-
v0ff7	Myoviridae,Pseudomonadota,Citrobacter_B koseri
v0ff8	Myoviridae,Pseudomonadota,Klebsiella grimontii, Klebsiella pneumoniae, Klebsiella quasipneumoniae
v0ff9	Siphoviridae,Pseudomonadota,Citrobacter_B koseri
v0ffa	Siphoviridae,Bacillota,Enterococcus faecalis
v0ffb	Unclassified,Bacillota,Enterococcus faecalis
v0ffc	Podoviridae,Pseudomonadota,Escherichia coli
v0ffd	Myoviridae,Bacillota,Lactobacillus crispatus, Lactobacillus mulieris
v0ffe	Siphoviridae,Pseudomonadota,Citrobacter_B koseri
v0fff	Myoviridae,-,-
v1000	Myoviridae,Pseudomonadota,Enterobacter kobei
v1001	Unclassified,-,-
v1002	Siphoviridae,-,-
v1003	Siphoviridae,Pseudomonadota,Citrobacter_B koseri
v1004	Podoviridae,-,-
v1005	Siphoviridae,-,-
v1006	Myoviridae,Pseudomonadota,Escherichia coli
v1007	Podoviridae,Pseudomonadota,Escherichia coli
v1008	Myoviridae,Pseudomonadota,Escherichia coli
v1009	Siphoviridae,Pseudomonadota,Escherichia coli
v100a	Myoviridae,Fusobacteriota,Sneathia sanguinegens, Sneathia unknown
v100b	Siphoviridae,Bacillota,Lactobacillus crispatus, Lactobacillus gasseri, Lactobacillus iners, Lactobacillus jensenii
v100c	Siphoviridae,Actinomycetota, Bacillota_C,Bifidobacterium vaginale, Megasphaera hutchinsoni, Megasphaera lornae
v100d	Unclassified,Bacteroidota,Prevotella colorans, Prevotella corporis, Prevotella sp000479005, Prevotella sp000758925, Prevotella timonensis_A, Prevotella unknown
v100e	Siphoviridae,Bacillota_C,Megasphaera lornae
v100f	Unclassified,Bacillota_C,Dialister sp001553355
v1010	Myoviridae,Bacillota_C,Veillonella montpellierensis
v1011	Unclassified,Bacteroidota,Prevotella amnii, Prevotella sp000479005, Prevotella sp000758925, Prevotella timonensis_A, Prevotella unknown
v1012	Siphoviridae,-,-
v1013	Siphoviridae,Actinomycetota,Bifidobacterium leopoldii, Bifidobacterium piotii, Bifidobacterium sp003585735, Bifidobacterium swidsinskii, Bifidobacterium unknown, Bifidobacterium vaginale, Bifidobacterium vaginale_A, Bifidobacterium vaginale_C, Bifidobacterium vaginale_D, Bifidobacterium vaginale_F, Bifidobacterium vaginale_H
v1014	Myoviridae,Bacillota_A, Fusobacteriota,Parvimonas sp001552895, Sneathia sanguinegens, Sneathia unknown, Sneathia vaginalis
v1015	Quimbyviridae,Bacteroidota,Porphyromonas_A sp001808555, Prevotella amnii, Prevotella disiens, Prevotella melaninogenica, Prevotella sp000479005, Prevotella sp000758925, Prevotella sp900548585, Prevotella timonensis_A, Prevotella unknown
v1016	Unclassified,Bacteroidota,Prevotella colorans, Prevotella sp000479005, Prevotella sp000758925, Prevotella timonensis_A, Prevotella unknown
v1017	Siphoviridae,Bacillota,Lactobacillus crispatus, Lactobacillus iners, Lactobacillus jensenii
v1018	Siphoviridae,Bacillota_C,Megasphaera lornae
v1019	Unclassified,Bacteroidota,Prevotella melaninogenica
v101a	Siphoviridae,Bacillota,Lactobacillus crispatus, Lactobacillus gasseri
v101b	Myoviridae,Bacillota_A, Fusobacteriota,Parvimonas sp001552895, Sneathia sanguinegens, Sneathia unknown, Sneathia vaginalis
v101c	Siphoviridae,Bacillota_C,Megasphaera hutchinsoni, Megasphaera lornae
v101d	Siphoviridae,Bacillota,Lactobacillus crispatus, Lactobacillus gasseri
v101e	Unclassified,Bacillota_C,Megasphaera lornae
v101f	Myoviridae,Bacillota_C,Dialister sp001553355, Megasphaera lornae
v1020	Unclassified,Actinomycetota,Berryella sp001552935
v1021	Unclassified,Bacteroidota,Prevotella amnii, Prevotella sp000479005, Prevotella sp000758925, Prevotella timonensis_A, Prevotella unknown
v1022	Siphoviridae,Bacillota_A,Stomatobaculum sp002892395
v1023	Unclassified,Bacteroidota,Prevotella amnii, Prevotella colorans, Prevotella sp000479005, Prevotella timonensis_A, Prevotella unknown
v1024	Siphoviridae,Bacillota_C,Veillonella montpellierensis
v1025	Unclassified,Patescibacteria,Nanoperiomorbus sp004136275, Nanoperiomorbus unknown
v1026	Unclassified,Actinomycetota,Bifidobacterium leopoldii, Bifidobacterium swidsinskii, Bifidobacterium unknown, Bifidobacterium vaginale_C
v1027	Unclassified,Bacteroidota,Prevotella timonensis_A, Prevotella unknown
v1028	Siphoviridae,Actinomycetota,Actinotignum timonense, Bifidobacterium piotii, Bifidobacterium swidsinskii, Bifidobacterium vaginale, Bifidobacterium vaginale_A, Bifidobacterium vaginale_C, Bifidobacterium vaginale_D, Mobiluncus curtisii, Mobiluncus mulieris, Vaginimicrobium propionicum, Varibaculum cambriense, Winkia sp002849225
v1029	Unclassified,Bacteroidota,Prevotella colorans, Prevotella sp000479005, Prevotella sp000758925, Prevotella timonensis_A, Prevotella unknown
v102a	Siphoviridae,Actinomycetota,Bifidobacterium vaginale_A, Bifidobacterium vaginale_C
v102b	Siphoviridae,Actinomycetota, Bacillota_C,Bifidobacterium vaginale, Megasphaera hutchinsoni, Megasphaera lornae, Veillonella montpellierensis
v102c	Unclassified,Bacteroidota,Prevotella timonensis_A
v102d	Unclassified,Actinomycetota, Bacteroidota,Bifidobacterium leopoldii, Bifidobacterium piotii, Bifidobacterium sp003585735, Bifidobacterium swidsinskii, Bifidobacterium unknown, Bifidobacterium vaginale, Bifidobacterium vaginale_A, Bifidobacterium vaginale_C, Bifidobacterium vaginale_D, Bifidobacterium vaginale_F, Bifidobacterium vaginale_H, Prevotella timonensis_A
v102e	Unclassified,Bacteroidota,Porphyromonas uenonis, Porphyromonas uenonis_A, Porphyromonas unknown
v102f	Siphoviridae,Actinomycetota, Bacillota_C,Bifidobacterium vaginale, Megasphaera hutchinsoni, Megasphaera lornae
v1030	Unclassified,Bacteroidota,Prevotella colorans, Prevotella sp000479005, Prevotella sp000758925, Prevotella timonensis_A, Prevotella unknown
v1031	Siphoviridae,Actinomycetota,Bifidobacterium vaginale_H
v1032	Siphoviridae,Actinomycetota, Bacillota_A, Bacillota_C,Bifidobacterium vaginale, Megasphaera hutchinsoni, Megasphaera lornae, Peptoniphilus_A lacrimalis, UBA629_sp005465875
v1033	Unclassified,Bacillota_C,Megasphaera hutchinsoni, Megasphaera lornae
v1034	Siphoviridae,Actinomycetota, Bacillota, Bacillota_A,Berryella sp001552935, Bifidobacterium leopoldii, Bifidobacterium piotii, Bifidobacterium swidsinskii, Bifidobacterium unknown, Bifidobacterium vaginale, Bifidobacterium vaginale_A, Bifidobacterium vaginale_C, Bifidobacterium vaginale_H, Fannyhessea massiliensis, Fannyhessea vaginae, Lactobacillus iners, UBA629_sp005465875
v1035	Siphoviridae,Actinomycetota, Bacillota_C,Bifidobacterium vaginale, Megasphaera hutchinsoni, Megasphaera lornae
v1036	Unclassified,Bacteroidota,Prevotella amnii, Prevotella disiens, Prevotella ihumii
v1037	Siphoviridae,Actinomycetota, Bacteroidota,Bifidobacterium piotii, Bifidobacterium sp003585735, Bifidobacterium swidsinskii, Bifidobacterium unknown, Bifidobacterium vaginale, Bifidobacterium vaginale_A, Bifidobacterium vaginale_C, Bifidobacterium vaginale_D, Bifidobacterium vaginale_F, Bifidobacterium vaginale_H, Prevotella timonensis_A
v1038	Myoviridae,Bacillota, Fusobacteriota,Sneathia sanguinegens, Sneathia unknown, Sneathia vaginalis, Streptococcus anginosus
v1039	Siphoviridae,Actinomycetota, Bacteroidota,Bifidobacterium leopoldii, Bifidobacterium piotii, Bifidobacterium swidsinskii, Bifidobacterium unknown, Bifidobacterium vaginale, Bifidobacterium vaginale_A, Bifidobacterium vaginale_C, Bifidobacterium vaginale_D, Bifidobacterium vaginale_F, Bifidobacterium vaginale_H, Prevotella timonensis_A
v103a	Siphoviridae,Bacillota_A,Peptostreptococcus anaerobius
v103b	Unclassified,Bacteroidota,Prevotella colorans, Prevotella sp000479005, Prevotella sp000758925, Prevotella timonensis_A, Prevotella unknown
v103c	Unclassified,Bacteroidota,Prevotella corporis, Prevotella disiens, Prevotella sp000479005, Prevotella sp000758925, Prevotella timonensis_A, Prevotella unknown
v103d	Unclassified,Bacteroidota,Prevotella amnii, Prevotella bivia, Prevotella colorans, Prevotella sp000479005, Prevotella sp000758925, Prevotella timonensis_A, Prevotella unknown
v103e	Siphoviridae,Actinomycetota,Berryella unknown, Fannyhessea massiliensis, Fannyhessea unknown, Fannyhessea vaginae
v103f	Unclassified,Actinomycetota,Berryella sp001552935, Berryella unknown
v1040	Unclassified,Actinomycetota, Bacillota_A, Bacillota_C,Amygdalobacter indicium, Corynebacterium sp001815985, Dialister micraerophilus, Dialister sp001553355, KA00274_sp902373515, Megasphaera hutchinsoni
v1041	Siphoviridae,Actinomycetota, Bacteroidota,Actinotignum timonense, Bifidobacterium leopoldii, Bifidobacterium piotii, Bifidobacterium sp003585735, Bifidobacterium swidsinskii, Bifidobacterium unknown, Bifidobacterium vaginale, Bifidobacterium vaginale_A, Bifidobacterium vaginale_C, Bifidobacterium vaginale_D, Bifidobacterium vaginale_H, Mobiluncus curtisii, Mobiluncus mulieris, Prevotella timonensis_A, Vaginimicrobium propionicum, Varibaculum cambriense
v1042	Unclassified,Bacteroidota,Prevotella colorans, Prevotella denticola, Prevotella melaninogenica, Prevotella sp000479005, Prevotella sp001553265, Prevotella timonensis, Prevotella timonensis_A, Prevotella unknown
v1043	Unclassified,Bacillota, Bacteroidota,Prevotella amnii, Prevotella sp000479005, Prevotella sp000758925, Prevotella timonensis_A, Prevotella unknown, Streptococcus agalactiae
v1044	Unclassified,Bacteroidota,Prevotella corporis, Prevotella disiens, Prevotella ihumii, Prevotella pallens, Prevotella unknown
v1045	Siphoviridae,Actinomycetota, Bacillota, Bacillota_A, Bacillota_C,Dialister sp001553355, Lactobacillus crispatus, Lactobacillus iners, Lactobacillus mulieris, Mobiluncus curtisii, UBA629_sp005465875
v1046	Siphoviridae,Actinomycetota, Bacillota, Bacillota_A,Anaerococcus tetradius, Anaerococcus vaginimassiliensis, Bifidobacterium vaginale_F, Finegoldia magna_F, Gemella asaccharolytica, Lactobacillus iners, Peptoniphilus_A harei_A, Peptoniphilus_A lacrimalis, Peptoniphilus_A vaginalis, Peptoniphilus_C coxii, UBA629_sp005465875
v1047	Siphoviridae,Bacillota_A,Parvimonas parva, Parvimonas sp001552895
v1048	Unclassified,Actinomycetota, Bacillota_C,Bifidobacterium vaginale, Megasphaera hutchinsoni, Megasphaera lornae
v1049	Siphoviridae,Bacillota, Bacillota_A,Catonella unknown, Parvimonas sp001552895, Peptoniphilus_A vaginalis, Streptococcus agalactiae
v104a	Unclassified,Bacteroidota,Prevotella corporis, Prevotella disiens, Prevotella nigrescens, Prevotella pallens
v104b	Unclassified,Bacteroidota,Prevotella sp000479005, Prevotella timonensis_A, Prevotella unknown
v104c	Siphoviridae,Actinomycetota, Bacteroidota,Fannyhessea massiliensis, Fannyhessea unknown, Fannyhessea vaginae, Prevotella amnii, Prevotella timonensis_A
v104d	Unclassified,Actinomycetota, Bacteroidota,Berryella unknown, Fannyhessea massiliensis, Fannyhessea unknown, Fannyhessea vaginae, Prevotella timonensis_A
v104e	Unclassified,Bacteroidota,Prevotella sp000479005, Prevotella timonensis_A, Prevotella unknown
v104f	Siphoviridae,Bacillota,Lactobacillus crispatus, Lactobacillus iners, Lactobacillus jensenii, Lactobacillus mulieris
v1050	Myoviridae,Bacillota_A,Peptoniphilus_A lacrimalis, Peptoniphilus_A vaginalis
v1051	Siphoviridae,Bacillota_A,Parvimonas parva, Parvimonas sp001552895
v1052	Myoviridae,Bacillota_C,Veillonella montpellierensis
v1053	Siphoviridae,Bacillota,Lactobacillus crispatus
v1054	Unclassified,Bacteroidota,Porphyromonas asaccharolytica, Porphyromonas uenonis, Porphyromonas uenonis_A, Porphyromonas unknown
v1055	Siphoviridae,Bacillota_C,Megasphaera lornae
v1056	Siphoviridae,Bacillota, Bacteroidota,Prevotella bivia, Streptococcus agalactiae, Streptococcus anginosus, Streptococcus anginosus_C, Streptococcus pasteurianus, Streptococcus urinalis
v1057	Unclassified,Bacteroidota,Prevotella timonensis, Prevotella timonensis_A, Prevotella unknown
v1058	Siphoviridae,Bacillota_C,Dialister sp001553355
v1059	Siphoviridae,Actinomycetota,Bifidobacterium leopoldii, Bifidobacterium swidsinskii, Bifidobacterium unknown
v105a	Unclassified,Bacteroidota,Prevotella bivia, Prevotella colorans, Prevotella oralis, Prevotella sp000479005, Prevotella timonensis_A, Prevotella unknown
v105b	Siphoviridae,Bacillota,Limosilactobacillus coleohominis_A
v105c	Siphoviridae,Bacillota,Lactobacillus gasseri, Lactobacillus paragasseri, Limosilactobacillus coleohominis_A, Limosilactobacillus portuensis
v105d	Siphoviridae,Actinomycetota,Bifidobacterium vaginale_A, Bifidobacterium vaginale_C
v105e	Siphoviridae,Actinomycetota, Bacillota_C, Bacteroidota,Fannyhessea unknown, Fannyhessea vaginae, Megasphaera hutchinsoni, Prevotella timonensis_A
v105f	Unclassified,Bacteroidota,Prevotella timonensis, Prevotella timonensis_A, Prevotella unknown
v1060	Myoviridae,Actinomycetota, Bacillota_C,Bifidobacterium vaginale, Dialister micraerophilus, Dialister sp001553355, Megasphaera hutchinsoni, Megasphaera lornae
v1061	Siphoviridae,Fusobacteriota,Sneathia sanguinegens, Sneathia unknown, Sneathia vaginalis
v1062	Siphoviridae,Pseudomonadota,Klebsiella michiganensis, Klebsiella pneumoniae, Klebsiella quasipneumoniae
v1063	Myoviridae,Pseudomonadota,Klebsiella pneumoniae, Klebsiella quasipneumoniae
v1064	Siphoviridae,Pseudomonadota,Klebsiella pneumoniae
v1065	Siphoviridae,Actinomycetota, Bacillota, Bacillota_A, Bacillota_C,Bifidobacterium vaginale, Dialister sp001553355, Lactobacillus iners, Megasphaera hutchinsoni, Megasphaera lornae, Mobiluncus curtisii, Peptoniphilus_A lacrimalis, Peptoniphilus_A vaginalis, Streptococcus agalactiae, UBA629_sp005465875
v1066	Siphoviridae,Bacteroidota,Prevotella amnii, Prevotella sp000758925, Prevotella unknown
v1067	Siphoviridae,Actinomycetota,Fannyhessea unknown
v1068	Siphoviridae,Actinomycetota,Fannyhessea massiliensis, Fannyhessea unknown, Fannyhessea vaginae
v1069	Siphoviridae,Bacillota_A,Peptoniphilus_A lacrimalis, Peptoniphilus_A vaginalis, Peptoniphilus_B unknown
v106a	Unclassified,Bacteroidota,Porphyromonas_A unknown
v106b	Siphoviridae,Actinomycetota,Bifidobacterium piotii, Bifidobacterium swidsinskii, Bifidobacterium vaginale, Bifidobacterium vaginale_A, Pauljensenia turicensis
v106c	Unclassified,Actinomycetota,Corynebacterium amycolatum_A
v106d	Myoviridae,Pseudomonadota,Escherichia coli, Klebsiella pneumoniae
v106e	Siphoviridae,Bacillota,Lactobacillus crispatus, Lactobacillus gasseri
v106f	Siphoviridae,Pseudomonadota,Escherichia coli
v1070	Unclassified,Bacillota_C,Megasphaera lornae
v1071	Siphoviridae,Bacillota_C,Dialister micraerophilus
v1072	Unclassified,Actinomycetota, Bacteroidota,Bifidobacterium leopoldii, Bifidobacterium piotii, Bifidobacterium swidsinskii, Bifidobacterium unknown, Bifidobacterium vaginale, Bifidobacterium vaginale_A, Bifidobacterium vaginale_C, Bifidobacterium vaginale_D, Bifidobacterium vaginale_F, Bifidobacterium vaginale_H, Prevotella timonensis_A
v1073	Siphoviridae,Actinomycetota, Bacillota, Bacillota_A,Bifidobacterium leopoldii, Bifidobacterium piotii, Bifidobacterium swidsinskii, Bifidobacterium unknown, Bifidobacterium vaginale, Bifidobacterium vaginale_A, Bifidobacterium vaginale_C, Bifidobacterium vaginale_F, Bifidobacterium vaginale_H, Fannyhessea massiliensis, Fannyhessea vaginae, Lactobacillus crispatus, Lactobacillus iners, UBA629_sp005465875
v1074	Unclassified,Bacteroidota,Prevotella timonensis_A, Prevotella unknown
v1075	Unclassified,Bacteroidota,Prevotella amnii, Prevotella bivia, Prevotella disiens, Prevotella sp001553265
v1076	Siphoviridae,Actinomycetota, Bacteroidota,Bifidobacterium leopoldii, Bifidobacterium piotii, Bifidobacterium swidsinskii, Bifidobacterium unknown, Bifidobacterium vaginale, Bifidobacterium vaginale_A, Bifidobacterium vaginale_C, Bifidobacterium vaginale_D, Bifidobacterium vaginale_F, Bifidobacterium vaginale_H, Prevotella timonensis_A
v1077	Unclassified,Actinomycetota,Berryella sp001552935
v1078	Siphoviridae,Actinomycetota,Actinotignum timonense, Bifidobacterium piotii, Bifidobacterium swidsinskii, Bifidobacterium vaginale, Bifidobacterium vaginale_A, Bifidobacterium vaginale_C, Bifidobacterium vaginale_D, Corynebacterium pyruviciproducens, Mobiluncus curtisii, Mobiluncus mulieris, Varibaculum cambriense
v1079	Unclassified,Actinomycetota,Berryella sp001552935, Berryella unknown, Fannyhessea vaginae
v107a	Unclassified,Bacillota_A,Gemmiger qucibialis
v107b	Unclassified,-,-
v107c	Unclassified,-,-
v107d	Unclassified,-,-
v107e	Myoviridae,-,-
v107f	Siphoviridae,-,-
v1080	Myoviridae,Pseudomonadota,Parasutterella excrementihominis
v1081	Siphoviridae,Bacillota_A,COE1_sp001916965
v1082	Unclassified,Bacteroidota,Odoribacter splanchnicus, Phocaeicola plebeius_A
v1083	Unclassified,Bacteroidota,Odoribacter splanchnicus
v1084	Unclassified,-,-
v1085	Unclassified,-,-
v1086	Siphoviridae,Bacillota_A,CAG-41_sp900066215
v1087	Unclassified,-,-
v1088	Siphoviridae,Bacillota_A,Butyribacter sp003524945
v1089	Autographiviridae,-,-
v108a	Unclassified,-,-
v108b	Siphoviridae,Bacillota_A,Anaerostipes hadrus
v108c	Siphoviridae,Bacteroidota,Prevotella timonensis_A, Prevotella unknown
v108d	Unclassified,Bacillota_A,Anaerotignum faecicola
v108e	Siphoviridae,Bacillota_A,Copromonas sp900066535
v108f	Unclassified,-,-
v1090	Myoviridae,-,-
v1091	Unclassified,Bacillota_A,Acetatifactor sp900066565
v1092	Siphoviridae,-,-
v1093	Unclassified,Bacteroidota,Parabacteroides distasonis
v1094	Siphoviridae,-,-
v1095	Unclassified,-,-
v1096	Siphoviridae,Bacillota_A,Mediterraneibacter lactaris
v1097	Myoviridae,-,-
v1098	Unclassified,Bacteroidota,Butyricimonas faecalis
v1099	Unclassified,Bacillota_A,ER4_sp000765235
v109a	Unclassified,-,-
v109b	Myoviridae,Bacillota_A,Agathobaculum butyriciproducens
v109c	Unclassified,Bacillota_A,CAG-41_sp900066215
v109d	Unclassified,-,-
v109e	Myoviridae,-,-
v109f	Myoviridae,Bacillota_A,Gemmiger qucibialis
v10a0	Unclassified,Bacteroidota,Prevotella buccae
v10a1	Siphoviridae,Bacillota_A,Lachnospira sp000437735
v10a2	Myoviridae,Bacillota_A,CAG-303_sp000437755, Lachnospira sp000437735, Lachnospira sp900551945
v10a3	Myoviridae,Bacillota_A,Roseburia hominis
v10a4	Siphoviridae,Bacillota,Faecalibacillus faecis
v10a5	Siphoviridae,Bacillota,Faecalibacillus faecis
v10a6	Siphoviridae,Bacillota_A,Eubacterium_I unknown, Lachnospira sp003537285, Lachnospira sp900551945
v10a7	Myoviridae,-,-
