v0001	Viruses;Duplodnaviria;Heunggongvirae;Uroviricota;Caudoviricetes;;,d__Bacteria;p__Actinomycetota;c__Actinomycetes;o__Actinomycetales;f__Bifidobacteriaceae;g__Bifidobacterium,temperate
v0002	NA,d__Bacteria;p__Bacillota;c__Negativicutes;o__Veillonellales;f__Megasphaeraceae;g__Megasphaera_C,virulent
v0003	Viruses;Duplodnaviria;Heunggongvirae;Uroviricota;Caudoviricetes;;,d__Bacteria;p__Actinomycetota;c__Actinomycetes;o__Actinomycetales;f__Bifidobacteriaceae;g__Bifidobacterium,temperate
v0004	Viruses;Duplodnaviria;Heunggongvirae;Uroviricota;Caudoviricetes;;,NA,temperate
v0005	Viruses;Duplodnaviria;Heunggongvirae;Uroviricota;Caudoviricetes;;,d__Bacteria;p__Pseudomonadota;c__Gammaproteobacteria;o__Enterobacterales;f__Enterobacteriaceae;g__Klebsiella,temperate
v0006	Viruses;Duplodnaviria;Heunggongvirae;Uroviricota;Caudoviricetes;;,NA,temperate
v0007	Viruses;Duplodnaviria;Heunggongvirae;Uroviricota;Caudoviricetes;;,d__Bacteria;p__Bacillota;c__Bacilli;o__Lactobacillales;f__Lactobacillaceae;g__Lactobacillus,temperate
v0008	Viruses;Duplodnaviria;Heunggongvirae;Uroviricota;Caudoviricetes;;,d__Bacteria;p__Bacillota;c__Bacilli;o__Lactobacillales;f__Lactobacillaceae;g__Lactobacillus,temperate
v0009	Viruses;Duplodnaviria;Heunggongvirae;Uroviricota;Caudoviricetes;;,d__Bacteria;p__Bacillota;c__Bacilli;o__Lactobacillales;f__Lactobacillaceae;g__Lactobacillus,temperate
v000a	Viruses;Duplodnaviria;Heunggongvirae;Uroviricota;Caudoviricetes;;,d__Bacteria;p__Bacillota;c__Bacilli;o__Lactobacillales;f__Lactobacillaceae;g__Lactobacillus,temperate
v000b	Viruses;Duplodnaviria;Heunggongvirae;Uroviricota;Caudoviricetes;;Rountreeviridae,NA,virulent
v000c	Viruses;Duplodnaviria;Heunggongvirae;Uroviricota;Caudoviricetes;;,d__Bacteria;p__Bacillota;c__Bacilli;o__Lactobacillales;f__Lactobacillaceae;g__Lactobacillus,temperate
v000d	Viruses;Duplodnaviria;Heunggongvirae;Uroviricota;Caudoviricetes;;,d__Bacteria;p__Bacillota;c__Bacilli;o__Lactobacillales;f__Lactobacillaceae;g__Lactobacillus,temperate
v000e	Viruses;Duplodnaviria;Heunggongvirae;Uroviricota;Caudoviricetes;;,d__Bacteria;p__Bacillota;c__Bacilli;o__Lactobacillales;f__Lactobacillaceae;g__Lactobacillus,temperate
v000f	Viruses;Duplodnaviria;Heunggongvirae;Uroviricota;Caudoviricetes;;,d__Bacteria;p__Bacillota;c__Bacilli;o__Lactobacillales;f__Lactobacillaceae;g__Lactobacillus,temperate
v0010	Viruses;Duplodnaviria;Heunggongvirae;Uroviricota;Caudoviricetes;;,d__Bacteria;p__Bacillota;c__Bacilli;o__Lactobacillales;f__Lactobacillaceae;g__Lactobacillus,temperate
v0011	Viruses;Duplodnaviria;Heunggongvirae;Uroviricota;Caudoviricetes;;,d__Bacteria;p__Fusobacteriota;c__Fusobacteriia;o__Fusobacteriales;f__Leptotrichiaceae;g__Sneathia,temperate
v0012	Viruses;Duplodnaviria;Heunggongvirae;Uroviricota;Caudoviricetes;;,d__Bacteria;p__Bacillota;c__Bacilli;o__Lactobacillales;f__Lactobacillaceae;g__Lactobacillus,temperate
v0013	Viruses;Duplodnaviria;Heunggongvirae;Uroviricota;Caudoviricetes;;,d__Bacteria;p__Bacillota;c__Bacilli;o__Lactobacillales;f__Lactobacillaceae;g__Lactobacillus,temperate
v0014	Viruses;Duplodnaviria;Heunggongvirae;Uroviricota;Caudoviricetes;;,d__Bacteria;p__Bacillota;c__Bacilli;o__Lactobacillales;f__Lactobacillaceae;g__Lactobacillus,temperate
v0015	Viruses;Duplodnaviria;Heunggongvirae;Uroviricota;Caudoviricetes;;,d__Bacteria;p__Actinomycetota;c__Actinomycetes;o__Actinomycetales;f__Bifidobacteriaceae;g__Bifidobacterium,temperate
v0016	Viruses;Duplodnaviria;Heunggongvirae;Uroviricota;Caudoviricetes;;,d__Bacteria;p__Actinomycetota;c__Actinomycetes;o__Actinomycetales;f__Bifidobacteriaceae;g__Bifidobacterium,temperate
v0017	Viruses;Duplodnaviria;Heunggongvirae;Uroviricota;Caudoviricetes;;,d__Bacteria;p__Bacteroidota;c__Bacteroidia;o__Bacteroidales;f__Bacteroidaceae;g__Alloprevotella,virulent
v0018	Viruses;Duplodnaviria;Heunggongvirae;Uroviricota;Caudoviricetes;;,NA,temperate
v0019	Viruses;Duplodnaviria;Heunggongvirae;Uroviricota;Caudoviricetes;;,d__Bacteria;p__Bacillota;c__Clostridia;o__Peptostreptococcales;f__Peptostreptococcaceae;g__Intestinibacter,temperate
v001a	Viruses;Duplodnaviria;Heunggongvirae;Uroviricota;Caudoviricetes;;,d__Bacteria;p__Bacteroidota;c__Bacteroidia;o__Bacteroidales;f__Tannerellaceae;g__Parabacteroides,virulent
v001b	Viruses;Duplodnaviria;Heunggongvirae;Uroviricota;Caudoviricetes;;,d__Bacteria;p__Actinomycetota;c__Coriobacteriia;o__Coriobacteriales;f__Eggerthellaceae;g__Adlercreutzia,virulent
v001c	Viruses;Duplodnaviria;Heunggongvirae;Uroviricota;Caudoviricetes;;,d__Bacteria;p__Bacillota;c__Clostridia;o__Lachnospirales;f__Lachnospiraceae;g__Acetatifactor,temperate
v001d	Viruses;Duplodnaviria;Heunggongvirae;Uroviricota;Caudoviricetes;;,d__Bacteria;p__Bacillota;c__Bacilli;o__Erysipelotrichales;f__Erysipelotrichaceae;g__Holdemanella,temperate
v001e	Viruses;Duplodnaviria;Heunggongvirae;Uroviricota;Caudoviricetes;;,d__Bacteria;p__Bacillota;c__Clostridia;o__Oscillospirales;f__Oscillospiraceae;g__Hominicoprocola,temperate
v001f	Viruses;Duplodnaviria;Heunggongvirae;Uroviricota;Caudoviricetes;;,NA,virulent
v0020	Viruses;Duplodnaviria;Heunggongvirae;Uroviricota;Caudoviricetes;;,d__Bacteria;p__Bacteroidota;c__Bacteroidia;o__Bacteroidales;f__Bacteroidaceae;g__Prevotella,temperate
v0021	Viruses;Duplodnaviria;Heunggongvirae;Uroviricota;Caudoviricetes;;,d__Bacteria;p__Bacillota;c__Clostridia;o__Oscillospirales;f__Oscillospiraceae;g__CAG-103,virulent
v0022	Viruses;Duplodnaviria;Heunggongvirae;Uroviricota;Caudoviricetes;;,d__Bacteria;p__Bacteroidota;c__Bacteroidia;o__Bacteroidales;f__Rikenellaceae;g__Alistipes,virulent
v0023	Viruses;Duplodnaviria;Heunggongvirae;Uroviricota;Caudoviricetes;;,d__Bacteria;p__Bacillota;c__Bacilli;o__Lactobacillales;f__Lactobacillaceae;g__Lactobacillus,temperate
v0024	Viruses;Duplodnaviria;Heunggongvirae;Uroviricota;Caudoviricetes;;Rountreeviridae,NA,virulent
v0025	Viruses;Duplodnaviria;Heunggongvirae;Uroviricota;Caudoviricetes;;Rountreeviridae,NA,virulent
v0026	Viruses;Duplodnaviria;Heunggongvirae;Uroviricota;Caudoviricetes;;,d__Bacteria;p__Bacteroidota;c__Bacteroidia;o__Bacteroidales;f__Bacteroidaceae;g__Bacteroides,virulent
v0027	Viruses;Duplodnaviria;Heunggongvirae;Uroviricota;Caudoviricetes;;,d__Bacteria;p__Bacteroidota;c__Bacteroidia;o__Bacteroidales;f__Bacteroidaceae;g__Bacteroides,temperate
v0028	Viruses;Duplodnaviria;Heunggongvirae;Uroviricota;Caudoviricetes;;,d__Bacteria;p__Bacteroidota;c__Bacteroidia;o__Bacteroidales;f__Bacteroidaceae;g__Bacteroides,temperate
v0029	Viruses;Duplodnaviria;Heunggongvirae;Uroviricota;Caudoviricetes;;,NA,temperate
v002a	Viruses;Duplodnaviria;Heunggongvirae;Uroviricota;Caudoviricetes;;,d__Bacteria;p__Bacteroidota;c__Bacteroidia;o__Bacteroidales;f__Bacteroidaceae;g__Bacteroides,virulent
v002b	Viruses;Duplodnaviria;Heunggongvirae;Uroviricota;Caudoviricetes;;,NA,virulent
v002c	Viruses;Duplodnaviria;Heunggongvirae;Uroviricota;Caudoviricetes;;Rountreeviridae,NA,virulent
v002d	Viruses;Duplodnaviria;Heunggongvirae;Uroviricota;Caudoviricetes;;,d__Bacteria;p__Actinomycetota;c__Actinomycetes;o__Actinomycetales;f__Actinomycetaceae;g__Arcanobacterium_A,temperate
v002e	Viruses;Duplodnaviria;Heunggongvirae;Uroviricota;Caudoviricetes;;,d__Bacteria;p__Fusobacteriota;c__Fusobacteriia;o__Fusobacteriales;f__Leptotrichiaceae;g__Sneathia,temperate
v002f	Viruses;Duplodnaviria;Heunggongvirae;Uroviricota;Caudoviricetes;;,d__Bacteria;p__Bacillota;c__Negativicutes;o__Veillonellales;f__Dialisteraceae;g__Dialister,temperate
v0030	Viruses;Duplodnaviria;Heunggongvirae;Uroviricota;Caudoviricetes;;,d__Bacteria;p__Actinomycetota;c__Actinomycetes;o__Actinomycetales;f__Bifidobacteriaceae;g__Bifidobacterium,virulent
v0031	Viruses;Duplodnaviria;Heunggongvirae;Uroviricota;Caudoviricetes;;,d__Bacteria;p__Bacteroidota;c__Bacteroidia;o__Bacteroidales;f__Bacteroidaceae;g__Bacteroides,temperate
v0032	Viruses;Duplodnaviria;Heunggongvirae;Uroviricota;Caudoviricetes;;,d__Bacteria;p__Bacteroidota;c__Bacteroidia;o__Bacteroidales;f__Porphyromonadaceae;g__Porphyromonas,virulent
v0033	Viruses;Duplodnaviria;Heunggongvirae;Uroviricota;Caudoviricetes;;,d__Bacteria;p__Actinomycetota;c__Coriobacteriia;o__Coriobacteriales;f__Atopobiaceae;g__Fannyhessea,temperate
v0034	Viruses;Duplodnaviria;Heunggongvirae;Uroviricota;Caudoviricetes;;,d__Bacteria;p__Bacillota;c__Bacilli;o__Lactobacillales;f__Lactobacillaceae;g__Limosilactobacillus,temperate
v0035	Viruses;Duplodnaviria;Heunggongvirae;Uroviricota;Caudoviricetes;;,d__Bacteria;p__Bacillota;c__Bacilli;o__Lactobacillales;f__Lactobacillaceae;g__Lactobacillus,temperate
v0036	Viruses;Duplodnaviria;Heunggongvirae;Uroviricota;Caudoviricetes;;,d__Bacteria;p__Bacillota;c__Clostridia;o__Lachnospirales;f__Lachnospiraceae;g__Lachnospira,temperate
v0037	Viruses;Duplodnaviria;Heunggongvirae;Uroviricota;Caudoviricetes;;,NA,temperate
v0038	Viruses;Duplodnaviria;Heunggongvirae;Uroviricota;Caudoviricetes;Crassvirales;,d__Bacteria;p__Bacteroidota;c__Bacteroidia;o__Bacteroidales;f__Bacteroidaceae;g__Bacteroides,virulent
v0039	Viruses;Duplodnaviria;Heunggongvirae;Uroviricota;Caudoviricetes;;,d__Bacteria;p__Bacillota;c__Bacilli;o__Lactobacillales;f__Lactobacillaceae;g__Lactobacillus,temperate
v003a	Viruses;Duplodnaviria;Heunggongvirae;Uroviricota;Caudoviricetes;;,d__Bacteria;p__Bacillota;c__Bacilli;o__Lactobacillales;f__Streptococcaceae;g__Streptococcus,temperate
v003b	Viruses;Duplodnaviria;Heunggongvirae;Uroviricota;Caudoviricetes;;,d__Bacteria;p__Bacillota;c__Bacilli;o__Lactobacillales;f__Lactobacillaceae;g__Lactobacillus,temperate
v003c	Viruses;Duplodnaviria;Heunggongvirae;Uroviricota;Caudoviricetes;;,d__Bacteria;p__Bacillota;c__Bacilli;o__Lactobacillales;f__Lactobacillaceae;g__Lactobacillus,temperate
v003d	Viruses;Duplodnaviria;Heunggongvirae;Uroviricota;Caudoviricetes;;,d__Bacteria;p__Bacillota;c__Bacilli;o__Lactobacillales;f__Lactobacillaceae;g__Lactobacillus,temperate
v003e	Viruses;Duplodnaviria;Heunggongvirae;Uroviricota;Caudoviricetes;;,NA,temperate
v003f	Viruses;Duplodnaviria;Heunggongvirae;Uroviricota;Caudoviricetes;;,d__Bacteria;p__Actinomycetota;c__Actinomycetes;o__Actinomycetales;f__Actinomycetaceae;g__Actinomyces,virulent
v0040	Viruses;Duplodnaviria;Heunggongvirae;Uroviricota;Caudoviricetes;;,d__Bacteria;p__Bacillota;c__Bacilli;o__Lactobacillales;f__Streptococcaceae;g__Streptococcus,temperate
v0041	Viruses;Duplodnaviria;Heunggongvirae;Uroviricota;Caudoviricetes;;,d__Bacteria;p__Bacillota;c__Bacilli;o__Lactobacillales;f__Streptococcaceae;g__Streptococcus,temperate
v0042	Viruses;Duplodnaviria;Heunggongvirae;Uroviricota;Caudoviricetes;;,d__Bacteria;p__Actinomycetota;c__Actinomycetes;o__Actinomycetales;f__Actinomycetaceae;g__Pauljensenia,temperate
v0043	Viruses;Duplodnaviria;Heunggongvirae;Uroviricota;Caudoviricetes;;,d__Bacteria;p__Bacillota;c__Bacilli;o__Lactobacillales;f__Streptococcaceae;g__Streptococcus,virulent
v0044	Viruses;Duplodnaviria;Heunggongvirae;Uroviricota;Caudoviricetes;;,d__Bacteria;p__Campylobacterota;c__Campylobacteria;o__Campylobacterales;f__Campylobacteraceae;g__Campylobacter_D,temperate
v0045	Viruses;Duplodnaviria;Heunggongvirae;Uroviricota;Caudoviricetes;;Herelleviridae,d__Bacteria;p__Bacillota;c__Bacilli;o__Lactobacillales;f__Streptococcaceae;g__Streptococcus,temperate
v0046	Viruses;Duplodnaviria;Heunggongvirae;Uroviricota;Caudoviricetes;;,d__Bacteria;p__Bacillota;c__Bacilli;o__Lactobacillales;f__Streptococcaceae;g__Streptococcus,temperate
v0047	Viruses;Duplodnaviria;Heunggongvirae;Uroviricota;Caudoviricetes;;,d__Bacteria;p__Bacteroidota;c__Bacteroidia;o__Bacteroidales;f__Bacteroidaceae;g__Prevotella,temperate
v0048	Viruses;Duplodnaviria;Heunggongvirae;Uroviricota;Caudoviricetes;;,d__Bacteria;p__Bacteroidota;c__Bacteroidia;o__Bacteroidales;f__Bacteroidaceae;g__Prevotella,virulent
v0049	Viruses;Duplodnaviria;Heunggongvirae;Uroviricota;Caudoviricetes;;,d__Bacteria;p__Bacteroidota;c__Bacteroidia;o__Bacteroidales;f__Bacteroidaceae;g__Prevotella,temperate
v004a	Viruses;Duplodnaviria;Heunggongvirae;Uroviricota;Caudoviricetes;;,d__Bacteria;p__Patescibacteriota;c__Saccharimonadia;o__Saccharimonadales;f__Nanosynbacteraceae;g__Nanosynbacter,temperate
v004b	Viruses;Duplodnaviria;Heunggongvirae;Uroviricota;Caudoviricetes;;,d__Bacteria;p__Bacillota;c__Negativicutes;o__Veillonellales;f__Veillonellaceae;g__Veillonella,temperate
v004c	Viruses;Duplodnaviria;Heunggongvirae;Uroviricota;Caudoviricetes;;,d__Bacteria;p__Bacillota;c__Negativicutes;o__Veillonellales;f__Veillonellaceae;g__Veillonella,virulent
v004d	Viruses;Duplodnaviria;Heunggongvirae;Uroviricota;Caudoviricetes;;,d__Bacteria;p__Bacillota;c__Bacilli;o__Lactobacillales;f__Streptococcaceae;g__Streptococcus,temperate
v004e	Viruses;Duplodnaviria;Heunggongvirae;Uroviricota;Caudoviricetes;;,d__Bacteria;p__Patescibacteriota;c__Saccharimonadia;o__Saccharimonadales;f__Saccharimonadaceae;g__Saccharimonas,virulent
v004f	Viruses;Duplodnaviria;Heunggongvirae;Uroviricota;Caudoviricetes;;,d__Bacteria;p__Patescibacteriota;c__Saccharimonadia;o__Saccharimonadales;f__Nanosyncoccaceae;g__Nanosyncoccus,virulent
v0050	Viruses;Duplodnaviria;Heunggongvirae;Uroviricota;Caudoviricetes;;,d__Bacteria;p__Bacteroidota;c__Bacteroidia;o__Bacteroidales;f__Bacteroidaceae;g__Prevotella,virulent
v0051	Viruses;Duplodnaviria;Heunggongvirae;Uroviricota;Caudoviricetes;;,d__Bacteria;p__Bacillota;c__Bacilli;o__Lactobacillales;f__Streptococcaceae;g__Streptococcus,temperate
v0052	Viruses;Duplodnaviria;Heunggongvirae;Uroviricota;Caudoviricetes;;,d__Bacteria;p__Actinomycetota;c__Coriobacteriia;o__Coriobacteriales;f__Atopobiaceae;g__Lancefieldella,virulent
v0053	Viruses;Duplodnaviria;Heunggongvirae;Uroviricota;Caudoviricetes;;,d__Bacteria;p__Bacillota;c__Bacilli;o__Erysipelotrichales;f__Erysipelotrichaceae;g__Bulleidia,temperate
v0054	Viruses;Duplodnaviria;Heunggongvirae;Uroviricota;Caudoviricetes;;,d__Bacteria;p__Bacillota;c__Negativicutes;o__Veillonellales;f__Veillonellaceae;g__Veillonella,temperate
v0055	Viruses;Duplodnaviria;Heunggongvirae;Uroviricota;Caudoviricetes;;,d__Bacteria;p__Bacillota;c__Bacilli;o__Staphylococcales;f__Gemellaceae;g__Gemella,temperate
v0056	Viruses;Duplodnaviria;Heunggongvirae;Uroviricota;Caudoviricetes;;,d__Bacteria;p__Bacillota;c__Bacilli;o__Lactobacillales;f__Streptococcaceae;g__Streptococcus,temperate
v0057	Viruses;Duplodnaviria;Heunggongvirae;Uroviricota;Caudoviricetes;;,d__Bacteria;p__Actinomycetota;c__Actinomycetes;o__Actinomycetales;f__Actinomycetaceae;g__Pauljensenia,virulent
v0058	Viruses;Duplodnaviria;Heunggongvirae;Uroviricota;Caudoviricetes;;,d__Bacteria;p__Bacillota;c__Bacilli;o__Lactobacillales;f__Streptococcaceae;g__Streptococcus,temperate
v0059	Viruses;Duplodnaviria;Heunggongvirae;Uroviricota;Caudoviricetes;;,d__Bacteria;p__Bacillota;c__Negativicutes;o__Veillonellales;f__Veillonellaceae;g__Veillonella,virulent
v005a	Viruses;Duplodnaviria;Heunggongvirae;Uroviricota;Caudoviricetes;;,d__Bacteria;p__Bacillota;c__Bacilli;o__Lactobacillales;f__Streptococcaceae;g__Streptococcus,temperate
v005b	Viruses;Duplodnaviria;Heunggongvirae;Uroviricota;Caudoviricetes;;,d__Bacteria;p__Actinomycetota;c__Coriobacteriia;o__Coriobacteriales;f__Atopobiaceae;g__Lancefieldella,temperate
v005c	Viruses;Duplodnaviria;Heunggongvirae;Uroviricota;Caudoviricetes;;,d__Bacteria;p__Actinomycetota;c__Actinomycetes;o__Actinomycetales;f__Actinomycetaceae;g__Pauljensenia,temperate
v005d	Viruses;Duplodnaviria;Heunggongvirae;Uroviricota;Caudoviricetes;;,d__Bacteria;p__Bacillota;c__Bacilli;o__Lactobacillales;f__Streptococcaceae;g__Streptococcus,temperate
v005e	Viruses;Duplodnaviria;Heunggongvirae;Uroviricota;Caudoviricetes;;,d__Bacteria;p__Bacillota;c__Negativicutes;o__Veillonellales;f__Veillonellaceae;g__Veillonella,virulent
v005f	Viruses;Duplodnaviria;Heunggongvirae;Uroviricota;Caudoviricetes;;,d__Bacteria;p__Bacillota;c__Bacilli;o__Lactobacillales;f__Streptococcaceae;g__Streptococcus,temperate
v0060	Viruses;Duplodnaviria;Heunggongvirae;Uroviricota;Caudoviricetes;;,d__Bacteria;p__Campylobacterota;c__Campylobacteria;o__Campylobacterales;f__Campylobacteraceae;g__Campylobacter_D,virulent
v0061	Viruses;Duplodnaviria;Heunggongvirae;Uroviricota;Caudoviricetes;;,d__Bacteria;p__Bacillota;c__Bacilli;o__Lactobacillales;f__Streptococcaceae;g__Streptococcus,temperate
v0062	Viruses;Duplodnaviria;Heunggongvirae;Uroviricota;Caudoviricetes;;,d__Bacteria;p__Fusobacteriota;c__Fusobacteriia;o__Fusobacteriales;f__Fusobacteriaceae;g__Fusobacterium,temperate
v0064	Viruses;Duplodnaviria;Heunggongvirae;Uroviricota;Caudoviricetes;;,d__Bacteria;p__Bacteroidota;c__Bacteroidia;o__Bacteroidales;f__Bacteroidaceae;g__Prevotella,virulent
v0065	Viruses;Duplodnaviria;Heunggongvirae;Uroviricota;Caudoviricetes;;,d__Bacteria;p__Bacillota;c__Negativicutes;o__Veillonellales;f__Veillonellaceae;g__Veillonella,temperate
v0066	Viruses;Duplodnaviria;Heunggongvirae;Uroviricota;Caudoviricetes;;,d__Bacteria;p__Bacillota;c__Negativicutes;o__Veillonellales;f__Megasphaeraceae;g__Anaeroglobus,temperate
v0067	Viruses;Duplodnaviria;Heunggongvirae;Uroviricota;Caudoviricetes;;,d__Bacteria;p__Bacteroidota;c__Bacteroidia;o__Bacteroidales;f__Bacteroidaceae;g__Prevotella,virulent
v0068	Viruses;Duplodnaviria;Heunggongvirae;Uroviricota;Caudoviricetes;;,d__Bacteria;p__Bacillota;c__Clostridia;o__Lachnospirales;f__Lachnospiraceae;g__Lachnoanaerobaculum,virulent
v0069	NA,d__Bacteria;p__Bacillota;c__Negativicutes;o__Veillonellales;f__Veillonellaceae;g__Veillonella,temperate
v006a	Viruses;Duplodnaviria;Heunggongvirae;Uroviricota;Caudoviricetes;;,d__Bacteria;p__Bacillota;c__Clostridia;o__Peptostreptococcales;f__Anaerovoracaceae;g__Mogibacterium,virulent
v006b	Viruses;Duplodnaviria;Heunggongvirae;Uroviricota;Caudoviricetes;;,d__Bacteria;p__Actinomycetota;c__Actinomycetes;o__Actinomycetales;f__Actinomycetaceae;g__Pauljensenia,virulent
v006c	Viruses;Duplodnaviria;Heunggongvirae;Uroviricota;Caudoviricetes;;,d__Bacteria;p__Patescibacteriota;c__Saccharimonadia;o__Saccharimonadales;f__Nanosynbacteraceae;g__Nanosynbacter,virulent
v006d	Viruses;Duplodnaviria;Heunggongvirae;Uroviricota;Caudoviricetes;;,d__Bacteria;p__Patescibacteriota;c__Saccharimonadia;o__Saccharimonadales;f__Nanosynbacteraceae;g__Nanosynbacter,temperate
v006e	Viruses;Duplodnaviria;Heunggongvirae;Uroviricota;Caudoviricetes;;,d__Bacteria;p__Bacillota;c__Bacilli;o__Lactobacillales;f__Streptococcaceae;g__Streptococcus,virulent
v006f	Viruses;Duplodnaviria;Heunggongvirae;Uroviricota;Caudoviricetes;;,d__Bacteria;p__Patescibacteriota;c__Saccharimonadia;o__Saccharimonadales;f__Nanogingivalaceae;g__Nanogingivalis,virulent
v0070	Viruses;Duplodnaviria;Heunggongvirae;Uroviricota;Caudoviricetes;;,d__Bacteria;p__Actinomycetota;c__Actinomycetes;o__Actinomycetales;f__Micrococcaceae;g__Rothia,virulent
v0071	Viruses;Duplodnaviria;Heunggongvirae;Uroviricota;Caudoviricetes;;,d__Bacteria;p__Bacillota;c__Clostridia;o__Lachnospirales;f__Lachnospiraceae;g__Lachnoanaerobaculum,virulent
v0072	Viruses;Duplodnaviria;Heunggongvirae;Uroviricota;Caudoviricetes;;,d__Bacteria;p__Actinomycetota;c__Actinomycetes;o__Actinomycetales;f__Actinomycetaceae;g__Actinomyces,virulent
v0073	Viruses;Duplodnaviria;Heunggongvirae;Uroviricota;Caudoviricetes;;,NA,temperate
v0074	Viruses;Duplodnaviria;Heunggongvirae;Uroviricota;Caudoviricetes;;,NA,virulent
v0075	Viruses;Duplodnaviria;Heunggongvirae;Uroviricota;Caudoviricetes;;,d__Bacteria;p__Bacillota;c__Negativicutes;o__Selenomonadales;f__Selenomonadaceae;g__Centipeda,temperate
v0076	Viruses;Duplodnaviria;Heunggongvirae;Uroviricota;Caudoviricetes;;,NA,virulent
v0077	Viruses;Duplodnaviria;Heunggongvirae;Uroviricota;Caudoviricetes;;,d__Bacteria;p__Bacillota;c__Bacilli;o__Lactobacillales;f__Streptococcaceae;g__Streptococcus,temperate
v0078	Viruses;Duplodnaviria;Heunggongvirae;Uroviricota;Caudoviricetes;;,NA,temperate
v0079	Viruses;Duplodnaviria;Heunggongvirae;Uroviricota;Caudoviricetes;;,d__Bacteria;p__Actinomycetota;c__Actinomycetes;o__Actinomycetales;f__Micrococcaceae;g__Rothia,virulent
v007b	Viruses;Duplodnaviria;Heunggongvirae;Uroviricota;Caudoviricetes;;,d__Bacteria;p__Bacillota;c__Negativicutes;o__Veillonellales;f__Veillonellaceae;g__Veillonella,temperate
v007c	Viruses;Duplodnaviria;Heunggongvirae;Uroviricota;Caudoviricetes;;,d__Bacteria;p__Bacillota;c__Negativicutes;o__Veillonellales;f__Veillonellaceae;g__Veillonella,temperate
v007d	Viruses;Duplodnaviria;Heunggongvirae;Uroviricota;Caudoviricetes;;,d__Bacteria;p__Bacillota;c__Bacilli;o__Lactobacillales;f__Streptococcaceae;g__Streptococcus,temperate
v007e	Viruses;Duplodnaviria;Heunggongvirae;Uroviricota;Caudoviricetes;;,d__Bacteria;p__Bacillota;c__Bacilli;o__Lactobacillales;f__Streptococcaceae;g__Streptococcus,temperate
v007f	Viruses;Duplodnaviria;Heunggongvirae;Uroviricota;Caudoviricetes;;,d__Bacteria;p__Bacillota;c__Bacilli;o__Lactobacillales;f__Streptococcaceae;g__Streptococcus,temperate
v0080	Viruses;Duplodnaviria;Heunggongvirae;Uroviricota;Caudoviricetes;;,d__Bacteria;p__Bacillota;c__Clostridia;o__Lachnospirales;f__Lachnospiraceae;g__Lachnoanaerobaculum,temperate
v0081	Viruses;Duplodnaviria;Heunggongvirae;Uroviricota;Caudoviricetes;;,d__Bacteria;p__Bacillota;c__Negativicutes;o__Veillonellales;f__Veillonellaceae;g__Veillonella,virulent
v0082	Viruses;Duplodnaviria;Heunggongvirae;Uroviricota;Caudoviricetes;;,d__Bacteria;p__Bacillota;c__Bacilli;o__Lactobacillales;f__Streptococcaceae;g__Streptococcus,virulent
v0083	Viruses;Duplodnaviria;Heunggongvirae;Uroviricota;Caudoviricetes;;,NA,virulent
v0084	Viruses;Duplodnaviria;Heunggongvirae;Uroviricota;Caudoviricetes;;,d__Bacteria;p__Pseudomonadota;c__Gammaproteobacteria;o__Enterobacterales;f__Pasteurellaceae;g__Haemophilus_D,virulent
v0086	NA,d__Bacteria;p__Actinomycetota;c__Actinomycetes;o__Actinomycetales;f__Bifidobacteriaceae;g__Bifidobacterium,temperate
v0087	Viruses;Duplodnaviria;Heunggongvirae;Uroviricota;Caudoviricetes;;,d__Bacteria;p__Actinomycetota;c__Coriobacteriia;o__Coriobacteriales;f__Atopobiaceae;g__Fannyhessea,temperate
v0088	Viruses;Duplodnaviria;Heunggongvirae;Uroviricota;Caudoviricetes;;,d__Bacteria;p__Actinomycetota;c__Coriobacteriia;o__Coriobacteriales;f__Eggerthellaceae;g__Berryella,temperate
v0089	Viruses;Duplodnaviria;Heunggongvirae;Uroviricota;Caudoviricetes;;,d__Bacteria;p__Actinomycetota;c__Actinomycetes;o__Actinomycetales;f__Bifidobacteriaceae;g__Bifidobacterium,temperate
v008b	Viruses;Duplodnaviria;Heunggongvirae;Uroviricota;Caudoviricetes;;,d__Bacteria;p__Actinomycetota;c__Actinomycetes;o__Actinomycetales;f__Bifidobacteriaceae;g__Bifidobacterium,temperate
v008c	Viruses;Duplodnaviria;Heunggongvirae;Uroviricota;Caudoviricetes;;,d__Bacteria;p__Bacillota;c__Negativicutes;o__Veillonellales;f__Megasphaeraceae;g__Megasphaera,temperate
v008d	Viruses;Duplodnaviria;Heunggongvirae;Uroviricota;Caudoviricetes;;,d__Bacteria;p__Bacillota;c__Bacilli;o__Lactobacillales;f__Lactobacillaceae;g__Lactobacillus,temperate
v008e	Viruses;Duplodnaviria;Heunggongvirae;Uroviricota;Caudoviricetes;;,d__Bacteria;p__Bacillota;c__Bacilli;o__Lactobacillales;f__Lactobacillaceae;g__Lactobacillus,temperate
v008f	Viruses;Duplodnaviria;Heunggongvirae;Uroviricota;Caudoviricetes;;,d__Bacteria;p__Bacteroidota;c__Bacteroidia;o__Bacteroidales;f__Bacteroidaceae;g__Bacteroides,virulent
v0090	Viruses;Duplodnaviria;Heunggongvirae;Uroviricota;Caudoviricetes;;Rountreeviridae,NA,virulent
v0091	Viruses;Duplodnaviria;Heunggongvirae;Uroviricota;Caudoviricetes;;,d__Bacteria;p__Bacillota;c__Bacilli;o__Lactobacillales;f__Lactobacillaceae;g__Lactobacillus,temperate
v0092	Viruses;Duplodnaviria;Heunggongvirae;Uroviricota;Caudoviricetes;;,d__Bacteria;p__Bacillota;c__Bacilli;o__Lactobacillales;f__Lactobacillaceae;g__Lactobacillus,temperate
v0093	Viruses;Duplodnaviria;Heunggongvirae;Uroviricota;Caudoviricetes;;,d__Bacteria;p__Actinomycetota;c__Actinomycetes;o__Actinomycetales;f__Bifidobacteriaceae;g__Bifidobacterium,temperate
v0094	Viruses;Duplodnaviria;Heunggongvirae;Uroviricota;Caudoviricetes;;,d__Bacteria;p__Actinomycetota;c__Actinomycetes;o__Actinomycetales;f__Bifidobacteriaceae;g__Bifidobacterium,virulent
v0095	Viruses;Duplodnaviria;Heunggongvirae;Uroviricota;Caudoviricetes;;,d__Bacteria;p__Actinomycetota;c__Coriobacteriia;o__Coriobacteriales;f__Atopobiaceae;g__Atopobium,temperate
v0096	Viruses;Duplodnaviria;Heunggongvirae;Uroviricota;Caudoviricetes;;,d__Bacteria;p__Bacillota;c__Negativicutes;o__Veillonellales;f__Megasphaeraceae;g__Anaeroglobus,temperate
v0097	Viruses;Duplodnaviria;Heunggongvirae;Uroviricota;Caudoviricetes;;,d__Bacteria;p__Bacillota;c__Bacilli;o__Lactobacillales;f__Lactobacillaceae;g__Lactobacillus,temperate
v0098	Viruses;Duplodnaviria;Heunggongvirae;Uroviricota;Caudoviricetes;;,d__Bacteria;p__Bacillota;c__Bacilli;o__Lactobacillales;f__Lactobacillaceae;g__Lactobacillus,temperate
v009a	Viruses;Duplodnaviria;Heunggongvirae;Uroviricota;Caudoviricetes;;,d__Bacteria;p__Bacillota;c__Bacilli;o__Lactobacillales;f__Lactobacillaceae;g__Lactobacillus,temperate
v009b	Viruses;Duplodnaviria;Heunggongvirae;Uroviricota;Caudoviricetes;;,d__Bacteria;p__Bacillota;c__Bacilli;o__Erysipelotrichales;f__Erysipelotrichaceae;g__Bulleidia,temperate
v009c	Viruses;Duplodnaviria;Heunggongvirae;Uroviricota;Caudoviricetes;;,d__Bacteria;p__Actinomycetota;c__Coriobacteriia;o__Coriobacteriales;f__Atopobiaceae;g__Fannyhessea,virulent
v009d	Viruses;Duplodnaviria;Heunggongvirae;Uroviricota;Caudoviricetes;;,d__Bacteria;p__Bacillota;c__Clostridia;o__Lachnospirales;f__Lachnospiraceae;g__UBA629,temperate
v009e	Viruses;Duplodnaviria;Heunggongvirae;Uroviricota;Caudoviricetes;;,NA,temperate
v009f	Viruses;Duplodnaviria;Heunggongvirae;Uroviricota;Caudoviricetes;;,d__Bacteria;p__Bacillota;c__Clostridia;o__Lachnospirales;f__Lachnospiraceae;g__Moryella,temperate
v00a0	Viruses;Duplodnaviria;Heunggongvirae;Uroviricota;Caudoviricetes;;,NA,temperate
v00a1	Viruses;Duplodnaviria;Heunggongvirae;Uroviricota;Caudoviricetes;;,d__Bacteria;p__Actinomycetota;c__Actinomycetes;o__Actinomycetales;f__Bifidobacteriaceae;g__Bifidobacterium,temperate
v00a2	Viruses;Duplodnaviria;Heunggongvirae;Uroviricota;Caudoviricetes;;,d__Bacteria;p__Bacillota;c__Bacilli;o__Lactobacillales;f__Lactobacillaceae;g__Lactobacillus,temperate
v00a4	Viruses;Duplodnaviria;Heunggongvirae;Uroviricota;Caudoviricetes;;,d__Bacteria;p__Bacillota;c__Bacilli;o__Lactobacillales;f__Lactobacillaceae;g__Lactobacillus,temperate
v00a8	Viruses;Duplodnaviria;Heunggongvirae;Uroviricota;Caudoviricetes;;,d__Bacteria;p__Pseudomonadota;c__Gammaproteobacteria;o__Enterobacterales;f__Enterobacteriaceae;g__Escherichia,virulent
v00a9	Viruses;Duplodnaviria;Heunggongvirae;Uroviricota;Caudoviricetes;;,d__Bacteria;p__Bacillota;c__Bacilli;o__Lactobacillales;f__Enterococcaceae;g__Enterococcus_B,temperate
v00aa	Viruses;Duplodnaviria;Heunggongvirae;Uroviricota;Caudoviricetes;;,d__Bacteria;p__Bacillota;c__Bacilli;o__Lactobacillales;f__Lactobacillaceae;g__Limosilactobacillus,temperate
v00ab	Viruses;Duplodnaviria;Heunggongvirae;Uroviricota;Caudoviricetes;;,d__Bacteria;p__Actinomycetota;c__Actinomycetes;o__Actinomycetales;f__Bifidobacteriaceae;g__Bifidobacterium,temperate
v00ac	Viruses;Duplodnaviria;Heunggongvirae;Uroviricota;Caudoviricetes;;,d__Bacteria;p__Bacillota;c__Clostridia;o__Tissierellales;f__Peptoniphilaceae;g__Peptoniphilus_A,temperate
v00ad	Viruses;Duplodnaviria;Heunggongvirae;Uroviricota;Caudoviricetes;;,d__Bacteria;p__Bacillota;c__Negativicutes;o__Veillonellales;f__Dialisteraceae;g__Dialister,temperate
v00ae	Viruses;Duplodnaviria;Heunggongvirae;Uroviricota;Caudoviricetes;;,d__Bacteria;p__Actinomycetota;c__Coriobacteriia;o__Coriobacteriales;f__Atopobiaceae;g__Fannyhessea,temperate
v00af	Viruses;Duplodnaviria;Heunggongvirae;Uroviricota;Caudoviricetes;;,NA,temperate
v00b0	Viruses;Duplodnaviria;Heunggongvirae;Uroviricota;Caudoviricetes;;,d__Bacteria;p__Bacillota;c__Bacilli;o__Lactobacillales;f__Aerococcaceae;g__Aerococcus,temperate
v00b1	Viruses;Duplodnaviria;Heunggongvirae;Uroviricota;Caudoviricetes;;,d__Bacteria;p__Bacillota;c__Clostridia;o__Tissierellales;f__Peptoniphilaceae;g__Peptoniphilus_A,temperate
v00b2	Viruses;Duplodnaviria;Heunggongvirae;Uroviricota;Caudoviricetes;;,d__Bacteria;p__Actinomycetota;c__Actinomycetes;o__Actinomycetales;f__Actinomycetaceae;g__Mobiluncus,temperate
v00b3	Viruses;Duplodnaviria;Heunggongvirae;Uroviricota;Caudoviricetes;;,d__Bacteria;p__Bacillota;c__Clostridia;o__Peptostreptococcales;f__Peptostreptococcaceae;g__Peptostreptococcus,temperate
v00b4	Viruses;Duplodnaviria;Heunggongvirae;Uroviricota;Caudoviricetes;;,d__Bacteria;p__Bacillota;c__Bacilli;o__Lactobacillales;f__Streptococcaceae;g__Streptococcus,temperate
v00b5	Viruses;Duplodnaviria;Heunggongvirae;Uroviricota;Caudoviricetes;;,d__Bacteria;p__Bacillota;c__Clostridia;o__Peptostreptococcales;f__Peptostreptococcaceae;g__Peptostreptococcus,temperate
v00b6	Viruses;Duplodnaviria;Heunggongvirae;Uroviricota;Caudoviricetes;;,d__Bacteria;p__Actinomycetota;c__Actinomycetes;o__Actinomycetales;f__Bifidobacteriaceae;g__Bifidobacterium,virulent
v00b7	Viruses;Duplodnaviria;Heunggongvirae;Uroviricota;Caudoviricetes;;,d__Bacteria;p__Bacillota;c__Bacilli;o__Lactobacillales;f__Lactobacillaceae;g__Lactobacillus,temperate
v00b8	Viruses;Duplodnaviria;Heunggongvirae;Uroviricota;Caudoviricetes;;,d__Bacteria;p__Actinomycetota;c__Actinomycetes;o__Actinomycetales;f__Bifidobacteriaceae;g__Bifidobacterium,virulent
v00b9	Viruses;Duplodnaviria;Heunggongvirae;Uroviricota;Caudoviricetes;;,d__Bacteria;p__Bacteroidota;c__Bacteroidia;o__Bacteroidales;f__Bacteroidaceae;g__Prevotella,temperate
v00ba	NA,d__Bacteria;p__Bacillota;c__Bacilli;o__Lactobacillales;f__Lactobacillaceae;g__Lactobacillus,temperate
v00bb	Viruses;Duplodnaviria;Heunggongvirae;Uroviricota;Caudoviricetes;;,d__Bacteria;p__Bacillota;c__Bacilli;o__Lactobacillales;f__Enterococcaceae;g__Enterococcus_E,temperate
v00bc	Viruses;Duplodnaviria;Heunggongvirae;Uroviricota;Caudoviricetes;;Rountreeviridae,NA,virulent
v00bd	Viruses;Duplodnaviria;Heunggongvirae;Uroviricota;Caudoviricetes;;,d__Bacteria;p__Actinomycetota;c__Actinomycetes;o__Actinomycetales;f__Bifidobacteriaceae;g__Bifidobacterium,temperate
v00be	Viruses;Duplodnaviria;Heunggongvirae;Uroviricota;Caudoviricetes;;,d__Bacteria;p__Bacillota;c__Bacilli;o__Lactobacillales;f__Lactobacillaceae;g__Lactobacillus,temperate
v00bf	Viruses;Duplodnaviria;Heunggongvirae;Uroviricota;Caudoviricetes;;,d__Bacteria;p__Actinomycetota;c__Actinomycetes;o__Actinomycetales;f__Bifidobacteriaceae;g__Bifidobacterium,temperate
v00c0	Viruses;Duplodnaviria;Heunggongvirae;Uroviricota;Caudoviricetes;;,d__Bacteria;p__Bacillota;c__Bacilli;o__Lactobacillales;f__Lactobacillaceae;g__Lactobacillus,temperate
v00c1	Viruses;Duplodnaviria;Heunggongvirae;Uroviricota;Caudoviricetes;;,d__Bacteria;p__Bacillota;c__Bacilli;o__Lactobacillales;f__Lactobacillaceae;g__Lactobacillus,temperate
v00c2	Viruses;Duplodnaviria;Heunggongvirae;Uroviricota;Caudoviricetes;;,d__Bacteria;p__Bacillota;c__Bacilli;o__Lactobacillales;f__Lactobacillaceae;g__Lactobacillus,temperate
v00c3	Viruses;Duplodnaviria;Heunggongvirae;Uroviricota;Caudoviricetes;;,d__Bacteria;p__Bacillota;c__Bacilli;o__Lactobacillales;f__Lactobacillaceae;g__Lactobacillus,temperate
v00c4	Viruses;Duplodnaviria;Heunggongvirae;Uroviricota;Caudoviricetes;;,d__Bacteria;p__Bacillota;c__Bacilli;o__Lactobacillales;f__Lactobacillaceae;g__Lactobacillus,temperate
v00c5	Viruses;Duplodnaviria;Heunggongvirae;Uroviricota;Caudoviricetes;;,d__Bacteria;p__Bacillota;c__Bacilli;o__Lactobacillales;f__Lactobacillaceae;g__Lactobacillus,temperate
v00c6	Viruses;Duplodnaviria;Heunggongvirae;Uroviricota;Caudoviricetes;;,d__Bacteria;p__Actinomycetota;c__Actinomycetes;o__Actinomycetales;f__Bifidobacteriaceae;g__Bifidobacterium,temperate
v00c7	Viruses;Duplodnaviria;Heunggongvirae;Uroviricota;Caudoviricetes;;,NA,temperate
v00c8	Viruses;Duplodnaviria;Heunggongvirae;Uroviricota;Caudoviricetes;;Rountreeviridae,NA,virulent
v00c9	Viruses;Duplodnaviria;Heunggongvirae;Uroviricota;Caudoviricetes;;,d__Bacteria;p__Bacillota;c__Bacilli;o__Lactobacillales;f__Aerococcaceae;g__Aerococcus,temperate
v00ca	Viruses;Duplodnaviria;Heunggongvirae;Uroviricota;Caudoviricetes;;Rountreeviridae,NA,virulent
v00cb	Viruses;Duplodnaviria;Heunggongvirae;Uroviricota;Caudoviricetes;;,NA,temperate
v00cc	Viruses;Duplodnaviria;Heunggongvirae;Uroviricota;Caudoviricetes;;Rountreeviridae,NA,virulent
v00cd	Viruses;Duplodnaviria;Heunggongvirae;Uroviricota;Caudoviricetes;;,d__Bacteria;p__Bacillota;c__Bacilli;o__Lactobacillales;f__Lactobacillaceae;g__Lactobacillus,temperate
v00ce	Viruses;Duplodnaviria;Heunggongvirae;Uroviricota;Caudoviricetes;;,d__Bacteria;p__Actinomycetota;c__Actinomycetes;o__Actinomycetales;f__Bifidobacteriaceae;g__Bifidobacterium,temperate
v00cf	Viruses;Duplodnaviria;Heunggongvirae;Uroviricota;Caudoviricetes;;,d__Bacteria;p__Bacillota;c__Bacilli;o__Lactobacillales;f__Streptococcaceae;g__Streptococcus,temperate
v00d0	Viruses;Duplodnaviria;Heunggongvirae;Uroviricota;Caudoviricetes;;,d__Bacteria;p__Actinomycetota;c__Actinomycetes;o__Actinomycetales;f__Bifidobacteriaceae;g__Bifidobacterium,virulent
v00d1	Viruses;Duplodnaviria;Heunggongvirae;Uroviricota;Caudoviricetes;;,d__Bacteria;p__Bacillota;c__Bacilli;o__Lactobacillales;f__Streptococcaceae;g__Streptococcus,temperate
v00d2	Viruses;Duplodnaviria;Heunggongvirae;Uroviricota;Caudoviricetes;;,d__Bacteria;p__Actinomycetota;c__Actinomycetes;o__Actinomycetales;f__Bifidobacteriaceae;g__Bifidobacterium,temperate
v00d3	Viruses;Duplodnaviria;Heunggongvirae;Uroviricota;Caudoviricetes;;,d__Bacteria;p__Actinomycetota;c__Actinomycetes;o__Actinomycetales;f__Bifidobacteriaceae;g__Bifidobacterium,temperate
v00d4	Viruses;Duplodnaviria;Heunggongvirae;Uroviricota;Caudoviricetes;;,d__Bacteria;p__Actinomycetota;c__Actinomycetes;o__Actinomycetales;f__Bifidobacteriaceae;g__Bifidobacterium,temperate
v00d5	Viruses;Duplodnaviria;Heunggongvirae;Uroviricota;Caudoviricetes;;,d__Bacteria;p__Actinomycetota;c__Actinomycetes;o__Actinomycetales;f__Bifidobacteriaceae;g__Bifidobacterium,temperate
v00d6	Viruses;Duplodnaviria;Heunggongvirae;Uroviricota;Caudoviricetes;;,d__Bacteria;p__Actinomycetota;c__Actinomycetes;o__Actinomycetales;f__Bifidobacteriaceae;g__Bifidobacterium,temperate
v00d7	Viruses;Duplodnaviria;Heunggongvirae;Uroviricota;Caudoviricetes;;,d__Bacteria;p__Actinomycetota;c__Actinomycetes;o__Actinomycetales;f__Bifidobacteriaceae;g__Bifidobacterium,temperate
v00d8	Viruses;Duplodnaviria;Heunggongvirae;Uroviricota;Caudoviricetes;;,d__Bacteria;p__Patescibacteriota;c__Saccharimonadia;o__Saccharimonadales;f__Nanoperiomorbaceae;g__Nanoperiomorbus,temperate
v00d9	Viruses;Duplodnaviria;Heunggongvirae;Uroviricota;Caudoviricetes;;,d__Bacteria;p__Actinomycetota;c__Coriobacteriia;o__Coriobacteriales;f__Eggerthellaceae;g__Berryella,temperate
v00da	NA,d__Bacteria;p__Actinomycetota;c__Actinomycetes;o__Actinomycetales;f__Bifidobacteriaceae;g__Bifidobacterium,temperate
v00db	Viruses;Duplodnaviria;Heunggongvirae;Uroviricota;Caudoviricetes;;,d__Bacteria;p__Actinomycetota;c__Actinomycetes;o__Actinomycetales;f__Bifidobacteriaceae;g__Bifidobacterium,temperate
v00dc	Viruses;Duplodnaviria;Heunggongvirae;Uroviricota;Caudoviricetes;;,d__Bacteria;p__Actinomycetota;c__Coriobacteriia;o__Coriobacteriales;f__Atopobiaceae;g__Fannyhessea,virulent
v00dd	Viruses;Duplodnaviria;Heunggongvirae;Uroviricota;Caudoviricetes;;,d__Bacteria;p__Bacillota;c__Negativicutes;o__Veillonellales;f__Megasphaeraceae;g__Megasphaera_C,virulent
v00de	Viruses;Duplodnaviria;Heunggongvirae;Uroviricota;Caudoviricetes;;,d__Bacteria;p__Actinomycetota;c__Coriobacteriia;o__Coriobacteriales;f__Atopobiaceae;g__Fannyhessea,temperate
v00df	Viruses;Duplodnaviria;Heunggongvirae;Uroviricota;Caudoviricetes;;,d__Bacteria;p__Actinomycetota;c__Coriobacteriia;o__Coriobacteriales;f__Atopobiaceae;g__Fannyhessea,temperate
v00e0	Viruses;Duplodnaviria;Heunggongvirae;Uroviricota;Caudoviricetes;;,d__Bacteria;p__Actinomycetota;c__Actinomycetes;o__Actinomycetales;f__Bifidobacteriaceae;g__Bifidobacterium,temperate
v00e1	Viruses;Duplodnaviria;Heunggongvirae;Uroviricota;Caudoviricetes;;,d__Bacteria;p__Bacillota;c__Negativicutes;o__Veillonellales;f__Megasphaeraceae;g__Megasphaera_C,temperate
v00e2	Viruses;Duplodnaviria;Heunggongvirae;Uroviricota;Caudoviricetes;;,d__Bacteria;p__Bacteroidota;c__Bacteroidia;o__Bacteroidales;f__Bacteroidaceae;g__Prevotella,temperate
v00e3	Viruses;Duplodnaviria;Heunggongvirae;Uroviricota;Caudoviricetes;;,d__Bacteria;p__Actinomycetota;c__Actinomycetes;o__Actinomycetales;f__Bifidobacteriaceae;g__Bifidobacterium,virulent
v00e5	Viruses;Duplodnaviria;Heunggongvirae;Uroviricota;Caudoviricetes;;,d__Bacteria;p__Actinomycetota;c__Actinomycetes;o__Actinomycetales;f__Bifidobacteriaceae;g__Bifidobacterium,temperate
v00e6	Viruses;Duplodnaviria;Heunggongvirae;Uroviricota;Caudoviricetes;;,d__Bacteria;p__Bacillota;c__Bacilli;o__Lactobacillales;f__Lactobacillaceae;g__Lactobacillus,temperate
v00e7	Viruses;Duplodnaviria;Heunggongvirae;Uroviricota;Caudoviricetes;;,d__Bacteria;p__Actinomycetota;c__Actinomycetes;o__Mycobacteriales;f__Mycobacteriaceae;g__Corynebacterium,virulent
v00e8	Viruses;Duplodnaviria;Heunggongvirae;Uroviricota;Caudoviricetes;;,NA,virulent
v00e9	Viruses;Duplodnaviria;Heunggongvirae;Uroviricota;Caudoviricetes;;,d__Bacteria;p__Actinomycetota;c__Actinomycetes;o__Mycobacteriales;f__Mycobacteriaceae;g__Corynebacterium,temperate
v00ea	Viruses;Duplodnaviria;Heunggongvirae;Uroviricota;Caudoviricetes;;,d__Bacteria;p__Actinomycetota;c__Actinomycetes;o__Mycobacteriales;f__Mycobacteriaceae;g__Lawsonella,virulent
v00ec	Viruses;Duplodnaviria;Heunggongvirae;Uroviricota;Caudoviricetes;;,d__Bacteria;p__Bacteroidota;c__Bacteroidia;o__Bacteroidales;f__Bacteroidaceae;g__Prevotella,temperate
v00ed	Viruses;Duplodnaviria;Heunggongvirae;Uroviricota;Caudoviricetes;;,d__Bacteria;p__Bacteroidota;c__Bacteroidia;o__Bacteroidales;f__Bacteroidaceae;g__Prevotella,temperate
v00ee	Viruses;Duplodnaviria;Heunggongvirae;Uroviricota;Caudoviricetes;;,d__Bacteria;p__Pseudomonadota;c__Gammaproteobacteria;o__Enterobacterales;f__Enterobacteriaceae;g__Proteus,temperate
v00ef	Viruses;Duplodnaviria;Heunggongvirae;Uroviricota;Caudoviricetes;;,d__Bacteria;p__Bacteroidota;c__Bacteroidia;o__Bacteroidales;f__Bacteroidaceae;g__Bacteroides,temperate
v00f0	Viruses;Duplodnaviria;Heunggongvirae;Uroviricota;Caudoviricetes;;,d__Bacteria;p__Pseudomonadota;c__Gammaproteobacteria;o__Enterobacterales;f__Enterobacteriaceae;g__Escherichia,temperate
v00f1	Viruses;Duplodnaviria;Heunggongvirae;Uroviricota;Caudoviricetes;;,d__Bacteria;p__Pseudomonadota;c__Gammaproteobacteria;o__Enterobacterales;f__Enterobacteriaceae;g__Proteus,temperate
v00f2	Viruses;Duplodnaviria;Heunggongvirae;Uroviricota;Caudoviricetes;;,d__Bacteria;p__Bacteroidota;c__Bacteroidia;o__Bacteroidales;f__Bacteroidaceae;g__Bacteroides,virulent
v00f3	Viruses;Duplodnaviria;Heunggongvirae;Uroviricota;Caudoviricetes;;,d__Bacteria;p__Bacillota;c__Clostridia;o__Peptostreptococcales;f__Anaerovoracaceae;g__JABZIP01,temperate
v00f6	Viruses;Duplodnaviria;Heunggongvirae;Uroviricota;Caudoviricetes;;,NA,temperate
v00f7	Viruses;Duplodnaviria;Heunggongvirae;Uroviricota;Caudoviricetes;;,d__Bacteria;p__Actinomycetota;c__Coriobacteriia;o__Coriobacteriales;f__Eggerthellaceae;g__Berryella,temperate
v00f8	Viruses;Duplodnaviria;Heunggongvirae;Uroviricota;Caudoviricetes;;,d__Bacteria;p__Actinomycetota;c__Coriobacteriia;o__Coriobacteriales;f__Atopobiaceae;g__Fannyhessea,temperate
v00f9	Viruses;Duplodnaviria;Heunggongvirae;Uroviricota;Caudoviricetes;;,d__Bacteria;p__Actinomycetota;c__Actinomycetes;o__Actinomycetales;f__Bifidobacteriaceae;g__Bifidobacterium,temperate
v00fa	Viruses;Duplodnaviria;Heunggongvirae;Uroviricota;Caudoviricetes;;,d__Bacteria;p__Bacillota;c__Clostridia;o__Tissierellales;f__Peptoniphilaceae;g__Anaerococcus,temperate
v00fb	Viruses;Duplodnaviria;Heunggongvirae;Uroviricota;Caudoviricetes;;,d__Bacteria;p__Actinomycetota;c__Actinomycetes;o__Actinomycetales;f__Actinomycetaceae;g__Trueperella,temperate
v00fc	Viruses;Duplodnaviria;Heunggongvirae;Uroviricota;Caudoviricetes;;,d__Bacteria;p__Actinomycetota;c__Actinomycetes;o__Actinomycetales;f__Actinomycetaceae;g__Actinomyces,temperate
v00fd	Viruses;Duplodnaviria;Heunggongvirae;Uroviricota;Caudoviricetes;;,d__Bacteria;p__Bacillota;c__Bacilli;o__Lactobacillales;f__Lactobacillaceae;g__Lactobacillus,virulent
v0100	Viruses;Duplodnaviria;Heunggongvirae;Uroviricota;Caudoviricetes;;,d__Bacteria;p__Bacillota;c__Bacilli;o__Staphylococcales;f__Gemellaceae;g__Gemella,temperate
v0102	Viruses;Duplodnaviria;Heunggongvirae;Uroviricota;Caudoviricetes;;,d__Bacteria;p__Actinomycetota;c__Actinomycetes;o__Actinomycetales;f__Bifidobacteriaceae;g__Bifidobacterium,temperate
v0103	Viruses;Duplodnaviria;Heunggongvirae;Uroviricota;Caudoviricetes;;,d__Bacteria;p__Bacteroidota;c__Bacteroidia;o__Bacteroidales;f__Bacteroidaceae;g__Prevotella,temperate
v0106	Viruses;Duplodnaviria;Heunggongvirae;Uroviricota;Caudoviricetes;;Autographiviridae,d__Bacteria;p__Bacillota;c__Negativicutes;o__Veillonellales;f__Dialisteraceae;g__Dialister,virulent
v0107	Viruses;Duplodnaviria;Heunggongvirae;Uroviricota;Caudoviricetes;;,d__Bacteria;p__Bacillota;c__Negativicutes;o__Veillonellales;f__Dialisteraceae;g__Dialister,virulent
v0109	Viruses;Duplodnaviria;Heunggongvirae;Uroviricota;Caudoviricetes;;,d__Bacteria;p__Fusobacteriota;c__Fusobacteriia;o__Fusobacteriales;f__Leptotrichiaceae;g__Sneathia,temperate
v010a	Viruses;Duplodnaviria;Heunggongvirae;Uroviricota;Caudoviricetes;;,d__Bacteria;p__Bacillota;c__Bacilli;o__Lactobacillales;f__Lactobacillaceae;g__Lactobacillus,temperate
v010b	Viruses;Duplodnaviria;Heunggongvirae;Uroviricota;Caudoviricetes;;,d__Bacteria;p__Bacteroidota;c__Bacteroidia;o__Bacteroidales;f__Bacteroidaceae;g__Prevotella,virulent
v010c	Viruses;Duplodnaviria;Heunggongvirae;Uroviricota;Caudoviricetes;;,d__Bacteria;p__Bacillota;c__Clostridia;o__Tissierellales;f__Peptoniphilaceae;g__Aedoeadaptatus,temperate
v010d	Viruses;Duplodnaviria;Heunggongvirae;Uroviricota;Caudoviricetes;;,NA,virulent
v010e	Viruses;Duplodnaviria;Heunggongvirae;Uroviricota;Caudoviricetes;;,d__Bacteria;p__Actinomycetota;c__Actinomycetes;o__Actinomycetales;f__Micrococcaceae;g__Pseudoglutamicibacter,virulent
v010f	Viruses;Duplodnaviria;Heunggongvirae;Uroviricota;Caudoviricetes;;,d__Bacteria;p__Bacillota;c__Clostridia;o__Tissierellales;f__Peptoniphilaceae;g__Finegoldia,temperate
v0110	Viruses;Duplodnaviria;Heunggongvirae;Uroviricota;Caudoviricetes;;,d__Bacteria;p__Actinomycetota;c__Actinomycetes;o__Mycobacteriales;f__Mycobacteriaceae;g__Corynebacterium,virulent
v0111	Viruses;Duplodnaviria;Heunggongvirae;Uroviricota;Caudoviricetes;;,NA,temperate
v0112	Viruses;Duplodnaviria;Heunggongvirae;Uroviricota;Caudoviricetes;;,d__Bacteria;p__Bacillota;c__Clostridia;o__Tissierellales;f__Peptoniphilaceae;g__Aedoeadaptatus,virulent
v0113	Viruses;Duplodnaviria;Heunggongvirae;Uroviricota;Caudoviricetes;;,d__Bacteria;p__Bacillota;c__Clostridia;o__Tissierellales;f__Peptoniphilaceae;g__Finegoldia,virulent
v0114	Viruses;Duplodnaviria;Heunggongvirae;Uroviricota;Caudoviricetes;;,d__Bacteria;p__Actinomycetota;c__Coriobacteriia;o__Coriobacteriales;f__Eggerthellaceae;g__Berryella,temperate
v0115	Viruses;Duplodnaviria;Heunggongvirae;Uroviricota;Caudoviricetes;;,d__Bacteria;p__Bacteroidota;c__Bacteroidia;o__Bacteroidales;f__Bacteroidaceae;g__Prevotella,temperate
v0117	Viruses;Duplodnaviria;Heunggongvirae;Uroviricota;Caudoviricetes;;,d__Bacteria;p__Actinomycetota;c__Coriobacteriia;o__Coriobacteriales;f__Atopobiaceae;g__Fannyhessea,temperate
v0118	Viruses;Monodnaviria;Loebvirae;Hofneiviricota;Faserviricetes;Tubulavirales;Inoviridae,d__Bacteria;p__Pseudomonadota;c__Gammaproteobacteria;o__Enterobacterales;f__Enterobacteriaceae;g__Escherichia,virulent
v0119	Viruses;Duplodnaviria;Heunggongvirae;Uroviricota;Caudoviricetes;;,d__Bacteria;p__Actinomycetota;c__Actinomycetes;o__Actinomycetales;f__Bifidobacteriaceae;g__Bifidobacterium,virulent
v011a	Viruses;Duplodnaviria;Heunggongvirae;Uroviricota;Caudoviricetes;;,d__Bacteria;p__Actinomycetota;c__Actinomycetes;o__Actinomycetales;f__Bifidobacteriaceae;g__Bifidobacterium,virulent
v011b	Viruses;Duplodnaviria;Heunggongvirae;Uroviricota;Caudoviricetes;;,d__Bacteria;p__Bacillota;c__Negativicutes;o__Veillonellales;f__Megasphaeraceae;g__Megasphaera_C,virulent
v011c	Viruses;Duplodnaviria;Heunggongvirae;Uroviricota;Caudoviricetes;;,d__Bacteria;p__Actinomycetota;c__Coriobacteriia;o__Coriobacteriales;f__Atopobiaceae;g__Fannyhessea,temperate
v011d	Viruses;Duplodnaviria;Heunggongvirae;Uroviricota;Caudoviricetes;;,d__Bacteria;p__Bacteroidota;c__Bacteroidia;o__Bacteroidales;f__Bacteroidaceae;g__Prevotella,virulent
v011e	NA,NA,temperate
v011f	Viruses;Duplodnaviria;Heunggongvirae;Uroviricota;Caudoviricetes;;,d__Bacteria;p__Pseudomonadota;c__Gammaproteobacteria;o__Enterobacterales;f__Pasteurellaceae;g__Haemophilus_D,virulent
v0120	Viruses;Duplodnaviria;Heunggongvirae;Uroviricota;Caudoviricetes;;,NA,virulent
v0121	Viruses;Duplodnaviria;Heunggongvirae;Uroviricota;Caudoviricetes;;,d__Bacteria;p__Bacillota;c__Bacilli;o__Staphylococcales;f__Staphylococcaceae;g__Staphylococcus,temperate
v0122	Viruses;Duplodnaviria;Heunggongvirae;Uroviricota;Caudoviricetes;;,d__Bacteria;p__Actinomycetota;c__Actinomycetes;o__Actinomycetales;f__Bifidobacteriaceae;g__Bifidobacterium,temperate
v0123	Viruses;Duplodnaviria;Heunggongvirae;Uroviricota;Caudoviricetes;;,d__Bacteria;p__Bacillota;c__Clostridia;o__Tissierellales;f__Peptoniphilaceae;g__Peptoniphilus_A,temperate
v0124	Viruses;Duplodnaviria;Heunggongvirae;Uroviricota;Caudoviricetes;;,d__Bacteria;p__Bacteroidota;c__Bacteroidia;o__Bacteroidales;f__Bacteroidaceae;g__Prevotella,virulent
v0125	Viruses;Duplodnaviria;Heunggongvirae;Uroviricota;Caudoviricetes;;,d__Bacteria;p__Bacillota;c__Clostridia;o__Tissierellales;f__Peptoniphilaceae;g__Parvimonas,temperate
v0126	Viruses;Duplodnaviria;Heunggongvirae;Uroviricota;Caudoviricetes;;,d__Bacteria;p__Actinomycetota;c__Actinomycetes;o__Actinomycetales;f__Bifidobacteriaceae;g__Bifidobacterium,temperate
v0129	NA,d__Bacteria;p__Fusobacteriota;c__Fusobacteriia;o__Fusobacteriales;f__Leptotrichiaceae;g__Sneathia,temperate
v012a	Viruses;Duplodnaviria;Heunggongvirae;Uroviricota;Caudoviricetes;;,d__Bacteria;p__Actinomycetota;c__Actinomycetes;o__Actinomycetales;f__Actinomycetaceae;g__Mobiluncus,temperate
v012b	Viruses;Duplodnaviria;Heunggongvirae;Uroviricota;Caudoviricetes;;,d__Bacteria;p__Bacillota;c__Clostridia;o__Tissierellales;f__Peptoniphilaceae;g__Finegoldia,temperate
v012c	Viruses;Duplodnaviria;Heunggongvirae;Uroviricota;Caudoviricetes;;,d__Bacteria;p__Actinomycetota;c__Actinomycetes;o__Mycobacteriales;f__Mycobacteriaceae;g__Corynebacterium,temperate
v012d	Viruses;Duplodnaviria;Heunggongvirae;Uroviricota;Caudoviricetes;;,NA,virulent
v012e	Viruses;Duplodnaviria;Heunggongvirae;Uroviricota;Caudoviricetes;;Herelleviridae,d__Bacteria;p__Actinomycetota;c__Actinomycetes;o__Actinomycetales;f__Bifidobacteriaceae;g__Bifidobacterium,virulent
v012f	Viruses;Duplodnaviria;Heunggongvirae;Uroviricota;Caudoviricetes;;,d__Bacteria;p__Bacteroidota;c__Bacteroidia;o__Bacteroidales;f__Bacteroidaceae;g__Prevotella,temperate
v0131	Viruses;Duplodnaviria;Heunggongvirae;Uroviricota;Caudoviricetes;;,d__Bacteria;p__Actinomycetota;c__Actinomycetes;o__Actinomycetales;f__Bifidobacteriaceae;g__Bifidobacterium,virulent
v0132	Viruses;Duplodnaviria;Heunggongvirae;Uroviricota;Caudoviricetes;;,d__Bacteria;p__Actinomycetota;c__Coriobacteriia;o__Coriobacteriales;f__Atopobiaceae;g__Fannyhessea,temperate
v0135	Viruses;Duplodnaviria;Heunggongvirae;Uroviricota;Caudoviricetes;;,d__Bacteria;p__Actinomycetota;c__Actinomycetes;o__Actinomycetales;f__Bifidobacteriaceae;g__Bifidobacterium,temperate
v0136	Viruses;Duplodnaviria;Heunggongvirae;Uroviricota;Caudoviricetes;;,d__Bacteria;p__Bacillota;c__Clostridia;o__Tissierellales;f__Peptoniphilaceae;g__Parvimonas,temperate
v0137	Viruses;Duplodnaviria;Heunggongvirae;Uroviricota;Caudoviricetes;;,d__Bacteria;p__Bacillota;c__Negativicutes;o__Veillonellales;f__Megasphaeraceae;g__Megasphaera_C,virulent
v0138	Viruses;Duplodnaviria;Heunggongvirae;Uroviricota;Caudoviricetes;;,d__Bacteria;p__Bacillota;c__Clostridia;o__Tissierellales;f__Peptoniphilaceae;g__Peptoniphilus_A,temperate
v013a	Viruses;Duplodnaviria;Heunggongvirae;Uroviricota;Caudoviricetes;;,NA,temperate
v013b	Viruses;Duplodnaviria;Heunggongvirae;Uroviricota;Caudoviricetes;;,d__Bacteria;p__Actinomycetota;c__Actinomycetes;o__Mycobacteriales;f__Mycobacteriaceae;g__Corynebacterium,temperate
v013c	Viruses;Duplodnaviria;Heunggongvirae;Uroviricota;Caudoviricetes;;Rountreeviridae,d__Bacteria;p__Bacillota;c__Bacilli;o__Staphylococcales;f__Staphylococcaceae;g__Staphylococcus,virulent
v013d	Viruses;Duplodnaviria;Heunggongvirae;Uroviricota;Caudoviricetes;;,d__Bacteria;p__Bacillota;c__Clostridia;o__Tissierellales;f__Peptoniphilaceae;g__Murdochiella,temperate
v013e	Viruses;Duplodnaviria;Heunggongvirae;Uroviricota;Caudoviricetes;;,d__Bacteria;p__Bacillota;c__Clostridia;o__Tissierellales;f__Peptoniphilaceae;g__Peptoniphilus_A,temperate
v013f	Viruses;Duplodnaviria;Heunggongvirae;Uroviricota;Caudoviricetes;;,d__Bacteria;p__Pseudomonadota;c__Gammaproteobacteria;o__Enterobacterales;f__Enterobacteriaceae;g__Escherichia,temperate
v0140	Viruses;Duplodnaviria;Heunggongvirae;Uroviricota;Caudoviricetes;;,d__Bacteria;p__Bacteroidota;c__Bacteroidia;o__Bacteroidales;f__Bacteroidaceae;g__Prevotella,temperate
v0141	Viruses;Monodnaviria;Sangervirae;Phixviricota;Malgrandaviricetes;Petitvirales;Microviridae,d__Bacteria;p__Bacteroidota;c__Bacteroidia;o__Bacteroidales;f__Bacteroidaceae;g__Prevotella,virulent
v0142	Viruses;Duplodnaviria;Heunggongvirae;Uroviricota;Caudoviricetes;;,d__Bacteria;p__Fusobacteriota;c__Fusobacteriia;o__Fusobacteriales;f__Leptotrichiaceae;g__Sneathia,temperate
v0143	Viruses;Duplodnaviria;Heunggongvirae;Uroviricota;Caudoviricetes;;,d__Bacteria;p__Bacillota;c__Negativicutes;o__Veillonellales;f__Megasphaeraceae;g__Caecibacter,temperate
v0144	Viruses;Duplodnaviria;Heunggongvirae;Uroviricota;Caudoviricetes;;,d__Bacteria;p__Bacillota;c__Clostridia;o__Tissierellales;f__Peptoniphilaceae;g__Parvimonas,temperate
v0145	Viruses;Duplodnaviria;Heunggongvirae;Uroviricota;Caudoviricetes;;,d__Bacteria;p__Actinomycetota;c__Actinomycetes;o__Actinomycetales;f__Bifidobacteriaceae;g__Bifidobacterium,temperate
v0146	Viruses;Duplodnaviria;Heunggongvirae;Uroviricota;Caudoviricetes;;,d__Bacteria;p__Fusobacteriota;c__Fusobacteriia;o__Fusobacteriales;f__Fusobacteriaceae;g__Fusobacterium_C,temperate
v0147	Viruses;Duplodnaviria;Heunggongvirae;Uroviricota;Caudoviricetes;;,d__Bacteria;p__Bacillota;c__Clostridia;o__Tissierellales;f__Peptoniphilaceae;g__Parvimonas,virulent
v0148	Viruses;Duplodnaviria;Heunggongvirae;Uroviricota;Caudoviricetes;;,d__Bacteria;p__Actinomycetota;c__Actinomycetes;o__Actinomycetales;f__Bifidobacteriaceae;g__Bifidobacterium,temperate
v0149	Viruses;Duplodnaviria;Heunggongvirae;Uroviricota;Caudoviricetes;;,d__Bacteria;p__Bacillota;c__Bacilli;o__Lactobacillales;f__Lactobacillaceae;g__Lactobacillus,temperate
v014a	Viruses;Duplodnaviria;Heunggongvirae;Uroviricota;Caudoviricetes;;,d__Bacteria;p__Pseudomonadota;c__Gammaproteobacteria;o__Enterobacterales;f__Enterobacteriaceae;g__Escherichia,temperate
v014b	Viruses;Duplodnaviria;Heunggongvirae;Uroviricota;Caudoviricetes;;,d__Bacteria;p__Pseudomonadota;c__Gammaproteobacteria;o__Enterobacterales;f__Enterobacteriaceae;g__Escherichia,virulent
v014c	Viruses;Duplodnaviria;Heunggongvirae;Uroviricota;Caudoviricetes;;,d__Bacteria;p__Actinomycetota;c__Actinomycetes;o__Actinomycetales;f__Bifidobacteriaceae;g__Bifidobacterium,temperate
v014d	Viruses;Duplodnaviria;Heunggongvirae;Uroviricota;Caudoviricetes;;,d__Bacteria;p__Bacillota;c__Negativicutes;o__Veillonellales;f__Dialisteraceae;g__Dialister,temperate
v014e	Viruses;Duplodnaviria;Heunggongvirae;Uroviricota;Caudoviricetes;Crassvirales;,d__Bacteria;p__Bacteroidota;c__Bacteroidia;o__Bacteroidales;f__UBA932;g__Cryptobacteroides,virulent
v014f	Viruses;Duplodnaviria;Heunggongvirae;Uroviricota;Caudoviricetes;;,d__Bacteria;p__Bacteroidota;c__Bacteroidia;o__Bacteroidales;f__Bacteroidaceae;g__Prevotella,temperate
v0152	Viruses;Duplodnaviria;Heunggongvirae;Uroviricota;Caudoviricetes;;,d__Bacteria;p__Actinomycetota;c__Actinomycetes;o__Propionibacteriales;f__Propionibacteriaceae;g__Cutibacterium,virulent
v0153	Viruses;Duplodnaviria;Heunggongvirae;Uroviricota;Caudoviricetes;;,d__Bacteria;p__Bacillota;c__Bacilli;o__Lactobacillales;f__Lactobacillaceae;g__Lactobacillus,virulent
v0154	Viruses;Duplodnaviria;Heunggongvirae;Uroviricota;Caudoviricetes;;,d__Bacteria;p__Bacillota;c__Bacilli;o__Lactobacillales;f__Lactobacillaceae;g__Lactobacillus,temperate
v0155	Viruses;Duplodnaviria;Heunggongvirae;Uroviricota;Caudoviricetes;;,d__Bacteria;p__Actinomycetota;c__Actinomycetes;o__Actinomycetales;f__Bifidobacteriaceae;g__Bifidobacterium,temperate
v0156	Viruses;Duplodnaviria;Heunggongvirae;Uroviricota;Caudoviricetes;;,d__Bacteria;p__Actinomycetota;c__Actinomycetes;o__Actinomycetales;f__Bifidobacteriaceae;g__Bifidobacterium,temperate
v0157	Viruses;Duplodnaviria;Heunggongvirae;Uroviricota;Caudoviricetes;;,d__Bacteria;p__Actinomycetota;c__Coriobacteriia;o__Coriobacteriales;f__Atopobiaceae;g__Fannyhessea,temperate
v0158	Viruses;Duplodnaviria;Heunggongvirae;Uroviricota;Caudoviricetes;;,d__Bacteria;p__Actinomycetota;c__Actinomycetes;o__Actinomycetales;f__Bifidobacteriaceae;g__Bifidobacterium,temperate
v0159	Viruses;Duplodnaviria;Heunggongvirae;Uroviricota;Caudoviricetes;;,d__Bacteria;p__Bacillota;c__Bacilli;o__Lactobacillales;f__Lactobacillaceae;g__Lactobacillus,temperate
v015a	Viruses;Duplodnaviria;Heunggongvirae;Uroviricota;Caudoviricetes;;,d__Bacteria;p__Bacillota;c__Bacilli;o__Lactobacillales;f__Lactobacillaceae;g__Limosilactobacillus,temperate
v015b	Viruses;Duplodnaviria;Heunggongvirae;Uroviricota;Caudoviricetes;;,d__Bacteria;p__Bacillota;c__Bacilli;o__Lactobacillales;f__Lactobacillaceae;g__Limosilactobacillus,temperate
v015c	Viruses;Duplodnaviria;Heunggongvirae;Uroviricota;Caudoviricetes;;,d__Bacteria;p__Bacillota;c__Bacilli;o__Lactobacillales;f__Lactobacillaceae;g__Lactobacillus,temperate
v015d	Viruses;Duplodnaviria;Heunggongvirae;Uroviricota;Caudoviricetes;;,d__Bacteria;p__Pseudomonadota;c__Gammaproteobacteria;o__Enterobacterales;f__Enterobacteriaceae;g__Klebsiella,temperate
v015e	Viruses;Duplodnaviria;Heunggongvirae;Uroviricota;Caudoviricetes;;,d__Bacteria;p__Pseudomonadota;c__Gammaproteobacteria;o__Enterobacterales;f__Enterobacteriaceae;g__Klebsiella,temperate
v015f	Viruses;Duplodnaviria;Heunggongvirae;Uroviricota;Caudoviricetes;;,d__Bacteria;p__Actinomycetota;c__Actinomycetes;o__Mycobacteriales;f__Mycobacteriaceae;g__Corynebacterium,virulent
v0160	Viruses;Duplodnaviria;Heunggongvirae;Uroviricota;Caudoviricetes;;,d__Bacteria;p__Actinomycetota;c__Actinomycetes;o__Mycobacteriales;f__Mycobacteriaceae;g__Corynebacterium,temperate
v0161	Viruses;Duplodnaviria;Heunggongvirae;Uroviricota;Caudoviricetes;;,d__Bacteria;p__Actinomycetota;c__Actinomycetes;o__Actinomycetales;f__Actinomycetaceae;g__Actinotignum,virulent
v0162	Viruses;Duplodnaviria;Heunggongvirae;Uroviricota;Caudoviricetes;;,d__Bacteria;p__Bacillota;c__Clostridia;o__Tissierellales;f__Peptoniphilaceae;g__Peptoniphilus_B,temperate
v0163	Viruses;Duplodnaviria;Heunggongvirae;Uroviricota;Caudoviricetes;;,NA,virulent
v0164	Viruses;Duplodnaviria;Heunggongvirae;Uroviricota;Caudoviricetes;;,d__Bacteria;p__Actinomycetota;c__Actinomycetes;o__Actinomycetales;f__Actinomycetaceae;g__Varibaculum,temperate
v0165	Viruses;Duplodnaviria;Heunggongvirae;Uroviricota;Caudoviricetes;;,d__Bacteria;p__Actinomycetota;c__Actinomycetes;o__Mycobacteriales;f__Mycobacteriaceae;g__Corynebacterium,virulent
v0166	Viruses;Duplodnaviria;Heunggongvirae;Uroviricota;Caudoviricetes;;,d__Bacteria;p__Actinomycetota;c__Actinomycetes;o__Actinomycetales;f__Actinomycetaceae;g__Varibaculum,temperate
v0167	Viruses;Duplodnaviria;Heunggongvirae;Uroviricota;Caudoviricetes;;,d__Bacteria;p__Actinomycetota;c__Actinomycetes;o__Mycobacteriales;f__Mycobacteriaceae;g__Corynebacterium,virulent
v0168	Viruses;Duplodnaviria;Heunggongvirae;Uroviricota;Caudoviricetes;;,d__Bacteria;p__Actinomycetota;c__Actinomycetes;o__Actinomycetales;f__Brevibacteriaceae;g__Brevibacterium,virulent
v0169	Viruses;Duplodnaviria;Heunggongvirae;Uroviricota;Caudoviricetes;;,NA,temperate
v016a	Viruses;Duplodnaviria;Heunggongvirae;Uroviricota;Caudoviricetes;;,NA,temperate
v016b	Viruses;Duplodnaviria;Heunggongvirae;Uroviricota;Caudoviricetes;;,d__Bacteria;p__Bacillota;c__Clostridia;o__Tissierellales;f__Peptoniphilaceae;g__Fenollaria,temperate
v016c	Viruses;Duplodnaviria;Heunggongvirae;Uroviricota;Caudoviricetes;;,d__Bacteria;p__Actinomycetota;c__Actinomycetes;o__Actinomycetales;f__Cellulomonadaceae;g__Oerskovia,virulent
v016d	Viruses;Duplodnaviria;Heunggongvirae;Uroviricota;Caudoviricetes;;,d__Bacteria;p__Actinomycetota;c__Actinomycetes;o__Mycobacteriales;f__Mycobacteriaceae;g__Corynebacterium,virulent
v016e	Viruses;Duplodnaviria;Heunggongvirae;Uroviricota;Caudoviricetes;;,d__Bacteria;p__Bacillota;c__Bacilli;o__Erysipelotrichales;f__Erysipelotrichaceae;g__Bulleidia,temperate
v016f	Viruses;Duplodnaviria;Heunggongvirae;Uroviricota;Caudoviricetes;;,d__Bacteria;p__Actinomycetota;c__Actinomycetes;o__Actinomycetales;f__Bifidobacteriaceae;g__Bifidobacterium,temperate
v0170	Viruses;Duplodnaviria;Heunggongvirae;Uroviricota;Caudoviricetes;;,d__Bacteria;p__Actinomycetota;c__Actinomycetes;o__Actinomycetales;f__Actinomycetaceae;g__Arcanobacterium_A,temperate
v0171	Viruses;Duplodnaviria;Heunggongvirae;Uroviricota;Caudoviricetes;;,d__Bacteria;p__Actinomycetota;c__Coriobacteriia;o__Coriobacteriales;f__Eggerthellaceae;g__Berryella,temperate
v0172	Viruses;Duplodnaviria;Heunggongvirae;Uroviricota;Caudoviricetes;;,d__Bacteria;p__Actinomycetota;c__Coriobacteriia;o__Coriobacteriales;f__Atopobiaceae;g__Fannyhessea,temperate
v0173	Viruses;Duplodnaviria;Heunggongvirae;Uroviricota;Caudoviricetes;;,d__Bacteria;p__Fusobacteriota;c__Fusobacteriia;o__Fusobacteriales;f__Leptotrichiaceae;g__Sneathia,temperate
v0174	Viruses;Duplodnaviria;Heunggongvirae;Uroviricota;Caudoviricetes;;,d__Bacteria;p__Bacillota;c__Negativicutes;o__Veillonellales;f__Megasphaeraceae;g__Megasphaera_C,temperate
v0175	Viruses;Duplodnaviria;Heunggongvirae;Uroviricota;Caudoviricetes;;,d__Bacteria;p__Actinomycetota;c__Coriobacteriia;o__Coriobacteriales;f__Atopobiaceae;g__Fannyhessea,temperate
v0176	Viruses;Duplodnaviria;Heunggongvirae;Uroviricota;Caudoviricetes;;,d__Bacteria;p__Bacteroidota;c__Bacteroidia;o__Bacteroidales;f__Muribaculaceae;g__Sodaliphilus,temperate
v0177	Viruses;Duplodnaviria;Heunggongvirae;Uroviricota;Caudoviricetes;;,d__Bacteria;p__Actinomycetota;c__Actinomycetes;o__Actinomycetales;f__Bifidobacteriaceae;g__Bifidobacterium,temperate
v0178	Viruses;Duplodnaviria;Heunggongvirae;Uroviricota;Caudoviricetes;;,d__Bacteria;p__Actinomycetota;c__Actinomycetes;o__Actinomycetales;f__Bifidobacteriaceae;g__Bifidobacterium,temperate
v0179	Viruses;Duplodnaviria;Heunggongvirae;Uroviricota;Caudoviricetes;;,d__Bacteria;p__Actinomycetota;c__Coriobacteriia;o__Coriobacteriales;f__Atopobiaceae;g__Fannyhessea,temperate
v017a	Viruses;Duplodnaviria;Heunggongvirae;Uroviricota;Caudoviricetes;;,d__Bacteria;p__Bacteroidota;c__Bacteroidia;o__Bacteroidales;f__UBA932;g__Cryptobacteroides,temperate
v017b	Viruses;Duplodnaviria;Heunggongvirae;Uroviricota;Caudoviricetes;;,d__Bacteria;p__Bacillota;c__Negativicutes;o__Veillonellales;f__Dialisteraceae;g__Dialister,temperate
v017c	Viruses;Duplodnaviria;Heunggongvirae;Uroviricota;Caudoviricetes;;,NA,virulent
v017d	Viruses;Duplodnaviria;Heunggongvirae;Uroviricota;Caudoviricetes;;,NA,virulent
v017e	Viruses;Duplodnaviria;Heunggongvirae;Uroviricota;Caudoviricetes;;,d__Bacteria;p__Bacillota;c__Clostridia;o__Lachnospirales;f__Lachnospiraceae;g__Oribacterium,temperate
v017f	Viruses;Duplodnaviria;Heunggongvirae;Uroviricota;Caudoviricetes;;,NA,temperate
v0180	Viruses;Duplodnaviria;Heunggongvirae;Uroviricota;Caudoviricetes;;,d__Bacteria;p__Bacteroidota;c__Bacteroidia;o__Bacteroidales;f__Porphyromonadaceae;g__Porphyromonas,temperate
v0181	Viruses;Duplodnaviria;Heunggongvirae;Uroviricota;Caudoviricetes;;,d__Bacteria;p__Bacillota;c__Clostridia;o__Lachnospirales;f__Lachnospiraceae;g__Blautia_A,virulent
v0182	Viruses;Duplodnaviria;Heunggongvirae;Uroviricota;Caudoviricetes;;,d__Bacteria;p__Actinomycetota;c__Coriobacteriia;o__Coriobacteriales;f__Atopobiaceae;g__Lancefieldella,temperate
v0183	Viruses;Duplodnaviria;Heunggongvirae;Uroviricota;Caudoviricetes;;,d__Bacteria;p__Actinomycetota;c__Actinomycetes;o__Actinomycetales;f__Bifidobacteriaceae;g__Bifidobacterium,temperate
v0184	Viruses;Duplodnaviria;Heunggongvirae;Uroviricota;Caudoviricetes;;,NA,virulent
v0185	Viruses;Duplodnaviria;Heunggongvirae;Uroviricota;Caudoviricetes;;,d__Bacteria;p__Bacteroidota;c__Bacteroidia;o__Bacteroidales;f__Bacteroidaceae;g__Prevotella,temperate
v0186	Viruses;Duplodnaviria;Heunggongvirae;Uroviricota;Caudoviricetes;;,d__Bacteria;p__Bacillota;c__Negativicutes;o__Veillonellales;f__Dialisteraceae;g__Dialister,temperate
v0187	Viruses;Duplodnaviria;Heunggongvirae;Uroviricota;Caudoviricetes;;,d__Bacteria;p__Actinomycetota;c__Actinomycetes;o__Actinomycetales;f__Actinomycetaceae;g__Arcanobacterium_A,temperate
v0188	Viruses;Duplodnaviria;Heunggongvirae;Uroviricota;Caudoviricetes;;,NA,virulent
v0189	Viruses;Duplodnaviria;Heunggongvirae;Uroviricota;Caudoviricetes;;,d__Bacteria;p__Actinomycetota;c__Actinomycetes;o__Actinomycetales;f__Actinomycetaceae;g__Pauljensenia,temperate
v018a	Viruses;Duplodnaviria;Heunggongvirae;Uroviricota;Caudoviricetes;;,d__Bacteria;p__Actinomycetota;c__Actinomycetes;o__Actinomycetales;f__Actinomycetaceae;g__Pauljensenia,temperate
v018b	Viruses;Duplodnaviria;Heunggongvirae;Uroviricota;Caudoviricetes;;,d__Bacteria;p__Actinomycetota;c__Coriobacteriia;o__Coriobacteriales;f__Eggerthellaceae;g__Berryella,temperate
v018c	Viruses;Duplodnaviria;Heunggongvirae;Uroviricota;Caudoviricetes;;,d__Bacteria;p__Bacillota;c__Clostridia;o__Tissierellales;f__Peptoniphilaceae;g__Finegoldia,temperate
v018d	Viruses;Duplodnaviria;Heunggongvirae;Uroviricota;Caudoviricetes;;,d__Bacteria;p__Actinomycetota;c__Actinomycetes;o__Mycobacteriales;f__Mycobacteriaceae;g__Corynebacterium,temperate
v018e	Viruses;Duplodnaviria;Heunggongvirae;Uroviricota;Caudoviricetes;;,d__Bacteria;p__Bacillota;c__Bacilli;o__Lactobacillales;f__Streptococcaceae;g__Streptococcus,virulent
v018f	Viruses;Duplodnaviria;Heunggongvirae;Uroviricota;Caudoviricetes;;,d__Bacteria;p__Bacillota;c__Bacilli;o__Lactobacillales;f__Streptococcaceae;g__Streptococcus,temperate
v0190	NA,d__Bacteria;p__Actinomycetota;c__Actinomycetes;o__Mycobacteriales;f__Mycobacteriaceae;g__Corynebacterium,temperate
v0191	Viruses;Duplodnaviria;Heunggongvirae;Uroviricota;Caudoviricetes;;,d__Bacteria;p__Actinomycetota;c__Actinomycetes;o__Actinomycetales;f__Actinomycetaceae;g__Winkia,virulent
v0193	Viruses;Duplodnaviria;Heunggongvirae;Uroviricota;Caudoviricetes;;,d__Bacteria;p__Bacillota;c__Clostridia;o__Tissierellales;f__Peptoniphilaceae;g__Anaerococcus,temperate
v0194	Viruses;Duplodnaviria;Heunggongvirae;Uroviricota;Caudoviricetes;;,d__Bacteria;p__Bacillota;c__Clostridia;o__Peptostreptococcales;f__Peptostreptococcaceae;g__Peptostreptococcus,temperate
v0195	Viruses;Duplodnaviria;Heunggongvirae;Uroviricota;Caudoviricetes;;,d__Bacteria;p__Actinomycetota;c__Actinomycetes;o__Actinomycetales;f__Bifidobacteriaceae;g__Bifidobacterium,temperate
v0196	Viruses;Duplodnaviria;Heunggongvirae;Uroviricota;Caudoviricetes;;Herelleviridae,NA,virulent
v0197	Viruses;Duplodnaviria;Heunggongvirae;Uroviricota;Caudoviricetes;;,d__Bacteria;p__Synergistota;c__Synergistia;o__Synergistales;f__Dethiosulfovibrionaceae;g__Pyramidobacter,temperate
v0198	Viruses;Duplodnaviria;Heunggongvirae;Uroviricota;Caudoviricetes;;,d__Bacteria;p__Actinomycetota;c__Actinomycetes;o__Mycobacteriales;f__Mycobacteriaceae;g__Corynebacterium,temperate
v0199	Viruses;Duplodnaviria;Heunggongvirae;Uroviricota;Caudoviricetes;;,NA,temperate
v019a	Viruses;Duplodnaviria;Heunggongvirae;Uroviricota;Caudoviricetes;;,d__Bacteria;p__Bacillota;c__Clostridia;o__Tissierellales;f__Peptoniphilaceae;g__Peptoniphilus_A,temperate
v019b	Viruses;Duplodnaviria;Heunggongvirae;Uroviricota;Caudoviricetes;;,d__Bacteria;p__Bacillota;c__Clostridia;o__Tissierellales;f__Peptoniphilaceae;g__Aedoeadaptatus,temperate
v019c	Viruses;Duplodnaviria;Heunggongvirae;Uroviricota;Caudoviricetes;;,d__Bacteria;p__Actinomycetota;c__Actinomycetes;o__Actinomycetales;f__Bifidobacteriaceae;g__Bifidobacterium,virulent
v019d	Viruses;Duplodnaviria;Heunggongvirae;Uroviricota;Caudoviricetes;;,d__Bacteria;p__Actinomycetota;c__Actinomycetes;o__Mycobacteriales;f__Mycobacteriaceae;g__Lawsonella,virulent
v019e	Viruses;Duplodnaviria;Heunggongvirae;Uroviricota;Caudoviricetes;;,d__Bacteria;p__Actinomycetota;c__Actinomycetes;o__Actinomycetales;f__Micrococcaceae;g__Pseudoglutamicibacter,virulent
v019f	Viruses;Duplodnaviria;Heunggongvirae;Uroviricota;Caudoviricetes;;,d__Bacteria;p__Actinomycetota;c__Actinomycetes;o__Mycobacteriales;f__Mycobacteriaceae;g__Corynebacterium,temperate
v01a0	Viruses;Duplodnaviria;Heunggongvirae;Uroviricota;Caudoviricetes;;,d__Bacteria;p__Actinomycetota;c__Actinomycetes;o__Mycobacteriales;f__Mycobacteriaceae;g__Corynebacterium,virulent
v01a1	Viruses;Duplodnaviria;Heunggongvirae;Uroviricota;Caudoviricetes;;,d__Bacteria;p__Bacillota;c__Clostridia;o__Tissierellales;f__Peptoniphilaceae;g__Fenollaria,temperate
v01a2	Viruses;Duplodnaviria;Heunggongvirae;Uroviricota;Caudoviricetes;;,d__Bacteria;p__Bacillota;c__Bacilli;o__Lactobacillales;f__Lactobacillaceae;g__Lactobacillus,temperate
v01a3	Viruses;Duplodnaviria;Heunggongvirae;Uroviricota;Caudoviricetes;;,d__Bacteria;p__Actinomycetota;c__Coriobacteriia;o__Coriobacteriales;f__Eggerthellaceae;g__Berryella,temperate
v01a4	Viruses;Duplodnaviria;Heunggongvirae;Uroviricota;Caudoviricetes;;,d__Bacteria;p__Actinomycetota;c__Coriobacteriia;o__Coriobacteriales;f__Atopobiaceae;g__Fannyhessea,virulent
v01a5	Viruses;Duplodnaviria;Heunggongvirae;Uroviricota;Caudoviricetes;;,d__Bacteria;p__Actinomycetota;c__Actinomycetes;o__Mycobacteriales;f__Mycobacteriaceae;g__Corynebacterium,virulent
v01a6	Viruses;Monodnaviria;Shotokuvirae;Cressdnaviricota;Arfiviricetes;Cirlivirales;,NA,virulent
v01a7	Viruses;Duplodnaviria;Heunggongvirae;Uroviricota;Caudoviricetes;;,NA,virulent
v01a8	Viruses;Duplodnaviria;Heunggongvirae;Uroviricota;Caudoviricetes;;,d__Bacteria;p__Bacillota;c__Bacilli;o__Lactobacillales;f__Lactobacillaceae;g__Lactobacillus,temperate
v01a9	Viruses;Duplodnaviria;Heunggongvirae;Uroviricota;Caudoviricetes;;,d__Bacteria;p__Bacillota;c__Bacilli;o__Lactobacillales;f__Lactobacillaceae;g__Limosilactobacillus,temperate
v01aa	Viruses;Duplodnaviria;Heunggongvirae;Uroviricota;Caudoviricetes;;,d__Bacteria;p__Bacillota;c__Bacilli;o__Lactobacillales;f__Lactobacillaceae;g__Lactobacillus,temperate
v01ab	Viruses;Duplodnaviria;Heunggongvirae;Uroviricota;Caudoviricetes;;,d__Bacteria;p__Bacillota;c__Bacilli;o__Lactobacillales;f__Lactobacillaceae;g__Lacticaseibacillus,temperate
v01ac	Viruses;Duplodnaviria;Heunggongvirae;Uroviricota;Caudoviricetes;;,d__Bacteria;p__Actinomycetota;c__Actinomycetes;o__Mycobacteriales;f__Mycobacteriaceae;g__Corynebacterium,temperate
v01ad	Viruses;Duplodnaviria;Heunggongvirae;Uroviricota;Caudoviricetes;;,d__Bacteria;p__Actinomycetota;c__Actinomycetes;o__Mycobacteriales;f__Mycobacteriaceae;g__Corynebacterium,temperate
v01ae	Viruses;Duplodnaviria;Heunggongvirae;Uroviricota;Caudoviricetes;;,d__Bacteria;p__Actinomycetota;c__Actinomycetes;o__Mycobacteriales;f__Mycobacteriaceae;g__Corynebacterium,virulent
v01af	Viruses;Duplodnaviria;Heunggongvirae;Uroviricota;Caudoviricetes;;,d__Bacteria;p__Bacillota;c__Bacilli;o__Lactobacillales;f__Lactobacillaceae;g__Lactobacillus,temperate
v01b0	Viruses;Duplodnaviria;Heunggongvirae;Uroviricota;Caudoviricetes;;,d__Bacteria;p__Actinomycetota;c__Actinomycetes;o__Propionibacteriales;f__Propionibacteriaceae;g__Cutibacterium,virulent
v01b1	NA,d__Bacteria;p__Bacillota;c__Bacilli;o__Lactobacillales;f__Streptococcaceae;g__Streptococcus,temperate
v01b2	Viruses;Duplodnaviria;Heunggongvirae;Uroviricota;Caudoviricetes;;,d__Bacteria;p__Actinomycetota;c__Actinomycetes;o__Actinomycetales;f__Bifidobacteriaceae;g__Bifidobacterium,temperate
v01b3	Viruses;Duplodnaviria;Heunggongvirae;Uroviricota;Caudoviricetes;;,NA,temperate
v01b4	Viruses;Duplodnaviria;Heunggongvirae;Uroviricota;Caudoviricetes;;,NA,virulent
v01b5	NA,d__Bacteria;p__Actinomycetota;c__Actinomycetes;o__Mycobacteriales;f__Mycobacteriaceae;g__Corynebacterium,virulent
v01b6	Viruses;Duplodnaviria;Heunggongvirae;Uroviricota;Caudoviricetes;;,d__Bacteria;p__Actinomycetota;c__Actinomycetes;o__Mycobacteriales;f__Mycobacteriaceae;g__Corynebacterium,virulent
v01b7	Viruses;Duplodnaviria;Heunggongvirae;Uroviricota;Caudoviricetes;;,d__Bacteria;p__Actinomycetota;c__Actinomycetes;o__Mycobacteriales;f__Mycobacteriaceae;g__Corynebacterium,virulent
v01b8	Viruses;Duplodnaviria;Heunggongvirae;Uroviricota;Caudoviricetes;;,d__Bacteria;p__Actinomycetota;c__Actinomycetes;o__Propionibacteriales;f__Propionibacteriaceae;g__Arachnia,virulent
v01b9	Viruses;Duplodnaviria;Heunggongvirae;Uroviricota;Caudoviricetes;;,NA,virulent
v01ba	Viruses;Duplodnaviria;Heunggongvirae;Uroviricota;Caudoviricetes;;,d__Bacteria;p__Actinomycetota;c__Actinomycetes;o__Mycobacteriales;f__Mycobacteriaceae;g__Corynebacterium,temperate
v01bb	Viruses;Duplodnaviria;Heunggongvirae;Uroviricota;Caudoviricetes;;,d__Bacteria;p__Actinomycetota;c__Actinomycetes;o__Actinomycetales;f__Micrococcaceae;g__Pseudoglutamicibacter,virulent
v01bc	Viruses;Duplodnaviria;Heunggongvirae;Uroviricota;Caudoviricetes;;,d__Bacteria;p__Bacillota;c__Bacilli;o__Lactobacillales;f__Lactobacillaceae;g__Lactobacillus,temperate
v01bd	NA,d__Bacteria;p__Bacillota;c__Bacilli;o__Lactobacillales;f__Lactobacillaceae;g__Lactobacillus,temperate
v01be	Viruses;Duplodnaviria;Heunggongvirae;Uroviricota;Caudoviricetes;;,NA,virulent
v01bf	Viruses;Duplodnaviria;Heunggongvirae;Uroviricota;Caudoviricetes;;,d__Bacteria;p__Actinomycetota;c__Actinomycetes;o__Mycobacteriales;f__Mycobacteriaceae;g__Corynebacterium,temperate
v01c0	Viruses;Duplodnaviria;Heunggongvirae;Uroviricota;Caudoviricetes;;,d__Bacteria;p__Actinomycetota;c__Coriobacteriia;o__Coriobacteriales;f__Atopobiaceae;g__Fannyhessea,temperate
v01c1	Viruses;Duplodnaviria;Heunggongvirae;Uroviricota;Caudoviricetes;;,d__Bacteria;p__Bacillota;c__Clostridia;o__Tissierellales;f__Peptoniphilaceae;g__Parvimonas,temperate
v01c3	Viruses;Duplodnaviria;Heunggongvirae;Uroviricota;Caudoviricetes;;,d__Bacteria;p__Actinomycetota;c__Actinomycetes;o__Mycobacteriales;f__Mycobacteriaceae;g__Corynebacterium,temperate
v01c4	Viruses;Duplodnaviria;Heunggongvirae;Uroviricota;Caudoviricetes;;,d__Bacteria;p__Actinomycetota;c__Actinomycetes;o__Actinomycetales;f__Bifidobacteriaceae;g__Bifidobacterium,virulent
v01c5	Viruses;Duplodnaviria;Heunggongvirae;Uroviricota;Caudoviricetes;;,d__Bacteria;p__Bacillota;c__Negativicutes;o__Veillonellales;f__Dialisteraceae;g__Dialister,temperate
v01c6	Viruses;Duplodnaviria;Heunggongvirae;Uroviricota;Caudoviricetes;;,d__Bacteria;p__Actinomycetota;c__Actinomycetes;o__Mycobacteriales;f__Mycobacteriaceae;g__Lawsonella,virulent
v01c7	Viruses;Duplodnaviria;Heunggongvirae;Uroviricota;Caudoviricetes;;,d__Bacteria;p__Bacteroidota;c__Bacteroidia;o__Bacteroidales;f__Bacteroidaceae;g__Prevotella,temperate
v01c8	Viruses;Duplodnaviria;Heunggongvirae;Uroviricota;Caudoviricetes;;,d__Bacteria;p__Bacillota;c__Bacilli;o__Lactobacillales;f__Aerococcaceae;g__Aerococcus,temperate
v01c9	NA,d__Bacteria;p__Fusobacteriota;c__Fusobacteriia;o__Fusobacteriales;f__Leptotrichiaceae;g__Sneathia,temperate
v01ca	Viruses;Duplodnaviria;Heunggongvirae;Uroviricota;Caudoviricetes;;,d__Bacteria;p__Bacillota;c__Clostridia;o__Tissierellales;f__Peptoniphilaceae;g__Parvimonas,temperate
v01cb	Viruses;Duplodnaviria;Heunggongvirae;Uroviricota;Caudoviricetes;;,d__Bacteria;p__Bacillota;c__Clostridia;o__Tissierellales;f__Peptoniphilaceae;g__Parvimonas,temperate
v01cc	Viruses;Duplodnaviria;Heunggongvirae;Uroviricota;Caudoviricetes;;,d__Bacteria;p__Fusobacteriota;c__Fusobacteriia;o__Fusobacteriales;f__Leptotrichiaceae;g__Sneathia,temperate
v01cd	Viruses;Duplodnaviria;Heunggongvirae;Uroviricota;Caudoviricetes;;,d__Bacteria;p__Bacillota;c__Negativicutes;o__Veillonellales;f__Dialisteraceae;g__Dialister,temperate
v01ce	Viruses;Duplodnaviria;Heunggongvirae;Uroviricota;Caudoviricetes;;,d__Bacteria;p__Bacillota;c__Bacilli;o__Lactobacillales;f__Lactobacillaceae;g__Lactobacillus,temperate
v01cf	Viruses;Duplodnaviria;Heunggongvirae;Uroviricota;Caudoviricetes;;,d__Bacteria;p__Bacillota;c__Clostridia;o__Saccharofermentanales;f__Fastidiosipilaceae;g__Amygdalobacter,temperate
v01d0	Viruses;Duplodnaviria;Heunggongvirae;Uroviricota;Caudoviricetes;;,d__Bacteria;p__Patescibacteriota;c__Saccharimonadia;o__Saccharimonadales;f__Nanoperiomorbaceae;g__Nanoperiomorbus,temperate
v01d1	Viruses;Duplodnaviria;Heunggongvirae;Uroviricota;Caudoviricetes;;,d__Bacteria;p__Actinomycetota;c__Actinomycetes;o__Actinomycetales;f__Bifidobacteriaceae;g__Bifidobacterium,temperate
v01d2	Viruses;Duplodnaviria;Heunggongvirae;Uroviricota;Caudoviricetes;;,d__Bacteria;p__Bacillota;c__Clostridia;o__Tissierellales;f__Peptoniphilaceae;g__Helcococcus,temperate
v01d3	Viruses;Duplodnaviria;Heunggongvirae;Uroviricota;Caudoviricetes;;,NA,temperate
v01d4	Viruses;Duplodnaviria;Heunggongvirae;Uroviricota;Caudoviricetes;;,d__Bacteria;p__Bacillota;c__Clostridia;o__Tissierellales;f__Peptoniphilaceae;g__Peptoniphilus_A,temperate
v01d5	Viruses;Duplodnaviria;Heunggongvirae;Uroviricota;Caudoviricetes;;,d__Bacteria;p__Actinomycetota;c__Actinomycetes;o__Actinomycetales;f__Actinomycetaceae;g__Gleimia,temperate
v01d6	Viruses;Duplodnaviria;Heunggongvirae;Uroviricota;Caudoviricetes;;,d__Bacteria;p__Bacillota;c__Bacilli;o__Lactobacillales;f__Streptococcaceae;g__Streptococcus,virulent
v01d7	Viruses;Duplodnaviria;Heunggongvirae;Uroviricota;Caudoviricetes;;,d__Bacteria;p__Actinomycetota;c__Actinomycetes;o__Actinomycetales;f__Micrococcaceae;g__Pseudoglutamicibacter,virulent
v01d8	Viruses;Duplodnaviria;Heunggongvirae;Uroviricota;Caudoviricetes;;,d__Bacteria;p__Actinomycetota;c__Actinomycetes;o__Propionibacteriales;f__Propionibacteriaceae;g__Cutibacterium,virulent
v01d9	Viruses;Duplodnaviria;Heunggongvirae;Uroviricota;Caudoviricetes;;,d__Bacteria;p__Actinomycetota;c__Actinomycetes;o__Mycobacteriales;f__Mycobacteriaceae;g__Lawsonella,temperate
v01da	Viruses;Duplodnaviria;Heunggongvirae;Uroviricota;Caudoviricetes;;,d__Bacteria;p__Bacillota;c__Bacilli;o__Lactobacillales;f__Lactobacillaceae;g__Limosilactobacillus,temperate
v01db	Viruses;Duplodnaviria;Heunggongvirae;Uroviricota;Caudoviricetes;;,d__Bacteria;p__Actinomycetota;c__Coriobacteriia;o__Coriobacteriales;f__Eggerthellaceae;g__Berryella,temperate
v01dc	Viruses;Duplodnaviria;Heunggongvirae;Uroviricota;Caudoviricetes;;,d__Bacteria;p__Actinomycetota;c__Actinomycetes;o__Actinomycetales;f__Bifidobacteriaceae;g__Alloscardovia,virulent
v01dd	Viruses;Duplodnaviria;Heunggongvirae;Uroviricota;Caudoviricetes;;,d__Bacteria;p__Bacillota;c__Bacilli;o__Lactobacillales;f__Streptococcaceae;g__Streptococcus,temperate
v01de	Viruses;Duplodnaviria;Heunggongvirae;Uroviricota;Caudoviricetes;;,d__Bacteria;p__Bacillota;c__Negativicutes;o__Veillonellales;f__Veillonellaceae;g__Veillonella,virulent
v01e0	Viruses;Duplodnaviria;Heunggongvirae;Uroviricota;Caudoviricetes;;,NA,virulent
v01e1	Viruses;Duplodnaviria;Heunggongvirae;Uroviricota;Caudoviricetes;;,d__Bacteria;p__Actinomycetota;c__Actinomycetes;o__Mycobacteriales;f__Mycobacteriaceae;g__Corynebacterium,virulent
v01e2	Viruses;Duplodnaviria;Heunggongvirae;Uroviricota;Caudoviricetes;;,NA,virulent
v01e4	Viruses;Duplodnaviria;Heunggongvirae;Uroviricota;Caudoviricetes;;,d__Bacteria;p__Actinomycetota;c__Actinomycetes;o__Mycobacteriales;f__Mycobacteriaceae;g__Corynebacterium,temperate
v01e5	Viruses;Duplodnaviria;Heunggongvirae;Uroviricota;Caudoviricetes;;,d__Bacteria;p__Bacillota;c__Bacilli;o__Lactobacillales;f__Lactobacillaceae;g__Lactobacillus,temperate
v01e6	Viruses;Monodnaviria;Sangervirae;Phixviricota;Malgrandaviricetes;Petitvirales;Microviridae,d__Bacteria;p__Bacteroidota;c__Bacteroidia;o__Bacteroidales;f__Bacteroidaceae;g__Prevotella,virulent
v01e7	Viruses;Duplodnaviria;Heunggongvirae;Uroviricota;Caudoviricetes;;,d__Bacteria;p__Bacteroidota;c__Bacteroidia;o__Bacteroidales;f__Bacteroidaceae;g__Prevotella,virulent
v01e8	Viruses;Duplodnaviria;Heunggongvirae;Uroviricota;Caudoviricetes;;,d__Bacteria;p__Actinomycetota;c__Actinomycetes;o__Actinomycetales;f__Actinomycetaceae;g__Actinotignum,temperate
v01e9	Viruses;Duplodnaviria;Heunggongvirae;Uroviricota;Caudoviricetes;;,d__Bacteria;p__Actinomycetota;c__Actinomycetes;o__Actinomycetales;f__Actinomycetaceae;g__Actinotignum,virulent
v01ea	Viruses;Duplodnaviria;Heunggongvirae;Uroviricota;Caudoviricetes;;,d__Bacteria;p__Actinomycetota;c__Actinomycetes;o__Actinomycetales;f__Actinomycetaceae;g__Varibaculum,temperate
v01eb	Viruses;Duplodnaviria;Heunggongvirae;Uroviricota;Caudoviricetes;;,NA,temperate
v01ec	Viruses;Duplodnaviria;Heunggongvirae;Uroviricota;Caudoviricetes;;,NA,temperate
v01ed	Viruses;Duplodnaviria;Heunggongvirae;Uroviricota;Caudoviricetes;;,d__Bacteria;p__Bacillota;c__Bacilli;o__Lactobacillales;f__Lactobacillaceae;g__Lactobacillus,temperate
v01ee	Viruses;Duplodnaviria;Heunggongvirae;Uroviricota;Caudoviricetes;;,d__Bacteria;p__Bacillota;c__Clostridia;o__Tissierellales;f__Peptoniphilaceae;g__Anaerococcus,temperate
v01ef	Viruses;Duplodnaviria;Heunggongvirae;Uroviricota;Caudoviricetes;;,d__Bacteria;p__Bacillota;c__Clostridia;o__Tissierellales;f__Peptoniphilaceae;g__Anaerococcus,temperate
v01f0	Viruses;Duplodnaviria;Heunggongvirae;Uroviricota;Caudoviricetes;;,d__Bacteria;p__Bacteroidota;c__Bacteroidia;o__Bacteroidales;f__Bacteroidaceae;g__Bacteroides,temperate
v01f1	Viruses;Duplodnaviria;Heunggongvirae;Uroviricota;Caudoviricetes;;,d__Bacteria;p__Bacteroidota;c__Bacteroidia;o__Bacteroidales;f__Bacteroidaceae;g__Prevotella,temperate
v01f2	Viruses;Duplodnaviria;Heunggongvirae;Uroviricota;Caudoviricetes;;,NA,temperate
v01f3	Viruses;Duplodnaviria;Heunggongvirae;Uroviricota;Caudoviricetes;;,d__Bacteria;p__Bacillota;c__Clostridia;o__Tissierellales;f__Peptoniphilaceae;g__Anaerococcus,virulent
v01f4	Viruses;Duplodnaviria;Heunggongvirae;Uroviricota;Caudoviricetes;;,d__Bacteria;p__Bacillota;c__Clostridia;o__Tissierellales;f__Peptoniphilaceae;g__Anaerococcus,temperate
v01f5	Viruses;Monodnaviria;Shotokuvirae;Cressdnaviricota;Arfiviricetes;Cirlivirales;,NA,virulent
v01f6	Viruses;Duplodnaviria;Heunggongvirae;Uroviricota;Caudoviricetes;;,NA,virulent
v01f7	Viruses;Duplodnaviria;Heunggongvirae;Uroviricota;Caudoviricetes;;,d__Bacteria;p__Actinomycetota;c__Actinomycetes;o__Mycobacteriales;f__Mycobacteriaceae;g__Corynebacterium,temperate
v01f8	Viruses;Duplodnaviria;Heunggongvirae;Uroviricota;Caudoviricetes;;,NA,temperate
v01f9	NA,d__Bacteria;p__Actinomycetota;c__Actinomycetes;o__Mycobacteriales;f__Mycobacteriaceae;g__Corynebacterium,temperate
v01fa	Viruses;Duplodnaviria;Heunggongvirae;Uroviricota;Caudoviricetes;;,d__Bacteria;p__Actinomycetota;c__Actinomycetes;o__Mycobacteriales;f__Mycobacteriaceae;g__Corynebacterium,virulent
v01fb	Viruses;Duplodnaviria;Heunggongvirae;Uroviricota;Caudoviricetes;;,NA,virulent
v01fc	Viruses;Duplodnaviria;Heunggongvirae;Uroviricota;Caudoviricetes;;,NA,temperate
v01fd	Viruses;Duplodnaviria;Heunggongvirae;Uroviricota;Caudoviricetes;;,d__Bacteria;p__Synergistota;c__Synergistia;o__Synergistales;f__Dethiosulfovibrionaceae;g__Pyramidobacter,temperate
v01fe	Viruses;Duplodnaviria;Heunggongvirae;Uroviricota;Caudoviricetes;;,d__Bacteria;p__Bacteroidota;c__Bacteroidia;o__Bacteroidales;f__Porphyromonadaceae;g__Porphyromonas_A,temperate
v01ff	Viruses;Duplodnaviria;Heunggongvirae;Uroviricota;Caudoviricetes;;,d__Bacteria;p__Bacteroidota;c__Bacteroidia;o__Bacteroidales;f__Porphyromonadaceae;g__Porphyromonas_A,virulent
v0200	Viruses;Duplodnaviria;Heunggongvirae;Uroviricota;Caudoviricetes;;,d__Bacteria;p__Bacteroidota;c__Bacteroidia;o__Bacteroidales;f__Porphyromonadaceae;g__Porphyromonas_A,virulent
v0201	Viruses;Duplodnaviria;Heunggongvirae;Uroviricota;Caudoviricetes;;,d__Bacteria;p__Actinomycetota;c__Actinomycetes;o__Mycobacteriales;f__Mycobacteriaceae;g__Corynebacterium,virulent
v0202	Viruses;Duplodnaviria;Heunggongvirae;Uroviricota;Caudoviricetes;;,d__Bacteria;p__Actinomycetota;c__Coriobacteriia;o__Coriobacteriales;f__Atopobiaceae;g__Fannyhessea,temperate
v0203	Viruses;Duplodnaviria;Heunggongvirae;Uroviricota;Caudoviricetes;;,d__Bacteria;p__Bacillota;c__Bacilli;o__Lactobacillales;f__Lactobacillaceae;g__Lactobacillus,temperate
v0204	Viruses;Duplodnaviria;Heunggongvirae;Uroviricota;Caudoviricetes;;,d__Bacteria;p__Actinomycetota;c__Coriobacteriia;o__Coriobacteriales;f__Eggerthellaceae;g__Berryella,temperate
v0205	Viruses;Duplodnaviria;Heunggongvirae;Uroviricota;Caudoviricetes;;,d__Bacteria;p__Bacillota;c__Bacilli;o__Staphylococcales;f__Staphylococcaceae;g__Staphylococcus,temperate
v0206	NA,d__Bacteria;p__Actinomycetota;c__Actinomycetes;o__Mycobacteriales;f__Mycobacteriaceae;g__Corynebacterium,temperate
v0207	Viruses;Duplodnaviria;Heunggongvirae;Uroviricota;Caudoviricetes;;,NA,temperate
v0208	Viruses;Duplodnaviria;Heunggongvirae;Uroviricota;Caudoviricetes;;,d__Bacteria;p__Bacillota;c__Clostridia;o__Tissierellales;f__Peptoniphilaceae;g__Peptoniphilus_A,temperate
v0209	Viruses;Duplodnaviria;Heunggongvirae;Uroviricota;Caudoviricetes;;,d__Bacteria;p__Bacillota;c__Bacilli;o__Lactobacillales;f__Streptococcaceae;g__Streptococcus,temperate
v020a	Viruses;Duplodnaviria;Heunggongvirae;Uroviricota;Caudoviricetes;;,d__Bacteria;p__Bacillota;c__Clostridia;o__Tissierellales;f__Peptoniphilaceae;g__Finegoldia,temperate
v020b	Viruses;Duplodnaviria;Heunggongvirae;Uroviricota;Caudoviricetes;;,d__Bacteria;p__Actinomycetota;c__Actinomycetes;o__Mycobacteriales;f__Mycobacteriaceae;g__Corynebacterium,virulent
v020c	Viruses;Duplodnaviria;Heunggongvirae;Uroviricota;Caudoviricetes;;,d__Bacteria;p__Bacillota;c__Clostridia;o__Tissierellales;f__Peptoniphilaceae;g__Peptoniphilus_A,temperate
v020d	Viruses;Duplodnaviria;Heunggongvirae;Uroviricota;Caudoviricetes;;,d__Bacteria;p__Bacillota;c__Clostridia;o__Tissierellales;f__Peptoniphilaceae;g__Finegoldia,temperate
v020e	Viruses;Duplodnaviria;Heunggongvirae;Uroviricota;Caudoviricetes;;,NA,virulent
v020f	Viruses;Duplodnaviria;Heunggongvirae;Uroviricota;Caudoviricetes;;,d__Bacteria;p__Bacillota;c__Clostridia;o__Tissierellales;f__Peptoniphilaceae;g__Peptoniphilus_A,virulent
v0210	Viruses;Duplodnaviria;Heunggongvirae;Uroviricota;Caudoviricetes;;,d__Bacteria;p__Actinomycetota;c__Actinomycetes;o__Mycobacteriales;f__Mycobacteriaceae;g__Corynebacterium,temperate
v0211	Viruses;Duplodnaviria;Heunggongvirae;Uroviricota;Caudoviricetes;;,d__Bacteria;p__Actinomycetota;c__Coriobacteriia;o__Coriobacteriales;f__Atopobiaceae;g__Fannyhessea,temperate
v0212	Viruses;Duplodnaviria;Heunggongvirae;Uroviricota;Caudoviricetes;;,d__Bacteria;p__Actinomycetota;c__Actinomycetes;o__Actinomycetales;f__Bifidobacteriaceae;g__Bifidobacterium,temperate
v0213	Viruses;Duplodnaviria;Heunggongvirae;Uroviricota;Caudoviricetes;;,NA,virulent
v0214	Viruses;Duplodnaviria;Heunggongvirae;Uroviricota;Caudoviricetes;;,d__Bacteria;p__Bacillota;c__Bacilli;o__Lactobacillales;f__Lactobacillaceae;g__Lactobacillus,temperate
v0215	Viruses;Duplodnaviria;Heunggongvirae;Uroviricota;Caudoviricetes;;,d__Bacteria;p__Bacteroidota;c__Bacteroidia;o__Bacteroidales;f__Bacteroidaceae;g__Prevotella,temperate
v0216	NA,NA,virulent
v0217	NA,d__Bacteria;p__Actinomycetota;c__Actinomycetes;o__Mycobacteriales;f__Mycobacteriaceae;g__Corynebacterium,virulent
v0218	Viruses;Duplodnaviria;Heunggongvirae;Uroviricota;Caudoviricetes;;,NA,temperate
v0219	Viruses;Duplodnaviria;Heunggongvirae;Uroviricota;Caudoviricetes;;,d__Bacteria;p__Actinomycetota;c__Coriobacteriia;o__Coriobacteriales;f__Atopobiaceae;g__Fannyhessea,temperate
v021a	Viruses;Duplodnaviria;Heunggongvirae;Uroviricota;Caudoviricetes;;,d__Bacteria;p__Bacillota;c__Clostridia;o__Tissierellales;f__Peptoniphilaceae;g__Aedoeadaptatus,temperate
v021b	Viruses;Duplodnaviria;Heunggongvirae;Uroviricota;Caudoviricetes;;,d__Bacteria;p__Bacillota;c__Clostridia;o__Tissierellales;f__Peptoniphilaceae;g__Aedoeadaptatus,virulent
v021c	Viruses;Duplodnaviria;Heunggongvirae;Uroviricota;Caudoviricetes;;,d__Bacteria;p__Bacillota;c__Negativicutes;o__Veillonellales;f__Dialisteraceae;g__Dialister,temperate
v021d	Viruses;Duplodnaviria;Heunggongvirae;Uroviricota;Caudoviricetes;;,d__Bacteria;p__Bacteroidota;c__Bacteroidia;o__Bacteroidales;f__Porphyromonadaceae;g__Porphyromonas,virulent
v021e	Viruses;Duplodnaviria;Heunggongvirae;Uroviricota;Caudoviricetes;;,d__Bacteria;p__Bacillota;c__Clostridia;o__Tissierellales;f__Peptoniphilaceae;g__Anaerococcus,virulent
v021f	Viruses;Duplodnaviria;Heunggongvirae;Uroviricota;Caudoviricetes;;,d__Bacteria;p__Bacillota;c__Clostridia;o__Tissierellales;f__Peptoniphilaceae;g__Murdochiella,temperate
v0220	Viruses;Duplodnaviria;Heunggongvirae;Uroviricota;Caudoviricetes;;,d__Bacteria;p__Bacteroidota;c__Bacteroidia;o__Bacteroidales;f__Porphyromonadaceae;g__Porphyromonas,virulent
v0221	Viruses;Duplodnaviria;Heunggongvirae;Uroviricota;Caudoviricetes;;,d__Bacteria;p__Bacillota;c__Clostridia;o__Saccharofermentanales;f__Fastidiosipilaceae;g__Amygdalobacter,temperate
v0222	Viruses;Duplodnaviria;Heunggongvirae;Uroviricota;Caudoviricetes;;,d__Bacteria;p__Bacillota;c__Clostridia;o__Lachnospirales;f__Lachnospiraceae;g__Wujia,temperate
v0223	Viruses;Duplodnaviria;Heunggongvirae;Uroviricota;Caudoviricetes;;,d__Bacteria;p__Bacteroidota;c__Bacteroidia;o__Bacteroidales;f__Porphyromonadaceae;g__Porphyromonas,temperate
v0224	Viruses;Duplodnaviria;Heunggongvirae;Uroviricota;Caudoviricetes;;,d__Bacteria;p__Bacteroidota;c__Bacteroidia;o__Bacteroidales;f__Bacteroidaceae;g__Prevotella,virulent
v0225	Viruses;Duplodnaviria;Heunggongvirae;Uroviricota;Caudoviricetes;;,d__Bacteria;p__Bacillota;c__Clostridia;o__Tissierellales;f__Peptoniphilaceae;g__Peptoniphilus_A,virulent
v0226	Viruses;Duplodnaviria;Heunggongvirae;Uroviricota;Caudoviricetes;;,d__Bacteria;p__Bacteroidota;c__Bacteroidia;o__Bacteroidales;f__Bacteroidaceae;g__Prevotella,temperate
v0227	Viruses;Duplodnaviria;Heunggongvirae;Uroviricota;Caudoviricetes;;,d__Bacteria;p__Bacillota;c__Negativicutes;o__Veillonellales;f__Veillonellaceae;g__Veillonella,temperate
v0229	Viruses;Duplodnaviria;Heunggongvirae;Uroviricota;Caudoviricetes;;,d__Bacteria;p__Bacillota;c__Negativicutes;o__Veillonellales;f__Veillonellaceae;g__Veillonella,temperate
v022a	Viruses;Duplodnaviria;Heunggongvirae;Uroviricota;Caudoviricetes;;,d__Bacteria;p__Bacillota;c__Negativicutes;o__Veillonellales;f__Dialisteraceae;g__Dialister,temperate
v022b	Viruses;Duplodnaviria;Heunggongvirae;Uroviricota;Caudoviricetes;;,d__Bacteria;p__Bacteroidota;c__Bacteroidia;o__Bacteroidales;f__Bacteroidaceae;g__Prevotella,temperate
v022c	Viruses;Duplodnaviria;Heunggongvirae;Uroviricota;Caudoviricetes;;,d__Bacteria;p__Bacillota;c__Bacilli;o__Lactobacillales;f__Streptococcaceae;g__Streptococcus,temperate
v022d	Viruses;Duplodnaviria;Heunggongvirae;Uroviricota;Caudoviricetes;;,NA,virulent
v022e	Viruses;Duplodnaviria;Heunggongvirae;Uroviricota;Caudoviricetes;;,d__Bacteria;p__Actinomycetota;c__Actinomycetes;o__Mycobacteriales;f__Mycobacteriaceae;g__Corynebacterium,temperate
v022f	Viruses;Duplodnaviria;Heunggongvirae;Uroviricota;Caudoviricetes;;,d__Bacteria;p__Fusobacteriota;c__Fusobacteriia;o__Fusobacteriales;f__Leptotrichiaceae;g__Sneathia,temperate
v0230	Viruses;Duplodnaviria;Heunggongvirae;Uroviricota;Caudoviricetes;;,d__Bacteria;p__Actinomycetota;c__Coriobacteriia;o__Coriobacteriales;f__Atopobiaceae;g__Fannyhessea,temperate
v0231	Viruses;Duplodnaviria;Heunggongvirae;Uroviricota;Caudoviricetes;;,d__Bacteria;p__Bacillota;c__Bacilli;o__Lactobacillales;f__Streptococcaceae;g__Streptococcus,temperate
v0232	Viruses;Duplodnaviria;Heunggongvirae;Uroviricota;Caudoviricetes;;Herelleviridae,d__Bacteria;p__Bacillota;c__Bacilli;o__Lactobacillales;f__Streptococcaceae;g__Streptococcus,virulent
v0233	Viruses;Duplodnaviria;Heunggongvirae;Uroviricota;Caudoviricetes;;,NA,temperate
v0234	Viruses;Duplodnaviria;Heunggongvirae;Uroviricota;Caudoviricetes;;,d__Bacteria;p__Bacillota;c__Clostridia;o__Peptostreptococcales;f__Peptostreptococcaceae;g__Peptostreptococcus,temperate
v0235	Viruses;Duplodnaviria;Heunggongvirae;Uroviricota;Caudoviricetes;;,d__Bacteria;p__Actinomycetota;c__Actinomycetes;o__Actinomycetales;f__Bifidobacteriaceae;g__Bifidobacterium,virulent
v0236	Viruses;Duplodnaviria;Heunggongvirae;Uroviricota;Caudoviricetes;;,d__Bacteria;p__Actinomycetota;c__Actinomycetes;o__Propionibacteriales;f__Propionibacteriaceae;g__Cutibacterium,virulent
v0237	Viruses;Duplodnaviria;Heunggongvirae;Uroviricota;Caudoviricetes;;,NA,temperate
v0238	Viruses;Duplodnaviria;Heunggongvirae;Uroviricota;Caudoviricetes;;,d__Bacteria;p__Actinomycetota;c__Coriobacteriia;o__Coriobacteriales;f__Atopobiaceae;g__Olsenella_I,temperate
v0239	Viruses;Duplodnaviria;Heunggongvirae;Uroviricota;Caudoviricetes;;,d__Bacteria;p__Bacillota;c__Clostridia;o__Tissierellales;f__Peptoniphilaceae;g__Fenollaria,temperate
v023a	Viruses;Duplodnaviria;Heunggongvirae;Uroviricota;Caudoviricetes;;,NA,virulent
v023b	Viruses;Duplodnaviria;Heunggongvirae;Uroviricota;Caudoviricetes;;,d__Bacteria;p__Actinomycetota;c__Actinomycetes;o__Mycobacteriales;f__Mycobacteriaceae;g__Corynebacterium,temperate
v023c	Viruses;Duplodnaviria;Heunggongvirae;Uroviricota;Caudoviricetes;;,d__Bacteria;p__Bacillota;c__Bacilli;o__Lactobacillales;f__Lactobacillaceae;g__Lactobacillus,temperate
v023d	Viruses;Duplodnaviria;Heunggongvirae;Uroviricota;Caudoviricetes;;,NA,temperate
v023e	Viruses;Duplodnaviria;Heunggongvirae;Uroviricota;Caudoviricetes;;,d__Bacteria;p__Bacillota;c__Negativicutes;o__Veillonellales;f__Dialisteraceae;g__Dialister,temperate
v023f	Viruses;Duplodnaviria;Heunggongvirae;Uroviricota;Caudoviricetes;;,d__Bacteria;p__Bacteroidota;c__Bacteroidia;o__Bacteroidales;f__Bacteroidaceae;g__Prevotella,temperate
v0240	Viruses;Duplodnaviria;Heunggongvirae;Uroviricota;Caudoviricetes;;,d__Bacteria;p__Bacillota;c__Clostridia;o__Tissierellales;f__Peptoniphilaceae;g__Anaerococcus,temperate
v0241	Viruses;Duplodnaviria;Heunggongvirae;Uroviricota;Caudoviricetes;;,d__Bacteria;p__Bacteroidota;c__Bacteroidia;o__Bacteroidales;f__Bacteroidaceae;g__Prevotella,virulent
v0242	Viruses;Duplodnaviria;Heunggongvirae;Uroviricota;Caudoviricetes;;,d__Bacteria;p__Synergistota;c__Synergistia;o__Synergistales;f__Dethiosulfovibrionaceae;g__Jonquetella,temperate
v0243	Viruses;Duplodnaviria;Heunggongvirae;Uroviricota;Caudoviricetes;;,d__Bacteria;p__Actinomycetota;c__Actinomycetes;o__Mycobacteriales;f__Mycobacteriaceae;g__Corynebacterium,virulent
v0244	Viruses;Duplodnaviria;Heunggongvirae;Uroviricota;Caudoviricetes;;,d__Bacteria;p__Bacillota;c__Bacilli;o__Lactobacillales;f__Streptococcaceae;g__Streptococcus,virulent
v0245	Viruses;Duplodnaviria;Heunggongvirae;Uroviricota;Caudoviricetes;Crassvirales;,d__Bacteria;p__Bacteroidota;c__Bacteroidia;o__Bacteroidales;f__Bacteroidaceae;g__Prevotella,virulent
v0246	Viruses;Monodnaviria;Sangervirae;Phixviricota;Malgrandaviricetes;Petitvirales;Microviridae,d__Bacteria;p__Bacteroidota;c__Bacteroidia;o__Bacteroidales;f__Bacteroidaceae;g__Prevotella,virulent
v0247	Viruses;Duplodnaviria;Heunggongvirae;Uroviricota;Caudoviricetes;;,d__Bacteria;p__Actinomycetota;c__Actinomycetes;o__Actinomycetales;f__Actinomycetaceae;g__Varibaculum,virulent
v0248	Viruses;Duplodnaviria;Heunggongvirae;Uroviricota;Caudoviricetes;;,d__Bacteria;p__Bacillota;c__Negativicutes;o__Acidaminococcales;f__Acidaminococcaceae;g__Phascolarctobacterium_A,temperate
v0249	Viruses;Duplodnaviria;Heunggongvirae;Uroviricota;Caudoviricetes;;Autographiviridae,d__Bacteria;p__Bacillota;c__Negativicutes;o__Veillonellales;f__Dialisteraceae;g__Dialister,virulent
v024a	Viruses;Duplodnaviria;Heunggongvirae;Uroviricota;Caudoviricetes;;,d__Bacteria;p__Bacillota;c__Negativicutes;o__Veillonellales;f__Dialisteraceae;g__Dialister,virulent
v024b	Viruses;Duplodnaviria;Heunggongvirae;Uroviricota;Caudoviricetes;;,d__Bacteria;p__Bacteroidota;c__Bacteroidia;o__Bacteroidales;f__Bacteroidaceae;g__Prevotella,temperate
v024c	Viruses;Duplodnaviria;Heunggongvirae;Uroviricota;Caudoviricetes;;,d__Bacteria;p__Bacillota;c__Clostridia;o__Peptostreptococcales;f__Anaerovoracaceae;g__S5-A14a,virulent
v024d	Viruses;Duplodnaviria;Heunggongvirae;Uroviricota;Caudoviricetes;;,NA,temperate
v024e	Viruses;Duplodnaviria;Heunggongvirae;Uroviricota;Caudoviricetes;;,d__Bacteria;p__Bacteroidota;c__Bacteroidia;o__Bacteroidales;f__Bacteroidaceae;g__Prevotella,virulent
v024f	Viruses;Duplodnaviria;Heunggongvirae;Uroviricota;Caudoviricetes;;,d__Bacteria;p__Bacillota;c__Bacilli;o__Staphylococcales;f__Staphylococcaceae;g__Staphylococcus,temperate
v0250	Viruses;Duplodnaviria;Heunggongvirae;Uroviricota;Caudoviricetes;;,d__Bacteria;p__Bacillota;c__Negativicutes;o__Veillonellales;f__Veillonellaceae;g__Veillonella,temperate
v0251	Viruses;Duplodnaviria;Heunggongvirae;Uroviricota;Caudoviricetes;;,NA,temperate
v0252	Viruses;Duplodnaviria;Heunggongvirae;Uroviricota;Caudoviricetes;;,d__Bacteria;p__Bacillota;c__Negativicutes;o__Veillonellales;f__Dialisteraceae;g__Dialister,temperate
v0253	Viruses;Duplodnaviria;Heunggongvirae;Uroviricota;Caudoviricetes;;,NA,virulent
v0254	Viruses;Duplodnaviria;Heunggongvirae;Uroviricota;Caudoviricetes;;,d__Bacteria;p__Actinomycetota;c__Actinomycetes;o__Mycobacteriales;f__Mycobacteriaceae;g__Corynebacterium,temperate
v0255	Viruses;Duplodnaviria;Heunggongvirae;Uroviricota;Caudoviricetes;;,d__Bacteria;p__Actinomycetota;c__Actinomycetes;o__Mycobacteriales;f__Mycobacteriaceae;g__Corynebacterium,virulent
v0256	Viruses;Duplodnaviria;Heunggongvirae;Uroviricota;Caudoviricetes;;,NA,temperate
v0257	Viruses;Duplodnaviria;Heunggongvirae;Uroviricota;Caudoviricetes;;,d__Bacteria;p__Actinomycetota;c__Actinomycetes;o__Mycobacteriales;f__Mycobacteriaceae;g__Corynebacterium,temperate
v0258	Viruses;Duplodnaviria;Heunggongvirae;Uroviricota;Caudoviricetes;;,NA,virulent
v0259	Viruses;Duplodnaviria;Heunggongvirae;Uroviricota;Caudoviricetes;;,d__Bacteria;p__Bacillota;c__Clostridia;o__Tissierellales;f__Peptoniphilaceae;g__Finegoldia,temperate
v025a	Viruses;Duplodnaviria;Heunggongvirae;Uroviricota;Caudoviricetes;;,d__Bacteria;p__Bacillota;c__Clostridia;o__Tissierellales;f__Peptoniphilaceae;g__Anaerococcus,temperate
v025b	Viruses;Duplodnaviria;Heunggongvirae;Uroviricota;Caudoviricetes;;,d__Bacteria;p__Bacillota;c__Clostridia;o__Tissierellales;f__Peptoniphilaceae;g__Anaerococcus,virulent
v025c	Viruses;Duplodnaviria;Heunggongvirae;Uroviricota;Caudoviricetes;;,NA,virulent
v025d	NA,NA,temperate
v025e	Viruses;Duplodnaviria;Heunggongvirae;Uroviricota;Caudoviricetes;;,d__Bacteria;p__Bacillota;c__Bacilli;o__Lactobacillales;f__Lactobacillaceae;g__Limosilactobacillus,temperate
v025f	Viruses;Duplodnaviria;Heunggongvirae;Uroviricota;Caudoviricetes;;,d__Bacteria;p__Bacillota;c__Clostridia;o__Tissierellales;f__Peptoniphilaceae;g__Anaerococcus,temperate
v0260	Viruses;Duplodnaviria;Heunggongvirae;Uroviricota;Caudoviricetes;;,d__Bacteria;p__Actinomycetota;c__Actinomycetes;o__Mycobacteriales;f__Mycobacteriaceae;g__Corynebacterium,virulent
v0261	Viruses;Duplodnaviria;Heunggongvirae;Uroviricota;Caudoviricetes;;,NA,virulent
v0264	Viruses;Duplodnaviria;Heunggongvirae;Uroviricota;Caudoviricetes;;,NA,temperate
v0266	Viruses;Duplodnaviria;Heunggongvirae;Uroviricota;Caudoviricetes;;Autographiviridae,d__Bacteria;p__Bacillota;c__Negativicutes;o__Veillonellales;f__Dialisteraceae;g__Dialister,virulent
v0267	Viruses;Duplodnaviria;Heunggongvirae;Uroviricota;Caudoviricetes;;,NA,temperate
v0268	Viruses;Duplodnaviria;Heunggongvirae;Uroviricota;Caudoviricetes;;,d__Bacteria;p__Bacillota;c__Clostridia;o__Tissierellales;f__Peptoniphilaceae;g__Khoudiadiopia,virulent
v0269	Viruses;Duplodnaviria;Heunggongvirae;Uroviricota;Caudoviricetes;;,d__Bacteria;p__Bacteroidota;c__Bacteroidia;o__Bacteroidales;f__Porphyromonadaceae;g__Porphyromonas_A,virulent
v026a	Viruses;Duplodnaviria;Heunggongvirae;Uroviricota;Caudoviricetes;;,d__Bacteria;p__Bacillota;c__Clostridia;o__Tissierellales;f__Peptoniphilaceae;g__Aedoeadaptatus,temperate
v026b	Viruses;Duplodnaviria;Heunggongvirae;Uroviricota;Caudoviricetes;;,NA,temperate
v026c	Viruses;Duplodnaviria;Heunggongvirae;Uroviricota;Caudoviricetes;;,NA,temperate
v026d	Viruses;Duplodnaviria;Heunggongvirae;Uroviricota;Caudoviricetes;;,NA,virulent
v026e	Viruses;Duplodnaviria;Heunggongvirae;Uroviricota;Caudoviricetes;;,NA,virulent
v026f	Viruses;Duplodnaviria;Heunggongvirae;Uroviricota;Caudoviricetes;;,NA,virulent
v0270	Viruses;Duplodnaviria;Heunggongvirae;Uroviricota;Caudoviricetes;;,d__Bacteria;p__Bacteroidota;c__Bacteroidia;o__Bacteroidales;f__Porphyromonadaceae;g__Porphyromonas,virulent
v0271	Viruses;Duplodnaviria;Heunggongvirae;Uroviricota;Caudoviricetes;;,NA,virulent
v0272	Viruses;Duplodnaviria;Heunggongvirae;Uroviricota;Caudoviricetes;;,d__Bacteria;p__Actinomycetota;c__Actinomycetes;o__Actinomycetales;f__Actinomycetaceae;g__Varibaculum,virulent
v0273	Viruses;Duplodnaviria;Heunggongvirae;Uroviricota;Caudoviricetes;;,NA,virulent
v0274	Viruses;Duplodnaviria;Heunggongvirae;Uroviricota;Caudoviricetes;;,NA,virulent
v0275	NA,d__Bacteria;p__Bacillota;c__Bacilli;o__Lactobacillales;f__Aerococcaceae;g__Facklamia,temperate
v0276	Viruses;Duplodnaviria;Heunggongvirae;Uroviricota;Caudoviricetes;;,NA,temperate
v0277	Viruses;Duplodnaviria;Heunggongvirae;Uroviricota;Caudoviricetes;;,NA,temperate
v0278	Viruses;Duplodnaviria;Heunggongvirae;Uroviricota;Caudoviricetes;;,NA,temperate
v027a	Viruses;Duplodnaviria;Heunggongvirae;Uroviricota;Caudoviricetes;;,d__Bacteria;p__Actinomycetota;c__Coriobacteriia;o__Coriobacteriales;f__Eggerthellaceae;g__Berryella,temperate
v027b	Viruses;Duplodnaviria;Heunggongvirae;Uroviricota;Caudoviricetes;;,d__Bacteria;p__Bacillota;c__Clostridia;o__Peptostreptococcales;f__Peptostreptococcaceae;g__Peptostreptococcus,temperate
v027c	Viruses;Duplodnaviria;Heunggongvirae;Uroviricota;Caudoviricetes;;,NA,virulent
v027d	Viruses;Duplodnaviria;Heunggongvirae;Uroviricota;Caudoviricetes;;,NA,virulent
v027e	Viruses;Duplodnaviria;Heunggongvirae;Uroviricota;Caudoviricetes;;,d__Bacteria;p__Actinomycetota;c__Actinomycetes;o__Mycobacteriales;f__Mycobacteriaceae;g__Corynebacterium,virulent
v027f	Viruses;Duplodnaviria;Heunggongvirae;Uroviricota;Caudoviricetes;;,d__Bacteria;p__Actinomycetota;c__Actinomycetes;o__Mycobacteriales;f__Mycobacteriaceae;g__Corynebacterium,temperate
v0280	Viruses;Duplodnaviria;Heunggongvirae;Uroviricota;Caudoviricetes;;Rountreeviridae,d__Bacteria;p__Bacillota;c__Bacilli;o__Staphylococcales;f__Staphylococcaceae;g__Staphylococcus,virulent
v0281	Viruses;Duplodnaviria;Heunggongvirae;Uroviricota;Caudoviricetes;;,d__Bacteria;p__Actinomycetota;c__Actinomycetes;o__Mycobacteriales;f__Mycobacteriaceae;g__Corynebacterium,temperate
v0282	Viruses;Duplodnaviria;Heunggongvirae;Uroviricota;Caudoviricetes;;,d__Bacteria;p__Actinomycetota;c__Actinomycetes;o__Mycobacteriales;f__Mycobacteriaceae;g__Corynebacterium,virulent
v0283	Viruses;Duplodnaviria;Heunggongvirae;Uroviricota;Caudoviricetes;;,d__Bacteria;p__Actinomycetota;c__Actinomycetes;o__Mycobacteriales;f__Mycobacteriaceae;g__Corynebacterium,temperate
v0284	Viruses;Duplodnaviria;Heunggongvirae;Uroviricota;Caudoviricetes;;,d__Bacteria;p__Actinomycetota;c__Actinomycetes;o__Mycobacteriales;f__Mycobacteriaceae;g__Corynebacterium,virulent
v0285	Viruses;Duplodnaviria;Heunggongvirae;Uroviricota;Caudoviricetes;;,NA,temperate
v0287	Viruses;Duplodnaviria;Heunggongvirae;Uroviricota;Caudoviricetes;;,d__Bacteria;p__Actinomycetota;c__Actinomycetes;o__Mycobacteriales;f__Mycobacteriaceae;g__Corynebacterium,virulent
v0288	Viruses;Duplodnaviria;Heunggongvirae;Uroviricota;Caudoviricetes;;,NA,temperate
v0289	Viruses;Riboviria;Pararnavirae;Artverviricota;Revtraviricetes;Ortervirales;Retroviridae,NA,virulent
v028a	Viruses;Duplodnaviria;Heunggongvirae;Uroviricota;Caudoviricetes;;,d__Bacteria;p__Actinomycetota;c__Actinomycetes;o__Mycobacteriales;f__Mycobacteriaceae;g__Corynebacterium,virulent
v028b	Viruses;Duplodnaviria;Heunggongvirae;Uroviricota;Caudoviricetes;;,d__Bacteria;p__Actinomycetota;c__Actinomycetes;o__Propionibacteriales;f__Propionibacteriaceae;g__Cutibacterium,virulent
v028c	Viruses;Duplodnaviria;Heunggongvirae;Uroviricota;Caudoviricetes;;,d__Bacteria;p__Actinomycetota;c__Actinomycetes;o__Mycobacteriales;f__Mycobacteriaceae;g__Corynebacterium,virulent
v028d	Viruses;Duplodnaviria;Heunggongvirae;Uroviricota;Caudoviricetes;;,d__Bacteria;p__Actinomycetota;c__Actinomycetes;o__Mycobacteriales;f__Mycobacteriaceae;g__Corynebacterium,virulent
v028e	Viruses;Duplodnaviria;Heunggongvirae;Uroviricota;Caudoviricetes;;,NA,temperate
v028f	Viruses;Duplodnaviria;Heunggongvirae;Uroviricota;Caudoviricetes;;,NA,temperate
v0290	Viruses;Duplodnaviria;Heunggongvirae;Uroviricota;Caudoviricetes;;,d__Bacteria;p__Actinomycetota;c__Coriobacteriia;o__Coriobacteriales;f__Eggerthellaceae;g__Berryella,temperate
v0291	Viruses;Duplodnaviria;Heunggongvirae;Uroviricota;Caudoviricetes;;,d__Bacteria;p__Bacillota;c__Negativicutes;o__Veillonellales;f__Megasphaeraceae;g__Megasphaera_C,virulent
v0292	Viruses;Duplodnaviria;Heunggongvirae;Uroviricota;Caudoviricetes;;,d__Bacteria;p__Actinomycetota;c__Actinomycetes;o__Actinomycetales;f__Bifidobacteriaceae;g__Bifidobacterium,temperate
v0293	Viruses;Duplodnaviria;Heunggongvirae;Uroviricota;Caudoviricetes;;,d__Bacteria;p__Bacillota;c__Bacilli;o__Lactobacillales;f__Lactobacillaceae;g__Lactobacillus,temperate
v0294	Viruses;Monodnaviria;Sangervirae;Phixviricota;Malgrandaviricetes;Petitvirales;Microviridae,d__Bacteria;p__Bacteroidota;c__Bacteroidia;o__Bacteroidales;f__Bacteroidaceae;g__Prevotella,virulent
v0295	Viruses;Duplodnaviria;Heunggongvirae;Uroviricota;Caudoviricetes;;Rountreeviridae,d__Bacteria;p__Bacillota;c__Bacilli;o__Staphylococcales;f__Staphylococcaceae;g__Staphylococcus,virulent
v0296	Viruses;Duplodnaviria;Heunggongvirae;Uroviricota;Caudoviricetes;;,NA,virulent
v0297	Viruses;Duplodnaviria;Heunggongvirae;Uroviricota;Caudoviricetes;;,NA,virulent
v0298	Viruses;Duplodnaviria;Heunggongvirae;Uroviricota;Caudoviricetes;;,NA,virulent
v0299	NA,d__Bacteria;p__Actinomycetota;c__Actinomycetes;o__Actinomycetales;f__Bifidobacteriaceae;g__Bifidobacterium,temperate
v029a	NA,d__Bacteria;p__Bacillota;c__Bacilli;o__Lactobacillales;f__Streptococcaceae;g__Streptococcus,temperate
v029b	Viruses;Duplodnaviria;Heunggongvirae;Uroviricota;Caudoviricetes;;,d__Bacteria;p__Bacillota;c__Clostridia;o__Peptostreptococcales;f__Peptostreptococcaceae;g__Peptostreptococcus,temperate
v029c	Viruses;Duplodnaviria;Heunggongvirae;Uroviricota;Caudoviricetes;;,d__Bacteria;p__Bacillota;c__Negativicutes;o__Veillonellales;f__Dialisteraceae;g__Dialister,temperate
v029d	Viruses;Duplodnaviria;Heunggongvirae;Uroviricota;Caudoviricetes;;,d__Bacteria;p__Actinomycetota;c__Actinomycetes;o__Actinomycetales;f__Bifidobacteriaceae;g__Bifidobacterium,temperate
v029e	Viruses;Duplodnaviria;Heunggongvirae;Uroviricota;Caudoviricetes;;,d__Bacteria;p__Actinomycetota;c__Coriobacteriia;o__Coriobacteriales;f__Atopobiaceae;g__Fannyhessea,temperate
v029f	Viruses;Duplodnaviria;Heunggongvirae;Uroviricota;Caudoviricetes;;,NA,virulent
v02a0	Viruses;Duplodnaviria;Heunggongvirae;Uroviricota;Caudoviricetes;;,d__Bacteria;p__Bacillota;c__Clostridia;o__Lachnospirales;f__Lachnospiraceae;g__UBA4285,temperate
v02a2	Viruses;Duplodnaviria;Heunggongvirae;Uroviricota;Caudoviricetes;;,d__Bacteria;p__Bacillota;c__Bacilli;o__Lactobacillales;f__Streptococcaceae;g__Streptococcus,temperate
v02a3	Viruses;Duplodnaviria;Heunggongvirae;Uroviricota;Caudoviricetes;;,d__Bacteria;p__Bacillota;c__Clostridia;o__Tissierellales;f__Peptoniphilaceae;g__Finegoldia,temperate
v02a4	Viruses;Duplodnaviria;Heunggongvirae;Uroviricota;Caudoviricetes;;,d__Bacteria;p__Pseudomonadota;c__Gammaproteobacteria;o__Enterobacterales;f__Enterobacteriaceae;g__Escherichia,temperate
v02a5	Viruses;Duplodnaviria;Heunggongvirae;Uroviricota;Caudoviricetes;;,d__Bacteria;p__Actinomycetota;c__Actinomycetes;o__Mycobacteriales;f__Mycobacteriaceae;g__Corynebacterium,temperate
v02a6	Viruses;Duplodnaviria;Heunggongvirae;Uroviricota;Caudoviricetes;;Rountreeviridae,d__Bacteria;p__Bacillota;c__Bacilli;o__Staphylococcales;f__Staphylococcaceae;g__Staphylococcus,virulent
v02a7	Viruses;Duplodnaviria;Heunggongvirae;Uroviricota;Caudoviricetes;;,d__Bacteria;p__Bacillota;c__Bacilli;o__Staphylococcales;f__Staphylococcaceae;g__Staphylococcus,temperate
v02a8	Viruses;Duplodnaviria;Heunggongvirae;Uroviricota;Caudoviricetes;;Rountreeviridae,d__Bacteria;p__Bacillota;c__Bacilli;o__Staphylococcales;f__Staphylococcaceae;g__Staphylococcus,virulent
v02aa	Viruses;Duplodnaviria;Heunggongvirae;Uroviricota;Caudoviricetes;;,d__Bacteria;p__Bacillota;c__Clostridia;o__Lachnospirales;f__Lachnospiraceae;g__Pseudobutyrivibrio,virulent
v02ab	Viruses;Duplodnaviria;Heunggongvirae;Uroviricota;Caudoviricetes;;,d__Bacteria;p__Actinomycetota;c__Coriobacteriia;o__Coriobacteriales;f__Eggerthellaceae;g__Berryella,temperate
v02ac	Viruses;Duplodnaviria;Heunggongvirae;Uroviricota;Caudoviricetes;;,NA,temperate
v02ad	Viruses;Duplodnaviria;Heunggongvirae;Uroviricota;Caudoviricetes;;,d__Bacteria;p__Bacteroidota;c__Bacteroidia;o__Bacteroidales;f__Bacteroidaceae;g__Prevotella,temperate
v02ae	Viruses;Duplodnaviria;Heunggongvirae;Uroviricota;Caudoviricetes;;,d__Bacteria;p__Fusobacteriota;c__Fusobacteriia;o__Fusobacteriales;f__Leptotrichiaceae;g__Sneathia,temperate
v02af	Viruses;Duplodnaviria;Heunggongvirae;Uroviricota;Caudoviricetes;;,NA,temperate
v02b0	Viruses;Duplodnaviria;Heunggongvirae;Uroviricota;Caudoviricetes;;,d__Bacteria;p__Actinomycetota;c__Actinomycetes;o__Actinomycetales;f__Actinomycetaceae;g__Mobiluncus,virulent
v02b1	Viruses;Duplodnaviria;Heunggongvirae;Uroviricota;Caudoviricetes;;,d__Bacteria;p__Bacteroidota;c__Bacteroidia;o__Bacteroidales;f__Bacteroidaceae;g__Prevotella,temperate
v02b2	Viruses;Duplodnaviria;Heunggongvirae;Uroviricota;Caudoviricetes;;,d__Bacteria;p__Actinomycetota;c__Actinomycetes;o__Mycobacteriales;f__Mycobacteriaceae;g__Corynebacterium,temperate
v02b3	Viruses;Duplodnaviria;Heunggongvirae;Uroviricota;Caudoviricetes;;,d__Bacteria;p__Bacteroidota;c__Bacteroidia;o__Bacteroidales;f__Bacteroidaceae;g__Prevotella,temperate
v02b4	Viruses;Duplodnaviria;Heunggongvirae;Uroviricota;Caudoviricetes;;,NA,temperate
v02b5	Viruses;Duplodnaviria;Heunggongvirae;Uroviricota;Caudoviricetes;;,d__Bacteria;p__Bacillota;c__Bacilli;o__Lactobacillales;f__Streptococcaceae;g__Streptococcus,temperate
v02b6	Viruses;Duplodnaviria;Heunggongvirae;Uroviricota;Caudoviricetes;;,NA,virulent
v02b7	Viruses;Duplodnaviria;Heunggongvirae;Uroviricota;Caudoviricetes;;,NA,temperate
v02b8	Viruses;Duplodnaviria;Heunggongvirae;Uroviricota;Caudoviricetes;;,NA,temperate
v02b9	Viruses;Duplodnaviria;Heunggongvirae;Uroviricota;Caudoviricetes;;,d__Bacteria;p__Actinomycetota;c__Actinomycetes;o__Mycobacteriales;f__Mycobacteriaceae;g__Corynebacterium,temperate
v02ba	Viruses;Duplodnaviria;Heunggongvirae;Uroviricota;Caudoviricetes;;Rountreeviridae,NA,virulent
v02bb	NA,d__Bacteria;p__Actinomycetota;c__Actinomycetes;o__Mycobacteriales;f__Mycobacteriaceae;g__Corynebacterium,temperate
v02bc	Viruses;Duplodnaviria;Heunggongvirae;Uroviricota;Caudoviricetes;;,d__Bacteria;p__Actinomycetota;c__Actinomycetes;o__Mycobacteriales;f__Mycobacteriaceae;g__Corynebacterium,temperate
v02bd	NA,d__Bacteria;p__Bacillota;c__Bacilli;o__Lactobacillales;f__Streptococcaceae;g__Streptococcus,temperate
v02be	Viruses;Duplodnaviria;Heunggongvirae;Uroviricota;Caudoviricetes;;,NA,virulent
v02bf	NA,d__Bacteria;p__Actinomycetota;c__Actinomycetes;o__Mycobacteriales;f__Mycobacteriaceae;g__Corynebacterium,temperate
v02c0	NA,NA,virulent
v02c1	Viruses;Duplodnaviria;Heunggongvirae;Uroviricota;Caudoviricetes;;,d__Bacteria;p__Actinomycetota;c__Actinomycetes;o__Mycobacteriales;f__Mycobacteriaceae;g__Corynebacterium,temperate
v02c2	Viruses;Duplodnaviria;Heunggongvirae;Uroviricota;Caudoviricetes;;,NA,temperate
v02c3	Viruses;Duplodnaviria;Heunggongvirae;Uroviricota;Caudoviricetes;;,d__Bacteria;p__Bacillota;c__Bacilli;o__Lactobacillales;f__Lactobacillaceae;g__Lactobacillus,temperate
v02c4	Viruses;Duplodnaviria;Heunggongvirae;Uroviricota;Caudoviricetes;;,d__Bacteria;p__Bacillota;c__Bacilli;o__Lactobacillales;f__Streptococcaceae;g__Streptococcus,temperate
v02c5	Viruses;Duplodnaviria;Heunggongvirae;Uroviricota;Caudoviricetes;;,d__Bacteria;p__Bacillota;c__Bacilli;o__Lactobacillales;f__Streptococcaceae;g__Streptococcus,temperate
v02c6	Viruses;Duplodnaviria;Heunggongvirae;Uroviricota;Caudoviricetes;;,d__Bacteria;p__Actinomycetota;c__Actinomycetes;o__Actinomycetales;f__Bifidobacteriaceae;g__Bifidobacterium,temperate
v02c7	Viruses;Duplodnaviria;Heunggongvirae;Uroviricota;Caudoviricetes;;,d__Bacteria;p__Bacillota;c__Clostridia;o__Peptostreptococcales;f__Peptostreptococcaceae;g__Peptostreptococcus,temperate
v02c8	Viruses;Duplodnaviria;Heunggongvirae;Uroviricota;Caudoviricetes;;,NA,temperate
v02c9	Viruses;Duplodnaviria;Heunggongvirae;Uroviricota;Caudoviricetes;;,d__Bacteria;p__Actinomycetota;c__Actinomycetes;o__Actinomycetales;f__Bifidobacteriaceae;g__Bifidobacterium,temperate
v02ca	Viruses;Duplodnaviria;Heunggongvirae;Uroviricota;Caudoviricetes;;,d__Bacteria;p__Actinomycetota;c__Coriobacteriia;o__Coriobacteriales;f__Atopobiaceae;g__Fannyhessea,temperate
v02cb	Viruses;Duplodnaviria;Heunggongvirae;Uroviricota;Caudoviricetes;;,d__Bacteria;p__Bacteroidota;c__Bacteroidia;o__Bacteroidales;f__Bacteroidaceae;g__Prevotella,temperate
v02cc	Viruses;Duplodnaviria;Heunggongvirae;Uroviricota;Caudoviricetes;;,NA,virulent
v02cd	Viruses;Duplodnaviria;Heunggongvirae;Uroviricota;Caudoviricetes;;,d__Bacteria;p__Bacillota;c__Bacilli;o__Lactobacillales;f__Streptococcaceae;g__Streptococcus,temperate
v02ce	NA,d__Bacteria;p__Bacillota;c__Negativicutes;o__Veillonellales;f__Dialisteraceae;g__Dialister,temperate
v02cf	Viruses;Duplodnaviria;Heunggongvirae;Uroviricota;Caudoviricetes;;,d__Bacteria;p__Bacillota;c__Negativicutes;o__Veillonellales;f__Dialisteraceae;g__Dialister,temperate
v02d0	Viruses;Duplodnaviria;Heunggongvirae;Uroviricota;Caudoviricetes;;,d__Bacteria;p__Actinomycetota;c__Actinomycetes;o__Actinomycetales;f__Bifidobacteriaceae;g__Bifidobacterium,temperate
v02d1	Viruses;Duplodnaviria;Heunggongvirae;Uroviricota;Caudoviricetes;;,d__Bacteria;p__Actinomycetota;c__Actinomycetes;o__Mycobacteriales;f__Mycobacteriaceae;g__Corynebacterium,virulent
v02d2	NA,d__Bacteria;p__Bacillota;c__Bacilli;o__Lactobacillales;f__Streptococcaceae;g__Streptococcus,temperate
v02d3	Viruses;Duplodnaviria;Heunggongvirae;Uroviricota;Caudoviricetes;;,d__Bacteria;p__Actinomycetota;c__Actinomycetes;o__Actinomycetales;f__Bifidobacteriaceae;g__Bifidobacterium,temperate
v02d5	Viruses;Duplodnaviria;Heunggongvirae;Uroviricota;Caudoviricetes;;,d__Bacteria;p__Actinomycetota;c__Coriobacteriia;o__Coriobacteriales;f__Eggerthellaceae;g__Berryella,temperate
v02d6	Viruses;Duplodnaviria;Heunggongvirae;Uroviricota;Caudoviricetes;;,d__Bacteria;p__Actinomycetota;c__Actinomycetes;o__Actinomycetales;f__Bifidobacteriaceae;g__Bifidobacterium,temperate
v02d7	Viruses;Duplodnaviria;Heunggongvirae;Uroviricota;Caudoviricetes;;,d__Bacteria;p__Actinomycetota;c__Actinomycetes;o__Actinomycetales;f__Bifidobacteriaceae;g__Bifidobacterium,temperate
v02d8	Viruses;Duplodnaviria;Heunggongvirae;Uroviricota;Caudoviricetes;;,d__Bacteria;p__Actinomycetota;c__Actinomycetes;o__Actinomycetales;f__Bifidobacteriaceae;g__Bifidobacterium,temperate
v02d9	Viruses;Duplodnaviria;Heunggongvirae;Uroviricota;Caudoviricetes;;,NA,virulent
v02da	Viruses;Duplodnaviria;Heunggongvirae;Uroviricota;Caudoviricetes;;,d__Bacteria;p__Bacteroidota;c__Bacteroidia;o__Bacteroidales;f__Porphyromonadaceae;g__Porphyromonas,virulent
v02db	Viruses;Duplodnaviria;Heunggongvirae;Uroviricota;Caudoviricetes;;,d__Bacteria;p__Fusobacteriota;c__Fusobacteriia;o__Fusobacteriales;f__Fusobacteriaceae;g__Fusobacterium,virulent
v02dc	NA,d__Bacteria;p__Bacillota;c__Clostridia;o__Tissierellales;f__Peptoniphilaceae;g__Peptoniphilus_A,temperate
v02dd	Viruses;Duplodnaviria;Heunggongvirae;Uroviricota;Caudoviricetes;;,NA,virulent
v02de	Viruses;Duplodnaviria;Heunggongvirae;Uroviricota;Caudoviricetes;;,NA,temperate
v02df	Viruses;Duplodnaviria;Heunggongvirae;Uroviricota;Caudoviricetes;;,d__Bacteria;p__Fusobacteriota;c__Fusobacteriia;o__Fusobacteriales;f__Fusobacteriaceae;g__Fusobacterium,temperate
v02e0	Viruses;Duplodnaviria;Heunggongvirae;Uroviricota;Caudoviricetes;;,NA,temperate
v02e1	Viruses;Duplodnaviria;Heunggongvirae;Uroviricota;Caudoviricetes;;,NA,temperate
v02e2	Viruses;Duplodnaviria;Heunggongvirae;Uroviricota;Caudoviricetes;;,NA,temperate
v02e3	Viruses;Duplodnaviria;Heunggongvirae;Uroviricota;Caudoviricetes;;,d__Bacteria;p__Bacteroidota;c__Bacteroidia;o__Bacteroidales;f__Bacteroidaceae;g__Bacteroides,temperate
v02e4	Viruses;Duplodnaviria;Heunggongvirae;Uroviricota;Caudoviricetes;;,d__Bacteria;p__Actinomycetota;c__Actinomycetes;o__Actinomycetales;f__Bifidobacteriaceae;g__Bifidobacterium,virulent
v02e5	Viruses;Duplodnaviria;Heunggongvirae;Uroviricota;Caudoviricetes;;,d__Bacteria;p__Actinomycetota;c__Actinomycetes;o__Actinomycetales;f__Bifidobacteriaceae;g__Bifidobacterium,temperate
v02e6	Viruses;Duplodnaviria;Heunggongvirae;Uroviricota;Caudoviricetes;;,d__Bacteria;p__Actinomycetota;c__Coriobacteriia;o__Coriobacteriales;f__Atopobiaceae;g__Fannyhessea,temperate
v02e7	Viruses;Duplodnaviria;Heunggongvirae;Uroviricota;Caudoviricetes;;,d__Bacteria;p__Actinomycetota;c__Actinomycetes;o__Actinomycetales;f__Bifidobacteriaceae;g__Bifidobacterium,virulent
v02e8	Viruses;Duplodnaviria;Heunggongvirae;Uroviricota;Caudoviricetes;;,d__Bacteria;p__Actinomycetota;c__Actinomycetes;o__Actinomycetales;f__Bifidobacteriaceae;g__Bifidobacterium,virulent
v02e9	Viruses;Duplodnaviria;Heunggongvirae;Uroviricota;Caudoviricetes;;,d__Bacteria;p__Bacillota;c__Bacilli;o__Lactobacillales;f__Lactobacillaceae;g__Lactobacillus,temperate
v02ea	Viruses;Duplodnaviria;Heunggongvirae;Uroviricota;Caudoviricetes;;,d__Bacteria;p__Actinomycetota;c__Actinomycetes;o__Actinomycetales;f__Bifidobacteriaceae;g__Bifidobacterium,temperate
v02eb	Viruses;Duplodnaviria;Heunggongvirae;Uroviricota;Caudoviricetes;;,d__Bacteria;p__Actinomycetota;c__Actinomycetes;o__Actinomycetales;f__Bifidobacteriaceae;g__Bifidobacterium,temperate
v02ec	Viruses;Duplodnaviria;Heunggongvirae;Uroviricota;Caudoviricetes;;,d__Bacteria;p__Actinomycetota;c__Coriobacteriia;o__Coriobacteriales;f__Eggerthellaceae;g__Berryella,temperate
v02ed	Viruses;Duplodnaviria;Heunggongvirae;Uroviricota;Caudoviricetes;;,d__Bacteria;p__Bacteroidota;c__Bacteroidia;o__Bacteroidales;f__Bacteroidaceae;g__Prevotella,temperate
v02ee	Viruses;Duplodnaviria;Heunggongvirae;Uroviricota;Caudoviricetes;;,d__Bacteria;p__Actinomycetota;c__Actinomycetes;o__Actinomycetales;f__Bifidobacteriaceae;g__Bifidobacterium,temperate
v02ef	Viruses;Duplodnaviria;Heunggongvirae;Uroviricota;Caudoviricetes;;,d__Bacteria;p__Actinomycetota;c__Actinomycetes;o__Actinomycetales;f__Bifidobacteriaceae;g__Bifidobacterium,temperate
v02f0	Viruses;Duplodnaviria;Heunggongvirae;Uroviricota;Caudoviricetes;;Rountreeviridae,NA,virulent
v02f1	Viruses;Duplodnaviria;Heunggongvirae;Uroviricota;Caudoviricetes;;,d__Bacteria;p__Bacillota;c__Bacilli;o__Lactobacillales;f__Lactobacillaceae;g__Lactobacillus,temperate
v02f2	Viruses;Duplodnaviria;Heunggongvirae;Uroviricota;Caudoviricetes;;Rountreeviridae,NA,virulent
v02f3	Viruses;Duplodnaviria;Heunggongvirae;Uroviricota;Caudoviricetes;;,d__Bacteria;p__Bacillota;c__Bacilli;o__Lactobacillales;f__Lactobacillaceae;g__Lactobacillus,temperate
v02f4	Viruses;Duplodnaviria;Heunggongvirae;Uroviricota;Caudoviricetes;;Rountreeviridae,NA,virulent
v02f5	Viruses;Duplodnaviria;Heunggongvirae;Uroviricota;Caudoviricetes;;Rountreeviridae,NA,virulent
v02f6	Viruses;Duplodnaviria;Heunggongvirae;Uroviricota;Caudoviricetes;;,d__Bacteria;p__Bacteroidota;c__Bacteroidia;o__Bacteroidales;f__Bacteroidaceae;g__Prevotella,temperate
v02f7	Viruses;Duplodnaviria;Heunggongvirae;Uroviricota;Caudoviricetes;;,d__Bacteria;p__Actinomycetota;c__Coriobacteriia;o__Coriobacteriales;f__Atopobiaceae;g__Fannyhessea,temperate
v02f8	Viruses;Duplodnaviria;Heunggongvirae;Uroviricota;Caudoviricetes;;,d__Bacteria;p__Bacteroidota;c__Bacteroidia;o__Bacteroidales;f__Bacteroidaceae;g__Bacteroides,temperate
v02f9	Viruses;Duplodnaviria;Heunggongvirae;Uroviricota;Caudoviricetes;;,d__Bacteria;p__Bacillota;c__Clostridia;o__Lachnospirales;f__Lachnospiraceae;g__Eubacterium_F,virulent
v02fa	Viruses;Duplodnaviria;Heunggongvirae;Uroviricota;Caudoviricetes;;,d__Bacteria;p__Actinomycetota;c__Actinomycetes;o__Actinomycetales;f__Bifidobacteriaceae;g__Bifidobacterium,virulent
v02fb	Viruses;Duplodnaviria;Heunggongvirae;Uroviricota;Caudoviricetes;;,d__Bacteria;p__Bacillota;c__Bacilli;o__Lactobacillales;f__Lactobacillaceae;g__Lactobacillus,temperate
v02fc	Viruses;Duplodnaviria;Heunggongvirae;Uroviricota;Caudoviricetes;;,d__Bacteria;p__Bacillota;c__Clostridia;o__Saccharofermentanales;f__Fastidiosipilaceae;g__Fastidiosipila,temperate
v02fd	Viruses;Duplodnaviria;Heunggongvirae;Uroviricota;Caudoviricetes;;,d__Bacteria;p__Bacteroidota;c__Bacteroidia;o__Bacteroidales;f__Bacteroidaceae;g__Prevotella,virulent
v02fe	Viruses;Duplodnaviria;Heunggongvirae;Uroviricota;Caudoviricetes;;,NA,temperate
v02ff	Viruses;Duplodnaviria;Heunggongvirae;Uroviricota;Caudoviricetes;;,d__Bacteria;p__Actinomycetota;c__Actinomycetes;o__Actinomycetales;f__Bifidobacteriaceae;g__Bifidobacterium,temperate
v0300	Viruses;Duplodnaviria;Heunggongvirae;Uroviricota;Caudoviricetes;;,d__Bacteria;p__Bacillota;c__Clostridia;o__Tissierellales;f__Peptoniphilaceae;g__Finegoldia,temperate
v0301	Viruses;Duplodnaviria;Heunggongvirae;Uroviricota;Caudoviricetes;;,d__Bacteria;p__Bacillota;c__Clostridia;o__Tissierellales;f__Peptoniphilaceae;g__Finegoldia,temperate
v0302	Viruses;Duplodnaviria;Heunggongvirae;Uroviricota;Caudoviricetes;;,d__Bacteria;p__Actinomycetota;c__Actinomycetes;o__Mycobacteriales;f__Mycobacteriaceae;g__Corynebacterium,temperate
v0303	Viruses;Duplodnaviria;Heunggongvirae;Uroviricota;Caudoviricetes;;,d__Bacteria;p__Actinomycetota;c__Actinomycetes;o__Actinomycetales;f__Actinomycetaceae;g__Winkia,temperate
v0304	Viruses;Duplodnaviria;Heunggongvirae;Uroviricota;Caudoviricetes;;Rountreeviridae,d__Bacteria;p__Bacillota;c__Bacilli;o__Staphylococcales;f__Staphylococcaceae;g__Staphylococcus,virulent
v0305	Viruses;Duplodnaviria;Heunggongvirae;Uroviricota;Caudoviricetes;;,d__Bacteria;p__Actinomycetota;c__Coriobacteriia;o__Coriobacteriales;f__Atopobiaceae;g__Fannyhessea,temperate
v0306	Viruses;Monodnaviria;Sangervirae;Phixviricota;Malgrandaviricetes;Petitvirales;Microviridae,d__Bacteria;p__Bacillota;c__Negativicutes;o__Acidaminococcales;f__Acidaminococcaceae;g__Phascolarctobacterium,virulent
v0307	Viruses;Duplodnaviria;Heunggongvirae;Uroviricota;Caudoviricetes;;,d__Bacteria;p__Bacteroidota;c__Bacteroidia;o__Bacteroidales;f__Bacteroidaceae;g__Prevotella,virulent
v0308	Viruses;Duplodnaviria;Heunggongvirae;Uroviricota;Caudoviricetes;;,d__Bacteria;p__Actinomycetota;c__Actinomycetes;o__Actinomycetales;f__Bifidobacteriaceae;g__Bifidobacterium,temperate
v0309	Viruses;Duplodnaviria;Heunggongvirae;Uroviricota;Caudoviricetes;;,d__Bacteria;p__Actinomycetota;c__Actinomycetes;o__Actinomycetales;f__Actinomycetaceae;g__Gleimia,temperate
v030a	Viruses;Duplodnaviria;Heunggongvirae;Uroviricota;Caudoviricetes;;,d__Bacteria;p__Actinomycetota;c__Actinomycetes;o__Mycobacteriales;f__Mycobacteriaceae;g__Corynebacterium,temperate
v030b	Viruses;Duplodnaviria;Heunggongvirae;Uroviricota;Caudoviricetes;;,d__Bacteria;p__Bacillota;c__Clostridia;o__Tissierellales;f__Peptoniphilaceae;g__Parvimonas,temperate
v030c	Viruses;Duplodnaviria;Heunggongvirae;Uroviricota;Caudoviricetes;;,d__Bacteria;p__Bacillota;c__Clostridia;o__Tissierellales;f__Peptoniphilaceae;g__Parvimonas,temperate
v030d	Viruses;Duplodnaviria;Heunggongvirae;Uroviricota;Caudoviricetes;;,d__Bacteria;p__Actinomycetota;c__Coriobacteriia;o__Coriobacteriales;f__Atopobiaceae;g__Fannyhessea,temperate
v030e	Viruses;Duplodnaviria;Heunggongvirae;Uroviricota;Caudoviricetes;;,d__Bacteria;p__Actinomycetota;c__Actinomycetes;o__Actinomycetales;f__Bifidobacteriaceae;g__Bifidobacterium,temperate
v030f	Viruses;Duplodnaviria;Heunggongvirae;Uroviricota;Caudoviricetes;;,d__Bacteria;p__Actinomycetota;c__Coriobacteriia;o__Coriobacteriales;f__Atopobiaceae;g__Fannyhessea,temperate
v0310	Viruses;Duplodnaviria;Heunggongvirae;Uroviricota;Caudoviricetes;;,d__Bacteria;p__Bacillota;c__Bacilli;o__Lactobacillales;f__Streptococcaceae;g__Streptococcus,virulent
v0311	Viruses;Duplodnaviria;Heunggongvirae;Uroviricota;Caudoviricetes;;,d__Bacteria;p__Bacillota;c__Clostridia;o__Peptostreptococcales;f__Peptostreptococcaceae;g__Peptostreptococcus,temperate
v0312	NA,d__Bacteria;p__Actinomycetota;c__Actinomycetes;o__Actinomycetales;f__Bifidobacteriaceae;g__Bifidobacterium,temperate
v0313	Viruses;Duplodnaviria;Heunggongvirae;Uroviricota;Caudoviricetes;;,d__Bacteria;p__Actinomycetota;c__Coriobacteriia;o__Coriobacteriales;f__Eggerthellaceae;g__Berryella,temperate
v0314	Viruses;Duplodnaviria;Heunggongvirae;Uroviricota;Caudoviricetes;;,d__Bacteria;p__Bacillota;c__Clostridia;o__Tissierellales;f__Peptoniphilaceae;g__Peptoniphilus_A,temperate
v0315	Viruses;Duplodnaviria;Heunggongvirae;Uroviricota;Caudoviricetes;;,d__Bacteria;p__Actinomycetota;c__Actinomycetes;o__Actinomycetales;f__Bifidobacteriaceae;g__Bifidobacterium,temperate
v0316	Viruses;Duplodnaviria;Heunggongvirae;Uroviricota;Caudoviricetes;;,NA,temperate
v0317	Viruses;Duplodnaviria;Heunggongvirae;Uroviricota;Caudoviricetes;;,d__Bacteria;p__Bacteroidota;c__Bacteroidia;o__Bacteroidales;f__Porphyromonadaceae;g__Porphyromonas,virulent
v031a	Viruses;Duplodnaviria;Heunggongvirae;Uroviricota;Caudoviricetes;;,d__Bacteria;p__Bacillota;c__Bacilli;o__Lactobacillales;f__Lactobacillaceae;g__Lactobacillus,temperate
v031b	Viruses;Duplodnaviria;Heunggongvirae;Uroviricota;Caudoviricetes;;,d__Bacteria;p__Actinomycetota;c__Actinomycetes;o__Actinomycetales;f__Bifidobacteriaceae;g__Bifidobacterium,temperate
v031c	Viruses;Duplodnaviria;Heunggongvirae;Uroviricota;Caudoviricetes;;,d__Bacteria;p__Actinomycetota;c__Coriobacteriia;o__Coriobacteriales;f__Atopobiaceae;g__Fannyhessea,temperate
v031d	Viruses;Duplodnaviria;Heunggongvirae;Uroviricota;Caudoviricetes;;,d__Bacteria;p__Bacillota;c__Bacilli;o__Lactobacillales;f__Streptococcaceae;g__Streptococcus,temperate
v031e	Viruses;Duplodnaviria;Heunggongvirae;Uroviricota;Caudoviricetes;;,d__Bacteria;p__Bacillota;c__Negativicutes;o__Veillonellales;f__Dialisteraceae;g__Dialister,temperate
v031f	Viruses;Duplodnaviria;Heunggongvirae;Uroviricota;Caudoviricetes;;,NA,temperate
v0320	Viruses;Duplodnaviria;Heunggongvirae;Uroviricota;Caudoviricetes;;,d__Bacteria;p__Bacteroidota;c__Bacteroidia;o__Bacteroidales;f__Bacteroidaceae;g__Prevotella,virulent
v0321	Viruses;Duplodnaviria;Heunggongvirae;Uroviricota;Caudoviricetes;;,d__Bacteria;p__Actinomycetota;c__Actinomycetes;o__Actinomycetales;f__Bifidobacteriaceae;g__Bifidobacterium,virulent
v0322	Viruses;Duplodnaviria;Heunggongvirae;Uroviricota;Caudoviricetes;;,d__Bacteria;p__Actinomycetota;c__Coriobacteriia;o__Coriobacteriales;f__Atopobiaceae;g__Fannyhessea,temperate
v0323	Viruses;Monodnaviria;Sangervirae;Phixviricota;Malgrandaviricetes;Petitvirales;Microviridae,NA,virulent
v0324	Viruses;Duplodnaviria;Heunggongvirae;Uroviricota;Caudoviricetes;;,NA,temperate
v0325	Viruses;Duplodnaviria;Heunggongvirae;Uroviricota;Caudoviricetes;;,d__Bacteria;p__Bacillota;c__Negativicutes;o__Veillonellales;f__Megasphaeraceae;g__Megasphaera_C,temperate
v0326	Viruses;Duplodnaviria;Heunggongvirae;Uroviricota;Caudoviricetes;;,d__Bacteria;p__Bacteroidota;c__Bacteroidia;o__Bacteroidales;f__Bacteroidaceae;g__Alloprevotella,virulent
v0327	Viruses;Duplodnaviria;Heunggongvirae;Uroviricota;Caudoviricetes;;,NA,temperate
v0328	Viruses;Duplodnaviria;Heunggongvirae;Uroviricota;Caudoviricetes;;,NA,temperate
v0329	Viruses;Duplodnaviria;Heunggongvirae;Uroviricota;Caudoviricetes;;,d__Bacteria;p__Bacillota;c__Bacilli;o__Lactobacillales;f__Lactobacillaceae;g__Lactobacillus,temperate
v032a	Viruses;Duplodnaviria;Heunggongvirae;Uroviricota;Caudoviricetes;;,d__Bacteria;p__Actinomycetota;c__Actinomycetes;o__Actinomycetales;f__Bifidobacteriaceae;g__Bifidobacterium,temperate
v032b	Viruses;Duplodnaviria;Heunggongvirae;Uroviricota;Caudoviricetes;;,d__Bacteria;p__Bacillota;c__Negativicutes;o__Veillonellales;f__Veillonellaceae;g__Veillonella,temperate
v032c	Viruses;Duplodnaviria;Heunggongvirae;Uroviricota;Caudoviricetes;;,d__Bacteria;p__Actinomycetota;c__Coriobacteriia;o__Coriobacteriales;f__Eggerthellaceae;g__Berryella,temperate
v032d	Viruses;Duplodnaviria;Heunggongvirae;Uroviricota;Caudoviricetes;;,NA,temperate
v032e	Viruses;Duplodnaviria;Heunggongvirae;Uroviricota;Caudoviricetes;;,d__Bacteria;p__Bacillota;c__Negativicutes;o__Veillonellales;f__Dialisteraceae;g__Dialister,temperate
v032f	Viruses;Duplodnaviria;Heunggongvirae;Uroviricota;Caudoviricetes;;,d__Bacteria;p__Bacillota;c__Negativicutes;o__Veillonellales;f__Dialisteraceae;g__Dialister,virulent
v0330	Viruses;Duplodnaviria;Heunggongvirae;Uroviricota;Caudoviricetes;;,d__Bacteria;p__Actinomycetota;c__Actinomycetes;o__Actinomycetales;f__Bifidobacteriaceae;g__Bifidobacterium,temperate
v0331	Viruses;Duplodnaviria;Heunggongvirae;Uroviricota;Caudoviricetes;;,NA,virulent
v0332	Viruses;Duplodnaviria;Heunggongvirae;Uroviricota;Caudoviricetes;;,d__Bacteria;p__Bacillota;c__Negativicutes;o__Veillonellales;f__Dialisteraceae;g__Dialister,temperate
v0333	Viruses;Duplodnaviria;Heunggongvirae;Uroviricota;Caudoviricetes;;,d__Bacteria;p__Actinomycetota;c__Actinomycetes;o__Actinomycetales;f__Bifidobacteriaceae;g__Bifidobacterium,temperate
v0334	Viruses;Duplodnaviria;Heunggongvirae;Uroviricota;Caudoviricetes;;,d__Bacteria;p__Bacteroidota;c__Bacteroidia;o__Bacteroidales;f__Bacteroidaceae;g__Prevotella,virulent
v0335	Viruses;Duplodnaviria;Heunggongvirae;Uroviricota;Caudoviricetes;;,d__Bacteria;p__Bacteroidota;c__Bacteroidia;o__Bacteroidales;f__Bacteroidaceae;g__Prevotella,virulent
v0336	Viruses;Duplodnaviria;Heunggongvirae;Uroviricota;Caudoviricetes;;,d__Bacteria;p__Bacteroidota;c__Bacteroidia;o__Bacteroidales;f__UBA932;g__Cryptobacteroides,virulent
v0337	Viruses;Duplodnaviria;Heunggongvirae;Uroviricota;Caudoviricetes;;,NA,virulent
v0338	Viruses;Duplodnaviria;Heunggongvirae;Uroviricota;Caudoviricetes;;,d__Bacteria;p__Bacillota;c__Negativicutes;o__Veillonellales;f__Dialisteraceae;g__Dialister,temperate
v0339	Viruses;Duplodnaviria;Heunggongvirae;Uroviricota;Caudoviricetes;;,d__Bacteria;p__Actinomycetota;c__Coriobacteriia;o__Coriobacteriales;f__Eggerthellaceae;g__Berryella,temperate
v033a	Viruses;Duplodnaviria;Heunggongvirae;Uroviricota;Caudoviricetes;;,d__Bacteria;p__Actinomycetota;c__Coriobacteriia;o__Coriobacteriales;f__Atopobiaceae;g__Fannyhessea,temperate
v033b	Viruses;Duplodnaviria;Heunggongvirae;Uroviricota;Caudoviricetes;;,d__Bacteria;p__Actinomycetota;c__Actinomycetes;o__Actinomycetales;f__Bifidobacteriaceae;g__Bifidobacterium,temperate
v033c	Viruses;Duplodnaviria;Heunggongvirae;Uroviricota;Caudoviricetes;;,d__Bacteria;p__Bacillota;c__Negativicutes;o__Veillonellales;f__Megasphaeraceae;g__Megasphaera_C,temperate
v033d	Viruses;Duplodnaviria;Heunggongvirae;Uroviricota;Caudoviricetes;;,d__Bacteria;p__Actinomycetota;c__Actinomycetes;o__Actinomycetales;f__Bifidobacteriaceae;g__Bifidobacterium,temperate
v033e	Viruses;Duplodnaviria;Heunggongvirae;Uroviricota;Caudoviricetes;;,d__Bacteria;p__Actinomycetota;c__Coriobacteriia;o__Coriobacteriales;f__Eggerthellaceae;g__Berryella,temperate
v033f	Viruses;Duplodnaviria;Heunggongvirae;Uroviricota;Caudoviricetes;;,d__Bacteria;p__Bacillota;c__Bacilli;o__Lactobacillales;f__Lactobacillaceae;g__Lactobacillus,virulent
v0340	Viruses;Duplodnaviria;Heunggongvirae;Uroviricota;Caudoviricetes;;,d__Bacteria;p__Bacteroidota;c__Bacteroidia;o__Bacteroidales;f__Bacteroidaceae;g__Prevotella,temperate
v0341	Viruses;Duplodnaviria;Heunggongvirae;Uroviricota;Caudoviricetes;;Rountreeviridae,d__Bacteria;p__Bacillota;c__Bacilli;o__Lactobacillales;f__Streptococcaceae;g__Streptococcus,virulent
v0342	Viruses;Duplodnaviria;Heunggongvirae;Uroviricota;Caudoviricetes;;,d__Bacteria;p__Actinomycetota;c__Coriobacteriia;o__Coriobacteriales;f__Atopobiaceae;g__Fannyhessea,temperate
v0343	Viruses;Duplodnaviria;Heunggongvirae;Uroviricota;Caudoviricetes;;,d__Bacteria;p__Actinomycetota;c__Coriobacteriia;o__Coriobacteriales;f__Atopobiaceae;g__Fannyhessea,temperate
v0344	Viruses;Duplodnaviria;Heunggongvirae;Uroviricota;Caudoviricetes;;,d__Bacteria;p__Actinomycetota;c__Actinomycetes;o__Actinomycetales;f__Bifidobacteriaceae;g__Bifidobacterium,temperate
v0345	Viruses;Duplodnaviria;Heunggongvirae;Uroviricota;Caudoviricetes;;,d__Bacteria;p__Bacillota;c__Negativicutes;o__Veillonellales;f__Dialisteraceae;g__Dialister,temperate
v0346	Viruses;Duplodnaviria;Heunggongvirae;Uroviricota;Caudoviricetes;;,d__Bacteria;p__Bacillota;c__Bacilli;o__Staphylococcales;f__Gemellaceae;g__Gemelliphila,temperate
v0347	Viruses;Duplodnaviria;Heunggongvirae;Uroviricota;Caudoviricetes;;,NA,temperate
v0348	Viruses;Duplodnaviria;Heunggongvirae;Uroviricota;Caudoviricetes;;,d__Bacteria;p__Actinomycetota;c__Actinomycetes;o__Actinomycetales;f__Bifidobacteriaceae;g__Bifidobacterium,temperate
v0349	Viruses;Duplodnaviria;Heunggongvirae;Uroviricota;Caudoviricetes;;,d__Bacteria;p__Actinomycetota;c__Coriobacteriia;o__Coriobacteriales;f__Eggerthellaceae;g__Berryella,temperate
v034a	Viruses;Duplodnaviria;Heunggongvirae;Uroviricota;Caudoviricetes;;,d__Bacteria;p__Bacteroidota;c__Bacteroidia;o__Bacteroidales;f__Bacteroidaceae;g__Prevotella,virulent
v034b	Viruses;Duplodnaviria;Heunggongvirae;Uroviricota;Caudoviricetes;;,d__Bacteria;p__Bacteroidota;c__Bacteroidia;o__Bacteroidales;f__Porphyromonadaceae;g__Porphyromonas,temperate
v034c	NA,NA,virulent
v034d	Viruses;Duplodnaviria;Heunggongvirae;Uroviricota;Caudoviricetes;;,d__Bacteria;p__Actinomycetota;c__Actinomycetes;o__Actinomycetales;f__Bifidobacteriaceae;g__Bifidobacterium,virulent
v034e	Viruses;Duplodnaviria;Heunggongvirae;Uroviricota;Caudoviricetes;;,d__Bacteria;p__Actinomycetota;c__Actinomycetes;o__Actinomycetales;f__Bifidobacteriaceae;g__Bifidobacterium,temperate
v034f	Viruses;Duplodnaviria;Heunggongvirae;Uroviricota;Caudoviricetes;;,d__Bacteria;p__Actinomycetota;c__Actinomycetes;o__Actinomycetales;f__Actinomycetaceae;g__Mobiluncus,virulent
v0350	Viruses;Duplodnaviria;Heunggongvirae;Uroviricota;Caudoviricetes;;,d__Bacteria;p__Actinomycetota;c__Actinomycetes;o__Actinomycetales;f__Bifidobacteriaceae;g__Bifidobacterium,temperate
v0351	Viruses;Duplodnaviria;Heunggongvirae;Uroviricota;Caudoviricetes;;,d__Bacteria;p__Bacillota;c__Clostridia;o__Tissierellales;f__Peptoniphilaceae;g__Aedoeadaptatus,temperate
v0352	Viruses;Duplodnaviria;Heunggongvirae;Uroviricota;Caudoviricetes;;,d__Bacteria;p__Bacillota;c__Clostridia;o__Tissierellales;f__Peptoniphilaceae;g__Peptoniphilus_A,temperate
v0353	Viruses;Duplodnaviria;Heunggongvirae;Uroviricota;Caudoviricetes;;,NA,temperate
v0354	Viruses;Duplodnaviria;Heunggongvirae;Uroviricota;Caudoviricetes;;,d__Bacteria;p__Bacillota;c__Negativicutes;o__Veillonellales;f__Veillonellaceae;g__Veillonella,temperate
v0355	Viruses;Duplodnaviria;Heunggongvirae;Uroviricota;Caudoviricetes;;,NA,temperate
v0356	NA,d__Bacteria;p__Actinomycetota;c__Actinomycetes;o__Actinomycetales;f__Bifidobacteriaceae;g__Bifidobacterium,temperate
v0357	Viruses;Duplodnaviria;Heunggongvirae;Uroviricota;Caudoviricetes;Crassvirales;Suoliviridae,d__Bacteria;p__Bacteroidota;c__Bacteroidia;o__Bacteroidales;f__Bacteroidaceae;g__Prevotella,virulent
v0358	Viruses;Duplodnaviria;Heunggongvirae;Uroviricota;Caudoviricetes;;Autographiviridae,d__Bacteria;p__Bacillota;c__Negativicutes;o__Veillonellales;f__Dialisteraceae;g__Dialister,virulent
v0359	Viruses;Duplodnaviria;Heunggongvirae;Uroviricota;Caudoviricetes;;,d__Bacteria;p__Bacteroidota;c__Bacteroidia;o__Bacteroidales;f__Bacteroidaceae;g__Prevotella,virulent
v035a	Viruses;Duplodnaviria;Heunggongvirae;Uroviricota;Caudoviricetes;;,NA,temperate
v035b	Viruses;Duplodnaviria;Heunggongvirae;Uroviricota;Caudoviricetes;;,d__Bacteria;p__Actinomycetota;c__Coriobacteriia;o__Coriobacteriales;f__Atopobiaceae;g__Fannyhessea,temperate
v035c	Viruses;Duplodnaviria;Heunggongvirae;Uroviricota;Caudoviricetes;;,d__Bacteria;p__Bacillota;c__Negativicutes;o__Veillonellales;f__Megasphaeraceae;g__Megasphaera_C,temperate
v035d	Viruses;Duplodnaviria;Heunggongvirae;Uroviricota;Caudoviricetes;;,d__Bacteria;p__Fusobacteriota;c__Fusobacteriia;o__Fusobacteriales;f__Fusobacteriaceae;g__Fusobacterium,virulent
v035e	Viruses;Duplodnaviria;Heunggongvirae;Uroviricota;Caudoviricetes;;,NA,temperate
v035f	Viruses;Duplodnaviria;Heunggongvirae;Uroviricota;Caudoviricetes;;,d__Bacteria;p__Bacteroidota;c__Bacteroidia;o__Bacteroidales;f__Bacteroidaceae;g__Bacteroides,virulent
v0360	Viruses;Duplodnaviria;Heunggongvirae;Uroviricota;Caudoviricetes;;,d__Bacteria;p__Bacillota;c__Clostridia;o__Oscillospirales;f__Oscillospiraceae;g__Oscillibacter,virulent
v0361	Viruses;Duplodnaviria;Heunggongvirae;Uroviricota;Caudoviricetes;;,NA,virulent
v0362	Viruses;Duplodnaviria;Heunggongvirae;Uroviricota;Caudoviricetes;;,d__Bacteria;p__Bacillota;c__Clostridia;o__Oscillospirales;f__Ruminococcaceae;g__Gemmiger,temperate
v0363	Viruses;Duplodnaviria;Heunggongvirae;Uroviricota;Caudoviricetes;;,d__Bacteria;p__Fusobacteriota;c__Fusobacteriia;o__Fusobacteriales;f__Fusobacteriaceae;g__Fusobacterium,virulent
v0364	Viruses;Duplodnaviria;Heunggongvirae;Uroviricota;Caudoviricetes;;,d__Bacteria;p__Actinomycetota;c__Actinomycetes;o__Actinomycetales;f__Bifidobacteriaceae;g__Bifidobacterium,virulent
v0365	Viruses;Duplodnaviria;Heunggongvirae;Uroviricota;Caudoviricetes;;,NA,virulent
v0366	Viruses;Duplodnaviria;Heunggongvirae;Uroviricota;Caudoviricetes;;,d__Bacteria;p__Bacteroidota;c__Bacteroidia;o__Bacteroidales;f__Rikenellaceae;g__Alistipes,virulent
v0367	Viruses;Duplodnaviria;Heunggongvirae;Uroviricota;Caudoviricetes;;,d__Bacteria;p__Actinomycetota;c__Actinomycetes;o__Actinomycetales;f__Bifidobacteriaceae;g__Bifidobacterium,temperate
v0368	Viruses;Duplodnaviria;Heunggongvirae;Uroviricota;Caudoviricetes;;,d__Bacteria;p__Bacillota;c__Clostridia;o__Oscillospirales;f__Ruminococcaceae;g__Faecalibacterium,temperate
v0369	Viruses;Duplodnaviria;Heunggongvirae;Uroviricota;Caudoviricetes;;,d__Bacteria;p__Bacillota;c__Clostridia;o__Oscillospirales;f__Ruminococcaceae;g__Faecalibacterium,temperate
v036a	Viruses;Duplodnaviria;Heunggongvirae;Uroviricota;Caudoviricetes;Crassvirales;,NA,virulent
v036b	Viruses;Duplodnaviria;Heunggongvirae;Uroviricota;Caudoviricetes;;,d__Bacteria;p__Bacillota;c__Clostridia;o__Tissierellales;f__Peptoniphilaceae;g__Anaerococcus,temperate
v036c	Viruses;Duplodnaviria;Heunggongvirae;Uroviricota;Caudoviricetes;;,d__Bacteria;p__Bacteroidota;c__Bacteroidia;o__Bacteroidales;f__Tannerellaceae;g__Parabacteroides,virulent
v036d	Viruses;Duplodnaviria;Heunggongvirae;Uroviricota;Caudoviricetes;;,d__Bacteria;p__Fusobacteriota;c__Fusobacteriia;o__Fusobacteriales;f__Fusobacteriaceae;g__Fusobacterium,virulent
v036e	Viruses;Duplodnaviria;Heunggongvirae;Uroviricota;Caudoviricetes;;,d__Bacteria;p__Bacteroidota;c__Bacteroidia;o__Bacteroidales;f__Rikenellaceae;g__Alistipes,temperate
v036f	Viruses;Duplodnaviria;Heunggongvirae;Uroviricota;Caudoviricetes;;,d__Bacteria;p__Bacillota;c__Clostridia;o__Lachnospirales;f__Lachnospiraceae;g__Agathobacter,virulent
v0370	Viruses;Duplodnaviria;Heunggongvirae;Uroviricota;Caudoviricetes;;,d__Bacteria;p__Bacteroidota;c__Bacteroidia;o__Bacteroidales;f__Bacteroidaceae;g__Bacteroides,virulent
v0371	Viruses;Duplodnaviria;Heunggongvirae;Uroviricota;Caudoviricetes;;,d__Bacteria;p__Bacteroidota;c__Bacteroidia;o__Bacteroidales;f__Bacteroidaceae;g__Prevotella,temperate
v0372	Viruses;Duplodnaviria;Heunggongvirae;Uroviricota;Caudoviricetes;Crassvirales;,d__Bacteria;p__Bacteroidota;c__Bacteroidia;o__Bacteroidales;f__Bacteroidaceae;g__Prevotella,virulent
v0373	Viruses;Duplodnaviria;Heunggongvirae;Uroviricota;Caudoviricetes;;,d__Bacteria;p__Bacteroidota;c__Bacteroidia;o__Bacteroidales;f__Bacteroidaceae;g__Prevotella,virulent
v0374	Viruses;Duplodnaviria;Heunggongvirae;Uroviricota;Caudoviricetes;;,d__Bacteria;p__Actinomycetota;c__Actinomycetes;o__Mycobacteriales;f__Mycobacteriaceae;g__Corynebacterium,virulent
v0375	Viruses;Duplodnaviria;Heunggongvirae;Uroviricota;Caudoviricetes;;,NA,virulent
v0376	Viruses;Duplodnaviria;Heunggongvirae;Uroviricota;Caudoviricetes;;,d__Bacteria;p__Actinomycetota;c__Coriobacteriia;o__Coriobacteriales;f__Atopobiaceae;g__Fannyhessea,temperate
v0377	Viruses;Duplodnaviria;Heunggongvirae;Uroviricota;Caudoviricetes;;,d__Bacteria;p__Bacillota;c__Clostridia;o__Lachnospirales;f__Lachnospiraceae;g__Bariatricus,temperate
v0378	NA,d__Bacteria;p__Actinomycetota;c__Actinomycetes;o__Actinomycetales;f__Actinomycetaceae;g__Mobiluncus,temperate
v0379	Viruses;Duplodnaviria;Heunggongvirae;Uroviricota;Caudoviricetes;;,d__Bacteria;p__Actinomycetota;c__Coriobacteriia;o__Coriobacteriales;f__Atopobiaceae;g__Fannyhessea,temperate
v037a	Viruses;Duplodnaviria;Heunggongvirae;Uroviricota;Caudoviricetes;;Rountreeviridae,NA,virulent
v037b	Viruses;Monodnaviria;Sangervirae;Phixviricota;Malgrandaviricetes;Petitvirales;Microviridae,NA,virulent
v037c	Viruses;Duplodnaviria;Heunggongvirae;Uroviricota;Caudoviricetes;;,d__Bacteria;p__Bacillota;c__Clostridia;o__Oscillospirales;f__Ruminococcaceae;g__Faecalibacterium,virulent
v037d	Viruses;Duplodnaviria;Heunggongvirae;Uroviricota;Caudoviricetes;;,d__Bacteria;p__Bacteroidota;c__Bacteroidia;o__Bacteroidales;f__Bacteroidaceae;g__Bacteroides,temperate
v037e	Viruses;Duplodnaviria;Heunggongvirae;Uroviricota;Caudoviricetes;;,d__Bacteria;p__Bacillota;c__Clostridia;o__Oscillospirales;f__Oscillospiraceae;g__Evtepia,virulent
v037f	Viruses;Duplodnaviria;Heunggongvirae;Uroviricota;Caudoviricetes;;,d__Bacteria;p__Bacteroidota;c__Bacteroidia;o__Bacteroidales;f__Bacteroidaceae;g__Bacteroides,virulent
v0380	Viruses;Duplodnaviria;Heunggongvirae;Uroviricota;Caudoviricetes;;,d__Bacteria;p__Bacteroidota;c__Bacteroidia;o__Bacteroidales;f__Bacteroidaceae;g__Bacteroides,virulent
v0381	Viruses;Duplodnaviria;Heunggongvirae;Uroviricota;Caudoviricetes;;,d__Bacteria;p__Bacillota;c__Negativicutes;o__Veillonellales;f__Veillonellaceae;g__Veillonella,temperate
v0382	Viruses;Duplodnaviria;Heunggongvirae;Uroviricota;Caudoviricetes;Crassvirales;,d__Bacteria;p__Bacteroidota;c__Bacteroidia;o__Bacteroidales;f__Tannerellaceae;g__Parabacteroides,virulent
v0383	Viruses;Duplodnaviria;Heunggongvirae;Uroviricota;Caudoviricetes;;,d__Bacteria;p__Pseudomonadota;c__Gammaproteobacteria;o__Burkholderiales;f__Burkholderiaceae;g__Sutterella,virulent
v0384	Viruses;Duplodnaviria;Heunggongvirae;Uroviricota;Caudoviricetes;;,d__Bacteria;p__Actinomycetota;c__Coriobacteriia;o__Coriobacteriales;f__Eggerthellaceae;g__Berryella,temperate
v0385	Viruses;Duplodnaviria;Heunggongvirae;Uroviricota;Caudoviricetes;;,d__Bacteria;p__Bacteroidota;c__Bacteroidia;o__Bacteroidales;f__Bacteroidaceae;g__Prevotella,temperate
v0386	Viruses;Duplodnaviria;Heunggongvirae;Uroviricota;Caudoviricetes;;,d__Bacteria;p__Actinomycetota;c__Actinomycetes;o__Actinomycetales;f__Bifidobacteriaceae;g__Bifidobacterium,temperate
v0387	Viruses;Duplodnaviria;Heunggongvirae;Uroviricota;Caudoviricetes;;,d__Bacteria;p__Actinomycetota;c__Actinomycetes;o__Actinomycetales;f__Bifidobacteriaceae;g__Bifidobacterium,temperate
v0388	Viruses;Duplodnaviria;Heunggongvirae;Uroviricota;Caudoviricetes;;,d__Bacteria;p__Bacillota;c__Negativicutes;o__Veillonellales;f__Dialisteraceae;g__Dialister,temperate
v0389	Viruses;Duplodnaviria;Heunggongvirae;Uroviricota;Caudoviricetes;;,d__Bacteria;p__Campylobacterota;c__Campylobacteria;o__Campylobacterales;f__Campylobacteraceae;g__Campylobacter_D,temperate
v038a	Viruses;Duplodnaviria;Heunggongvirae;Uroviricota;Caudoviricetes;;,d__Bacteria;p__Actinomycetota;c__Actinomycetes;o__Actinomycetales;f__Bifidobacteriaceae;g__Bifidobacterium,virulent
v038b	Viruses;Duplodnaviria;Heunggongvirae;Uroviricota;Caudoviricetes;;,NA,temperate
v038c	Viruses;Duplodnaviria;Heunggongvirae;Uroviricota;Caudoviricetes;;,d__Bacteria;p__Bacillota;c__Clostridia;o__Tissierellales;f__Peptoniphilaceae;g__Ezakiella,temperate
v038d	Viruses;Duplodnaviria;Heunggongvirae;Uroviricota;Caudoviricetes;;,d__Bacteria;p__Bacteroidota;c__Bacteroidia;o__Bacteroidales;f__Bacteroidaceae;g__Prevotella,virulent
v038e	Viruses;Duplodnaviria;Heunggongvirae;Uroviricota;Caudoviricetes;;,d__Bacteria;p__Bacillota;c__Bacilli;o__Lactobacillales;f__Streptococcaceae;g__Streptococcus,temperate
v038f	Viruses;Duplodnaviria;Heunggongvirae;Uroviricota;Caudoviricetes;;,d__Bacteria;p__Bacillota;c__Negativicutes;o__Veillonellales;f__Dialisteraceae;g__Dialister,temperate
v0390	Viruses;Duplodnaviria;Heunggongvirae;Uroviricota;Caudoviricetes;;,d__Bacteria;p__Bacillota;c__Clostridia;o__Tissierellales;f__Peptoniphilaceae;g__Finegoldia,temperate
v0391	Viruses;Duplodnaviria;Heunggongvirae;Uroviricota;Caudoviricetes;;,d__Bacteria;p__Actinomycetota;c__Actinomycetes;o__Actinomycetales;f__Bifidobacteriaceae;g__Bifidobacterium,temperate
v0392	Viruses;Duplodnaviria;Heunggongvirae;Uroviricota;Caudoviricetes;;,d__Bacteria;p__Bacillota;c__Negativicutes;o__Veillonellales;f__Megasphaeraceae;g__Megasphaera_C,temperate
v0393	Viruses;Duplodnaviria;Heunggongvirae;Uroviricota;Caudoviricetes;;,d__Bacteria;p__Actinomycetota;c__Coriobacteriia;o__Coriobacteriales;f__Atopobiaceae;g__Fannyhessea,temperate
v0394	Viruses;Duplodnaviria;Heunggongvirae;Uroviricota;Caudoviricetes;;,d__Bacteria;p__Bacteroidota;c__Bacteroidia;o__Bacteroidales;f__Bacteroidaceae;g__Prevotella,virulent
v0395	Viruses;Duplodnaviria;Heunggongvirae;Uroviricota;Caudoviricetes;;,d__Bacteria;p__Bacillota;c__Clostridia;o__Tissierellales;f__Peptoniphilaceae;g__Peptoniphilus_A,virulent
v0396	Viruses;Duplodnaviria;Heunggongvirae;Uroviricota;Caudoviricetes;;,d__Bacteria;p__Bacillota;c__Clostridia;o__Tissierellales;f__Peptoniphilaceae;g__Anaerococcus,temperate
v0398	Viruses;Duplodnaviria;Heunggongvirae;Uroviricota;Caudoviricetes;;,d__Bacteria;p__Bacillota;c__Clostridia;o__Tissierellales;f__Peptoniphilaceae;g__Peptoniphilus_A,temperate
v0399	Viruses;Duplodnaviria;Heunggongvirae;Uroviricota;Caudoviricetes;;,NA,temperate
v039a	Viruses;Duplodnaviria;Heunggongvirae;Uroviricota;Caudoviricetes;;,d__Bacteria;p__Bacillota;c__Clostridia;o__Tissierellales;f__Peptoniphilaceae;g__Peptoniphilus_A,virulent
v039b	Viruses;Duplodnaviria;Heunggongvirae;Uroviricota;Caudoviricetes;;,d__Bacteria;p__Bacteroidota;c__Bacteroidia;o__Bacteroidales;f__Bacteroidaceae;g__Prevotella,temperate
v039c	Viruses;Monodnaviria;Sangervirae;Phixviricota;Malgrandaviricetes;Petitvirales;Microviridae,d__Bacteria;p__Bacteroidota;c__Bacteroidia;o__Bacteroidales;f__Bacteroidaceae;g__Prevotella,virulent
v039d	Viruses;Duplodnaviria;Heunggongvirae;Uroviricota;Caudoviricetes;;,d__Bacteria;p__Actinomycetota;c__Actinomycetes;o__Actinomycetales;f__Bifidobacteriaceae;g__Bifidobacterium,virulent
v039e	Viruses;Duplodnaviria;Heunggongvirae;Uroviricota;Caudoviricetes;;,d__Bacteria;p__Actinomycetota;c__Actinomycetes;o__Actinomycetales;f__Bifidobacteriaceae;g__Bifidobacterium,temperate
v039f	Viruses;Duplodnaviria;Heunggongvirae;Uroviricota;Caudoviricetes;;,d__Bacteria;p__Actinomycetota;c__Coriobacteriia;o__Coriobacteriales;f__Eggerthellaceae;g__Berryella,temperate
v03a0	Viruses;Duplodnaviria;Heunggongvirae;Uroviricota;Caudoviricetes;;,d__Bacteria;p__Bacteroidota;c__Bacteroidia;o__Bacteroidales;f__Bacteroidaceae;g__Prevotella,temperate
v03a1	Viruses;Duplodnaviria;Heunggongvirae;Uroviricota;Caudoviricetes;;,d__Bacteria;p__Bacillota;c__Clostridia;o__Lachnospirales;f__Lachnospiraceae;g__UBA629,temperate
v03a3	Viruses;Duplodnaviria;Heunggongvirae;Uroviricota;Caudoviricetes;;,d__Bacteria;p__Bacillota;c__Bacilli;o__Lactobacillales;f__Lactobacillaceae;g__Lactobacillus,temperate
v03a4	Viruses;Duplodnaviria;Heunggongvirae;Uroviricota;Caudoviricetes;;,NA,temperate
v03a5	Viruses;Duplodnaviria;Heunggongvirae;Uroviricota;Caudoviricetes;;,d__Bacteria;p__Actinomycetota;c__Actinomycetes;o__Actinomycetales;f__Bifidobacteriaceae;g__Bifidobacterium,temperate
v03a6	Viruses;Duplodnaviria;Heunggongvirae;Uroviricota;Caudoviricetes;;,d__Bacteria;p__Actinomycetota;c__Actinomycetes;o__Actinomycetales;f__Bifidobacteriaceae;g__Bifidobacterium,virulent
v03a7	NA,d__Bacteria;p__Bacillota;c__Bacilli;o__Lactobacillales;f__Lactobacillaceae;g__Lactobacillus,temperate
v03a8	Viruses;Duplodnaviria;Heunggongvirae;Uroviricota;Caudoviricetes;;,d__Bacteria;p__Bacillota;c__Bacilli;o__Lactobacillales;f__Lactobacillaceae;g__Lactobacillus,temperate
v03a9	Viruses;Duplodnaviria;Heunggongvirae;Uroviricota;Caudoviricetes;;,d__Bacteria;p__Patescibacteriota;c__Saccharimonadia;o__Saccharimonadales;f__Nanoperiomorbaceae;g__Nanoperiomorbus,temperate
v03aa	Viruses;Duplodnaviria;Heunggongvirae;Uroviricota;Caudoviricetes;;,d__Bacteria;p__Bacillota;c__Clostridia;o__Tissierellales;f__Peptoniphilaceae;g__Anaerococcus,temperate
v03ab	Viruses;Duplodnaviria;Heunggongvirae;Uroviricota;Caudoviricetes;;,d__Bacteria;p__Actinomycetota;c__Actinomycetes;o__Actinomycetales;f__Bifidobacteriaceae;g__Bifidobacterium,temperate
v03ac	Viruses;Duplodnaviria;Heunggongvirae;Uroviricota;Caudoviricetes;;,d__Bacteria;p__Bacteroidota;c__Bacteroidia;o__Bacteroidales;f__Porphyromonadaceae;g__Porphyromonas,virulent
v03ad	Viruses;Duplodnaviria;Heunggongvirae;Uroviricota;Caudoviricetes;;,d__Bacteria;p__Actinomycetota;c__Coriobacteriia;o__Coriobacteriales;f__Eggerthellaceae;g__Berryella,temperate
v03ae	Viruses;Duplodnaviria;Heunggongvirae;Uroviricota;Caudoviricetes;;,NA,temperate
v03af	Viruses;Duplodnaviria;Heunggongvirae;Uroviricota;Caudoviricetes;;,NA,temperate
v03b0	Viruses;Duplodnaviria;Heunggongvirae;Uroviricota;Caudoviricetes;;,d__Bacteria;p__Pseudomonadota;c__Gammaproteobacteria;o__Enterobacterales;f__Enterobacteriaceae;g__Proteus,virulent
v03b1	Viruses;Duplodnaviria;Heunggongvirae;Uroviricota;Caudoviricetes;;,d__Bacteria;p__Actinomycetota;c__Coriobacteriia;o__Coriobacteriales;f__Atopobiaceae;g__Fannyhessea,temperate
v03b2	Viruses;Duplodnaviria;Heunggongvirae;Uroviricota;Caudoviricetes;;,d__Bacteria;p__Bacillota;c__Clostridia;o__Tissierellales;f__Peptoniphilaceae;g__Finegoldia,temperate
v03b3	Viruses;Duplodnaviria;Heunggongvirae;Uroviricota;Caudoviricetes;;,d__Bacteria;p__Actinomycetota;c__Coriobacteriia;o__Coriobacteriales;f__Atopobiaceae;g__Fannyhessea,temperate
v03b4	Viruses;Duplodnaviria;Heunggongvirae;Uroviricota;Caudoviricetes;;,d__Bacteria;p__Bacillota;c__Clostridia;o__Tissierellales;f__Peptoniphilaceae;g__Finegoldia,temperate
v03b5	Viruses;Duplodnaviria;Heunggongvirae;Uroviricota;Caudoviricetes;;,d__Bacteria;p__Bacillota;c__Clostridia;o__Tissierellales;f__Peptoniphilaceae;g__Parvimonas,temperate
v03b6	Viruses;Duplodnaviria;Heunggongvirae;Uroviricota;Caudoviricetes;;,d__Bacteria;p__Bacteroidota;c__Bacteroidia;o__Bacteroidales;f__Bacteroidaceae;g__Prevotella,temperate
v03b7	Viruses;Duplodnaviria;Heunggongvirae;Uroviricota;Caudoviricetes;;,d__Bacteria;p__Bacillota;c__Clostridia;o__Peptostreptococcales;f__Peptostreptococcaceae;g__Peptostreptococcus,temperate
v03b8	Viruses;Duplodnaviria;Heunggongvirae;Uroviricota;Caudoviricetes;;,NA,virulent
v03b9	Viruses;Duplodnaviria;Heunggongvirae;Uroviricota;Caudoviricetes;;,d__Bacteria;p__Bacteroidota;c__Bacteroidia;o__Bacteroidales;f__Bacteroidaceae;g__Prevotella,temperate
v03ba	Viruses;Duplodnaviria;Heunggongvirae;Uroviricota;Caudoviricetes;;,d__Bacteria;p__Fusobacteriota;c__Fusobacteriia;o__Fusobacteriales;f__Leptotrichiaceae;g__Sneathia,temperate
v03bb	Viruses;Duplodnaviria;Heunggongvirae;Uroviricota;Caudoviricetes;;,d__Bacteria;p__Actinomycetota;c__Actinomycetes;o__Actinomycetales;f__Bifidobacteriaceae;g__Bifidobacterium,temperate
v03bc	Viruses;Duplodnaviria;Heunggongvirae;Uroviricota;Caudoviricetes;;,d__Bacteria;p__Actinomycetota;c__Actinomycetes;o__Actinomycetales;f__Bifidobacteriaceae;g__Bifidobacterium,temperate
v03bd	Viruses;Duplodnaviria;Heunggongvirae;Uroviricota;Caudoviricetes;;,d__Bacteria;p__Bacillota;c__Clostridia;o__Peptostreptococcales;f__Peptostreptococcaceae;g__Peptostreptococcus,temperate
v03be	Viruses;Duplodnaviria;Heunggongvirae;Uroviricota;Caudoviricetes;;,d__Bacteria;p__Bacillota;c__Clostridia;o__Tissierellales;f__Peptoniphilaceae;g__Anaerococcus,temperate
v03bf	Viruses;Duplodnaviria;Heunggongvirae;Uroviricota;Caudoviricetes;;,d__Bacteria;p__Bacteroidota;c__Bacteroidia;o__Bacteroidales;f__Bacteroidaceae;g__Prevotella,virulent
v03c0	Viruses;Duplodnaviria;Heunggongvirae;Uroviricota;Caudoviricetes;;,d__Bacteria;p__Actinomycetota;c__Coriobacteriia;o__Coriobacteriales;f__Atopobiaceae;g__Fannyhessea,temperate
v03c1	Viruses;Duplodnaviria;Heunggongvirae;Uroviricota;Caudoviricetes;;,d__Bacteria;p__Bacillota;c__Clostridia;o__Saccharofermentanales;f__Fastidiosipilaceae;g__Mageeibacillus,temperate
v03c2	Viruses;Duplodnaviria;Heunggongvirae;Uroviricota;Caudoviricetes;;,d__Bacteria;p__Actinomycetota;c__Coriobacteriia;o__Coriobacteriales;f__Atopobiaceae;g__Fannyhessea,temperate
v03c3	Viruses;Duplodnaviria;Heunggongvirae;Uroviricota;Caudoviricetes;;,d__Bacteria;p__Actinomycetota;c__Actinomycetes;o__Actinomycetales;f__Bifidobacteriaceae;g__Bifidobacterium,virulent
v03c4	NA,d__Bacteria;p__Actinomycetota;c__Coriobacteriia;o__Coriobacteriales;f__Atopobiaceae;g__Fannyhessea,temperate
v03c5	Viruses;Duplodnaviria;Heunggongvirae;Uroviricota;Caudoviricetes;;,d__Bacteria;p__Actinomycetota;c__Actinomycetes;o__Actinomycetales;f__Bifidobacteriaceae;g__Bifidobacterium,temperate
v03c6	Viruses;Duplodnaviria;Heunggongvirae;Uroviricota;Caudoviricetes;;,d__Bacteria;p__Actinomycetota;c__Actinomycetes;o__Actinomycetales;f__Bifidobacteriaceae;g__Bifidobacterium,temperate
v03c7	Viruses;Duplodnaviria;Heunggongvirae;Uroviricota;Caudoviricetes;;,d__Bacteria;p__Bacteroidota;c__Bacteroidia;o__Bacteroidales;f__Bacteroidaceae;g__Prevotella,temperate
v03c8	Viruses;Duplodnaviria;Heunggongvirae;Uroviricota;Caudoviricetes;;,d__Bacteria;p__Actinomycetota;c__Actinomycetes;o__Actinomycetales;f__Bifidobacteriaceae;g__Bifidobacterium,virulent
v03c9	Viruses;Duplodnaviria;Heunggongvirae;Uroviricota;Caudoviricetes;;,NA,temperate
v03ca	NA,d__Bacteria;p__Fusobacteriota;c__Fusobacteriia;o__Fusobacteriales;f__Leptotrichiaceae;g__Sneathia,temperate
v03cb	Viruses;Duplodnaviria;Heunggongvirae;Uroviricota;Caudoviricetes;;,d__Bacteria;p__Actinomycetota;c__Actinomycetes;o__Actinomycetales;f__Bifidobacteriaceae;g__Bifidobacterium,temperate
v03cc	Viruses;Duplodnaviria;Heunggongvirae;Uroviricota;Caudoviricetes;;,d__Bacteria;p__Bacillota;c__Negativicutes;o__Veillonellales;f__Dialisteraceae;g__Dialister,temperate
v03cd	Viruses;Duplodnaviria;Heunggongvirae;Uroviricota;Caudoviricetes;;,d__Bacteria;p__Actinomycetota;c__Coriobacteriia;o__Coriobacteriales;f__Atopobiaceae;g__Fannyhessea,temperate
v03ce	Viruses;Duplodnaviria;Heunggongvirae;Uroviricota;Caudoviricetes;;,d__Bacteria;p__Bacillota;c__Bacilli;o__Lactobacillales;f__Aerococcaceae;g__Aerococcus,temperate
v03cf	Viruses;Duplodnaviria;Heunggongvirae;Uroviricota;Caudoviricetes;;,d__Bacteria;p__Bacteroidota;c__Bacteroidia;o__Bacteroidales;f__Bacteroidaceae;g__Prevotella,temperate
v03d0	Viruses;Duplodnaviria;Heunggongvirae;Uroviricota;Caudoviricetes;;,d__Bacteria;p__Bacteroidota;c__Bacteroidia;o__Bacteroidales;f__Bacteroidaceae;g__Prevotella,virulent
v03d1	Viruses;Duplodnaviria;Heunggongvirae;Uroviricota;Caudoviricetes;;,d__Bacteria;p__Actinomycetota;c__Actinomycetes;o__Actinomycetales;f__Bifidobacteriaceae;g__Bifidobacterium,temperate
v03d2	Viruses;Duplodnaviria;Heunggongvirae;Uroviricota;Caudoviricetes;;,d__Bacteria;p__Fusobacteriota;c__Fusobacteriia;o__Fusobacteriales;f__Leptotrichiaceae;g__Sneathia,temperate
v03d3	Viruses;Duplodnaviria;Heunggongvirae;Uroviricota;Caudoviricetes;;,d__Bacteria;p__Bacteroidota;c__Bacteroidia;o__Bacteroidales;f__Bacteroidaceae;g__Prevotella,temperate
v03d4	Viruses;Duplodnaviria;Heunggongvirae;Uroviricota;Caudoviricetes;;,NA,temperate
v03d6	Viruses;Duplodnaviria;Heunggongvirae;Uroviricota;Caudoviricetes;;,d__Bacteria;p__Bacillota;c__Negativicutes;o__Veillonellales;f__Dialisteraceae;g__Dialister,temperate
v03d7	Viruses;Duplodnaviria;Heunggongvirae;Uroviricota;Caudoviricetes;;,d__Bacteria;p__Bacillota;c__Clostridia;o__Lachnospirales;f__Lachnospiraceae;g__UBA4285,virulent
v03d8	Viruses;Duplodnaviria;Heunggongvirae;Uroviricota;Caudoviricetes;;,NA,temperate
v03d9	Viruses;Duplodnaviria;Heunggongvirae;Uroviricota;Caudoviricetes;;,d__Bacteria;p__Bacillota;c__Clostridia;o__Tissierellales;f__Peptoniphilaceae;g__Ezakiella,temperate
v03da	Viruses;Duplodnaviria;Heunggongvirae;Uroviricota;Caudoviricetes;;,d__Bacteria;p__Bacillota;c__Bacilli;o__Lactobacillales;f__Lactobacillaceae;g__Limosilactobacillus,temperate
v03db	Viruses;Duplodnaviria;Heunggongvirae;Uroviricota;Caudoviricetes;;,d__Bacteria;p__Bacillota;c__Bacilli;o__Lactobacillales;f__Lactobacillaceae;g__Lactobacillus,temperate
v03dc	Viruses;Duplodnaviria;Heunggongvirae;Uroviricota;Caudoviricetes;;,d__Bacteria;p__Bacteroidota;c__Bacteroidia;o__Bacteroidales;f__Bacteroidaceae;g__Prevotella,virulent
v03dd	Viruses;Duplodnaviria;Heunggongvirae;Uroviricota;Caudoviricetes;;,d__Bacteria;p__Fusobacteriota;c__Fusobacteriia;o__Fusobacteriales;f__Leptotrichiaceae;g__Sneathia,virulent
v03de	Viruses;Duplodnaviria;Heunggongvirae;Uroviricota;Caudoviricetes;;,d__Bacteria;p__Bacillota;c__Negativicutes;o__Veillonellales;f__Dialisteraceae;g__Dialister,temperate
v03df	Viruses;Duplodnaviria;Heunggongvirae;Uroviricota;Caudoviricetes;;,d__Bacteria;p__Bacillota;c__Bacilli;o__Lactobacillales;f__Streptococcaceae;g__Streptococcus,temperate
v03e0	Viruses;Duplodnaviria;Heunggongvirae;Uroviricota;Caudoviricetes;;,d__Bacteria;p__Bacillota;c__Bacilli;o__Erysipelotrichales;f__Erysipelotrichaceae;g__Bulleidia,temperate
v03e1	Viruses;Duplodnaviria;Heunggongvirae;Uroviricota;Caudoviricetes;;,NA,temperate
v03e2	Viruses;Duplodnaviria;Heunggongvirae;Uroviricota;Caudoviricetes;;,d__Bacteria;p__Bacillota;c__Negativicutes;o__Veillonellales;f__Veillonellaceae;g__Veillonella,temperate
v03e3	Viruses;Duplodnaviria;Heunggongvirae;Uroviricota;Caudoviricetes;;,d__Bacteria;p__Actinomycetota;c__Coriobacteriia;o__Coriobacteriales;f__Coriobacteriaceae;g__Collinsella,virulent
v03e4	Viruses;Duplodnaviria;Heunggongvirae;Uroviricota;Caudoviricetes;;,d__Bacteria;p__Bacillota;c__Clostridia;o__Tissierellales;f__Peptoniphilaceae;g__Finegoldia,temperate
v03e5	Viruses;Duplodnaviria;Heunggongvirae;Uroviricota;Caudoviricetes;;,d__Bacteria;p__Bacillota;c__Negativicutes;o__Veillonellales;f__Megasphaeraceae;g__Anaeroglobus,temperate
v03e6	Viruses;Duplodnaviria;Heunggongvirae;Uroviricota;Caudoviricetes;Crassvirales;,d__Bacteria;p__Bacteroidota;c__Bacteroidia;o__Bacteroidales;f__Bacteroidaceae;g__Prevotella,virulent
v03e7	Viruses;Duplodnaviria;Heunggongvirae;Uroviricota;Caudoviricetes;;,d__Bacteria;p__Bacillota;c__Clostridia;o__Tissierellales;f__Peptoniphilaceae;g__Murdochiella,temperate
v03e8	Viruses;Duplodnaviria;Heunggongvirae;Uroviricota;Caudoviricetes;;,d__Bacteria;p__Bacillota;c__Negativicutes;o__Veillonellales;f__Veillonellaceae;g__Veillonella,virulent
v03e9	Viruses;Duplodnaviria;Heunggongvirae;Uroviricota;Caudoviricetes;;,d__Bacteria;p__Bacillota;c__Negativicutes;o__Veillonellales;f__Megasphaeraceae;g__Anaeroglobus,temperate
v03ea	Viruses;Duplodnaviria;Heunggongvirae;Uroviricota;Caudoviricetes;;,d__Bacteria;p__Bacillota;c__Bacilli;o__Lactobacillales;f__Streptococcaceae;g__Streptococcus,temperate
v03eb	Viruses;Duplodnaviria;Heunggongvirae;Uroviricota;Caudoviricetes;;,d__Bacteria;p__Bacillota;c__Bacilli;o__Lactobacillales;f__Streptococcaceae;g__Streptococcus,temperate
v03ec	Viruses;Duplodnaviria;Heunggongvirae;Uroviricota;Caudoviricetes;;,d__Bacteria;p__Bacillota;c__Bacilli;o__Lactobacillales;f__Streptococcaceae;g__Streptococcus,temperate
v03ed	Viruses;Duplodnaviria;Heunggongvirae;Uroviricota;Caudoviricetes;;,d__Bacteria;p__Bacillota;c__Bacilli;o__Lactobacillales;f__Streptococcaceae;g__Streptococcus,temperate
v03ee	Viruses;Duplodnaviria;Heunggongvirae;Uroviricota;Caudoviricetes;;,d__Bacteria;p__Actinomycetota;c__Actinomycetes;o__Actinomycetales;f__Bifidobacteriaceae;g__Bifidobacterium,virulent
v03ef	Viruses;Duplodnaviria;Heunggongvirae;Uroviricota;Caudoviricetes;;,NA,temperate
v03f0	Viruses;Duplodnaviria;Heunggongvirae;Uroviricota;Caudoviricetes;;,d__Bacteria;p__Bacteroidota;c__Bacteroidia;o__Bacteroidales;f__Bacteroidaceae;g__Prevotella,temperate
v03f1	Viruses;Duplodnaviria;Heunggongvirae;Uroviricota;Caudoviricetes;;,d__Bacteria;p__Bacillota;c__Bacilli;o__Lactobacillales;f__Streptococcaceae;g__Streptococcus,temperate
v03f2	Viruses;Duplodnaviria;Heunggongvirae;Uroviricota;Caudoviricetes;;,d__Bacteria;p__Actinomycetota;c__Actinomycetes;o__Actinomycetales;f__Bifidobacteriaceae;g__Bifidobacterium,temperate
v03f3	Viruses;Duplodnaviria;Heunggongvirae;Uroviricota;Caudoviricetes;;,d__Bacteria;p__Bacillota;c__Negativicutes;o__Veillonellales;f__Veillonellaceae;g__Veillonella,temperate
v03f4	Viruses;Duplodnaviria;Heunggongvirae;Uroviricota;Caudoviricetes;;,d__Bacteria;p__Bacillota;c__Bacilli;o__Lactobacillales;f__Streptococcaceae;g__Streptococcus,temperate
v03f5	Viruses;Duplodnaviria;Heunggongvirae;Uroviricota;Caudoviricetes;;,NA,temperate
v03f6	Viruses;Duplodnaviria;Heunggongvirae;Uroviricota;Caudoviricetes;;,d__Bacteria;p__Bacteroidota;c__Bacteroidia;o__Bacteroidales;f__Bacteroidaceae;g__Alloprevotella,temperate
v03f7	Viruses;Duplodnaviria;Heunggongvirae;Uroviricota;Caudoviricetes;;,d__Bacteria;p__Actinomycetota;c__Coriobacteriia;o__Coriobacteriales;f__Atopobiaceae;g__Fannyhessea,temperate
v03f8	Viruses;Duplodnaviria;Heunggongvirae;Uroviricota;Caudoviricetes;;,d__Bacteria;p__Bacillota;c__Bacilli;o__Lactobacillales;f__Streptococcaceae;g__Streptococcus,virulent
v03f9	Viruses;Duplodnaviria;Heunggongvirae;Uroviricota;Caudoviricetes;;,d__Bacteria;p__Bacillota;c__Bacilli;o__Lactobacillales;f__Streptococcaceae;g__Streptococcus,temperate
v03fa	Viruses;Duplodnaviria;Heunggongvirae;Uroviricota;Caudoviricetes;;,d__Bacteria;p__Bacillota;c__Bacilli;o__Lactobacillales;f__Aerococcaceae;g__Granulicatella,temperate
v03fb	Viruses;Duplodnaviria;Heunggongvirae;Uroviricota;Caudoviricetes;;,d__Bacteria;p__Bacillota;c__Bacilli;o__Lactobacillales;f__Streptococcaceae;g__Streptococcus,temperate
v03fc	Viruses;Duplodnaviria;Heunggongvirae;Uroviricota;Caudoviricetes;;,d__Bacteria;p__Bacillota;c__Bacilli;o__Lactobacillales;f__Aerococcaceae;g__Granulicatella,temperate
v03fd	Viruses;Duplodnaviria;Heunggongvirae;Uroviricota;Caudoviricetes;;,d__Bacteria;p__Bacteroidota;c__Bacteroidia;o__Bacteroidales;f__Bacteroidaceae;g__Prevotella,temperate
v03fe	Viruses;Duplodnaviria;Heunggongvirae;Uroviricota;Caudoviricetes;;,d__Bacteria;p__Bacillota;c__Clostridia;o__Tissierellales;f__Peptoniphilaceae;g__Peptoniphilus_A,virulent
v03ff	Viruses;Duplodnaviria;Heunggongvirae;Uroviricota;Caudoviricetes;;,NA,virulent
v0400	Viruses;Duplodnaviria;Heunggongvirae;Uroviricota;Caudoviricetes;;,d__Bacteria;p__Actinomycetota;c__Actinomycetes;o__Actinomycetales;f__Bifidobacteriaceae;g__Bifidobacterium,temperate
v0402	Viruses;Duplodnaviria;Heunggongvirae;Uroviricota;Caudoviricetes;;,d__Bacteria;p__Actinomycetota;c__Coriobacteriia;o__Coriobacteriales;f__Eggerthellaceae;g__Berryella,temperate
v0403	Viruses;Duplodnaviria;Heunggongvirae;Uroviricota;Caudoviricetes;;,d__Bacteria;p__Bacteroidota;c__Bacteroidia;o__Bacteroidales;f__Bacteroidaceae;g__Prevotella,virulent
v0404	Viruses;Duplodnaviria;Heunggongvirae;Uroviricota;Caudoviricetes;;,d__Bacteria;p__Actinomycetota;c__Actinomycetes;o__Actinomycetales;f__Bifidobacteriaceae;g__Bifidobacterium,virulent
v0405	Viruses;Duplodnaviria;Heunggongvirae;Uroviricota;Caudoviricetes;;,d__Bacteria;p__Bacillota;c__Bacilli;o__Lactobacillales;f__Streptococcaceae;g__Streptococcus,temperate
v0406	Viruses;Duplodnaviria;Heunggongvirae;Uroviricota;Caudoviricetes;;,NA,virulent
v0407	NA,d__Bacteria;p__Bacillota;c__Bacilli;o__Lactobacillales;f__Streptococcaceae;g__Streptococcus,virulent
v0408	Viruses;Duplodnaviria;Heunggongvirae;Uroviricota;Caudoviricetes;;,d__Bacteria;p__Bacillota;c__Negativicutes;o__Veillonellales;f__Megasphaeraceae;g__Megasphaera_C,virulent
v0409	Viruses;Duplodnaviria;Heunggongvirae;Uroviricota;Caudoviricetes;;,d__Bacteria;p__Bacillota;c__Clostridia;o__Tissierellales;f__Peptoniphilaceae;g__Peptoniphilus_A,temperate
v040b	Viruses;Duplodnaviria;Heunggongvirae;Uroviricota;Caudoviricetes;;,d__Bacteria;p__Actinomycetota;c__Coriobacteriia;o__Coriobacteriales;f__Eggerthellaceae;g__Berryella,temperate
v040c	Viruses;Duplodnaviria;Heunggongvirae;Uroviricota;Caudoviricetes;;,d__Bacteria;p__Bacillota;c__Bacilli;o__Lactobacillales;f__Lactobacillaceae;g__Lactobacillus,temperate
v040d	Viruses;Duplodnaviria;Heunggongvirae;Uroviricota;Caudoviricetes;;,d__Bacteria;p__Actinomycetota;c__Actinomycetes;o__Actinomycetales;f__Bifidobacteriaceae;g__Bifidobacterium,temperate
v040e	Viruses;Duplodnaviria;Heunggongvirae;Uroviricota;Caudoviricetes;;,d__Bacteria;p__Bacteroidota;c__Bacteroidia;o__Bacteroidales;f__Bacteroidaceae;g__Prevotella,temperate
v040f	Viruses;Duplodnaviria;Heunggongvirae;Uroviricota;Caudoviricetes;;,d__Bacteria;p__Actinomycetota;c__Actinomycetes;o__Actinomycetales;f__Bifidobacteriaceae;g__Bifidobacterium,temperate
v0410	Viruses;Duplodnaviria;Heunggongvirae;Uroviricota;Caudoviricetes;;,d__Bacteria;p__Fusobacteriota;c__Fusobacteriia;o__Fusobacteriales;f__Leptotrichiaceae;g__Sneathia,temperate
v0411	Viruses;Duplodnaviria;Heunggongvirae;Uroviricota;Caudoviricetes;;,d__Bacteria;p__Actinomycetota;c__Actinomycetes;o__Actinomycetales;f__Bifidobacteriaceae;g__Bifidobacterium,temperate
v0412	Viruses;Duplodnaviria;Heunggongvirae;Uroviricota;Caudoviricetes;;,d__Bacteria;p__Bacillota;c__Negativicutes;o__Veillonellales;f__Veillonellaceae;g__Veillonella,temperate
v0413	Viruses;Duplodnaviria;Heunggongvirae;Uroviricota;Caudoviricetes;;,NA,virulent
v0414	Viruses;Duplodnaviria;Heunggongvirae;Uroviricota;Caudoviricetes;;Autographiviridae,d__Bacteria;p__Bacillota;c__Negativicutes;o__Veillonellales;f__Dialisteraceae;g__Dialister,virulent
v0415	Viruses;Duplodnaviria;Heunggongvirae;Uroviricota;Caudoviricetes;;,d__Bacteria;p__Actinomycetota;c__Coriobacteriia;o__Coriobacteriales;f__Eggerthellaceae;g__Berryella,virulent
v0416	Viruses;Duplodnaviria;Heunggongvirae;Uroviricota;Caudoviricetes;;,NA,temperate
v0417	Viruses;Duplodnaviria;Heunggongvirae;Uroviricota;Caudoviricetes;;,d__Bacteria;p__Bacillota;c__Negativicutes;o__Veillonellales;f__Dialisteraceae;g__Dialister,temperate
v0418	Viruses;Duplodnaviria;Heunggongvirae;Uroviricota;Caudoviricetes;;,d__Bacteria;p__Bacillota;c__Negativicutes;o__Veillonellales;f__Dialisteraceae;g__Dialister,temperate
v0419	Viruses;Duplodnaviria;Heunggongvirae;Uroviricota;Caudoviricetes;;,d__Bacteria;p__Bacillota;c__Clostridia;o__Lachnospirales;f__Lachnospiraceae;g__Hominiventricola,temperate
v041a	Viruses;Duplodnaviria;Heunggongvirae;Uroviricota;Caudoviricetes;;,d__Bacteria;p__Bacillota;c__Clostridia;o__Tissierellales;f__Peptoniphilaceae;g__Peptoniphilus_A,temperate
v041b	Viruses;Duplodnaviria;Heunggongvirae;Uroviricota;Caudoviricetes;;,d__Bacteria;p__Bacillota;c__Clostridia;o__Tissierellales;f__Peptoniphilaceae;g__Peptoniphilus_A,temperate
v041c	Viruses;Duplodnaviria;Heunggongvirae;Uroviricota;Caudoviricetes;;,d__Bacteria;p__Bacillota;c__Clostridia;o__Tissierellales;f__Peptoniphilaceae;g__Peptoniphilus_A,virulent
v041d	Viruses;Duplodnaviria;Heunggongvirae;Uroviricota;Caudoviricetes;;,d__Bacteria;p__Bacillota;c__Negativicutes;o__Veillonellales;f__Dialisteraceae;g__Dialister,temperate
v041f	Viruses;Duplodnaviria;Heunggongvirae;Uroviricota;Caudoviricetes;;,d__Bacteria;p__Actinomycetota;c__Coriobacteriia;o__Coriobacteriales;f__Eggerthellaceae;g__Berryella,temperate
v0420	Viruses;Duplodnaviria;Heunggongvirae;Uroviricota;Caudoviricetes;;,d__Bacteria;p__Bacillota;c__Bacilli;o__Lactobacillales;f__Lactobacillaceae;g__Limosilactobacillus,temperate
v0421	Viruses;Duplodnaviria;Heunggongvirae;Uroviricota;Caudoviricetes;;,d__Bacteria;p__Bacillota;c__Bacilli;o__Lactobacillales;f__Lactobacillaceae;g__Lactobacillus,temperate
v0422	Viruses;Duplodnaviria;Heunggongvirae;Uroviricota;Caudoviricetes;;,d__Bacteria;p__Bacillota;c__Bacilli;o__Lactobacillales;f__Lactobacillaceae;g__Lactobacillus,temperate
v0423	Viruses;Duplodnaviria;Heunggongvirae;Uroviricota;Caudoviricetes;;,d__Bacteria;p__Bacillota;c__Bacilli;o__Lactobacillales;f__Lactobacillaceae;g__Lactobacillus,temperate
v0425	Viruses;Duplodnaviria;Heunggongvirae;Uroviricota;Caudoviricetes;;,d__Bacteria;p__Bacillota;c__Bacilli;o__Lactobacillales;f__Lactobacillaceae;g__Lactobacillus,temperate
v0427	Viruses;Duplodnaviria;Heunggongvirae;Uroviricota;Caudoviricetes;;,d__Bacteria;p__Fusobacteriota;c__Fusobacteriia;o__Fusobacteriales;f__Leptotrichiaceae;g__Sneathia,virulent
v0428	Viruses;Duplodnaviria;Heunggongvirae;Uroviricota;Caudoviricetes;;,d__Bacteria;p__Actinomycetota;c__Coriobacteriia;o__Coriobacteriales;f__Atopobiaceae;g__Fannyhessea,temperate
v0429	Viruses;Duplodnaviria;Heunggongvirae;Uroviricota;Caudoviricetes;;,d__Bacteria;p__Bacteroidota;c__Bacteroidia;o__Bacteroidales;f__Bacteroidaceae;g__Prevotella,virulent
v042a	Viruses;Duplodnaviria;Heunggongvirae;Uroviricota;Caudoviricetes;;,d__Bacteria;p__Actinomycetota;c__Coriobacteriia;o__Coriobacteriales;f__Eggerthellaceae;g__Berryella,temperate
v042b	Viruses;Duplodnaviria;Heunggongvirae;Uroviricota;Caudoviricetes;;,d__Bacteria;p__Actinomycetota;c__Coriobacteriia;o__Coriobacteriales;f__Eggerthellaceae;g__Berryella,temperate
v042c	Viruses;Duplodnaviria;Heunggongvirae;Uroviricota;Caudoviricetes;;,d__Bacteria;p__Bacteroidota;c__Bacteroidia;o__Bacteroidales;f__Bacteroidaceae;g__Prevotella,virulent
v042d	Viruses;Duplodnaviria;Heunggongvirae;Uroviricota;Caudoviricetes;;,d__Bacteria;p__Actinomycetota;c__Actinomycetes;o__Actinomycetales;f__Bifidobacteriaceae;g__Bifidobacterium,temperate
v042f	Viruses;Duplodnaviria;Heunggongvirae;Uroviricota;Caudoviricetes;;,d__Bacteria;p__Actinomycetota;c__Actinomycetes;o__Actinomycetales;f__Bifidobacteriaceae;g__Bifidobacterium,virulent
v0430	Viruses;Duplodnaviria;Heunggongvirae;Uroviricota;Caudoviricetes;;,d__Bacteria;p__Actinomycetota;c__Actinomycetes;o__Actinomycetales;f__Bifidobacteriaceae;g__Bifidobacterium,virulent
v0431	Viruses;Duplodnaviria;Heunggongvirae;Uroviricota;Caudoviricetes;;,d__Bacteria;p__Actinomycetota;c__Actinomycetes;o__Actinomycetales;f__Bifidobacteriaceae;g__Bifidobacterium,virulent
v0433	Viruses;Duplodnaviria;Heunggongvirae;Uroviricota;Caudoviricetes;;,d__Bacteria;p__Bacillota;c__Negativicutes;o__Veillonellales;f__Dialisteraceae;g__Dialister,temperate
v0434	Viruses;Duplodnaviria;Heunggongvirae;Uroviricota;Caudoviricetes;;,d__Bacteria;p__Bacillota;c__Negativicutes;o__Veillonellales;f__Megasphaeraceae;g__Megasphaera_C,temperate
v0435	Viruses;Duplodnaviria;Heunggongvirae;Uroviricota;Caudoviricetes;;,d__Bacteria;p__Fusobacteriota;c__Fusobacteriia;o__Fusobacteriales;f__Leptotrichiaceae;g__Sneathia,temperate
v0436	Viruses;Duplodnaviria;Heunggongvirae;Uroviricota;Caudoviricetes;;,d__Bacteria;p__Bacteroidota;c__Bacteroidia;o__Bacteroidales;f__Bacteroidaceae;g__Prevotella,temperate
v0437	Viruses;Duplodnaviria;Heunggongvirae;Uroviricota;Caudoviricetes;;,NA,virulent
v0438	Viruses;Duplodnaviria;Heunggongvirae;Uroviricota;Caudoviricetes;;,d__Bacteria;p__Bacillota;c__Negativicutes;o__Veillonellales;f__Dialisteraceae;g__Dialister,temperate
v0439	Viruses;Duplodnaviria;Heunggongvirae;Uroviricota;Caudoviricetes;;,NA,virulent
v043a	Viruses;Duplodnaviria;Heunggongvirae;Uroviricota;Caudoviricetes;;,d__Bacteria;p__Bacillota;c__Negativicutes;o__Veillonellales;f__Dialisteraceae;g__Dialister,temperate
v043b	Viruses;Duplodnaviria;Heunggongvirae;Uroviricota;Caudoviricetes;;,d__Bacteria;p__Actinomycetota;c__Coriobacteriia;o__Coriobacteriales;f__Atopobiaceae;g__Fannyhessea,temperate
v043c	Viruses;Duplodnaviria;Heunggongvirae;Uroviricota;Caudoviricetes;;,NA,virulent
v043d	Viruses;Duplodnaviria;Heunggongvirae;Uroviricota;Caudoviricetes;;,NA,temperate
v043e	Viruses;Duplodnaviria;Heunggongvirae;Uroviricota;Caudoviricetes;;,d__Bacteria;p__Actinomycetota;c__Actinomycetes;o__Actinomycetales;f__Bifidobacteriaceae;g__Bifidobacterium,virulent
v043f	Viruses;Duplodnaviria;Heunggongvirae;Uroviricota;Caudoviricetes;;,d__Bacteria;p__Actinomycetota;c__Actinomycetes;o__Actinomycetales;f__Bifidobacteriaceae;g__Bifidobacterium,temperate
v0440	Viruses;Duplodnaviria;Heunggongvirae;Uroviricota;Caudoviricetes;;,d__Bacteria;p__Bacillota;c__Clostridia;o__Peptostreptococcales;f__Peptostreptococcaceae;g__Peptostreptococcus,temperate
v0441	Viruses;Duplodnaviria;Heunggongvirae;Uroviricota;Caudoviricetes;;,d__Bacteria;p__Actinomycetota;c__Coriobacteriia;o__Coriobacteriales;f__Eggerthellaceae;g__Berryella,temperate
v0442	Viruses;Duplodnaviria;Heunggongvirae;Uroviricota;Caudoviricetes;;,d__Bacteria;p__Actinomycetota;c__Coriobacteriia;o__Coriobacteriales;f__Eggerthellaceae;g__Berryella,temperate
v0443	Viruses;Duplodnaviria;Heunggongvirae;Uroviricota;Caudoviricetes;;,d__Bacteria;p__Bacillota;c__Clostridia;o__Saccharofermentanales;f__Fastidiosipilaceae;g__Amygdalobacter,temperate
v0444	Viruses;Duplodnaviria;Heunggongvirae;Uroviricota;Caudoviricetes;;,NA,virulent
v0445	Viruses;Duplodnaviria;Heunggongvirae;Uroviricota;Caudoviricetes;;,d__Bacteria;p__Bacillota;c__Bacilli;o__Staphylococcales;f__Staphylococcaceae;g__Staphylococcus,temperate
v0446	Viruses;Duplodnaviria;Heunggongvirae;Uroviricota;Caudoviricetes;;,d__Bacteria;p__Bacillota;c__Bacilli;o__Lactobacillales;f__Enterococcaceae;g__Enterococcus_B,temperate
v0447	Viruses;Duplodnaviria;Heunggongvirae;Uroviricota;Caudoviricetes;;,d__Bacteria;p__Bacillota;c__Bacilli;o__Staphylococcales;f__Staphylococcaceae;g__Staphylococcus,temperate
v0448	Viruses;Duplodnaviria;Heunggongvirae;Uroviricota;Caudoviricetes;;,d__Bacteria;p__Bacillota;c__Negativicutes;o__Veillonellales;f__Dialisteraceae;g__Dialister,temperate
v0449	Viruses;Duplodnaviria;Heunggongvirae;Uroviricota;Caudoviricetes;;,d__Bacteria;p__Actinomycetota;c__Actinomycetes;o__Actinomycetales;f__Bifidobacteriaceae;g__Bifidobacterium,temperate
v044a	Viruses;Duplodnaviria;Heunggongvirae;Uroviricota;Caudoviricetes;;,d__Bacteria;p__Bacteroidota;c__Bacteroidia;o__Bacteroidales;f__Bacteroidaceae;g__Prevotella,temperate
v044b	Viruses;Duplodnaviria;Heunggongvirae;Uroviricota;Caudoviricetes;;,d__Bacteria;p__Bacillota;c__Negativicutes;o__Veillonellales;f__Dialisteraceae;g__Dialister,temperate
v044c	Viruses;Duplodnaviria;Heunggongvirae;Uroviricota;Caudoviricetes;;,d__Bacteria;p__Bacillota;c__Clostridia;o__Tissierellales;f__Peptoniphilaceae;g__Parvimonas,temperate
v044d	Viruses;Duplodnaviria;Heunggongvirae;Uroviricota;Caudoviricetes;;,d__Bacteria;p__Actinomycetota;c__Actinomycetes;o__Actinomycetales;f__Actinomycetaceae;g__Mobiluncus,temperate
v044f	Viruses;Duplodnaviria;Heunggongvirae;Uroviricota;Caudoviricetes;;,NA,virulent
v0450	Viruses;Duplodnaviria;Heunggongvirae;Uroviricota;Caudoviricetes;;,d__Bacteria;p__Bacteroidota;c__Bacteroidia;o__Bacteroidales;f__Bacteroidaceae;g__Prevotella,temperate
v0451	Viruses;Monodnaviria;Loebvirae;Hofneiviricota;Faserviricetes;Tubulavirales;Inoviridae,d__Bacteria;p__Pseudomonadota;c__Gammaproteobacteria;o__Enterobacterales;f__Enterobacteriaceae;g__Escherichia,virulent
v0452	Viruses;Duplodnaviria;Heunggongvirae;Uroviricota;Caudoviricetes;;,d__Bacteria;p__Bacillota;c__Clostridia;o__Lachnospirales;f__Lachnospiraceae;g__Coprococcus,temperate
v0453	Viruses;Duplodnaviria;Heunggongvirae;Uroviricota;Caudoviricetes;;,NA,virulent
v0454	Viruses;Duplodnaviria;Heunggongvirae;Uroviricota;Caudoviricetes;;,d__Bacteria;p__Bacteroidota;c__Bacteroidia;o__Bacteroidales;f__Bacteroidaceae;g__Prevotella,virulent
v0455	Viruses;Duplodnaviria;Heunggongvirae;Uroviricota;Caudoviricetes;;,d__Bacteria;p__Actinomycetota;c__Actinomycetes;o__Actinomycetales;f__Bifidobacteriaceae;g__Bifidobacterium,temperate
v0456	Viruses;Duplodnaviria;Heunggongvirae;Uroviricota;Caudoviricetes;;,d__Bacteria;p__Actinomycetota;c__Actinomycetes;o__Actinomycetales;f__Bifidobacteriaceae;g__Bifidobacterium,virulent
v0457	Viruses;Duplodnaviria;Heunggongvirae;Uroviricota;Caudoviricetes;;,d__Bacteria;p__Bacillota;c__Bacilli;o__Lactobacillales;f__Aerococcaceae;g__Aerococcus,temperate
v0458	Viruses;Duplodnaviria;Heunggongvirae;Uroviricota;Caudoviricetes;;,NA,temperate
v0459	Viruses;Duplodnaviria;Heunggongvirae;Uroviricota;Caudoviricetes;;,d__Bacteria;p__Actinomycetota;c__Coriobacteriia;o__Coriobacteriales;f__Atopobiaceae;g__Fannyhessea,temperate
v045a	Viruses;Duplodnaviria;Heunggongvirae;Uroviricota;Caudoviricetes;;,NA,temperate
v045b	Viruses;Duplodnaviria;Heunggongvirae;Uroviricota;Caudoviricetes;;,d__Bacteria;p__Bacillota;c__Negativicutes;o__Acidaminococcales;f__Acidaminococcaceae;g__Acidaminococcus,temperate
v045c	Viruses;Duplodnaviria;Heunggongvirae;Uroviricota;Caudoviricetes;;,d__Bacteria;p__Bacillota;c__Bacilli;o__Bacillales;f__Bacillaceae_G;g__Bacillus_A,temperate
v045d	Viruses;Duplodnaviria;Heunggongvirae;Uroviricota;Caudoviricetes;;,d__Bacteria;p__Bacillota;c__Clostridia;o__Peptostreptococcales;f__Peptostreptococcaceae;g__Romboutsia_E,temperate
v045e	Viruses;Duplodnaviria;Heunggongvirae;Uroviricota;Caudoviricetes;;,d__Bacteria;p__Actinomycetota;c__Coriobacteriia;o__Coriobacteriales;f__Eggerthellaceae;g__Berryella,temperate
v045f	Viruses;Duplodnaviria;Heunggongvirae;Uroviricota;Caudoviricetes;;,d__Bacteria;p__Bacillota;c__Clostridia;o__Lachnospirales;f__Lachnospiraceae;g__Enterocloster,temperate
v0460	Viruses;Duplodnaviria;Heunggongvirae;Uroviricota;Caudoviricetes;;,d__Bacteria;p__Actinomycetota;c__Actinomycetes;o__Actinomycetales;f__Bifidobacteriaceae;g__Bifidobacterium,temperate
v0461	Viruses;Duplodnaviria;Heunggongvirae;Uroviricota;Caudoviricetes;;,d__Bacteria;p__Bacteroidota;c__Bacteroidia;o__Bacteroidales;f__Bacteroidaceae;g__Prevotella,virulent
v0462	Viruses;Duplodnaviria;Heunggongvirae;Uroviricota;Caudoviricetes;;,d__Bacteria;p__Actinomycetota;c__Coriobacteriia;o__Coriobacteriales;f__Atopobiaceae;g__Fannyhessea,temperate
v0463	Viruses;Monodnaviria;Shotokuvirae;Cressdnaviricota;Arfiviricetes;Cirlivirales;,d__Bacteria;p__Actinomycetota;c__Actinomycetes;o__Actinomycetales;f__Actinomycetaceae;g__Mobiluncus,temperate
v0464	Viruses;Duplodnaviria;Heunggongvirae;Uroviricota;Caudoviricetes;;,d__Bacteria;p__Actinomycetota;c__Actinomycetes;o__Actinomycetales;f__Bifidobacteriaceae;g__Bifidobacterium,temperate
v0465	Viruses;Duplodnaviria;Heunggongvirae;Uroviricota;Caudoviricetes;;,d__Bacteria;p__Actinomycetota;c__Coriobacteriia;o__Coriobacteriales;f__Atopobiaceae;g__Fannyhessea,temperate
v0466	Viruses;Duplodnaviria;Heunggongvirae;Uroviricota;Caudoviricetes;;,d__Bacteria;p__Actinomycetota;c__Actinomycetes;o__Actinomycetales;f__Bifidobacteriaceae;g__Bifidobacterium,temperate
v0467	Viruses;Duplodnaviria;Heunggongvirae;Uroviricota;Caudoviricetes;;,d__Bacteria;p__Actinomycetota;c__Actinomycetes;o__Actinomycetales;f__Bifidobacteriaceae;g__Bifidobacterium,temperate
v0469	Viruses;Duplodnaviria;Heunggongvirae;Uroviricota;Caudoviricetes;;,d__Bacteria;p__Actinomycetota;c__Actinomycetes;o__Actinomycetales;f__Bifidobacteriaceae;g__Bifidobacterium,temperate
v046b	Viruses;Duplodnaviria;Heunggongvirae;Uroviricota;Caudoviricetes;;,d__Bacteria;p__Bacillota;c__Negativicutes;o__Veillonellales;f__Megasphaeraceae;g__Megasphaera_C,temperate
v046c	Viruses;Duplodnaviria;Heunggongvirae;Uroviricota;Caudoviricetes;;,d__Bacteria;p__Bacillota;c__Negativicutes;o__Veillonellales;f__Dialisteraceae;g__Dialister,temperate
v046e	Viruses;Duplodnaviria;Heunggongvirae;Uroviricota;Caudoviricetes;;,d__Bacteria;p__Fusobacteriota;c__Fusobacteriia;o__Fusobacteriales;f__Leptotrichiaceae;g__Sneathia,temperate
v046f	Viruses;Duplodnaviria;Heunggongvirae;Uroviricota;Caudoviricetes;;,d__Bacteria;p__Bacillota;c__Bacilli;o__Lactobacillales;f__Lactobacillaceae;g__Lactobacillus,temperate
v0470	Viruses;Duplodnaviria;Heunggongvirae;Uroviricota;Caudoviricetes;;,d__Bacteria;p__Bacillota;c__Negativicutes;o__Veillonellales;f__Megasphaeraceae;g__Megasphaera,temperate
v0471	Viruses;Duplodnaviria;Heunggongvirae;Uroviricota;Caudoviricetes;;,d__Bacteria;p__Bacillota;c__Negativicutes;o__Veillonellales;f__Dialisteraceae;g__Dialister,temperate
v0472	Viruses;Duplodnaviria;Heunggongvirae;Uroviricota;Caudoviricetes;;,NA,virulent
v0473	Viruses;Duplodnaviria;Heunggongvirae;Uroviricota;Caudoviricetes;;,d__Bacteria;p__Actinomycetota;c__Coriobacteriia;o__Coriobacteriales;f__Atopobiaceae;g__Fannyhessea,temperate
v0474	Viruses;Duplodnaviria;Heunggongvirae;Uroviricota;Caudoviricetes;;,d__Bacteria;p__Actinomycetota;c__Actinomycetes;o__Actinomycetales;f__Bifidobacteriaceae;g__Bifidobacterium,temperate
v0475	Viruses;Duplodnaviria;Heunggongvirae;Uroviricota;Caudoviricetes;;,d__Bacteria;p__Actinomycetota;c__Coriobacteriia;o__Coriobacteriales;f__Atopobiaceae;g__Fannyhessea,temperate
v0476	Viruses;Duplodnaviria;Heunggongvirae;Uroviricota;Caudoviricetes;;Herelleviridae,d__Bacteria;p__Bacillota;c__Bacilli;o__Lactobacillales;f__Streptococcaceae;g__Streptococcus,temperate
v0477	Viruses;Duplodnaviria;Heunggongvirae;Uroviricota;Caudoviricetes;;,d__Bacteria;p__Actinomycetota;c__Actinomycetes;o__Actinomycetales;f__Bifidobacteriaceae;g__Bifidobacterium,temperate
v0478	Viruses;Duplodnaviria;Heunggongvirae;Uroviricota;Caudoviricetes;;,d__Bacteria;p__Bacillota;c__Negativicutes;o__Veillonellales;f__Dialisteraceae;g__Dialister,virulent
v0479	Viruses;Duplodnaviria;Heunggongvirae;Uroviricota;Caudoviricetes;;,d__Bacteria;p__Actinomycetota;c__Actinomycetes;o__Actinomycetales;f__Bifidobacteriaceae;g__Bifidobacterium,temperate
v047a	Viruses;Duplodnaviria;Heunggongvirae;Uroviricota;Caudoviricetes;;,d__Bacteria;p__Fusobacteriota;c__Fusobacteriia;o__Fusobacteriales;f__Leptotrichiaceae;g__Sneathia,temperate
v047b	Viruses;Duplodnaviria;Heunggongvirae;Uroviricota;Caudoviricetes;;,d__Bacteria;p__Bacillota;c__Negativicutes;o__Veillonellales;f__Megasphaeraceae;g__Megasphaera_C,temperate
v047c	Viruses;Duplodnaviria;Heunggongvirae;Uroviricota;Caudoviricetes;;,NA,temperate
v047d	Viruses;Duplodnaviria;Heunggongvirae;Uroviricota;Caudoviricetes;;,NA,virulent
v047e	Viruses;Duplodnaviria;Heunggongvirae;Uroviricota;Caudoviricetes;;,d__Bacteria;p__Bacillota;c__Clostridia;o__Tissierellales;f__Peptoniphilaceae;g__Anaerococcus,temperate
v047f	Viruses;Duplodnaviria;Heunggongvirae;Uroviricota;Caudoviricetes;;,NA,temperate
v0480	Viruses;Duplodnaviria;Heunggongvirae;Uroviricota;Caudoviricetes;;,d__Bacteria;p__Bacteroidota;c__Bacteroidia;o__Bacteroidales;f__Bacteroidaceae;g__Prevotella,temperate
v0481	Viruses;Duplodnaviria;Heunggongvirae;Uroviricota;Caudoviricetes;;,d__Bacteria;p__Actinomycetota;c__Actinomycetes;o__Actinomycetales;f__Bifidobacteriaceae;g__Bifidobacterium,temperate
v0482	Viruses;Duplodnaviria;Heunggongvirae;Uroviricota;Caudoviricetes;;,NA,virulent
v0483	Viruses;Duplodnaviria;Heunggongvirae;Uroviricota;Caudoviricetes;;,d__Bacteria;p__Bacteroidota;c__Bacteroidia;o__Bacteroidales;f__Bacteroidaceae;g__Prevotella,temperate
v0484	Viruses;Duplodnaviria;Heunggongvirae;Uroviricota;Caudoviricetes;;,d__Bacteria;p__Actinomycetota;c__Coriobacteriia;o__Coriobacteriales;f__Atopobiaceae;g__Fannyhessea,temperate
v0485	Viruses;Duplodnaviria;Heunggongvirae;Uroviricota;Caudoviricetes;;,d__Bacteria;p__Bacteroidota;c__Bacteroidia;o__Bacteroidales;f__Bacteroidaceae;g__Prevotella,temperate
v0486	Viruses;Duplodnaviria;Heunggongvirae;Uroviricota;Caudoviricetes;;,d__Bacteria;p__Actinomycetota;c__Actinomycetes;o__Actinomycetales;f__Bifidobacteriaceae;g__Bifidobacterium,virulent
v0487	Viruses;Duplodnaviria;Heunggongvirae;Uroviricota;Caudoviricetes;;,d__Bacteria;p__Actinomycetota;c__Coriobacteriia;o__Coriobacteriales;f__Atopobiaceae;g__Fannyhessea,temperate
v0488	Viruses;Duplodnaviria;Heunggongvirae;Uroviricota;Caudoviricetes;;,d__Bacteria;p__Actinomycetota;c__Coriobacteriia;o__Coriobacteriales;f__Atopobiaceae;g__Fannyhessea,temperate
v0489	Viruses;Duplodnaviria;Heunggongvirae;Uroviricota;Caudoviricetes;;,NA,temperate
v048a	Viruses;Duplodnaviria;Heunggongvirae;Uroviricota;Caudoviricetes;;,d__Bacteria;p__Actinomycetota;c__Actinomycetes;o__Actinomycetales;f__Bifidobacteriaceae;g__Bifidobacterium,temperate
v048b	Viruses;Duplodnaviria;Heunggongvirae;Uroviricota;Caudoviricetes;;,d__Bacteria;p__Bacteroidota;c__Bacteroidia;o__Bacteroidales;f__Bacteroidaceae;g__Prevotella,virulent
v048c	Viruses;Duplodnaviria;Heunggongvirae;Uroviricota;Caudoviricetes;;,d__Bacteria;p__Actinomycetota;c__Coriobacteriia;o__Coriobacteriales;f__Eggerthellaceae;g__Berryella,temperate
v048d	Viruses;Duplodnaviria;Heunggongvirae;Uroviricota;Caudoviricetes;;,d__Bacteria;p__Actinomycetota;c__Coriobacteriia;o__Coriobacteriales;f__Atopobiaceae;g__Fannyhessea,temperate
v048e	Viruses;Duplodnaviria;Heunggongvirae;Uroviricota;Caudoviricetes;;,d__Bacteria;p__Actinomycetota;c__Actinomycetes;o__Actinomycetales;f__Bifidobacteriaceae;g__Bifidobacterium,temperate
v048f	Viruses;Duplodnaviria;Heunggongvirae;Uroviricota;Caudoviricetes;;,d__Bacteria;p__Bacteroidota;c__Bacteroidia;o__Bacteroidales;f__Porphyromonadaceae;g__Porphyromonas,virulent
v0490	Viruses;Duplodnaviria;Heunggongvirae;Uroviricota;Caudoviricetes;;,d__Bacteria;p__Bacillota;c__Negativicutes;o__Veillonellales;f__Dialisteraceae;g__Dialister,virulent
v0491	Viruses;Duplodnaviria;Heunggongvirae;Uroviricota;Caudoviricetes;;,d__Bacteria;p__Actinomycetota;c__Coriobacteriia;o__Coriobacteriales;f__Atopobiaceae;g__Fannyhessea,virulent
v0492	Viruses;Duplodnaviria;Heunggongvirae;Uroviricota;Caudoviricetes;;,d__Bacteria;p__Actinomycetota;c__Actinomycetes;o__Actinomycetales;f__Bifidobacteriaceae;g__Bifidobacterium,virulent
v0493	Viruses;Monodnaviria;Sangervirae;Phixviricota;Malgrandaviricetes;Petitvirales;Microviridae,NA,virulent
v0494	Viruses;Duplodnaviria;Heunggongvirae;Uroviricota;Caudoviricetes;;,d__Bacteria;p__Bacillota;c__Bacilli;o__Lactobacillales;f__Lactobacillaceae;g__Limosilactobacillus,temperate
v0495	Viruses;Duplodnaviria;Heunggongvirae;Uroviricota;Caudoviricetes;;,d__Bacteria;p__Bacillota;c__Bacilli;o__Lactobacillales;f__Lactobacillaceae;g__Lactobacillus,temperate
v0496	Viruses;Monodnaviria;Sangervirae;Phixviricota;Malgrandaviricetes;Petitvirales;Microviridae,d__Bacteria;p__Bacteroidota;c__Bacteroidia;o__Bacteroidales;f__Bacteroidaceae;g__Prevotella,virulent
v0497	Viruses;Duplodnaviria;Heunggongvirae;Uroviricota;Caudoviricetes;;,d__Bacteria;p__Actinomycetota;c__Coriobacteriia;o__Coriobacteriales;f__Eggerthellaceae;g__Berryella,temperate
v0498	Viruses;Duplodnaviria;Heunggongvirae;Uroviricota;Caudoviricetes;;,d__Bacteria;p__Actinomycetota;c__Actinomycetes;o__Actinomycetales;f__Bifidobacteriaceae;g__Bifidobacterium,temperate
v0499	Viruses;Duplodnaviria;Heunggongvirae;Uroviricota;Caudoviricetes;;,d__Bacteria;p__Patescibacteriota;c__Saccharimonadia;o__Saccharimonadales;f__Nanoperiomorbaceae;g__Nanoperiomorbus,virulent
v049a	Viruses;Duplodnaviria;Heunggongvirae;Uroviricota;Caudoviricetes;;,NA,virulent
v049b	Viruses;Duplodnaviria;Heunggongvirae;Uroviricota;Caudoviricetes;;,d__Bacteria;p__Actinomycetota;c__Coriobacteriia;o__Coriobacteriales;f__Eggerthellaceae;g__Berryella,temperate
v049c	Viruses;Duplodnaviria;Heunggongvirae;Uroviricota;Caudoviricetes;;,d__Bacteria;p__Bacillota;c__Bacilli;o__Lactobacillales;f__Lactobacillaceae;g__Lactobacillus,temperate
v049d	Viruses;Duplodnaviria;Heunggongvirae;Uroviricota;Caudoviricetes;;,d__Bacteria;p__Actinomycetota;c__Actinomycetes;o__Actinomycetales;f__Bifidobacteriaceae;g__Bifidobacterium,temperate
v049e	Viruses;Monodnaviria;Sangervirae;Phixviricota;Malgrandaviricetes;Petitvirales;Microviridae,d__Bacteria;p__Bacteroidota;c__Bacteroidia;o__Bacteroidales;f__Bacteroidaceae;g__Prevotella,virulent
v049f	Viruses;Duplodnaviria;Heunggongvirae;Uroviricota;Caudoviricetes;;,d__Bacteria;p__Bacillota;c__Negativicutes;o__Veillonellales;f__Megasphaeraceae;g__Megasphaera,temperate
v04a0	Viruses;Duplodnaviria;Heunggongvirae;Uroviricota;Caudoviricetes;;,d__Bacteria;p__Actinomycetota;c__Actinomycetes;o__Actinomycetales;f__Bifidobacteriaceae;g__Bifidobacterium,temperate
v04a1	Viruses;Duplodnaviria;Heunggongvirae;Uroviricota;Caudoviricetes;;,d__Bacteria;p__Bacteroidota;c__Bacteroidia;o__Bacteroidales;f__Bacteroidaceae;g__Prevotella,temperate
v04a2	Viruses;Duplodnaviria;Heunggongvirae;Uroviricota;Caudoviricetes;;,d__Bacteria;p__Actinomycetota;c__Coriobacteriia;o__Coriobacteriales;f__Eggerthellaceae;g__Berryella,temperate
v04a3	Viruses;Duplodnaviria;Heunggongvirae;Uroviricota;Caudoviricetes;;,d__Bacteria;p__Actinomycetota;c__Actinomycetes;o__Actinomycetales;f__Bifidobacteriaceae;g__Bifidobacterium,temperate
v04a4	Viruses;Duplodnaviria;Heunggongvirae;Uroviricota;Caudoviricetes;;,d__Bacteria;p__Bacteroidota;c__Bacteroidia;o__Bacteroidales;f__Bacteroidaceae;g__Prevotella,temperate
v04a5	Viruses;Duplodnaviria;Heunggongvirae;Uroviricota;Caudoviricetes;;,d__Bacteria;p__Bacillota;c__Clostridia;o__Tissierellales;f__Peptoniphilaceae;g__Peptoniphilus_A,temperate
v04a6	Viruses;Duplodnaviria;Heunggongvirae;Uroviricota;Caudoviricetes;;,d__Bacteria;p__Bacillota;c__Negativicutes;o__Veillonellales;f__Dialisteraceae;g__Dialister,temperate
v04a7	Viruses;Duplodnaviria;Heunggongvirae;Uroviricota;Caudoviricetes;;,d__Bacteria;p__Bacillota;c__Negativicutes;o__Veillonellales;f__Dialisteraceae;g__Dialister,virulent
v04a8	Viruses;Duplodnaviria;Heunggongvirae;Uroviricota;Caudoviricetes;;,d__Bacteria;p__Actinomycetota;c__Coriobacteriia;o__Coriobacteriales;f__Atopobiaceae;g__Fannyhessea,temperate
v04a9	Viruses;Duplodnaviria;Heunggongvirae;Uroviricota;Caudoviricetes;;,d__Bacteria;p__Bacteroidota;c__Bacteroidia;o__Bacteroidales;f__Bacteroidaceae;g__Prevotella,temperate
v04aa	Viruses;Duplodnaviria;Heunggongvirae;Uroviricota;Caudoviricetes;;,d__Bacteria;p__Bacillota;c__Bacilli;o__Lactobacillales;f__Lactobacillaceae;g__Lactobacillus,temperate
v04ab	Viruses;Duplodnaviria;Heunggongvirae;Uroviricota;Caudoviricetes;;,d__Bacteria;p__Actinomycetota;c__Actinomycetes;o__Actinomycetales;f__Bifidobacteriaceae;g__Bifidobacterium,virulent
v04ac	Viruses;Duplodnaviria;Heunggongvirae;Uroviricota;Caudoviricetes;;,d__Bacteria;p__Actinomycetota;c__Actinomycetes;o__Actinomycetales;f__Bifidobacteriaceae;g__Bifidobacterium,temperate
v04ae	NA,NA,temperate
v04af	Viruses;Duplodnaviria;Heunggongvirae;Uroviricota;Caudoviricetes;;,NA,virulent
v04b0	Viruses;Duplodnaviria;Heunggongvirae;Uroviricota;Caudoviricetes;;,d__Bacteria;p__Fusobacteriota;c__Fusobacteriia;o__Fusobacteriales;f__Leptotrichiaceae;g__Sneathia,temperate
v04b1	Viruses;Duplodnaviria;Heunggongvirae;Uroviricota;Caudoviricetes;;,d__Bacteria;p__Bacillota;c__Negativicutes;o__Veillonellales;f__Dialisteraceae;g__Dialister,temperate
v04b2	Viruses;Duplodnaviria;Heunggongvirae;Uroviricota;Caudoviricetes;;,NA,virulent
v04b3	Viruses;Duplodnaviria;Heunggongvirae;Uroviricota;Caudoviricetes;;,d__Bacteria;p__Actinomycetota;c__Actinomycetes;o__Actinomycetales;f__Bifidobacteriaceae;g__Bifidobacterium,temperate
v04b4	Viruses;Duplodnaviria;Heunggongvirae;Uroviricota;Caudoviricetes;;,d__Bacteria;p__Actinomycetota;c__Actinomycetes;o__Actinomycetales;f__Bifidobacteriaceae;g__Bifidobacterium,temperate
v04b5	Viruses;Duplodnaviria;Heunggongvirae;Uroviricota;Caudoviricetes;;,d__Bacteria;p__Actinomycetota;c__Actinomycetes;o__Actinomycetales;f__Bifidobacteriaceae;g__Bifidobacterium,virulent
v04b6	Viruses;Duplodnaviria;Heunggongvirae;Uroviricota;Caudoviricetes;;,d__Bacteria;p__Bacteroidota;c__Bacteroidia;o__Bacteroidales;f__Bacteroidaceae;g__Prevotella,temperate
v04b7	Viruses;Duplodnaviria;Heunggongvirae;Uroviricota;Caudoviricetes;;,d__Bacteria;p__Bacteroidota;c__Bacteroidia;o__Bacteroidales;f__Bacteroidaceae;g__Prevotella,temperate
v04b8	Viruses;Duplodnaviria;Heunggongvirae;Uroviricota;Caudoviricetes;Crassvirales;,d__Bacteria;p__Bacteroidota;c__Bacteroidia;o__Bacteroidales;f__Bacteroidaceae;g__Prevotella,virulent
v04b9	Viruses;Duplodnaviria;Heunggongvirae;Uroviricota;Caudoviricetes;;,d__Bacteria;p__Bacillota;c__Clostridia;o__Tissierellales;f__Peptoniphilaceae;g__Parvimonas,temperate
v04ba	Viruses;Duplodnaviria;Heunggongvirae;Uroviricota;Caudoviricetes;;,d__Bacteria;p__Actinomycetota;c__Actinomycetes;o__Actinomycetales;f__Bifidobacteriaceae;g__Bifidobacterium,temperate
v04bb	Viruses;Duplodnaviria;Heunggongvirae;Uroviricota;Caudoviricetes;;,d__Bacteria;p__Bacteroidota;c__Bacteroidia;o__Bacteroidales;f__Bacteroidaceae;g__Prevotella,virulent
v04bc	Viruses;Duplodnaviria;Heunggongvirae;Uroviricota;Caudoviricetes;;,d__Bacteria;p__Bacillota;c__Bacilli;o__Lactobacillales;f__Lactobacillaceae;g__Limosilactobacillus,temperate
v04be	Viruses;Duplodnaviria;Heunggongvirae;Uroviricota;Caudoviricetes;;,d__Bacteria;p__Bacteroidota;c__Bacteroidia;o__Bacteroidales;f__UBA932;g__Cryptobacteroides,temperate
v04bf	Viruses;Duplodnaviria;Heunggongvirae;Uroviricota;Caudoviricetes;;,d__Bacteria;p__Bacillota;c__Negativicutes;o__Veillonellales;f__Megasphaeraceae;g__Megasphaera_C,temperate
v04c0	Viruses;Duplodnaviria;Heunggongvirae;Uroviricota;Caudoviricetes;;,d__Bacteria;p__Actinomycetota;c__Actinomycetes;o__Actinomycetales;f__Bifidobacteriaceae;g__Bifidobacterium,temperate
v04c1	Viruses;Duplodnaviria;Heunggongvirae;Uroviricota;Caudoviricetes;;,d__Bacteria;p__Patescibacteriota;c__Saccharimonadia;o__Saccharimonadales;f__Nanoperiomorbaceae;g__Nanoperiomorbus,temperate
v04c2	Viruses;Duplodnaviria;Heunggongvirae;Uroviricota;Caudoviricetes;;,d__Bacteria;p__Actinomycetota;c__Actinomycetes;o__Actinomycetales;f__Bifidobacteriaceae;g__Bifidobacterium,temperate
v04c3	Viruses;Duplodnaviria;Heunggongvirae;Uroviricota;Caudoviricetes;;,d__Bacteria;p__Bacillota;c__Negativicutes;o__Veillonellales;f__Veillonellaceae;g__Veillonella,temperate
v04c4	Viruses;Duplodnaviria;Heunggongvirae;Uroviricota;Caudoviricetes;;,d__Bacteria;p__Actinomycetota;c__Coriobacteriia;o__Coriobacteriales;f__Atopobiaceae;g__Fannyhessea,virulent
v04c5	Viruses;Duplodnaviria;Heunggongvirae;Uroviricota;Caudoviricetes;;,d__Bacteria;p__Bacillota;c__Negativicutes;o__Veillonellales;f__Dialisteraceae;g__Dialister,temperate
v04c6	NA,d__Bacteria;p__Actinomycetota;c__Actinomycetes;o__Actinomycetales;f__Bifidobacteriaceae;g__Bifidobacterium,temperate
v04c7	Viruses;Duplodnaviria;Heunggongvirae;Uroviricota;Caudoviricetes;;,d__Bacteria;p__Actinomycetota;c__Actinomycetes;o__Actinomycetales;f__Bifidobacteriaceae;g__Bifidobacterium,temperate
v04c8	Viruses;Duplodnaviria;Heunggongvirae;Uroviricota;Caudoviricetes;;,d__Bacteria;p__Bacteroidota;c__Bacteroidia;o__Bacteroidales;f__Bacteroidaceae;g__Prevotella,temperate
v04c9	Viruses;Monodnaviria;Sangervirae;Phixviricota;Malgrandaviricetes;Petitvirales;Microviridae,d__Bacteria;p__Bacteroidota;c__Bacteroidia;o__Bacteroidales;f__Bacteroidaceae;g__Prevotella,virulent
v04ca	Viruses;Duplodnaviria;Heunggongvirae;Uroviricota;Caudoviricetes;;,d__Bacteria;p__Bacillota;c__Negativicutes;o__Veillonellales;f__Dialisteraceae;g__Dialister,temperate
v04cb	Viruses;Duplodnaviria;Heunggongvirae;Uroviricota;Caudoviricetes;;,NA,temperate
v04cc	Viruses;Duplodnaviria;Heunggongvirae;Uroviricota;Caudoviricetes;;,d__Bacteria;p__Actinomycetota;c__Actinomycetes;o__Actinomycetales;f__Bifidobacteriaceae;g__Bifidobacterium,temperate
v04cd	Viruses;Duplodnaviria;Heunggongvirae;Uroviricota;Caudoviricetes;;,d__Bacteria;p__Bacillota;c__Clostridia;o__Saccharofermentanales;f__Fastidiosipilaceae;g__Mageeibacillus,temperate
v04ce	Viruses;Monodnaviria;Sangervirae;Phixviricota;Malgrandaviricetes;Petitvirales;Microviridae,NA,virulent
v04cf	Viruses;Duplodnaviria;Heunggongvirae;Uroviricota;Caudoviricetes;;,d__Bacteria;p__Bacteroidota;c__Bacteroidia;o__Bacteroidales;f__Bacteroidaceae;g__Prevotella,temperate
v04d0	Viruses;Duplodnaviria;Heunggongvirae;Uroviricota;Caudoviricetes;;,d__Bacteria;p__Bacillota;c__Bacilli;o__Lactobacillales;f__Lactobacillaceae;g__Lactobacillus,temperate
v04d1	Viruses;Duplodnaviria;Heunggongvirae;Uroviricota;Caudoviricetes;;,d__Bacteria;p__Bacillota;c__Bacilli;o__Lactobacillales;f__Aerococcaceae;g__Aerococcus,temperate
v04d2	Viruses;Duplodnaviria;Heunggongvirae;Uroviricota;Caudoviricetes;;,d__Bacteria;p__Bacillota;c__Bacilli;o__Lactobacillales;f__Streptococcaceae;g__Streptococcus,temperate
v04d3	Viruses;Duplodnaviria;Heunggongvirae;Uroviricota;Caudoviricetes;;,NA,temperate
v04d4	Viruses;Duplodnaviria;Heunggongvirae;Uroviricota;Caudoviricetes;;,NA,temperate
v04d5	Viruses;Duplodnaviria;Heunggongvirae;Uroviricota;Caudoviricetes;;,d__Bacteria;p__Actinomycetota;c__Actinomycetes;o__Actinomycetales;f__Bifidobacteriaceae;g__Bifidobacterium,temperate
v04d6	Viruses;Duplodnaviria;Heunggongvirae;Uroviricota;Caudoviricetes;;,d__Bacteria;p__Bacillota;c__Clostridia;o__Tissierellales;f__Peptoniphilaceae;g__Parvimonas,temperate
v04d7	Viruses;Duplodnaviria;Heunggongvirae;Uroviricota;Caudoviricetes;;,d__Bacteria;p__Bacillota;c__Negativicutes;o__Veillonellales;f__Megasphaeraceae;g__Megasphaera_C,temperate
v04d8	Viruses;Duplodnaviria;Heunggongvirae;Uroviricota;Caudoviricetes;;,d__Bacteria;p__Bacillota;c__Clostridia;o__Tissierellales;f__Peptoniphilaceae;g__Parvimonas,virulent
v04d9	Viruses;Duplodnaviria;Heunggongvirae;Uroviricota;Caudoviricetes;;,d__Bacteria;p__Actinomycetota;c__Coriobacteriia;o__Coriobacteriales;f__Eggerthellaceae;g__Berryella,temperate
v04da	Viruses;Duplodnaviria;Heunggongvirae;Uroviricota;Caudoviricetes;;,d__Bacteria;p__Fusobacteriota;c__Fusobacteriia;o__Fusobacteriales;f__Leptotrichiaceae;g__Sneathia,temperate
v04dc	Viruses;Duplodnaviria;Heunggongvirae;Uroviricota;Caudoviricetes;;,NA,temperate
v04dd	Viruses;Duplodnaviria;Heunggongvirae;Uroviricota;Caudoviricetes;;,d__Bacteria;p__Bacillota;c__Clostridia;o__Tissierellales;f__Peptoniphilaceae;g__Aedoeadaptatus,temperate
v04de	Viruses;Duplodnaviria;Heunggongvirae;Uroviricota;Caudoviricetes;;,d__Bacteria;p__Bacillota;c__Clostridia;o__Tissierellales;f__Peptoniphilaceae;g__Peptoniphilus,temperate
v04df	Viruses;Duplodnaviria;Heunggongvirae;Uroviricota;Caudoviricetes;;,d__Bacteria;p__Bacillota;c__Clostridia;o__Tissierellales;f__Peptoniphilaceae;g__Fenollaria,temperate
v04e0	Viruses;Duplodnaviria;Heunggongvirae;Uroviricota;Caudoviricetes;;,d__Bacteria;p__Bacillota;c__Clostridia;o__Peptostreptococcales;f__Anaerovoracaceae;g__S5-A14a,temperate
v04e1	Viruses;Duplodnaviria;Heunggongvirae;Uroviricota;Caudoviricetes;;,d__Bacteria;p__Bacillota;c__Negativicutes;o__Veillonellales;f__Dialisteraceae;g__Dialister,temperate
v04e2	Viruses;Duplodnaviria;Heunggongvirae;Uroviricota;Caudoviricetes;;,d__Bacteria;p__Fusobacteriota;c__Fusobacteriia;o__Fusobacteriales;f__Leptotrichiaceae;g__Sneathia,virulent
v04e3	Viruses;Duplodnaviria;Heunggongvirae;Uroviricota;Caudoviricetes;;,NA,virulent
v04e4	Viruses;Duplodnaviria;Heunggongvirae;Uroviricota;Caudoviricetes;;,d__Bacteria;p__Bacillota;c__Clostridia;o__Tissierellales;f__Peptoniphilaceae;g__Peptoniphilus_E,temperate
v04e5	Viruses;Duplodnaviria;Heunggongvirae;Uroviricota;Caudoviricetes;;,d__Bacteria;p__Bacteroidota;c__Bacteroidia;o__Bacteroidales;f__Bacteroidaceae;g__Prevotella,temperate
v04e6	Viruses;Duplodnaviria;Heunggongvirae;Uroviricota;Caudoviricetes;;,d__Bacteria;p__Bacillota;c__Negativicutes;o__Veillonellales;f__Dialisteraceae;g__Dialister,temperate
v04e7	Viruses;Duplodnaviria;Heunggongvirae;Uroviricota;Caudoviricetes;;,NA,virulent
v04e8	Viruses;Duplodnaviria;Heunggongvirae;Uroviricota;Caudoviricetes;;,NA,virulent
v04e9	Viruses;Duplodnaviria;Heunggongvirae;Uroviricota;Caudoviricetes;;,NA,virulent
v04ea	Viruses;Duplodnaviria;Heunggongvirae;Uroviricota;Caudoviricetes;;,d__Bacteria;p__Bacillota;c__Bacilli;o__Lactobacillales;f__Lactobacillaceae;g__Lactobacillus,temperate
v04eb	Viruses;Duplodnaviria;Heunggongvirae;Uroviricota;Caudoviricetes;;,d__Bacteria;p__Bacillota;c__Clostridia;o__Tissierellales;f__Peptoniphilaceae;g__Parvimonas,temperate
v04ec	Viruses;Duplodnaviria;Heunggongvirae;Uroviricota;Caudoviricetes;;,NA,temperate
v04ed	Viruses;Duplodnaviria;Heunggongvirae;Uroviricota;Caudoviricetes;;,NA,temperate
v04ee	Viruses;Duplodnaviria;Heunggongvirae;Uroviricota;Caudoviricetes;;,d__Bacteria;p__Bacillota;c__Bacilli;o__Erysipelotrichales;f__Erysipelotrichaceae;g__Bulleidia,temperate
v04ef	Viruses;Duplodnaviria;Heunggongvirae;Uroviricota;Caudoviricetes;;,d__Bacteria;p__Bacteroidota;c__Bacteroidia;o__Bacteroidales;f__Bacteroidaceae;g__Prevotella,temperate
v04f0	Viruses;Duplodnaviria;Heunggongvirae;Uroviricota;Caudoviricetes;;,d__Bacteria;p__Fusobacteriota;c__Fusobacteriia;o__Fusobacteriales;f__Leptotrichiaceae;g__Sneathia,temperate
v04f1	Viruses;Duplodnaviria;Heunggongvirae;Uroviricota;Caudoviricetes;;,d__Bacteria;p__Bacteroidota;c__Bacteroidia;o__Bacteroidales;f__Bacteroidaceae;g__Prevotella,virulent
v04f2	Viruses;Duplodnaviria;Heunggongvirae;Uroviricota;Caudoviricetes;;,d__Bacteria;p__Actinomycetota;c__Coriobacteriia;o__Coriobacteriales;f__Atopobiaceae;g__Fannyhessea,temperate
v04f3	Viruses;Duplodnaviria;Heunggongvirae;Uroviricota;Caudoviricetes;;,d__Bacteria;p__Bacteroidota;c__Bacteroidia;o__Bacteroidales;f__Bacteroidaceae;g__Prevotella,temperate
v04f4	Viruses;Duplodnaviria;Heunggongvirae;Uroviricota;Caudoviricetes;;,d__Bacteria;p__Actinomycetota;c__Actinomycetes;o__Actinomycetales;f__Bifidobacteriaceae;g__Bifidobacterium,temperate
v04f5	Viruses;Duplodnaviria;Heunggongvirae;Uroviricota;Caudoviricetes;;,NA,virulent
v04f6	Viruses;Duplodnaviria;Heunggongvirae;Uroviricota;Caudoviricetes;;,d__Bacteria;p__Actinomycetota;c__Actinomycetes;o__Actinomycetales;f__Bifidobacteriaceae;g__Bifidobacterium,temperate
v04f7	Viruses;Duplodnaviria;Heunggongvirae;Uroviricota;Caudoviricetes;;,d__Bacteria;p__Bacteroidota;c__Bacteroidia;o__Bacteroidales;f__Bacteroidaceae;g__Prevotella,temperate
v04f8	Viruses;Duplodnaviria;Heunggongvirae;Uroviricota;Caudoviricetes;;,d__Bacteria;p__Bacillota;c__Clostridia;o__Tissierellales;f__Peptoniphilaceae;g__Peptoniphilus_A,temperate
v04f9	Viruses;Duplodnaviria;Heunggongvirae;Uroviricota;Caudoviricetes;;,NA,temperate
v04fa	Viruses;Duplodnaviria;Heunggongvirae;Uroviricota;Caudoviricetes;;,d__Bacteria;p__Actinomycetota;c__Coriobacteriia;o__Coriobacteriales;f__Atopobiaceae;g__Fannyhessea,temperate
v04fb	Viruses;Duplodnaviria;Heunggongvirae;Uroviricota;Caudoviricetes;;,d__Bacteria;p__Bacteroidota;c__Bacteroidia;o__Bacteroidales;f__Bacteroidaceae;g__Prevotella,virulent
v04fc	Viruses;Duplodnaviria;Heunggongvirae;Uroviricota;Caudoviricetes;;,d__Bacteria;p__Bacillota;c__Clostridia;o__Clostridiales;f__Clostridiaceae;g__Sarcina,temperate
v04fd	Viruses;Duplodnaviria;Heunggongvirae;Uroviricota;Caudoviricetes;;,d__Bacteria;p__Actinomycetota;c__Actinomycetes;o__Actinomycetales;f__Bifidobacteriaceae;g__Bifidobacterium,temperate
v04fe	Viruses;Duplodnaviria;Heunggongvirae;Uroviricota;Caudoviricetes;;,NA,virulent
v04ff	Viruses;Duplodnaviria;Heunggongvirae;Uroviricota;Caudoviricetes;;,d__Bacteria;p__Actinomycetota;c__Actinomycetes;o__Actinomycetales;f__Bifidobacteriaceae;g__Bifidobacterium,temperate
v0500	Viruses;Duplodnaviria;Heunggongvirae;Uroviricota;Caudoviricetes;;,d__Bacteria;p__Actinomycetota;c__Actinomycetes;o__Actinomycetales;f__Bifidobacteriaceae;g__Bifidobacterium,temperate
v0501	Viruses;Duplodnaviria;Heunggongvirae;Uroviricota;Caudoviricetes;;,NA,virulent
v0502	Viruses;Duplodnaviria;Heunggongvirae;Uroviricota;Caudoviricetes;;,d__Bacteria;p__Bacillota;c__Clostridia;o__Peptostreptococcales;f__Peptostreptococcaceae;g__Peptostreptococcus,temperate
v0503	Viruses;Duplodnaviria;Heunggongvirae;Uroviricota;Caudoviricetes;;,d__Bacteria;p__Fusobacteriota;c__Fusobacteriia;o__Fusobacteriales;f__Leptotrichiaceae;g__Sneathia,temperate
v0504	Viruses;Duplodnaviria;Heunggongvirae;Uroviricota;Caudoviricetes;;,NA,temperate
v0505	Viruses;Duplodnaviria;Heunggongvirae;Uroviricota;Caudoviricetes;;,d__Bacteria;p__Actinomycetota;c__Actinomycetes;o__Actinomycetales;f__Bifidobacteriaceae;g__Bifidobacterium,virulent
v0506	Viruses;Duplodnaviria;Heunggongvirae;Uroviricota;Caudoviricetes;;,d__Bacteria;p__Bacteroidota;c__Bacteroidia;o__Bacteroidales;f__Bacteroidaceae;g__Prevotella,virulent
v0507	Viruses;Duplodnaviria;Heunggongvirae;Uroviricota;Caudoviricetes;;,d__Bacteria;p__Actinomycetota;c__Actinomycetes;o__Actinomycetales;f__Bifidobacteriaceae;g__Bifidobacterium,temperate
v0508	Viruses;Duplodnaviria;Heunggongvirae;Uroviricota;Caudoviricetes;;,d__Bacteria;p__Bacillota;c__Negativicutes;o__Veillonellales;f__Veillonellaceae;g__Veillonella,virulent
v0509	Viruses;Duplodnaviria;Heunggongvirae;Uroviricota;Caudoviricetes;;,d__Bacteria;p__Bacteroidota;c__Bacteroidia;o__Bacteroidales;f__Bacteroidaceae;g__Prevotella,virulent
v050a	Viruses;Duplodnaviria;Heunggongvirae;Uroviricota;Caudoviricetes;;,NA,temperate
v050b	Viruses;Duplodnaviria;Heunggongvirae;Uroviricota;Caudoviricetes;;,d__Bacteria;p__Bacteroidota;c__Bacteroidia;o__Bacteroidales;f__Bacteroidaceae;g__Prevotella,temperate
v050c	Viruses;Duplodnaviria;Heunggongvirae;Uroviricota;Caudoviricetes;;,d__Bacteria;p__Bacillota;c__Negativicutes;o__Veillonellales;f__Megasphaeraceae;g__Megasphaera,temperate
v050d	Viruses;Duplodnaviria;Heunggongvirae;Uroviricota;Caudoviricetes;;,NA,temperate
v050e	Viruses;Duplodnaviria;Heunggongvirae;Uroviricota;Caudoviricetes;;,d__Bacteria;p__Bacillota;c__Clostridia;o__Tissierellales;f__Peptoniphilaceae;g__Parvimonas,virulent
v050f	Viruses;Duplodnaviria;Heunggongvirae;Uroviricota;Caudoviricetes;;,d__Bacteria;p__Actinomycetota;c__Actinomycetes;o__Actinomycetales;f__Bifidobacteriaceae;g__Bifidobacterium,temperate
v0510	Viruses;Duplodnaviria;Heunggongvirae;Uroviricota;Caudoviricetes;;,d__Bacteria;p__Bacillota;c__Bacilli;o__Lactobacillales;f__Streptococcaceae;g__Streptococcus,virulent
v0511	Viruses;Duplodnaviria;Heunggongvirae;Uroviricota;Caudoviricetes;;,d__Bacteria;p__Fusobacteriota;c__Fusobacteriia;o__Fusobacteriales;f__Leptotrichiaceae;g__Sneathia,temperate
v0512	Viruses;Duplodnaviria;Heunggongvirae;Uroviricota;Caudoviricetes;;,d__Bacteria;p__Actinomycetota;c__Actinomycetes;o__Actinomycetales;f__Bifidobacteriaceae;g__Bifidobacterium,temperate
v0513	Viruses;Duplodnaviria;Heunggongvirae;Uroviricota;Caudoviricetes;;,d__Bacteria;p__Actinomycetota;c__Actinomycetes;o__Actinomycetales;f__Bifidobacteriaceae;g__Bifidobacterium,temperate
v0514	Viruses;Duplodnaviria;Heunggongvirae;Uroviricota;Caudoviricetes;;,d__Bacteria;p__Actinomycetota;c__Coriobacteriia;o__Coriobacteriales;f__Eggerthellaceae;g__Berryella,temperate
v0515	Viruses;Duplodnaviria;Heunggongvirae;Uroviricota;Caudoviricetes;;,NA,virulent
v0516	Viruses;Duplodnaviria;Heunggongvirae;Uroviricota;Caudoviricetes;;,d__Bacteria;p__Actinomycetota;c__Coriobacteriia;o__Coriobacteriales;f__Atopobiaceae;g__Fannyhessea,temperate
v0517	Viruses;Duplodnaviria;Heunggongvirae;Uroviricota;Caudoviricetes;;,d__Bacteria;p__Actinomycetota;c__Coriobacteriia;o__Coriobacteriales;f__Eggerthellaceae;g__Berryella,temperate
v0518	Viruses;Duplodnaviria;Heunggongvirae;Uroviricota;Caudoviricetes;;,NA,virulent
v0519	Viruses;Duplodnaviria;Heunggongvirae;Uroviricota;Caudoviricetes;;,d__Bacteria;p__Actinomycetota;c__Coriobacteriia;o__Coriobacteriales;f__Eggerthellaceae;g__Berryella,temperate
v051a	Viruses;Duplodnaviria;Heunggongvirae;Uroviricota;Caudoviricetes;;,d__Bacteria;p__Actinomycetota;c__Actinomycetes;o__Actinomycetales;f__Bifidobacteriaceae;g__Bifidobacterium,temperate
v051b	Viruses;Duplodnaviria;Heunggongvirae;Uroviricota;Caudoviricetes;;,d__Bacteria;p__Bacillota;c__Clostridia;o__Tissierellales;f__Peptoniphilaceae;g__Peptoniphilus_A,temperate
v051c	Viruses;Duplodnaviria;Heunggongvirae;Uroviricota;Caudoviricetes;;Herelleviridae,d__Bacteria;p__Bacillota;c__Bacilli;o__Lactobacillales;f__Streptococcaceae;g__Streptococcus,virulent
v051d	Viruses;Duplodnaviria;Heunggongvirae;Uroviricota;Caudoviricetes;;Autographiviridae,d__Bacteria;p__Bacillota;c__Negativicutes;o__Veillonellales;f__Dialisteraceae;g__Dialister,virulent
v051e	Viruses;Duplodnaviria;Heunggongvirae;Uroviricota;Caudoviricetes;;,d__Bacteria;p__Bacteroidota;c__Bacteroidia;o__Bacteroidales;f__Bacteroidaceae;g__Prevotella,temperate
v051f	Viruses;Duplodnaviria;Heunggongvirae;Uroviricota;Caudoviricetes;;,d__Bacteria;p__Actinomycetota;c__Coriobacteriia;o__Coriobacteriales;f__Eggerthellaceae;g__Berryella,temperate
v0521	Viruses;Duplodnaviria;Heunggongvirae;Uroviricota;Caudoviricetes;;,d__Bacteria;p__Actinomycetota;c__Actinomycetes;o__Actinomycetales;f__Bifidobacteriaceae;g__Bifidobacterium,temperate
v0522	Viruses;Duplodnaviria;Heunggongvirae;Uroviricota;Caudoviricetes;;,d__Bacteria;p__Bacteroidota;c__Bacteroidia;o__Bacteroidales;f__Bacteroidaceae;g__Prevotella,temperate
v0523	Viruses;Duplodnaviria;Heunggongvirae;Uroviricota;Caudoviricetes;;,d__Bacteria;p__Actinomycetota;c__Actinomycetes;o__Actinomycetales;f__Bifidobacteriaceae;g__Bifidobacterium,temperate
v0524	Viruses;Duplodnaviria;Heunggongvirae;Uroviricota;Caudoviricetes;;,NA,temperate
v0525	Viruses;Duplodnaviria;Heunggongvirae;Uroviricota;Caudoviricetes;;,d__Bacteria;p__Actinomycetota;c__Actinomycetes;o__Actinomycetales;f__Bifidobacteriaceae;g__Bifidobacterium,temperate
v0526	Viruses;Duplodnaviria;Heunggongvirae;Uroviricota;Caudoviricetes;;,d__Bacteria;p__Actinomycetota;c__Coriobacteriia;o__Coriobacteriales;f__Atopobiaceae;g__Fannyhessea,temperate
v0527	Viruses;Duplodnaviria;Heunggongvirae;Uroviricota;Caudoviricetes;;,d__Bacteria;p__Actinomycetota;c__Actinomycetes;o__Actinomycetales;f__Bifidobacteriaceae;g__Bifidobacterium,temperate
v0528	Viruses;Duplodnaviria;Heunggongvirae;Uroviricota;Caudoviricetes;;,d__Bacteria;p__Actinomycetota;c__Coriobacteriia;o__Coriobacteriales;f__Atopobiaceae;g__Fannyhessea,temperate
v0529	Viruses;Duplodnaviria;Heunggongvirae;Uroviricota;Caudoviricetes;;,d__Bacteria;p__Bacillota;c__Negativicutes;o__Veillonellales;f__Dialisteraceae;g__Dialister,temperate
v052a	Viruses;Duplodnaviria;Heunggongvirae;Uroviricota;Caudoviricetes;;,d__Bacteria;p__Actinomycetota;c__Coriobacteriia;o__Coriobacteriales;f__Eggerthellaceae;g__Berryella,temperate
v052b	Viruses;Duplodnaviria;Heunggongvirae;Uroviricota;Caudoviricetes;;,d__Bacteria;p__Actinomycetota;c__Actinomycetes;o__Actinomycetales;f__Bifidobacteriaceae;g__Bifidobacterium,temperate
v052c	Viruses;Duplodnaviria;Heunggongvirae;Uroviricota;Caudoviricetes;;,d__Bacteria;p__Actinomycetota;c__Actinomycetes;o__Actinomycetales;f__Bifidobacteriaceae;g__Bifidobacterium,temperate
v052d	Viruses;Duplodnaviria;Heunggongvirae;Uroviricota;Caudoviricetes;;,d__Bacteria;p__Bacteroidota;c__Bacteroidia;o__Bacteroidales;f__Bacteroidaceae;g__Prevotella,temperate
v052e	NA,d__Bacteria;p__Bacteroidota;c__Bacteroidia;o__Bacteroidales;f__Bacteroidaceae;g__Prevotella,temperate
v052f	Viruses;Duplodnaviria;Heunggongvirae;Uroviricota;Caudoviricetes;;,d__Bacteria;p__Bacteroidota;c__Bacteroidia;o__Bacteroidales;f__Bacteroidaceae;g__Prevotella,temperate
v0530	Viruses;Duplodnaviria;Heunggongvirae;Uroviricota;Caudoviricetes;;,d__Bacteria;p__Bacillota;c__Negativicutes;o__Veillonellales;f__Dialisteraceae;g__Dialister,temperate
v0531	NA,d__Bacteria;p__Fusobacteriota;c__Fusobacteriia;o__Fusobacteriales;f__Leptotrichiaceae;g__Sneathia,temperate
v0532	Viruses;Duplodnaviria;Heunggongvirae;Uroviricota;Caudoviricetes;;,d__Bacteria;p__Actinomycetota;c__Actinomycetes;o__Actinomycetales;f__Bifidobacteriaceae;g__Bifidobacterium,temperate
v0533	Viruses;Duplodnaviria;Heunggongvirae;Uroviricota;Caudoviricetes;;,d__Bacteria;p__Actinomycetota;c__Actinomycetes;o__Actinomycetales;f__Bifidobacteriaceae;g__Bifidobacterium,temperate
v0534	Viruses;Duplodnaviria;Heunggongvirae;Uroviricota;Caudoviricetes;;,d__Bacteria;p__Actinomycetota;c__Actinomycetes;o__Actinomycetales;f__Bifidobacteriaceae;g__Bifidobacterium,temperate
v0535	Viruses;Duplodnaviria;Heunggongvirae;Uroviricota;Caudoviricetes;;,d__Bacteria;p__Actinomycetota;c__Coriobacteriia;o__Coriobacteriales;f__Atopobiaceae;g__Fannyhessea,temperate
v0536	Viruses;Duplodnaviria;Heunggongvirae;Uroviricota;Caudoviricetes;;,d__Bacteria;p__Bacillota;c__Clostridia;o__Tissierellales;f__Peptoniphilaceae;g__Parvimonas,temperate
v0537	Viruses;Duplodnaviria;Heunggongvirae;Uroviricota;Caudoviricetes;;,d__Bacteria;p__Actinomycetota;c__Actinomycetes;o__Actinomycetales;f__Bifidobacteriaceae;g__Bifidobacterium,temperate
v0538	Viruses;Duplodnaviria;Heunggongvirae;Uroviricota;Caudoviricetes;;,d__Bacteria;p__Bacillota;c__Bacilli;o__Lactobacillales;f__Streptococcaceae;g__Streptococcus,temperate
v0539	Viruses;Duplodnaviria;Heunggongvirae;Uroviricota;Caudoviricetes;;,d__Bacteria;p__Bacillota;c__Bacilli;o__Staphylococcales;f__Gemellaceae;g__Gemelliphila,temperate
v053a	Viruses;Duplodnaviria;Heunggongvirae;Uroviricota;Caudoviricetes;;,d__Bacteria;p__Actinomycetota;c__Actinomycetes;o__Actinomycetales;f__Bifidobacteriaceae;g__Bifidobacterium,temperate
v053b	Viruses;Duplodnaviria;Heunggongvirae;Uroviricota;Caudoviricetes;;,d__Bacteria;p__Actinomycetota;c__Coriobacteriia;o__Coriobacteriales;f__Eggerthellaceae;g__Berryella,temperate
v053c	Viruses;Duplodnaviria;Heunggongvirae;Uroviricota;Caudoviricetes;;,d__Bacteria;p__Actinomycetota;c__Coriobacteriia;o__Coriobacteriales;f__Atopobiaceae;g__Fannyhessea,temperate
v053d	Viruses;Duplodnaviria;Heunggongvirae;Uroviricota;Caudoviricetes;;,d__Bacteria;p__Actinomycetota;c__Actinomycetes;o__Actinomycetales;f__Bifidobacteriaceae;g__Bifidobacterium,temperate
v053e	Viruses;Duplodnaviria;Heunggongvirae;Uroviricota;Caudoviricetes;;,d__Bacteria;p__Bacillota;c__Bacilli;o__Lactobacillales;f__Lactobacillaceae;g__Lactobacillus,temperate
v053f	Viruses;Duplodnaviria;Heunggongvirae;Uroviricota;Caudoviricetes;;,d__Bacteria;p__Actinomycetota;c__Coriobacteriia;o__Coriobacteriales;f__Atopobiaceae;g__Lancefieldella,temperate
v0540	Viruses;Duplodnaviria;Heunggongvirae;Uroviricota;Caudoviricetes;;,d__Bacteria;p__Bacteroidota;c__Bacteroidia;o__Bacteroidales;f__Bacteroidaceae;g__Prevotella,virulent
v0541	Viruses;Duplodnaviria;Heunggongvirae;Uroviricota;Caudoviricetes;;,d__Bacteria;p__Actinomycetota;c__Actinomycetes;o__Actinomycetales;f__Bifidobacteriaceae;g__Bifidobacterium,temperate
v0542	Viruses;Duplodnaviria;Heunggongvirae;Uroviricota;Caudoviricetes;;,d__Bacteria;p__Bacillota;c__Clostridia;o__Tissierellales;f__Peptoniphilaceae;g__Peptoniphilus_A,temperate
v0543	Viruses;Duplodnaviria;Heunggongvirae;Uroviricota;Caudoviricetes;;,d__Bacteria;p__Actinomycetota;c__Coriobacteriia;o__Coriobacteriales;f__Eggerthellaceae;g__Berryella,temperate
v0544	Viruses;Duplodnaviria;Heunggongvirae;Uroviricota;Caudoviricetes;;,d__Bacteria;p__Actinomycetota;c__Coriobacteriia;o__Coriobacteriales;f__Eggerthellaceae;g__Berryella,temperate
v0545	Viruses;Duplodnaviria;Heunggongvirae;Uroviricota;Caudoviricetes;;Rountreeviridae,NA,virulent
v0546	Viruses;Duplodnaviria;Heunggongvirae;Uroviricota;Caudoviricetes;;,d__Bacteria;p__Bacillota;c__Negativicutes;o__Veillonellales;f__Dialisteraceae;g__Dialister,temperate
v0547	Viruses;Duplodnaviria;Heunggongvirae;Uroviricota;Caudoviricetes;;,d__Bacteria;p__Actinomycetota;c__Coriobacteriia;o__Coriobacteriales;f__Atopobiaceae;g__Fannyhessea,temperate
v0548	Viruses;Duplodnaviria;Heunggongvirae;Uroviricota;Caudoviricetes;;,d__Bacteria;p__Bacillota;c__Negativicutes;o__Veillonellales;f__Dialisteraceae;g__Dialister,temperate
v0549	Viruses;Duplodnaviria;Heunggongvirae;Uroviricota;Caudoviricetes;;,d__Bacteria;p__Bacillota;c__Clostridia;o__Tissierellales;f__Peptoniphilaceae;g__Parvimonas,temperate
v054a	Viruses;Duplodnaviria;Heunggongvirae;Uroviricota;Caudoviricetes;;,d__Bacteria;p__Actinomycetota;c__Actinomycetes;o__Actinomycetales;f__Bifidobacteriaceae;g__Bifidobacterium,temperate
v054b	Viruses;Duplodnaviria;Heunggongvirae;Uroviricota;Caudoviricetes;;,d__Bacteria;p__Bacillota;c__Negativicutes;o__Veillonellales;f__Dialisteraceae;g__Dialister,temperate
v054c	Viruses;Duplodnaviria;Heunggongvirae;Uroviricota;Caudoviricetes;;,d__Bacteria;p__Actinomycetota;c__Actinomycetes;o__Actinomycetales;f__Bifidobacteriaceae;g__Bifidobacterium,virulent
v054d	Viruses;Duplodnaviria;Heunggongvirae;Uroviricota;Caudoviricetes;;,d__Bacteria;p__Bacillota;c__Clostridia;o__Peptostreptococcales;f__Peptostreptococcaceae;g__Peptostreptococcus,temperate
v054e	Viruses;Duplodnaviria;Heunggongvirae;Uroviricota;Caudoviricetes;;,d__Bacteria;p__Bacteroidota;c__Bacteroidia;o__Bacteroidales;f__Bacteroidaceae;g__Prevotella,temperate
v054f	Viruses;Duplodnaviria;Heunggongvirae;Uroviricota;Caudoviricetes;;,d__Bacteria;p__Actinomycetota;c__Actinomycetes;o__Actinomycetales;f__Bifidobacteriaceae;g__Bifidobacterium,temperate
v0550	Viruses;Duplodnaviria;Heunggongvirae;Uroviricota;Caudoviricetes;;,d__Bacteria;p__Actinomycetota;c__Actinomycetes;o__Actinomycetales;f__Bifidobacteriaceae;g__Bifidobacterium,temperate
v0551	Viruses;Duplodnaviria;Heunggongvirae;Uroviricota;Caudoviricetes;;,d__Bacteria;p__Actinomycetota;c__Actinomycetes;o__Actinomycetales;f__Bifidobacteriaceae;g__Bifidobacterium,temperate
v0552	Viruses;Duplodnaviria;Heunggongvirae;Uroviricota;Caudoviricetes;;,d__Bacteria;p__Actinomycetota;c__Actinomycetes;o__Actinomycetales;f__Bifidobacteriaceae;g__Bifidobacterium,virulent
v0553	Viruses;Duplodnaviria;Heunggongvirae;Uroviricota;Caudoviricetes;;,NA,temperate
v0554	Viruses;Duplodnaviria;Heunggongvirae;Uroviricota;Caudoviricetes;;,d__Bacteria;p__Actinomycetota;c__Actinomycetes;o__Actinomycetales;f__Bifidobacteriaceae;g__Bifidobacterium,temperate
v0555	Viruses;Duplodnaviria;Heunggongvirae;Uroviricota;Caudoviricetes;;,d__Bacteria;p__Bacillota;c__Clostridia;o__Tissierellales;f__Peptoniphilaceae;g__Parvimonas,temperate
v0556	Viruses;Duplodnaviria;Heunggongvirae;Uroviricota;Caudoviricetes;;,d__Bacteria;p__Actinomycetota;c__Actinomycetes;o__Actinomycetales;f__Bifidobacteriaceae;g__Bifidobacterium,temperate
v0557	Viruses;Duplodnaviria;Heunggongvirae;Uroviricota;Caudoviricetes;;,d__Bacteria;p__Bacillota;c__Negativicutes;o__Veillonellales;f__Megasphaeraceae;g__Megasphaera_C,temperate
v0558	Viruses;Duplodnaviria;Heunggongvirae;Uroviricota;Caudoviricetes;;,d__Bacteria;p__Bacteroidota;c__Bacteroidia;o__Bacteroidales;f__Bacteroidaceae;g__Prevotella,temperate
v0559	Viruses;Duplodnaviria;Heunggongvirae;Uroviricota;Caudoviricetes;;,d__Bacteria;p__Bacteroidota;c__Bacteroidia;o__Bacteroidales;f__Bacteroidaceae;g__Prevotella,virulent
v055a	Viruses;Duplodnaviria;Heunggongvirae;Uroviricota;Caudoviricetes;;,d__Bacteria;p__Bacillota;c__Clostridia;o__Lachnospirales;f__Lachnospiraceae;g__UBA629,temperate
v055b	Viruses;Duplodnaviria;Heunggongvirae;Uroviricota;Caudoviricetes;;,d__Bacteria;p__Actinomycetota;c__Actinomycetes;o__Actinomycetales;f__Bifidobacteriaceae;g__Bifidobacterium,temperate
v055c	Viruses;Duplodnaviria;Heunggongvirae;Uroviricota;Caudoviricetes;;,d__Bacteria;p__Actinomycetota;c__Actinomycetes;o__Actinomycetales;f__Bifidobacteriaceae;g__Bifidobacterium,temperate
v055d	Viruses;Duplodnaviria;Heunggongvirae;Uroviricota;Caudoviricetes;;,d__Bacteria;p__Bacillota;c__Bacilli;o__Lactobacillales;f__Streptococcaceae;g__Streptococcus,temperate
v055e	Viruses;Duplodnaviria;Heunggongvirae;Uroviricota;Caudoviricetes;;,d__Bacteria;p__Bacillota;c__Bacilli;o__Lactobacillales;f__Streptococcaceae;g__Streptococcus,temperate
v055f	Viruses;Duplodnaviria;Heunggongvirae;Uroviricota;Caudoviricetes;;,d__Bacteria;p__Actinomycetota;c__Actinomycetes;o__Actinomycetales;f__Bifidobacteriaceae;g__Bifidobacterium,temperate
v0560	Viruses;Duplodnaviria;Heunggongvirae;Uroviricota;Caudoviricetes;;,d__Bacteria;p__Bacillota;c__Bacilli;o__Lactobacillales;f__Aerococcaceae;g__Aerococcus,temperate
v0562	Viruses;Duplodnaviria;Heunggongvirae;Uroviricota;Caudoviricetes;;,d__Bacteria;p__Bacillota;c__Bacilli;o__Lactobacillales;f__Lactobacillaceae;g__Lactobacillus,temperate
v0563	Viruses;Duplodnaviria;Heunggongvirae;Uroviricota;Caudoviricetes;;,d__Bacteria;p__Bacillota;c__Clostridia;o__Saccharofermentanales;f__Fastidiosipilaceae;g__Mageeibacillus,temperate
v0564	Viruses;Duplodnaviria;Heunggongvirae;Uroviricota;Caudoviricetes;;,d__Bacteria;p__Actinomycetota;c__Coriobacteriia;o__Coriobacteriales;f__Atopobiaceae;g__Fannyhessea,temperate
v0565	Viruses;Duplodnaviria;Heunggongvirae;Uroviricota;Caudoviricetes;;,d__Bacteria;p__Patescibacteriota;c__Saccharimonadia;o__Saccharimonadales;f__Nanoperiomorbaceae;g__Nanoperiomorbus,temperate
v0566	Viruses;Duplodnaviria;Heunggongvirae;Uroviricota;Caudoviricetes;;,NA,temperate
v0567	Viruses;Duplodnaviria;Heunggongvirae;Uroviricota;Caudoviricetes;;,d__Bacteria;p__Actinomycetota;c__Actinomycetes;o__Actinomycetales;f__Bifidobacteriaceae;g__Bifidobacterium,temperate
v0568	Viruses;Duplodnaviria;Heunggongvirae;Uroviricota;Caudoviricetes;;,d__Bacteria;p__Bacteroidota;c__Bacteroidia;o__Bacteroidales;f__Bacteroidaceae;g__Prevotella,virulent
v0569	Viruses;Duplodnaviria;Heunggongvirae;Uroviricota;Caudoviricetes;;,d__Bacteria;p__Actinomycetota;c__Actinomycetes;o__Actinomycetales;f__Bifidobacteriaceae;g__Bifidobacterium,temperate
v056a	Viruses;Duplodnaviria;Heunggongvirae;Uroviricota;Caudoviricetes;;,d__Bacteria;p__Bacillota;c__Bacilli;o__Lactobacillales;f__Lactobacillaceae;g__Limosilactobacillus,temperate
v056b	Viruses;Duplodnaviria;Heunggongvirae;Uroviricota;Caudoviricetes;;,d__Bacteria;p__Actinomycetota;c__Actinomycetes;o__Actinomycetales;f__Bifidobacteriaceae;g__Bifidobacterium,temperate
v056c	Viruses;Duplodnaviria;Heunggongvirae;Uroviricota;Caudoviricetes;;,NA,virulent
v056d	Viruses;Duplodnaviria;Heunggongvirae;Uroviricota;Caudoviricetes;;,d__Bacteria;p__Actinomycetota;c__Actinomycetes;o__Actinomycetales;f__Bifidobacteriaceae;g__Bifidobacterium,temperate
v056e	Viruses;Duplodnaviria;Heunggongvirae;Uroviricota;Caudoviricetes;;,d__Bacteria;p__Actinomycetota;c__Actinomycetes;o__Actinomycetales;f__Bifidobacteriaceae;g__Bifidobacterium,virulent
v056f	Viruses;Duplodnaviria;Heunggongvirae;Uroviricota;Caudoviricetes;;,d__Bacteria;p__Bacteroidota;c__Bacteroidia;o__Bacteroidales;f__Bacteroidaceae;g__Prevotella,temperate
v0570	Viruses;Duplodnaviria;Heunggongvirae;Uroviricota;Caudoviricetes;;,d__Bacteria;p__Actinomycetota;c__Actinomycetes;o__Actinomycetales;f__Bifidobacteriaceae;g__Bifidobacterium,temperate
v0571	Viruses;Duplodnaviria;Heunggongvirae;Uroviricota;Caudoviricetes;;,d__Bacteria;p__Bacillota;c__Negativicutes;o__Veillonellales;f__Dialisteraceae;g__Dialister,temperate
v0572	Viruses;Duplodnaviria;Heunggongvirae;Uroviricota;Caudoviricetes;;,d__Bacteria;p__Actinomycetota;c__Coriobacteriia;o__Coriobacteriales;f__Atopobiaceae;g__Fannyhessea,temperate
v0573	Viruses;Duplodnaviria;Heunggongvirae;Uroviricota;Caudoviricetes;;,d__Bacteria;p__Actinomycetota;c__Coriobacteriia;o__Coriobacteriales;f__Eggerthellaceae;g__Berryella,temperate
v0574	Viruses;Duplodnaviria;Heunggongvirae;Uroviricota;Caudoviricetes;;,d__Bacteria;p__Bacteroidota;c__Bacteroidia;o__Bacteroidales;f__Bacteroidaceae;g__Prevotella,temperate
v0575	Viruses;Duplodnaviria;Heunggongvirae;Uroviricota;Caudoviricetes;;,NA,virulent
v0576	Viruses;Duplodnaviria;Heunggongvirae;Uroviricota;Caudoviricetes;;Rountreeviridae,d__Bacteria;p__Bacillota;c__Bacilli;o__Staphylococcales;f__Staphylococcaceae;g__Staphylococcus,virulent
v0577	Viruses;Duplodnaviria;Heunggongvirae;Uroviricota;Caudoviricetes;;,NA,temperate
v0578	Viruses;Duplodnaviria;Heunggongvirae;Uroviricota;Caudoviricetes;;,d__Bacteria;p__Actinomycetota;c__Actinomycetes;o__Actinomycetales;f__Bifidobacteriaceae;g__Bifidobacterium,temperate
v0579	Viruses;Duplodnaviria;Heunggongvirae;Uroviricota;Caudoviricetes;;,d__Bacteria;p__Bacillota;c__Bacilli;o__Lactobacillales;f__Streptococcaceae;g__Streptococcus,temperate
v057a	Viruses;Duplodnaviria;Heunggongvirae;Uroviricota;Caudoviricetes;;,d__Bacteria;p__Actinomycetota;c__Actinomycetes;o__Actinomycetales;f__Actinomycetaceae;g__Mobiluncus,virulent
v057b	Viruses;Duplodnaviria;Heunggongvirae;Uroviricota;Caudoviricetes;;,d__Bacteria;p__Bacillota;c__Bacilli;o__Lactobacillales;f__Lactobacillaceae;g__Lactobacillus,temperate
v057c	Viruses;Duplodnaviria;Heunggongvirae;Uroviricota;Caudoviricetes;;,NA,virulent
v057d	Viruses;Duplodnaviria;Heunggongvirae;Uroviricota;Caudoviricetes;;,d__Bacteria;p__Actinomycetota;c__Actinomycetes;o__Actinomycetales;f__Bifidobacteriaceae;g__Bifidobacterium,temperate
v057e	Viruses;Duplodnaviria;Heunggongvirae;Uroviricota;Caudoviricetes;;,d__Bacteria;p__Bacillota;c__Clostridia;o__Tissierellales;f__Peptoniphilaceae;g__Parvimonas,temperate
v057f	Viruses;Duplodnaviria;Heunggongvirae;Uroviricota;Caudoviricetes;;,d__Bacteria;p__Actinomycetota;c__Actinomycetes;o__Actinomycetales;f__Bifidobacteriaceae;g__Bifidobacterium,virulent
v0580	NA,d__Bacteria;p__Bacteroidota;c__Bacteroidia;o__Bacteroidales;f__Bacteroidaceae;g__Prevotella,virulent
v0581	Viruses;Duplodnaviria;Heunggongvirae;Uroviricota;Caudoviricetes;;,d__Bacteria;p__Actinomycetota;c__Actinomycetes;o__Actinomycetales;f__Bifidobacteriaceae;g__Bifidobacterium,temperate
v0582	Viruses;Monodnaviria;Sangervirae;Phixviricota;Malgrandaviricetes;Petitvirales;Microviridae,d__Bacteria;p__Bacteroidota;c__Bacteroidia;o__Bacteroidales;f__Bacteroidaceae;g__Prevotella,virulent
v0583	Viruses;Duplodnaviria;Heunggongvirae;Uroviricota;Caudoviricetes;;,d__Bacteria;p__Bacteroidota;c__Bacteroidia;o__Bacteroidales;f__Bacteroidaceae;g__Bacteroides,temperate
v0584	NA,d__Bacteria;p__Actinomycetota;c__Actinomycetes;o__Actinomycetales;f__Bifidobacteriaceae;g__Bifidobacterium,temperate
v0585	Viruses;Duplodnaviria;Heunggongvirae;Uroviricota;Caudoviricetes;;,NA,virulent
v0586	Viruses;Duplodnaviria;Heunggongvirae;Uroviricota;Caudoviricetes;;,d__Bacteria;p__Bacillota;c__Clostridia;o__Peptostreptococcales;f__Peptostreptococcaceae;g__Peptostreptococcus,temperate
v0587	Viruses;Duplodnaviria;Heunggongvirae;Uroviricota;Caudoviricetes;;,NA,temperate
v0588	Viruses;Duplodnaviria;Heunggongvirae;Uroviricota;Caudoviricetes;;,d__Bacteria;p__Bacillota;c__Bacilli;o__Lactobacillales;f__Aerococcaceae;g__Aerococcus,temperate
v0589	NA,d__Bacteria;p__Bacteroidota;c__Bacteroidia;o__Bacteroidales;f__Bacteroidaceae;g__Prevotella,temperate
v058a	Viruses;Duplodnaviria;Heunggongvirae;Uroviricota;Caudoviricetes;;,d__Bacteria;p__Bacillota;c__Negativicutes;o__Veillonellales;f__Dialisteraceae;g__Dialister,temperate
v058b	Viruses;Duplodnaviria;Heunggongvirae;Uroviricota;Caudoviricetes;;,d__Bacteria;p__Fusobacteriota;c__Fusobacteriia;o__Fusobacteriales;f__Leptotrichiaceae;g__Sneathia,temperate
v058c	Viruses;Duplodnaviria;Heunggongvirae;Uroviricota;Caudoviricetes;;,d__Bacteria;p__Bacillota;c__Negativicutes;o__Veillonellales;f__Dialisteraceae;g__Dialister,temperate
v058d	Viruses;Duplodnaviria;Heunggongvirae;Uroviricota;Caudoviricetes;;,d__Bacteria;p__Bacteroidota;c__Bacteroidia;o__Bacteroidales;f__Bacteroidaceae;g__Prevotella,temperate
v058e	Viruses;Duplodnaviria;Heunggongvirae;Uroviricota;Caudoviricetes;;,d__Bacteria;p__Patescibacteriota;c__Saccharimonadia;o__Saccharimonadales;f__Nanoperiomorbaceae;g__Nanoperiomorbus,temperate
v058f	Viruses;Duplodnaviria;Heunggongvirae;Uroviricota;Caudoviricetes;;,NA,virulent
v0590	Viruses;Duplodnaviria;Heunggongvirae;Uroviricota;Caudoviricetes;;,d__Bacteria;p__Bacteroidota;c__Bacteroidia;o__Bacteroidales;f__Bacteroidaceae;g__Prevotella,temperate
v0591	Viruses;Duplodnaviria;Heunggongvirae;Uroviricota;Caudoviricetes;;,d__Bacteria;p__Bacteroidota;c__Bacteroidia;o__Bacteroidales;f__Bacteroidaceae;g__Prevotella,virulent
v0592	Viruses;Duplodnaviria;Heunggongvirae;Uroviricota;Caudoviricetes;;,NA,virulent
v0593	Viruses;Duplodnaviria;Heunggongvirae;Uroviricota;Caudoviricetes;;,d__Bacteria;p__Actinomycetota;c__Actinomycetes;o__Actinomycetales;f__Bifidobacteriaceae;g__Bifidobacterium,virulent
v0594	Viruses;Duplodnaviria;Heunggongvirae;Uroviricota;Caudoviricetes;;,d__Bacteria;p__Actinomycetota;c__Coriobacteriia;o__Coriobacteriales;f__Eggerthellaceae;g__Berryella,temperate
v0595	Viruses;Duplodnaviria;Heunggongvirae;Uroviricota;Caudoviricetes;;,d__Bacteria;p__Bacteroidota;c__Bacteroidia;o__Bacteroidales;f__Bacteroidaceae;g__Bacteroides,virulent
v0596	Viruses;Duplodnaviria;Heunggongvirae;Uroviricota;Caudoviricetes;;,NA,temperate
v0597	Viruses;Duplodnaviria;Heunggongvirae;Uroviricota;Caudoviricetes;;,d__Bacteria;p__Bacteroidota;c__Bacteroidia;o__Bacteroidales;f__Bacteroidaceae;g__Prevotella,virulent
v0598	Viruses;Duplodnaviria;Heunggongvirae;Uroviricota;Caudoviricetes;;,d__Bacteria;p__Bacteroidota;c__Bacteroidia;o__Bacteroidales;f__Bacteroidaceae;g__Prevotella,virulent
v0599	Viruses;Duplodnaviria;Heunggongvirae;Uroviricota;Caudoviricetes;;,d__Bacteria;p__Bacteroidota;c__Bacteroidia;o__Bacteroidales;f__Bacteroidaceae;g__Prevotella,temperate
v059a	Viruses;Duplodnaviria;Heunggongvirae;Uroviricota;Caudoviricetes;;,d__Bacteria;p__Fusobacteriota;c__Fusobacteriia;o__Fusobacteriales;f__Leptotrichiaceae;g__Sneathia,temperate
v059b	NA,NA,virulent
v059c	Viruses;Duplodnaviria;Heunggongvirae;Uroviricota;Caudoviricetes;;,d__Bacteria;p__Bacillota;c__Bacilli;o__Lactobacillales;f__Streptococcaceae;g__Streptococcus,temperate
v059d	Viruses;Duplodnaviria;Heunggongvirae;Uroviricota;Caudoviricetes;;,d__Bacteria;p__Bacteroidota;c__Bacteroidia;o__Bacteroidales;f__Porphyromonadaceae;g__Porphyromonas,temperate
v059e	Viruses;Duplodnaviria;Heunggongvirae;Uroviricota;Caudoviricetes;;,d__Bacteria;p__Bacillota;c__Negativicutes;o__Veillonellales;f__Dialisteraceae;g__Dialister,temperate
v05a0	Viruses;Duplodnaviria;Heunggongvirae;Uroviricota;Caudoviricetes;;,d__Bacteria;p__Actinomycetota;c__Actinomycetes;o__Actinomycetales;f__Bifidobacteriaceae;g__Bifidobacterium,virulent
v05a1	NA,d__Bacteria;p__Bacteroidota;c__Bacteroidia;o__Bacteroidales;f__Bacteroidaceae;g__Prevotella,virulent
v05a2	Viruses;Duplodnaviria;Heunggongvirae;Uroviricota;Caudoviricetes;;,d__Bacteria;p__Fusobacteriota;c__Fusobacteriia;o__Fusobacteriales;f__Leptotrichiaceae;g__Sneathia,temperate
v05a3	Viruses;Duplodnaviria;Heunggongvirae;Uroviricota;Caudoviricetes;;,d__Bacteria;p__Actinomycetota;c__Actinomycetes;o__Actinomycetales;f__Bifidobacteriaceae;g__Bifidobacterium,temperate
v05a4	Viruses;Duplodnaviria;Heunggongvirae;Uroviricota;Caudoviricetes;;,d__Bacteria;p__Actinomycetota;c__Actinomycetes;o__Actinomycetales;f__Bifidobacteriaceae;g__Bifidobacterium,temperate
v05a5	Viruses;Duplodnaviria;Heunggongvirae;Uroviricota;Caudoviricetes;;,d__Bacteria;p__Actinomycetota;c__Actinomycetes;o__Actinomycetales;f__Bifidobacteriaceae;g__Bifidobacterium,temperate
v05a6	Viruses;Duplodnaviria;Heunggongvirae;Uroviricota;Caudoviricetes;;,d__Bacteria;p__Actinomycetota;c__Coriobacteriia;o__Coriobacteriales;f__Eggerthellaceae;g__Berryella,temperate
v05a7	Viruses;Duplodnaviria;Heunggongvirae;Uroviricota;Caudoviricetes;;,d__Bacteria;p__Actinomycetota;c__Actinomycetes;o__Actinomycetales;f__Bifidobacteriaceae;g__Bifidobacterium,temperate
v05a9	Viruses;Duplodnaviria;Heunggongvirae;Uroviricota;Caudoviricetes;;,d__Bacteria;p__Bacillota;c__Negativicutes;o__Veillonellales;f__Dialisteraceae;g__Dialister,temperate
v05aa	Viruses;Duplodnaviria;Heunggongvirae;Uroviricota;Caudoviricetes;;,NA,temperate
v05ab	Viruses;Duplodnaviria;Heunggongvirae;Uroviricota;Caudoviricetes;;,d__Bacteria;p__Bacillota;c__Bacilli;o__Lactobacillales;f__Streptococcaceae;g__Streptococcus,temperate
v05ac	Viruses;Duplodnaviria;Heunggongvirae;Uroviricota;Caudoviricetes;;,d__Bacteria;p__Bacillota;c__Bacilli;o__Lactobacillales;f__Streptococcaceae;g__Streptococcus,temperate
v05ad	Viruses;Duplodnaviria;Heunggongvirae;Uroviricota;Caudoviricetes;;,d__Bacteria;p__Bacillota;c__Bacilli;o__Staphylococcales;f__Staphylococcaceae;g__Staphylococcus,temperate
v05ae	Viruses;Duplodnaviria;Heunggongvirae;Uroviricota;Caudoviricetes;;,d__Bacteria;p__Bacillota;c__Negativicutes;o__Veillonellales;f__Dialisteraceae;g__Dialister,temperate
v05af	Viruses;Duplodnaviria;Heunggongvirae;Uroviricota;Caudoviricetes;;,d__Bacteria;p__Bacteroidota;c__Bacteroidia;o__Bacteroidales;f__Bacteroidaceae;g__Prevotella,virulent
v05b0	Viruses;Duplodnaviria;Heunggongvirae;Uroviricota;Caudoviricetes;;,d__Bacteria;p__Bacteroidota;c__Bacteroidia;o__Bacteroidales;f__Bacteroidaceae;g__Prevotella,virulent
v05b1	Viruses;Duplodnaviria;Heunggongvirae;Uroviricota;Caudoviricetes;;,d__Bacteria;p__Actinomycetota;c__Coriobacteriia;o__Coriobacteriales;f__Atopobiaceae;g__Fannyhessea,temperate
v05b2	Viruses;Duplodnaviria;Heunggongvirae;Uroviricota;Caudoviricetes;;,d__Bacteria;p__Bacillota;c__Clostridia;o__Tissierellales;f__Peptoniphilaceae;g__Anaerococcus,temperate
v05b3	NA,d__Bacteria;p__Fusobacteriota;c__Fusobacteriia;o__Fusobacteriales;f__Leptotrichiaceae;g__Sneathia,temperate
v05b4	Viruses;Duplodnaviria;Heunggongvirae;Uroviricota;Caudoviricetes;;,d__Bacteria;p__Bacteroidota;c__Bacteroidia;o__Bacteroidales;f__Bacteroidaceae;g__Prevotella,temperate
v05b5	Viruses;Duplodnaviria;Heunggongvirae;Uroviricota;Caudoviricetes;;,d__Bacteria;p__Bacillota;c__Bacilli;o__Lactobacillales;f__Streptococcaceae;g__Streptococcus,temperate
v05b6	Viruses;Monodnaviria;Sangervirae;Phixviricota;Malgrandaviricetes;Petitvirales;Microviridae,d__Bacteria;p__Bacteroidota;c__Bacteroidia;o__Bacteroidales;f__Porphyromonadaceae;g__Porphyromonas,virulent
v05b7	Viruses;Duplodnaviria;Heunggongvirae;Uroviricota;Caudoviricetes;;,NA,virulent
v05b8	Viruses;Duplodnaviria;Heunggongvirae;Uroviricota;Caudoviricetes;;,d__Bacteria;p__Actinomycetota;c__Actinomycetes;o__Mycobacteriales;f__Mycobacteriaceae;g__Lawsonella,temperate
v05b9	Viruses;Duplodnaviria;Heunggongvirae;Uroviricota;Caudoviricetes;;,d__Bacteria;p__Actinomycetota;c__Actinomycetes;o__Mycobacteriales;f__Mycobacteriaceae;g__Lawsonella,temperate
v05ba	Viruses;Duplodnaviria;Heunggongvirae;Uroviricota;Caudoviricetes;;,d__Bacteria;p__Pseudomonadota;c__Gammaproteobacteria;o__Burkholderiales;f__Burkholderiaceae;g__Sutterella,temperate
v05bb	Viruses;Duplodnaviria;Heunggongvirae;Uroviricota;Caudoviricetes;;,NA,virulent
v05bc	Viruses;Duplodnaviria;Heunggongvirae;Uroviricota;Caudoviricetes;;,d__Bacteria;p__Bacillota;c__Negativicutes;o__Veillonellales;f__Megasphaeraceae;g__Megasphaera_C,temperate
v05bd	Viruses;Duplodnaviria;Heunggongvirae;Uroviricota;Caudoviricetes;;,d__Bacteria;p__Bacteroidota;c__Bacteroidia;o__Bacteroidales;f__Bacteroidaceae;g__Prevotella,virulent
v05be	Viruses;Duplodnaviria;Heunggongvirae;Uroviricota;Caudoviricetes;;,d__Bacteria;p__Fusobacteriota;c__Fusobacteriia;o__Fusobacteriales;f__Leptotrichiaceae;g__Sneathia,temperate
v05bf	Viruses;Duplodnaviria;Heunggongvirae;Uroviricota;Caudoviricetes;;,d__Bacteria;p__Bacillota;c__Negativicutes;o__Veillonellales;f__Dialisteraceae;g__Dialister,virulent
v05c0	Viruses;Duplodnaviria;Heunggongvirae;Uroviricota;Caudoviricetes;;,d__Bacteria;p__Actinomycetota;c__Actinomycetes;o__Actinomycetales;f__Bifidobacteriaceae;g__Bifidobacterium,virulent
v05c1	Viruses;Duplodnaviria;Heunggongvirae;Uroviricota;Caudoviricetes;;,d__Bacteria;p__Bacillota;c__Clostridia;o__Tissierellales;f__Peptoniphilaceae;g__Peptoniphilus_A,temperate
v05c2	NA,d__Bacteria;p__Actinomycetota;c__Actinomycetes;o__Actinomycetales;f__Bifidobacteriaceae;g__Bifidobacterium,temperate
v05c3	Viruses;Duplodnaviria;Heunggongvirae;Uroviricota;Caudoviricetes;;,NA,virulent
v05c4	Viruses;Duplodnaviria;Heunggongvirae;Uroviricota;Caudoviricetes;;,d__Bacteria;p__Bacillota;c__Bacilli;o__Erysipelotrichales;f__Erysipelotrichaceae;g__Bulleidia,temperate
v05c5	Viruses;Duplodnaviria;Heunggongvirae;Uroviricota;Caudoviricetes;;,d__Bacteria;p__Bacillota;c__Bacilli;o__Erysipelotrichales;f__Erysipelotrichaceae;g__Bulleidia,temperate
v05c6	Viruses;Duplodnaviria;Heunggongvirae;Uroviricota;Caudoviricetes;;,d__Bacteria;p__Bacillota;c__Negativicutes;o__Veillonellales;f__Dialisteraceae;g__Dialister,temperate
v05c7	Viruses;Duplodnaviria;Heunggongvirae;Uroviricota;Caudoviricetes;;,NA,temperate
v05c8	Viruses;Duplodnaviria;Heunggongvirae;Uroviricota;Caudoviricetes;;,d__Bacteria;p__Actinomycetota;c__Coriobacteriia;o__Coriobacteriales;f__Eggerthellaceae;g__Berryella,temperate
v05c9	Viruses;Duplodnaviria;Heunggongvirae;Uroviricota;Caudoviricetes;;,d__Bacteria;p__Actinomycetota;c__Actinomycetes;o__Actinomycetales;f__Bifidobacteriaceae;g__Bifidobacterium,temperate
v05ca	Viruses;Duplodnaviria;Heunggongvirae;Uroviricota;Caudoviricetes;;,d__Bacteria;p__Bacillota;c__Negativicutes;o__Veillonellales;f__Dialisteraceae;g__Dialister,temperate
v05cb	Viruses;Duplodnaviria;Heunggongvirae;Uroviricota;Caudoviricetes;;,d__Bacteria;p__Actinomycetota;c__Coriobacteriia;o__Coriobacteriales;f__Atopobiaceae;g__Fannyhessea,temperate
v05cc	Viruses;Duplodnaviria;Heunggongvirae;Uroviricota;Caudoviricetes;;,d__Bacteria;p__Actinomycetota;c__Actinomycetes;o__Actinomycetales;f__Bifidobacteriaceae;g__Bifidobacterium,temperate
v05cd	Viruses;Duplodnaviria;Heunggongvirae;Uroviricota;Caudoviricetes;;,d__Bacteria;p__Bacillota;c__Bacilli;o__Lactobacillales;f__Lactobacillaceae;g__Lactobacillus,temperate
v05ce	Viruses;Duplodnaviria;Heunggongvirae;Uroviricota;Caudoviricetes;;,d__Bacteria;p__Bacillota;c__Negativicutes;o__Veillonellales;f__Megasphaeraceae;g__Megasphaera,virulent
v05cf	Viruses;Duplodnaviria;Heunggongvirae;Uroviricota;Caudoviricetes;;,d__Bacteria;p__Actinomycetota;c__Actinomycetes;o__Actinomycetales;f__Bifidobacteriaceae;g__Bifidobacterium,temperate
v05d0	Viruses;Duplodnaviria;Heunggongvirae;Uroviricota;Caudoviricetes;;,d__Bacteria;p__Actinomycetota;c__Coriobacteriia;o__Coriobacteriales;f__Atopobiaceae;g__Fannyhessea,temperate
v05d1	Viruses;Duplodnaviria;Heunggongvirae;Uroviricota;Caudoviricetes;;,NA,temperate
v05d2	Viruses;Duplodnaviria;Heunggongvirae;Uroviricota;Caudoviricetes;;,NA,virulent
v05d3	Viruses;Duplodnaviria;Heunggongvirae;Uroviricota;Caudoviricetes;;,d__Bacteria;p__Bacillota;c__Clostridia;o__Tissierellales;f__Peptoniphilaceae;g__Anaerococcus,temperate
v05d4	Viruses;Duplodnaviria;Heunggongvirae;Uroviricota;Caudoviricetes;;,NA,virulent
v05d5	Viruses;Duplodnaviria;Heunggongvirae;Uroviricota;Caudoviricetes;;,d__Bacteria;p__Actinomycetota;c__Actinomycetes;o__Actinomycetales;f__Bifidobacteriaceae;g__Bifidobacterium,virulent
v05d6	Viruses;Duplodnaviria;Heunggongvirae;Uroviricota;Caudoviricetes;;,d__Bacteria;p__Actinomycetota;c__Coriobacteriia;o__Coriobacteriales;f__Atopobiaceae;g__Fannyhessea,virulent
v05d7	Viruses;Duplodnaviria;Heunggongvirae;Uroviricota;Caudoviricetes;;,NA,virulent
v05d8	Viruses;Duplodnaviria;Heunggongvirae;Uroviricota;Caudoviricetes;;,d__Bacteria;p__Actinomycetota;c__Actinomycetes;o__Actinomycetales;f__Bifidobacteriaceae;g__Bifidobacterium,temperate
v05d9	Viruses;Duplodnaviria;Heunggongvirae;Uroviricota;Caudoviricetes;;,d__Bacteria;p__Actinomycetota;c__Actinomycetes;o__Actinomycetales;f__Bifidobacteriaceae;g__Bifidobacterium,temperate
v05da	Viruses;Duplodnaviria;Heunggongvirae;Uroviricota;Caudoviricetes;;,d__Bacteria;p__Actinomycetota;c__Coriobacteriia;o__Coriobacteriales;f__Atopobiaceae;g__Fannyhessea,temperate
v05db	Viruses;Duplodnaviria;Heunggongvirae;Uroviricota;Caudoviricetes;;,d__Bacteria;p__Actinomycetota;c__Coriobacteriia;o__Coriobacteriales;f__Atopobiaceae;g__Fannyhessea,temperate
v05dc	Viruses;Duplodnaviria;Heunggongvirae;Uroviricota;Caudoviricetes;;,d__Bacteria;p__Bacteroidota;c__Bacteroidia;o__Bacteroidales;f__Bacteroidaceae;g__Prevotella,temperate
v05dd	Viruses;Duplodnaviria;Heunggongvirae;Uroviricota;Caudoviricetes;;,d__Bacteria;p__Actinomycetota;c__Coriobacteriia;o__Coriobacteriales;f__Atopobiaceae;g__Fannyhessea,temperate
v05de	Viruses;Duplodnaviria;Heunggongvirae;Uroviricota;Caudoviricetes;;,d__Bacteria;p__Bacillota;c__Clostridia;o__Peptostreptococcales;f__Peptostreptococcaceae;g__Peptostreptococcus,temperate
v05df	Viruses;Duplodnaviria;Heunggongvirae;Uroviricota;Caudoviricetes;;,NA,temperate
v05e0	Viruses;Duplodnaviria;Heunggongvirae;Uroviricota;Caudoviricetes;;,NA,virulent
v05e1	Viruses;Duplodnaviria;Heunggongvirae;Uroviricota;Caudoviricetes;;,NA,temperate
v05e2	Viruses;Duplodnaviria;Heunggongvirae;Uroviricota;Caudoviricetes;;,d__Bacteria;p__Bacillota;c__Clostridia;o__Tissierellales;f__Peptoniphilaceae;g__Anaerococcus,temperate
v05e3	Viruses;Duplodnaviria;Heunggongvirae;Uroviricota;Caudoviricetes;;,NA,temperate
v05e4	NA,d__Bacteria;p__Bacteroidota;c__Bacteroidia;o__Bacteroidales;f__Bacteroidaceae;g__Bacteroides,temperate
v05e5	Viruses;Duplodnaviria;Heunggongvirae;Uroviricota;Caudoviricetes;;,d__Bacteria;p__Bacillota;c__Bacilli;o__Lactobacillales;f__Streptococcaceae;g__Streptococcus,temperate
v05e6	Viruses;Duplodnaviria;Heunggongvirae;Uroviricota;Caudoviricetes;;,d__Bacteria;p__Bacillota;c__Bacilli;o__Lactobacillales;f__Streptococcaceae;g__Streptococcus,temperate
v05e7	Viruses;Duplodnaviria;Heunggongvirae;Uroviricota;Caudoviricetes;;,d__Bacteria;p__Bacillota;c__Bacilli;o__Lactobacillales;f__Streptococcaceae;g__Streptococcus,temperate
v05e8	Viruses;Duplodnaviria;Heunggongvirae;Uroviricota;Caudoviricetes;;,d__Bacteria;p__Bacillota;c__Bacilli;o__Lactobacillales;f__Lactobacillaceae;g__Lactobacillus,temperate
v05e9	Viruses;Duplodnaviria;Heunggongvirae;Uroviricota;Caudoviricetes;;,d__Bacteria;p__Fusobacteriota;c__Fusobacteriia;o__Fusobacteriales;f__Leptotrichiaceae;g__Sneathia,temperate
v05ea	Viruses;Duplodnaviria;Heunggongvirae;Uroviricota;Caudoviricetes;;,d__Bacteria;p__Patescibacteriota;c__Saccharimonadia;o__Saccharimonadales;f__Nanoperiomorbaceae;g__Nanoperiomorbus,temperate
v05eb	Viruses;Duplodnaviria;Heunggongvirae;Uroviricota;Caudoviricetes;;,d__Bacteria;p__Bacillota;c__Clostridia;o__Tissierellales;f__Peptoniphilaceae;g__Peptoniphilus_A,temperate
v05ec	Viruses;Duplodnaviria;Heunggongvirae;Uroviricota;Caudoviricetes;;,d__Bacteria;p__Actinomycetota;c__Actinomycetes;o__Actinomycetales;f__Bifidobacteriaceae;g__Bifidobacterium,virulent
v05ed	Viruses;Duplodnaviria;Heunggongvirae;Uroviricota;Caudoviricetes;;,d__Bacteria;p__Bacillota;c__Negativicutes;o__Veillonellales;f__Megasphaeraceae;g__Megasphaera,virulent
v05ee	Viruses;Duplodnaviria;Heunggongvirae;Uroviricota;Caudoviricetes;;,d__Bacteria;p__Actinomycetota;c__Actinomycetes;o__Actinomycetales;f__Bifidobacteriaceae;g__Bifidobacterium,temperate
v05ef	Viruses;Duplodnaviria;Heunggongvirae;Uroviricota;Caudoviricetes;;,NA,virulent
v05f0	Viruses;Duplodnaviria;Heunggongvirae;Uroviricota;Caudoviricetes;;,d__Bacteria;p__Actinomycetota;c__Actinomycetes;o__Actinomycetales;f__Bifidobacteriaceae;g__Bifidobacterium,temperate
v05f1	Viruses;Duplodnaviria;Heunggongvirae;Uroviricota;Caudoviricetes;;,d__Bacteria;p__Actinomycetota;c__Coriobacteriia;o__Coriobacteriales;f__Eggerthellaceae;g__Berryella,virulent
v05f2	Viruses;Duplodnaviria;Heunggongvirae;Uroviricota;Caudoviricetes;;,NA,temperate
v05f3	Viruses;Duplodnaviria;Heunggongvirae;Uroviricota;Caudoviricetes;;,d__Bacteria;p__Actinomycetota;c__Actinomycetes;o__Actinomycetales;f__Bifidobacteriaceae;g__Bifidobacterium,virulent
v05f4	Viruses;Duplodnaviria;Heunggongvirae;Uroviricota;Caudoviricetes;;,d__Bacteria;p__Actinomycetota;c__Actinomycetes;o__Actinomycetales;f__Bifidobacteriaceae;g__Bifidobacterium,virulent
v05f5	Viruses;Duplodnaviria;Heunggongvirae;Uroviricota;Caudoviricetes;;,d__Bacteria;p__Bacillota;c__Bacilli;o__Lactobacillales;f__Lactobacillaceae;g__Lactobacillus,temperate
v05f6	Viruses;Duplodnaviria;Heunggongvirae;Uroviricota;Caudoviricetes;;,d__Bacteria;p__Actinomycetota;c__Coriobacteriia;o__Coriobacteriales;f__Atopobiaceae;g__Fannyhessea,temperate
v05f7	Viruses;Duplodnaviria;Heunggongvirae;Uroviricota;Caudoviricetes;;,d__Bacteria;p__Bacteroidota;c__Bacteroidia;o__Bacteroidales;f__Porphyromonadaceae;g__Porphyromonas,virulent
v05f9	Viruses;Duplodnaviria;Heunggongvirae;Uroviricota;Caudoviricetes;;,d__Bacteria;p__Bacteroidota;c__Bacteroidia;o__Bacteroidales;f__Porphyromonadaceae;g__Porphyromonas,temperate
v05fa	Viruses;Duplodnaviria;Heunggongvirae;Uroviricota;Caudoviricetes;;,NA,virulent
v05fb	Viruses;Duplodnaviria;Heunggongvirae;Uroviricota;Caudoviricetes;;,d__Bacteria;p__Bacillota;c__Clostridia;o__Tissierellales;f__Peptoniphilaceae;g__Ndongobacter,temperate
v05fc	Viruses;Duplodnaviria;Heunggongvirae;Uroviricota;Caudoviricetes;;,d__Bacteria;p__Bacteroidota;c__Bacteroidia;o__Bacteroidales;f__Bacteroidaceae;g__Prevotella,virulent
v05fd	Viruses;Duplodnaviria;Heunggongvirae;Uroviricota;Caudoviricetes;;,d__Bacteria;p__Actinomycetota;c__Actinomycetes;o__Actinomycetales;f__Bifidobacteriaceae;g__Bifidobacterium,temperate
v05fe	Viruses;Duplodnaviria;Heunggongvirae;Uroviricota;Caudoviricetes;;,d__Bacteria;p__Actinomycetota;c__Actinomycetes;o__Actinomycetales;f__Bifidobacteriaceae;g__Bifidobacterium,temperate
v05ff	Viruses;Duplodnaviria;Heunggongvirae;Uroviricota;Caudoviricetes;;,d__Bacteria;p__Bacillota;c__Negativicutes;o__Veillonellales;f__Dialisteraceae;g__Dialister,temperate
v0600	Viruses;Duplodnaviria;Heunggongvirae;Uroviricota;Caudoviricetes;;,d__Bacteria;p__Bacteroidota;c__Bacteroidia;o__Bacteroidales;f__Bacteroidaceae;g__Prevotella,virulent
v0601	NA,d__Bacteria;p__Bacteroidota;c__Bacteroidia;o__Bacteroidales;f__Bacteroidaceae;g__Prevotella,virulent
v0602	Viruses;Duplodnaviria;Heunggongvirae;Uroviricota;Caudoviricetes;;,NA,virulent
v0603	Viruses;Duplodnaviria;Heunggongvirae;Uroviricota;Caudoviricetes;;,d__Bacteria;p__Actinomycetota;c__Coriobacteriia;o__Coriobacteriales;f__Atopobiaceae;g__Fannyhessea,temperate
v0604	Viruses;Duplodnaviria;Heunggongvirae;Uroviricota;Caudoviricetes;;,d__Bacteria;p__Bacillota;c__Bacilli;o__Lactobacillales;f__Lactobacillaceae;g__Limosilactobacillus,temperate
v0605	Viruses;Duplodnaviria;Heunggongvirae;Uroviricota;Caudoviricetes;;,d__Bacteria;p__Actinomycetota;c__Actinomycetes;o__Actinomycetales;f__Bifidobacteriaceae;g__Bifidobacterium,virulent
v0606	Viruses;Duplodnaviria;Heunggongvirae;Uroviricota;Caudoviricetes;;,d__Bacteria;p__Bacteroidota;c__Bacteroidia;o__Bacteroidales;f__Bacteroidaceae;g__Prevotella,virulent
v0607	Viruses;Duplodnaviria;Heunggongvirae;Uroviricota;Caudoviricetes;;,d__Bacteria;p__Actinomycetota;c__Actinomycetes;o__Actinomycetales;f__Bifidobacteriaceae;g__Bifidobacterium,temperate
v0608	Viruses;Duplodnaviria;Heunggongvirae;Uroviricota;Caudoviricetes;;,d__Bacteria;p__Actinomycetota;c__Actinomycetes;o__Actinomycetales;f__Bifidobacteriaceae;g__Bifidobacterium,temperate
v0609	Viruses;Duplodnaviria;Heunggongvirae;Uroviricota;Caudoviricetes;;,d__Bacteria;p__Actinomycetota;c__Actinomycetes;o__Mycobacteriales;f__Mycobacteriaceae;g__Lawsonella,temperate
v060a	Viruses;Duplodnaviria;Heunggongvirae;Uroviricota;Caudoviricetes;;,d__Bacteria;p__Bacteroidota;c__Bacteroidia;o__Bacteroidales;f__Bacteroidaceae;g__Prevotella,virulent
v060b	Viruses;Duplodnaviria;Heunggongvirae;Uroviricota;Caudoviricetes;;,d__Bacteria;p__Bacteroidota;c__Bacteroidia;o__Bacteroidales;f__Bacteroidaceae;g__Prevotella,virulent
v060c	Viruses;Duplodnaviria;Heunggongvirae;Uroviricota;Caudoviricetes;;,NA,virulent
v060d	Viruses;Duplodnaviria;Heunggongvirae;Uroviricota;Caudoviricetes;;,d__Bacteria;p__Actinomycetota;c__Actinomycetes;o__Actinomycetales;f__Bifidobacteriaceae;g__Bifidobacterium,temperate
v060e	Viruses;Duplodnaviria;Heunggongvirae;Uroviricota;Caudoviricetes;;,NA,temperate
v060f	Viruses;Duplodnaviria;Heunggongvirae;Uroviricota;Caudoviricetes;;,d__Bacteria;p__Actinomycetota;c__Actinomycetes;o__Actinomycetales;f__Bifidobacteriaceae;g__Bifidobacterium,temperate
v0610	Viruses;Duplodnaviria;Heunggongvirae;Uroviricota;Caudoviricetes;;,d__Bacteria;p__Actinomycetota;c__Actinomycetes;o__Actinomycetales;f__Bifidobacteriaceae;g__Bifidobacterium,temperate
v0611	Viruses;Duplodnaviria;Heunggongvirae;Uroviricota;Caudoviricetes;;,d__Bacteria;p__Actinomycetota;c__Coriobacteriia;o__Coriobacteriales;f__Eggerthellaceae;g__Berryella,temperate
v0612	Viruses;Duplodnaviria;Heunggongvirae;Uroviricota;Caudoviricetes;;,NA,temperate
v0613	Viruses;Duplodnaviria;Heunggongvirae;Uroviricota;Caudoviricetes;;,d__Bacteria;p__Fusobacteriota;c__Fusobacteriia;o__Fusobacteriales;f__Leptotrichiaceae;g__Sneathia,temperate
v0614	Viruses;Duplodnaviria;Heunggongvirae;Uroviricota;Caudoviricetes;;,d__Bacteria;p__Bacteroidota;c__Bacteroidia;o__Bacteroidales;f__Bacteroidaceae;g__Prevotella,temperate
v0615	Viruses;Duplodnaviria;Heunggongvirae;Uroviricota;Caudoviricetes;;,d__Bacteria;p__Actinomycetota;c__Actinomycetes;o__Actinomycetales;f__Bifidobacteriaceae;g__Bifidobacterium,temperate
v0616	Viruses;Duplodnaviria;Heunggongvirae;Uroviricota;Caudoviricetes;;,d__Bacteria;p__Actinomycetota;c__Actinomycetes;o__Actinomycetales;f__Bifidobacteriaceae;g__Bifidobacterium,temperate
v0617	Viruses;Duplodnaviria;Heunggongvirae;Uroviricota;Caudoviricetes;;,d__Bacteria;p__Bacillota;c__Clostridia;o__Tissierellales;f__Peptoniphilaceae;g__Peptoniphilus_A,temperate
v0618	Viruses;Duplodnaviria;Heunggongvirae;Uroviricota;Caudoviricetes;;,d__Bacteria;p__Fusobacteriota;c__Fusobacteriia;o__Fusobacteriales;f__Leptotrichiaceae;g__Sneathia,temperate
v0619	Viruses;Duplodnaviria;Heunggongvirae;Uroviricota;Caudoviricetes;;,d__Bacteria;p__Bacillota;c__Negativicutes;o__Veillonellales;f__Dialisteraceae;g__Dialister,temperate
v061a	Viruses;Duplodnaviria;Heunggongvirae;Uroviricota;Caudoviricetes;;,d__Bacteria;p__Actinomycetota;c__Actinomycetes;o__Actinomycetales;f__Bifidobacteriaceae;g__Bifidobacterium,virulent
v061b	Viruses;Duplodnaviria;Heunggongvirae;Uroviricota;Caudoviricetes;;,d__Bacteria;p__Bacteroidota;c__Bacteroidia;o__Bacteroidales;f__Bacteroidaceae;g__Prevotella,virulent
v061c	Viruses;Duplodnaviria;Heunggongvirae;Uroviricota;Caudoviricetes;;,d__Bacteria;p__Bacillota;c__Bacilli;o__Lactobacillales;f__Streptococcaceae;g__Streptococcus,virulent
v061d	Viruses;Duplodnaviria;Heunggongvirae;Uroviricota;Caudoviricetes;;,d__Bacteria;p__Pseudomonadota;c__Gammaproteobacteria;o__Enterobacterales;f__Enterobacteriaceae;g__Escherichia,temperate
v061e	Viruses;Duplodnaviria;Heunggongvirae;Uroviricota;Caudoviricetes;;,d__Bacteria;p__Bacillota;c__Bacilli;o__Lactobacillales;f__Streptococcaceae;g__Streptococcus,temperate
v061f	Viruses;Duplodnaviria;Heunggongvirae;Uroviricota;Caudoviricetes;;,d__Bacteria;p__Bacillota;c__Clostridia;o__Peptostreptococcales;f__Anaerovoracaceae;g__Mogibacterium,temperate
v0620	Viruses;Duplodnaviria;Heunggongvirae;Uroviricota;Caudoviricetes;;,d__Bacteria;p__Bacillota;c__Negativicutes;o__Veillonellales;f__Dialisteraceae;g__Dialister,temperate
v0621	Viruses;Duplodnaviria;Heunggongvirae;Uroviricota;Caudoviricetes;;,d__Bacteria;p__Actinomycetota;c__Coriobacteriia;o__Coriobacteriales;f__Eggerthellaceae;g__Berryella,virulent
v0622	Viruses;Duplodnaviria;Heunggongvirae;Uroviricota;Caudoviricetes;;,d__Bacteria;p__Bacillota;c__Clostridia;o__Peptostreptococcales;f__Peptostreptococcaceae;g__Peptostreptococcus,temperate
v0623	Viruses;Duplodnaviria;Heunggongvirae;Uroviricota;Caudoviricetes;;Rountreeviridae,NA,virulent
v0624	Viruses;Duplodnaviria;Heunggongvirae;Uroviricota;Caudoviricetes;;,d__Bacteria;p__Bacillota;c__Negativicutes;o__Veillonellales;f__Dialisteraceae;g__Dialister,temperate
v0625	Viruses;Duplodnaviria;Heunggongvirae;Uroviricota;Caudoviricetes;;,d__Bacteria;p__Bacillota;c__Bacilli;o__Lactobacillales;f__Lactobacillaceae;g__Limosilactobacillus,temperate
v0626	Viruses;Duplodnaviria;Heunggongvirae;Uroviricota;Caudoviricetes;;,d__Bacteria;p__Actinomycetota;c__Coriobacteriia;o__Coriobacteriales;f__Atopobiaceae;g__Fannyhessea,temperate
v0627	Viruses;Duplodnaviria;Heunggongvirae;Uroviricota;Caudoviricetes;;,d__Bacteria;p__Bacillota;c__Clostridia;o__Tissierellales;f__Peptoniphilaceae;g__Parvimonas,temperate
v0628	Viruses;Duplodnaviria;Heunggongvirae;Uroviricota;Caudoviricetes;;,d__Bacteria;p__Actinomycetota;c__Actinomycetes;o__Actinomycetales;f__Bifidobacteriaceae;g__Bifidobacterium,temperate
v0629	Viruses;Duplodnaviria;Heunggongvirae;Uroviricota;Caudoviricetes;;,d__Bacteria;p__Fusobacteriota;c__Fusobacteriia;o__Fusobacteriales;f__Leptotrichiaceae;g__Sneathia,temperate
v062a	Viruses;Duplodnaviria;Heunggongvirae;Uroviricota;Caudoviricetes;;,NA,temperate
v062b	Viruses;Duplodnaviria;Heunggongvirae;Uroviricota;Caudoviricetes;;,d__Bacteria;p__Bacteroidota;c__Bacteroidia;o__Bacteroidales;f__Bacteroidaceae;g__Prevotella,temperate
v062c	Viruses;Duplodnaviria;Heunggongvirae;Uroviricota;Caudoviricetes;;,d__Bacteria;p__Actinomycetota;c__Actinomycetes;o__Actinomycetales;f__Bifidobacteriaceae;g__Bifidobacterium,temperate
v062d	Viruses;Duplodnaviria;Heunggongvirae;Uroviricota;Caudoviricetes;;,d__Bacteria;p__Bacillota;c__Negativicutes;o__Veillonellales;f__Megasphaeraceae;g__Megasphaera_C,temperate
v062e	Viruses;Duplodnaviria;Heunggongvirae;Uroviricota;Caudoviricetes;;,NA,virulent
v062f	Viruses;Duplodnaviria;Heunggongvirae;Uroviricota;Caudoviricetes;;,NA,virulent
v0630	Viruses;Duplodnaviria;Heunggongvirae;Uroviricota;Caudoviricetes;;,d__Bacteria;p__Bacillota;c__Bacilli;o__Lactobacillales;f__Lactobacillaceae;g__Lactobacillus,temperate
v0631	Viruses;Duplodnaviria;Heunggongvirae;Uroviricota;Caudoviricetes;;,d__Bacteria;p__Actinomycetota;c__Actinomycetes;o__Actinomycetales;f__Bifidobacteriaceae;g__Bifidobacterium,virulent
v0632	Viruses;Duplodnaviria;Heunggongvirae;Uroviricota;Caudoviricetes;;,d__Bacteria;p__Bacillota;c__Negativicutes;o__Veillonellales;f__Megasphaeraceae;g__Megasphaera,virulent
v0633	Viruses;Duplodnaviria;Heunggongvirae;Uroviricota;Caudoviricetes;;,d__Bacteria;p__Fusobacteriota;c__Fusobacteriia;o__Fusobacteriales;f__Leptotrichiaceae;g__Sneathia,temperate
v0634	Viruses;Duplodnaviria;Heunggongvirae;Uroviricota;Caudoviricetes;;,d__Bacteria;p__Actinomycetota;c__Actinomycetes;o__Actinomycetales;f__Bifidobacteriaceae;g__Bifidobacterium,temperate
v0635	Viruses;Duplodnaviria;Heunggongvirae;Uroviricota;Caudoviricetes;;,d__Bacteria;p__Actinomycetota;c__Actinomycetes;o__Actinomycetales;f__Bifidobacteriaceae;g__Bifidobacterium,temperate
v0636	Viruses;Duplodnaviria;Heunggongvirae;Uroviricota;Caudoviricetes;;,d__Bacteria;p__Bacteroidota;c__Bacteroidia;o__Bacteroidales;f__Bacteroidaceae;g__Prevotella,temperate
v0637	Viruses;Duplodnaviria;Heunggongvirae;Uroviricota;Caudoviricetes;;,d__Bacteria;p__Pseudomonadota;c__Gammaproteobacteria;o__Burkholderiales;f__Burkholderiaceae;g__Sutterella,temperate
v0638	Viruses;Duplodnaviria;Heunggongvirae;Uroviricota;Caudoviricetes;;,d__Bacteria;p__Pseudomonadota;c__Gammaproteobacteria;o__Burkholderiales;f__Burkholderiaceae;g__Sutterella,virulent
v0639	Viruses;Duplodnaviria;Heunggongvirae;Uroviricota;Caudoviricetes;;,d__Bacteria;p__Actinomycetota;c__Coriobacteriia;o__Coriobacteriales;f__Atopobiaceae;g__Fannyhessea,temperate
v063a	Viruses;Duplodnaviria;Heunggongvirae;Uroviricota;Caudoviricetes;;,d__Bacteria;p__Bacillota;c__Bacilli;o__Lactobacillales;f__Streptococcaceae;g__Streptococcus,temperate
v063b	Viruses;Duplodnaviria;Heunggongvirae;Uroviricota;Caudoviricetes;;,d__Bacteria;p__Bacteroidota;c__Bacteroidia;o__Bacteroidales;f__Bacteroidaceae;g__Prevotella,virulent
v063c	Viruses;Duplodnaviria;Heunggongvirae;Uroviricota;Caudoviricetes;;,d__Bacteria;p__Actinomycetota;c__Actinomycetes;o__Actinomycetales;f__Bifidobacteriaceae;g__Bifidobacterium,virulent
v063d	Viruses;Duplodnaviria;Heunggongvirae;Uroviricota;Caudoviricetes;;,d__Bacteria;p__Bacillota;c__Bacilli;o__Lactobacillales;f__Streptococcaceae;g__Streptococcus,temperate
v063e	Viruses;Duplodnaviria;Heunggongvirae;Uroviricota;Caudoviricetes;;,NA,temperate
v063f	Viruses;Duplodnaviria;Heunggongvirae;Uroviricota;Caudoviricetes;;,d__Bacteria;p__Fusobacteriota;c__Fusobacteriia;o__Fusobacteriales;f__Leptotrichiaceae;g__Sneathia,temperate
v0640	Viruses;Duplodnaviria;Heunggongvirae;Uroviricota;Caudoviricetes;;,d__Bacteria;p__Bacteroidota;c__Bacteroidia;o__Bacteroidales;f__Bacteroidaceae;g__Prevotella,virulent
v0641	Viruses;Monodnaviria;Sangervirae;Phixviricota;Malgrandaviricetes;Petitvirales;Microviridae,NA,virulent
v0642	Viruses;Duplodnaviria;Heunggongvirae;Uroviricota;Caudoviricetes;;,NA,virulent
v0643	Viruses;Duplodnaviria;Heunggongvirae;Uroviricota;Caudoviricetes;;,d__Bacteria;p__Bacillota;c__Clostridia;o__Tissierellales;f__Peptoniphilaceae;g__Parvimonas,temperate
v0644	Viruses;Duplodnaviria;Heunggongvirae;Uroviricota;Caudoviricetes;;,d__Bacteria;p__Actinomycetota;c__Coriobacteriia;o__Coriobacteriales;f__Eggerthellaceae;g__Berryella,temperate
v0645	Viruses;Duplodnaviria;Heunggongvirae;Uroviricota;Caudoviricetes;;,d__Bacteria;p__Actinomycetota;c__Coriobacteriia;o__Coriobacteriales;f__Eggerthellaceae;g__Berryella,temperate
v0646	NA,NA,virulent
v0647	Viruses;Duplodnaviria;Heunggongvirae;Uroviricota;Caudoviricetes;;,d__Bacteria;p__Bacillota;c__Bacilli;o__Lactobacillales;f__Streptococcaceae;g__Streptococcus,temperate
v0648	Viruses;Duplodnaviria;Heunggongvirae;Uroviricota;Caudoviricetes;;,d__Bacteria;p__Bacillota;c__Bacilli;o__Lactobacillales;f__Streptococcaceae;g__Streptococcus,temperate
v0649	Viruses;Duplodnaviria;Heunggongvirae;Uroviricota;Caudoviricetes;;,d__Bacteria;p__Actinomycetota;c__Coriobacteriia;o__Coriobacteriales;f__Atopobiaceae;g__Fannyhessea,virulent
v064a	Viruses;Duplodnaviria;Heunggongvirae;Uroviricota;Caudoviricetes;;,d__Bacteria;p__Bacillota;c__Negativicutes;o__Veillonellales;f__Megasphaeraceae;g__Megasphaera_C,virulent
v064b	Viruses;Duplodnaviria;Heunggongvirae;Uroviricota;Caudoviricetes;;,d__Bacteria;p__Bacillota;c__Bacilli;o__Lactobacillales;f__Lactobacillaceae;g__Lactobacillus,temperate
v064c	Viruses;Duplodnaviria;Heunggongvirae;Uroviricota;Caudoviricetes;;,NA,temperate
v064d	Viruses;Duplodnaviria;Heunggongvirae;Uroviricota;Caudoviricetes;;,d__Bacteria;p__Actinomycetota;c__Actinomycetes;o__Actinomycetales;f__Bifidobacteriaceae;g__Bifidobacterium,temperate
v064e	Viruses;Duplodnaviria;Heunggongvirae;Uroviricota;Caudoviricetes;;,d__Bacteria;p__Actinomycetota;c__Coriobacteriia;o__Coriobacteriales;f__Atopobiaceae;g__Fannyhessea,temperate
v064f	Viruses;Duplodnaviria;Heunggongvirae;Uroviricota;Caudoviricetes;;,d__Bacteria;p__Bacillota;c__Clostridia;o__Saccharofermentanales;f__Fastidiosipilaceae;g__Mageeibacillus,temperate
v0650	Viruses;Duplodnaviria;Heunggongvirae;Uroviricota;Caudoviricetes;;,NA,temperate
v0651	Viruses;Duplodnaviria;Heunggongvirae;Uroviricota;Caudoviricetes;;,d__Bacteria;p__Actinomycetota;c__Actinomycetes;o__Actinomycetales;f__Bifidobacteriaceae;g__Bifidobacterium,temperate
v0652	Viruses;Duplodnaviria;Heunggongvirae;Uroviricota;Caudoviricetes;;,d__Bacteria;p__Bacteroidota;c__Bacteroidia;o__Bacteroidales;f__Bacteroidaceae;g__Prevotella,temperate
v0653	Viruses;Duplodnaviria;Heunggongvirae;Uroviricota;Caudoviricetes;;,d__Bacteria;p__Bacillota;c__Negativicutes;o__Veillonellales;f__Megasphaeraceae;g__Megasphaera_C,virulent
v0654	Viruses;Duplodnaviria;Heunggongvirae;Uroviricota;Caudoviricetes;;,d__Bacteria;p__Actinomycetota;c__Actinomycetes;o__Actinomycetales;f__Bifidobacteriaceae;g__Bifidobacterium,temperate
v0655	Viruses;Duplodnaviria;Heunggongvirae;Uroviricota;Caudoviricetes;;,d__Bacteria;p__Fusobacteriota;c__Fusobacteriia;o__Fusobacteriales;f__Leptotrichiaceae;g__Sneathia,temperate
v0656	Viruses;Duplodnaviria;Heunggongvirae;Uroviricota;Caudoviricetes;;,d__Bacteria;p__Bacillota;c__Negativicutes;o__Veillonellales;f__Veillonellaceae;g__Veillonella,temperate
v0657	Viruses;Duplodnaviria;Heunggongvirae;Uroviricota;Caudoviricetes;;,d__Bacteria;p__Bacillota;c__Negativicutes;o__Veillonellales;f__Dialisteraceae;g__Dialister,temperate
v0658	Viruses;Duplodnaviria;Heunggongvirae;Uroviricota;Caudoviricetes;;,d__Bacteria;p__Actinomycetota;c__Actinomycetes;o__Actinomycetales;f__Bifidobacteriaceae;g__Bifidobacterium,temperate
v0659	Viruses;Duplodnaviria;Heunggongvirae;Uroviricota;Caudoviricetes;;,d__Bacteria;p__Actinomycetota;c__Actinomycetes;o__Actinomycetales;f__Bifidobacteriaceae;g__Bifidobacterium,virulent
v065a	Viruses;Duplodnaviria;Heunggongvirae;Uroviricota;Caudoviricetes;;,NA,virulent
v065b	Viruses;Duplodnaviria;Heunggongvirae;Uroviricota;Caudoviricetes;;,d__Bacteria;p__Bacillota;c__Negativicutes;o__Veillonellales;f__Megasphaeraceae;g__Megasphaera,temperate
v065c	Viruses;Duplodnaviria;Heunggongvirae;Uroviricota;Caudoviricetes;;,d__Bacteria;p__Bacillota;c__Clostridia;o__Tissierellales;f__Peptoniphilaceae;g__Parvimonas,temperate
v065d	Viruses;Duplodnaviria;Heunggongvirae;Uroviricota;Caudoviricetes;;,d__Bacteria;p__Bacteroidota;c__Bacteroidia;o__Bacteroidales;f__Bacteroidaceae;g__Prevotella,temperate
v065e	Viruses;Duplodnaviria;Heunggongvirae;Uroviricota;Caudoviricetes;;,d__Bacteria;p__Actinomycetota;c__Actinomycetes;o__Actinomycetales;f__Bifidobacteriaceae;g__Bifidobacterium,temperate
v065f	Viruses;Duplodnaviria;Heunggongvirae;Uroviricota;Caudoviricetes;;,d__Bacteria;p__Actinomycetota;c__Coriobacteriia;o__Coriobacteriales;f__Eggerthellaceae;g__Berryella,temperate
v0660	Viruses;Duplodnaviria;Heunggongvirae;Uroviricota;Caudoviricetes;;,d__Bacteria;p__Bacillota;c__Bacilli;o__Lactobacillales;f__Lactobacillaceae;g__Lactobacillus,virulent
v0661	Viruses;Duplodnaviria;Heunggongvirae;Uroviricota;Caudoviricetes;;,NA,temperate
v0662	Viruses;Duplodnaviria;Heunggongvirae;Uroviricota;Caudoviricetes;;,d__Bacteria;p__Bacillota;c__Clostridia;o__Saccharofermentanales;f__Fastidiosipilaceae;g__Amygdalobacter,temperate
v0663	Viruses;Duplodnaviria;Heunggongvirae;Uroviricota;Caudoviricetes;;,NA,virulent
v0664	Viruses;Duplodnaviria;Heunggongvirae;Uroviricota;Caudoviricetes;;,d__Bacteria;p__Actinomycetota;c__Coriobacteriia;o__Coriobacteriales;f__Eggerthellaceae;g__Berryella,temperate
v0665	Viruses;Duplodnaviria;Heunggongvirae;Uroviricota;Caudoviricetes;;,d__Bacteria;p__Actinomycetota;c__Actinomycetes;o__Actinomycetales;f__Actinomycetaceae;g__Mobiluncus,temperate
v0666	Viruses;Duplodnaviria;Heunggongvirae;Uroviricota;Caudoviricetes;;,d__Bacteria;p__Actinomycetota;c__Coriobacteriia;o__Coriobacteriales;f__Atopobiaceae;g__Fannyhessea,temperate
v0667	Viruses;Duplodnaviria;Heunggongvirae;Uroviricota;Caudoviricetes;;,d__Bacteria;p__Actinomycetota;c__Coriobacteriia;o__Coriobacteriales;f__Atopobiaceae;g__Fannyhessea,temperate
v0668	Viruses;Duplodnaviria;Heunggongvirae;Uroviricota;Caudoviricetes;;,d__Bacteria;p__Bacteroidota;c__Bacteroidia;o__Bacteroidales;f__Bacteroidaceae;g__Prevotella,temperate
v0669	Viruses;Duplodnaviria;Heunggongvirae;Uroviricota;Caudoviricetes;;,d__Bacteria;p__Actinomycetota;c__Coriobacteriia;o__Coriobacteriales;f__Atopobiaceae;g__Fannyhessea,temperate
v066a	Viruses;Duplodnaviria;Heunggongvirae;Uroviricota;Caudoviricetes;;,d__Bacteria;p__Actinomycetota;c__Coriobacteriia;o__Coriobacteriales;f__Atopobiaceae;g__Fannyhessea,temperate
v066b	Viruses;Duplodnaviria;Heunggongvirae;Uroviricota;Caudoviricetes;;,d__Bacteria;p__Bacillota;c__Negativicutes;o__Veillonellales;f__Megasphaeraceae;g__Megasphaera_C,virulent
v066c	Viruses;Duplodnaviria;Heunggongvirae;Uroviricota;Caudoviricetes;;,NA,temperate
v066d	Viruses;Duplodnaviria;Heunggongvirae;Uroviricota;Caudoviricetes;;,d__Bacteria;p__Bacteroidota;c__Bacteroidia;o__Bacteroidales;f__Porphyromonadaceae;g__Porphyromonas,temperate
v066e	Viruses;Duplodnaviria;Heunggongvirae;Uroviricota;Caudoviricetes;;,d__Bacteria;p__Bacteroidota;c__Bacteroidia;o__Bacteroidales;f__Bacteroidaceae;g__Prevotella,temperate
v066f	Viruses;Duplodnaviria;Heunggongvirae;Uroviricota;Caudoviricetes;;,d__Bacteria;p__Bacillota;c__Bacilli;o__Lactobacillales;f__Streptococcaceae;g__Streptococcus,virulent
v0670	Viruses;Duplodnaviria;Heunggongvirae;Uroviricota;Caudoviricetes;;,d__Bacteria;p__Bacillota;c__Negativicutes;o__Veillonellales;f__Megasphaeraceae;g__Megasphaera_C,temperate
v0671	Viruses;Duplodnaviria;Heunggongvirae;Uroviricota;Caudoviricetes;;,d__Bacteria;p__Actinomycetota;c__Actinomycetes;o__Actinomycetales;f__Bifidobacteriaceae;g__Bifidobacterium,temperate
v0672	Viruses;Duplodnaviria;Heunggongvirae;Uroviricota;Caudoviricetes;;,d__Bacteria;p__Actinomycetota;c__Coriobacteriia;o__Coriobacteriales;f__Eggerthellaceae;g__Berryella,temperate
v0673	Viruses;Duplodnaviria;Heunggongvirae;Uroviricota;Caudoviricetes;;,d__Bacteria;p__Bacteroidota;c__Bacteroidia;o__Bacteroidales;f__Bacteroidaceae;g__Prevotella,temperate
v0674	Viruses;Duplodnaviria;Heunggongvirae;Uroviricota;Caudoviricetes;;,d__Bacteria;p__Actinomycetota;c__Actinomycetes;o__Actinomycetales;f__Actinomycetaceae;g__Mobiluncus,temperate
v0675	Viruses;Duplodnaviria;Heunggongvirae;Uroviricota;Caudoviricetes;;,d__Bacteria;p__Bacillota;c__Negativicutes;o__Veillonellales;f__Dialisteraceae;g__Dialister,temperate
v0676	Viruses;Duplodnaviria;Heunggongvirae;Uroviricota;Caudoviricetes;;,d__Bacteria;p__Bacteroidota;c__Bacteroidia;o__Bacteroidales;f__Bacteroidaceae;g__Prevotella,temperate
v0677	Viruses;Duplodnaviria;Heunggongvirae;Uroviricota;Caudoviricetes;;,d__Bacteria;p__Bacteroidota;c__Bacteroidia;o__Bacteroidales;f__Bacteroidaceae;g__Prevotella,temperate
v0678	Viruses;Duplodnaviria;Heunggongvirae;Uroviricota;Caudoviricetes;;,d__Bacteria;p__Bacillota;c__Negativicutes;o__Veillonellales;f__Megasphaeraceae;g__Megasphaera,temperate
v0679	Viruses;Duplodnaviria;Heunggongvirae;Uroviricota;Caudoviricetes;;,d__Bacteria;p__Actinomycetota;c__Actinomycetes;o__Actinomycetales;f__Bifidobacteriaceae;g__Bifidobacterium,virulent
v067a	Viruses;Duplodnaviria;Heunggongvirae;Uroviricota;Caudoviricetes;;,NA,virulent
v067b	Viruses;Duplodnaviria;Heunggongvirae;Uroviricota;Caudoviricetes;;,NA,virulent
v067c	Viruses;Duplodnaviria;Heunggongvirae;Uroviricota;Caudoviricetes;;,d__Bacteria;p__Bacillota;c__Bacilli;o__Lactobacillales;f__Streptococcaceae;g__Streptococcus,temperate
v067d	Viruses;Duplodnaviria;Heunggongvirae;Uroviricota;Caudoviricetes;;,d__Bacteria;p__Bacillota;c__Bacilli;o__Lactobacillales;f__Streptococcaceae;g__Streptococcus,temperate
v067e	NA,d__Bacteria;p__Bacillota;c__Bacilli;o__Lactobacillales;f__Streptococcaceae;g__Streptococcus,temperate
v067f	Viruses;Duplodnaviria;Heunggongvirae;Uroviricota;Caudoviricetes;;,d__Bacteria;p__Actinomycetota;c__Actinomycetes;o__Actinomycetales;f__Bifidobacteriaceae;g__Bifidobacterium,temperate
v0680	Viruses;Monodnaviria;Sangervirae;Phixviricota;Malgrandaviricetes;Petitvirales;Microviridae,NA,virulent
v0681	Viruses;Duplodnaviria;Heunggongvirae;Uroviricota;Caudoviricetes;;,d__Bacteria;p__Bacteroidota;c__Bacteroidia;o__Bacteroidales;f__Bacteroidaceae;g__Prevotella,temperate
v0682	Viruses;Duplodnaviria;Heunggongvirae;Uroviricota;Caudoviricetes;;,d__Bacteria;p__Bacillota;c__Clostridia;o__Tissierellales;f__Peptoniphilaceae;g__Peptoniphilus_A,temperate
v0683	Viruses;Duplodnaviria;Heunggongvirae;Uroviricota;Caudoviricetes;;,d__Bacteria;p__Bacillota;c__Negativicutes;o__Veillonellales;f__Dialisteraceae;g__Dialister,temperate
v0684	Viruses;Duplodnaviria;Heunggongvirae;Uroviricota;Caudoviricetes;;,d__Bacteria;p__Actinomycetota;c__Actinomycetes;o__Actinomycetales;f__Bifidobacteriaceae;g__Bifidobacterium,virulent
v0685	Viruses;Duplodnaviria;Heunggongvirae;Uroviricota;Caudoviricetes;;,d__Bacteria;p__Actinomycetota;c__Coriobacteriia;o__Coriobacteriales;f__Atopobiaceae;g__Fannyhessea,temperate
v0686	Viruses;Duplodnaviria;Heunggongvirae;Uroviricota;Caudoviricetes;;,d__Bacteria;p__Bacteroidota;c__Bacteroidia;o__Bacteroidales;f__Bacteroidaceae;g__Prevotella,temperate
v0687	Viruses;Duplodnaviria;Heunggongvirae;Uroviricota;Caudoviricetes;;,d__Bacteria;p__Actinomycetota;c__Coriobacteriia;o__Coriobacteriales;f__Atopobiaceae;g__Fannyhessea,temperate
v0688	NA,d__Bacteria;p__Bacteroidota;c__Bacteroidia;o__Bacteroidales;f__Bacteroidaceae;g__Prevotella,virulent
v0689	Viruses;Duplodnaviria;Heunggongvirae;Uroviricota;Caudoviricetes;;,d__Bacteria;p__Bacillota;c__Clostridia;o__Tissierellales;f__Peptoniphilaceae;g__Parvimonas,temperate
v068a	Viruses;Duplodnaviria;Heunggongvirae;Uroviricota;Caudoviricetes;;,d__Bacteria;p__Actinomycetota;c__Actinomycetes;o__Actinomycetales;f__Bifidobacteriaceae;g__Bifidobacterium,temperate
v068b	Viruses;Duplodnaviria;Heunggongvirae;Uroviricota;Caudoviricetes;;,d__Bacteria;p__Actinomycetota;c__Coriobacteriia;o__Coriobacteriales;f__Atopobiaceae;g__Fannyhessea,temperate
v068c	Viruses;Duplodnaviria;Heunggongvirae;Uroviricota;Caudoviricetes;;,d__Bacteria;p__Bacillota;c__Bacilli;o__Lactobacillales;f__Lactobacillaceae;g__Lactobacillus,temperate
v068d	Viruses;Duplodnaviria;Heunggongvirae;Uroviricota;Caudoviricetes;;,d__Bacteria;p__Actinomycetota;c__Actinomycetes;o__Actinomycetales;f__Bifidobacteriaceae;g__Bifidobacterium,temperate
v068e	Viruses;Duplodnaviria;Heunggongvirae;Uroviricota;Caudoviricetes;;,d__Bacteria;p__Actinomycetota;c__Coriobacteriia;o__Coriobacteriales;f__Atopobiaceae;g__Fannyhessea,temperate
v068f	Viruses;Duplodnaviria;Heunggongvirae;Uroviricota;Caudoviricetes;;,d__Bacteria;p__Actinomycetota;c__Actinomycetes;o__Actinomycetales;f__Bifidobacteriaceae;g__Bifidobacterium,temperate
v0690	Viruses;Duplodnaviria;Heunggongvirae;Uroviricota;Caudoviricetes;;,d__Bacteria;p__Bacillota;c__Clostridia;o__Peptostreptococcales;f__Peptostreptococcaceae;g__Peptostreptococcus,temperate
v0691	Viruses;Duplodnaviria;Heunggongvirae;Uroviricota;Caudoviricetes;;,d__Bacteria;p__Bacteroidota;c__Bacteroidia;o__Bacteroidales;f__UBA932;g__Cryptobacteroides,temperate
v0692	Viruses;Duplodnaviria;Heunggongvirae;Uroviricota;Caudoviricetes;;,NA,temperate
v0693	Viruses;Duplodnaviria;Heunggongvirae;Uroviricota;Caudoviricetes;;,d__Bacteria;p__Actinomycetota;c__Coriobacteriia;o__Coriobacteriales;f__Atopobiaceae;g__Fannyhessea,temperate
v0694	Viruses;Duplodnaviria;Heunggongvirae;Uroviricota;Caudoviricetes;;,d__Bacteria;p__Bacteroidota;c__Bacteroidia;o__Bacteroidales;f__Bacteroidaceae;g__Prevotella,temperate
v0695	Viruses;Duplodnaviria;Heunggongvirae;Uroviricota;Caudoviricetes;;,NA,virulent
v0696	NA,d__Bacteria;p__Actinomycetota;c__Actinomycetes;o__Actinomycetales;f__Bifidobacteriaceae;g__Bifidobacterium,temperate
v0697	Viruses;Duplodnaviria;Heunggongvirae;Uroviricota;Caudoviricetes;;,d__Bacteria;p__Bacillota;c__Bacilli;o__Lactobacillales;f__Lactobacillaceae;g__Lactobacillus,temperate
v0698	Viruses;Duplodnaviria;Heunggongvirae;Uroviricota;Caudoviricetes;;,d__Bacteria;p__Bacteroidota;c__Bacteroidia;o__Bacteroidales;f__Bacteroidaceae;g__Prevotella,temperate
v0699	Viruses;Duplodnaviria;Heunggongvirae;Uroviricota;Caudoviricetes;;,d__Bacteria;p__Bacillota;c__Clostridia;o__Tissierellales;f__Peptoniphilaceae;g__Finegoldia,temperate
v069a	Viruses;Duplodnaviria;Heunggongvirae;Uroviricota;Caudoviricetes;;,d__Bacteria;p__Actinomycetota;c__Coriobacteriia;o__Coriobacteriales;f__Eggerthellaceae;g__Berryella,temperate
v069b	Viruses;Duplodnaviria;Heunggongvirae;Uroviricota;Caudoviricetes;;,d__Bacteria;p__Pseudomonadota;c__Gammaproteobacteria;o__Enterobacterales;f__Enterobacteriaceae;g__Escherichia,temperate
v069c	Viruses;Duplodnaviria;Heunggongvirae;Uroviricota;Caudoviricetes;;,d__Bacteria;p__Actinomycetota;c__Actinomycetes;o__Actinomycetales;f__Bifidobacteriaceae;g__Bifidobacterium,temperate
v069d	Viruses;Duplodnaviria;Heunggongvirae;Uroviricota;Caudoviricetes;;,d__Bacteria;p__Actinomycetota;c__Actinomycetes;o__Actinomycetales;f__Bifidobacteriaceae;g__Bifidobacterium,temperate
v069e	Viruses;Duplodnaviria;Heunggongvirae;Uroviricota;Caudoviricetes;;,d__Bacteria;p__Bacillota;c__Negativicutes;o__Veillonellales;f__Megasphaeraceae;g__Megasphaera_C,temperate
v069f	Viruses;Duplodnaviria;Heunggongvirae;Uroviricota;Caudoviricetes;;,d__Bacteria;p__Actinomycetota;c__Actinomycetes;o__Actinomycetales;f__Bifidobacteriaceae;g__Bifidobacterium,temperate
v06a0	Viruses;Duplodnaviria;Heunggongvirae;Uroviricota;Caudoviricetes;;,d__Bacteria;p__Actinomycetota;c__Actinomycetes;o__Actinomycetales;f__Bifidobacteriaceae;g__Bifidobacterium,temperate
v06a1	Viruses;Duplodnaviria;Heunggongvirae;Uroviricota;Caudoviricetes;;,d__Bacteria;p__Actinomycetota;c__Actinomycetes;o__Actinomycetales;f__Bifidobacteriaceae;g__Bifidobacterium,temperate
v06a3	Viruses;Duplodnaviria;Heunggongvirae;Uroviricota;Caudoviricetes;;,d__Bacteria;p__Actinomycetota;c__Actinomycetes;o__Actinomycetales;f__Bifidobacteriaceae;g__Bifidobacterium,temperate
v06a4	Viruses;Duplodnaviria;Heunggongvirae;Uroviricota;Caudoviricetes;;,d__Bacteria;p__Bacillota;c__Bacilli;o__Lactobacillales;f__Streptococcaceae;g__Streptococcus,temperate
v06a5	Viruses;Duplodnaviria;Heunggongvirae;Uroviricota;Caudoviricetes;;,d__Bacteria;p__Bacillota;c__Bacilli;o__Lactobacillales;f__Streptococcaceae;g__Streptococcus,temperate
v06a6	Viruses;Duplodnaviria;Heunggongvirae;Uroviricota;Caudoviricetes;;,d__Bacteria;p__Bacillota;c__Clostridia;o__Lachnospirales;f__Lachnospiraceae;g__UBA4285,temperate
v06a7	Viruses;Duplodnaviria;Heunggongvirae;Uroviricota;Caudoviricetes;;,d__Bacteria;p__Bacillota;c__Negativicutes;o__Veillonellales;f__Megasphaeraceae;g__Megasphaera_C,temperate
v06a8	Viruses;Duplodnaviria;Heunggongvirae;Uroviricota;Caudoviricetes;;,d__Bacteria;p__Actinomycetota;c__Coriobacteriia;o__Coriobacteriales;f__Atopobiaceae;g__Fannyhessea,temperate
v06a9	Viruses;Duplodnaviria;Heunggongvirae;Uroviricota;Caudoviricetes;;,d__Bacteria;p__Bacillota;c__Bacilli;o__Lactobacillales;f__Lactobacillaceae;g__Lactobacillus,temperate
v06aa	Viruses;Duplodnaviria;Heunggongvirae;Uroviricota;Caudoviricetes;;Rountreeviridae,NA,virulent
v06ab	Viruses;Duplodnaviria;Heunggongvirae;Uroviricota;Caudoviricetes;;,d__Bacteria;p__Actinomycetota;c__Coriobacteriia;o__Coriobacteriales;f__Atopobiaceae;g__Fannyhessea,temperate
v06ac	Viruses;Duplodnaviria;Heunggongvirae;Uroviricota;Caudoviricetes;;,d__Bacteria;p__Actinomycetota;c__Actinomycetes;o__Actinomycetales;f__Bifidobacteriaceae;g__Bifidobacterium,temperate
v06ad	Viruses;Duplodnaviria;Heunggongvirae;Uroviricota;Caudoviricetes;;Rountreeviridae,d__Bacteria;p__Bacillota;c__Bacilli;o__Lactobacillales;f__Streptococcaceae;g__Streptococcus,virulent
v06ae	Viruses;Duplodnaviria;Heunggongvirae;Uroviricota;Caudoviricetes;;,d__Bacteria;p__Actinomycetota;c__Actinomycetes;o__Actinomycetales;f__Bifidobacteriaceae;g__Bifidobacterium,virulent
v06af	Viruses;Duplodnaviria;Heunggongvirae;Uroviricota;Caudoviricetes;;,NA,virulent
v06b0	Viruses;Duplodnaviria;Heunggongvirae;Uroviricota;Caudoviricetes;;,d__Bacteria;p__Actinomycetota;c__Coriobacteriia;o__Coriobacteriales;f__Atopobiaceae;g__Fannyhessea,temperate
v06b1	Viruses;Duplodnaviria;Heunggongvirae;Uroviricota;Caudoviricetes;;,d__Bacteria;p__Actinomycetota;c__Coriobacteriia;o__Coriobacteriales;f__Eggerthellaceae;g__Berryella,temperate
v06b2	Viruses;Duplodnaviria;Heunggongvirae;Uroviricota;Caudoviricetes;;,d__Bacteria;p__Patescibacteriota;c__Saccharimonadia;o__Saccharimonadales;f__Nanoperiomorbaceae;g__Nanoperiomorbus,temperate
v06b3	Viruses;Duplodnaviria;Heunggongvirae;Uroviricota;Caudoviricetes;;,d__Bacteria;p__Bacteroidota;c__Bacteroidia;o__Bacteroidales;f__Bacteroidaceae;g__Prevotella,virulent
v06b4	Viruses;Duplodnaviria;Heunggongvirae;Uroviricota;Caudoviricetes;;,d__Bacteria;p__Bacillota;c__Clostridia;o__Lachnospirales;f__Lachnospiraceae;g__UBA629,temperate
v06b5	Viruses;Duplodnaviria;Heunggongvirae;Uroviricota;Caudoviricetes;;,d__Bacteria;p__Bacillota;c__Bacilli;o__Lactobacillales;f__Lactobacillaceae;g__Lactobacillus,temperate
v06b6	Viruses;Duplodnaviria;Heunggongvirae;Uroviricota;Caudoviricetes;;,d__Bacteria;p__Bacteroidota;c__Bacteroidia;o__Bacteroidales;f__Bacteroidaceae;g__Prevotella,temperate
v06b7	Viruses;Duplodnaviria;Heunggongvirae;Uroviricota;Caudoviricetes;;,d__Bacteria;p__Bacteroidota;c__Bacteroidia;o__Bacteroidales;f__Bacteroidaceae;g__Prevotella,temperate
v06b8	Viruses;Duplodnaviria;Heunggongvirae;Uroviricota;Caudoviricetes;;,d__Bacteria;p__Bacillota;c__Negativicutes;o__Veillonellales;f__Megasphaeraceae;g__Megasphaera_C,temperate
v06ba	Viruses;Duplodnaviria;Heunggongvirae;Uroviricota;Caudoviricetes;;,d__Bacteria;p__Bacillota;c__Bacilli;o__Lactobacillales;f__Lactobacillaceae;g__Lactobacillus,temperate
v06bb	NA,d__Bacteria;p__Actinomycetota;c__Actinomycetes;o__Mycobacteriales;f__Mycobacteriaceae;g__Corynebacterium,temperate
v06bc	Viruses;Duplodnaviria;Heunggongvirae;Uroviricota;Caudoviricetes;;,d__Bacteria;p__Actinomycetota;c__Actinomycetes;o__Actinomycetales;f__Bifidobacteriaceae;g__Bifidobacterium,temperate
v06bd	Viruses;Duplodnaviria;Heunggongvirae;Uroviricota;Caudoviricetes;;,d__Bacteria;p__Actinomycetota;c__Coriobacteriia;o__Coriobacteriales;f__Atopobiaceae;g__Fannyhessea,temperate
v06be	Viruses;Duplodnaviria;Heunggongvirae;Uroviricota;Caudoviricetes;;,d__Bacteria;p__Actinomycetota;c__Actinomycetes;o__Actinomycetales;f__Actinomycetaceae;g__Trueperella,temperate
v06bf	Viruses;Duplodnaviria;Heunggongvirae;Uroviricota;Caudoviricetes;;,d__Bacteria;p__Bacillota;c__Bacilli;o__Lactobacillales;f__Aerococcaceae;g__Falseniella,temperate
v06c0	Viruses;Duplodnaviria;Heunggongvirae;Uroviricota;Caudoviricetes;;,d__Bacteria;p__Pseudomonadota;c__Gammaproteobacteria;o__Burkholderiales;f__Burkholderiaceae;g__Oligella,temperate
v06c1	Viruses;Duplodnaviria;Heunggongvirae;Uroviricota;Caudoviricetes;;,d__Bacteria;p__Actinomycetota;c__Actinomycetes;o__Mycobacteriales;f__Mycobacteriaceae;g__Corynebacterium,virulent
v06c2	Viruses;Duplodnaviria;Heunggongvirae;Uroviricota;Caudoviricetes;;,NA,temperate
v06c3	Viruses;Duplodnaviria;Heunggongvirae;Uroviricota;Caudoviricetes;;,NA,virulent
v06c4	Viruses;Duplodnaviria;Heunggongvirae;Uroviricota;Caudoviricetes;;,d__Bacteria;p__Actinomycetota;c__Actinomycetes;o__Actinomycetales;f__Actinomycetaceae;g__Gleimia,temperate
v06c5	Viruses;Duplodnaviria;Heunggongvirae;Uroviricota;Caudoviricetes;;,NA,virulent
v06c6	Viruses;Duplodnaviria;Heunggongvirae;Uroviricota;Caudoviricetes;;,d__Bacteria;p__Actinomycetota;c__Actinomycetes;o__Mycobacteriales;f__Mycobacteriaceae;g__Corynebacterium,virulent
v06c7	Viruses;Duplodnaviria;Heunggongvirae;Uroviricota;Caudoviricetes;;,NA,virulent
v06c8	Viruses;Duplodnaviria;Heunggongvirae;Uroviricota;Caudoviricetes;;,d__Bacteria;p__Actinomycetota;c__Actinomycetes;o__Actinomycetales;f__Bifidobacteriaceae;g__Bifidobacterium,temperate
v06c9	Viruses;Duplodnaviria;Heunggongvirae;Uroviricota;Caudoviricetes;;,NA,virulent
v06ca	Viruses;Duplodnaviria;Heunggongvirae;Uroviricota;Caudoviricetes;;,NA,virulent
v06cb	Viruses;Duplodnaviria;Heunggongvirae;Uroviricota;Caudoviricetes;;,d__Bacteria;p__Actinomycetota;c__Actinomycetes;o__Actinomycetales;f__Bifidobacteriaceae;g__Bifidobacterium,temperate
v06cc	Viruses;Duplodnaviria;Heunggongvirae;Uroviricota;Caudoviricetes;;,d__Bacteria;p__Actinomycetota;c__Coriobacteriia;o__Coriobacteriales;f__Eggerthellaceae;g__Berryella,temperate
v06cd	Viruses;Duplodnaviria;Heunggongvirae;Uroviricota;Caudoviricetes;;,d__Bacteria;p__Actinomycetota;c__Actinomycetes;o__Actinomycetales;f__Bifidobacteriaceae;g__Bifidobacterium,temperate
v06ce	Viruses;Duplodnaviria;Heunggongvirae;Uroviricota;Caudoviricetes;;,d__Bacteria;p__Actinomycetota;c__Actinomycetes;o__Actinomycetales;f__Bifidobacteriaceae;g__Bifidobacterium,temperate
v06d0	Viruses;Duplodnaviria;Heunggongvirae;Uroviricota;Caudoviricetes;;,NA,virulent
v06d1	Viruses;Duplodnaviria;Heunggongvirae;Uroviricota;Caudoviricetes;;,d__Bacteria;p__Actinomycetota;c__Coriobacteriia;o__Coriobacteriales;f__Eggerthellaceae;g__Berryella,temperate
v06d2	Viruses;Duplodnaviria;Heunggongvirae;Uroviricota;Caudoviricetes;;,d__Bacteria;p__Actinomycetota;c__Coriobacteriia;o__Coriobacteriales;f__Eggerthellaceae;g__Berryella,temperate
v06d3	Viruses;Duplodnaviria;Heunggongvirae;Uroviricota;Caudoviricetes;;,NA,virulent
v06d4	Viruses;Duplodnaviria;Heunggongvirae;Uroviricota;Caudoviricetes;;,d__Bacteria;p__Actinomycetota;c__Actinomycetes;o__Actinomycetales;f__Bifidobacteriaceae;g__Bifidobacterium,temperate
v06d6	Viruses;Duplodnaviria;Heunggongvirae;Uroviricota;Caudoviricetes;;,d__Bacteria;p__Actinomycetota;c__Coriobacteriia;o__Coriobacteriales;f__Atopobiaceae;g__Fannyhessea,temperate
v06d7	Viruses;Duplodnaviria;Heunggongvirae;Uroviricota;Caudoviricetes;;,NA,temperate
v06d8	Viruses;Duplodnaviria;Heunggongvirae;Uroviricota;Caudoviricetes;;,d__Bacteria;p__Bacteroidota;c__Bacteroidia;o__Bacteroidales;f__Bacteroidaceae;g__Prevotella,virulent
v06d9	Viruses;Duplodnaviria;Heunggongvirae;Uroviricota;Caudoviricetes;;,d__Bacteria;p__Actinomycetota;c__Actinomycetes;o__Actinomycetales;f__Bifidobacteriaceae;g__Bifidobacterium,temperate
v06da	Viruses;Duplodnaviria;Heunggongvirae;Uroviricota;Caudoviricetes;;,d__Bacteria;p__Actinomycetota;c__Coriobacteriia;o__Coriobacteriales;f__Atopobiaceae;g__Fannyhessea,virulent
v06db	Viruses;Duplodnaviria;Heunggongvirae;Uroviricota;Caudoviricetes;;,d__Bacteria;p__Bacteroidota;c__Bacteroidia;o__Bacteroidales;f__Bacteroidaceae;g__Prevotella,temperate
v06dc	Viruses;Duplodnaviria;Heunggongvirae;Uroviricota;Caudoviricetes;;,d__Bacteria;p__Actinomycetota;c__Actinomycetes;o__Actinomycetales;f__Bifidobacteriaceae;g__Bifidobacterium,virulent
v06dd	Viruses;Duplodnaviria;Heunggongvirae;Uroviricota;Caudoviricetes;;,NA,virulent
v06de	Viruses;Duplodnaviria;Heunggongvirae;Uroviricota;Caudoviricetes;;,d__Bacteria;p__Actinomycetota;c__Actinomycetes;o__Actinomycetales;f__Bifidobacteriaceae;g__Bifidobacterium,virulent
v06df	Viruses;Duplodnaviria;Heunggongvirae;Uroviricota;Caudoviricetes;;,d__Bacteria;p__Actinomycetota;c__Actinomycetes;o__Actinomycetales;f__Bifidobacteriaceae;g__Bifidobacterium,virulent
v06e0	Viruses;Duplodnaviria;Heunggongvirae;Uroviricota;Caudoviricetes;;,d__Bacteria;p__Bacillota;c__Clostridia;o__Tissierellales;f__Peptoniphilaceae;g__Finegoldia,temperate
v06e1	Viruses;Duplodnaviria;Heunggongvirae;Uroviricota;Caudoviricetes;;,d__Bacteria;p__Bacillota;c__Bacilli;o__Lactobacillales;f__Streptococcaceae;g__Streptococcus,temperate
v06e2	Viruses;Duplodnaviria;Heunggongvirae;Uroviricota;Caudoviricetes;;,d__Bacteria;p__Bacillota;c__Clostridia;o__Tissierellales;f__Peptoniphilaceae;g__Peptoniphilus_A,temperate
v06e3	Viruses;Duplodnaviria;Heunggongvirae;Uroviricota;Caudoviricetes;;,d__Bacteria;p__Bacillota;c__Clostridia;o__Tissierellales;f__Peptoniphilaceae;g__Finegoldia,temperate
v06e4	Viruses;Duplodnaviria;Heunggongvirae;Uroviricota;Caudoviricetes;;,d__Bacteria;p__Bacillota;c__Clostridia;o__Tissierellales;f__Peptoniphilaceae;g__Peptoniphilus_A,temperate
v06e5	Viruses;Duplodnaviria;Heunggongvirae;Uroviricota;Caudoviricetes;;,d__Bacteria;p__Actinomycetota;c__Coriobacteriia;o__Coriobacteriales;f__Atopobiaceae;g__Fannyhessea,temperate
v06e6	Viruses;Duplodnaviria;Heunggongvirae;Uroviricota;Caudoviricetes;;,d__Bacteria;p__Bacteroidota;c__Bacteroidia;o__Bacteroidales;f__Bacteroidaceae;g__Prevotella,virulent
v06e7	Viruses;Duplodnaviria;Heunggongvirae;Uroviricota;Caudoviricetes;;,d__Bacteria;p__Fusobacteriota;c__Fusobacteriia;o__Fusobacteriales;f__Leptotrichiaceae;g__Sneathia,temperate
v06e8	Viruses;Duplodnaviria;Heunggongvirae;Uroviricota;Caudoviricetes;;,d__Bacteria;p__Bacteroidota;c__Bacteroidia;o__Bacteroidales;f__Bacteroidaceae;g__Prevotella,temperate
v06e9	Viruses;Duplodnaviria;Heunggongvirae;Uroviricota;Caudoviricetes;;,d__Bacteria;p__Bacteroidota;c__Bacteroidia;o__Bacteroidales;f__Bacteroidaceae;g__Prevotella,virulent
v06ea	Viruses;Duplodnaviria;Heunggongvirae;Uroviricota;Caudoviricetes;;,d__Bacteria;p__Bacillota;c__Bacilli;o__Lactobacillales;f__Enterococcaceae;g__Enterococcus,temperate
v06eb	Viruses;Duplodnaviria;Heunggongvirae;Uroviricota;Caudoviricetes;;,d__Bacteria;p__Actinomycetota;c__Actinomycetes;o__Actinomycetales;f__Bifidobacteriaceae;g__Bifidobacterium,virulent
v06ec	Viruses;Duplodnaviria;Heunggongvirae;Uroviricota;Caudoviricetes;;,d__Bacteria;p__Actinomycetota;c__Actinomycetes;o__Actinomycetales;f__Bifidobacteriaceae;g__Bifidobacterium,temperate
v06ed	Viruses;Duplodnaviria;Heunggongvirae;Uroviricota;Caudoviricetes;;,d__Bacteria;p__Bacteroidota;c__Bacteroidia;o__Bacteroidales;f__Bacteroidaceae;g__Alloprevotella,virulent
v06ee	Viruses;Duplodnaviria;Heunggongvirae;Uroviricota;Caudoviricetes;;,d__Bacteria;p__Actinomycetota;c__Coriobacteriia;o__Coriobacteriales;f__Atopobiaceae;g__Fannyhessea,temperate
v06ef	Viruses;Duplodnaviria;Heunggongvirae;Uroviricota;Caudoviricetes;;,NA,virulent
v06f0	Viruses;Duplodnaviria;Heunggongvirae;Uroviricota;Caudoviricetes;;,d__Bacteria;p__Bacteroidota;c__Bacteroidia;o__Bacteroidales;f__Bacteroidaceae;g__Prevotella,temperate
v06f1	Viruses;Duplodnaviria;Heunggongvirae;Uroviricota;Caudoviricetes;;,d__Bacteria;p__Bacillota;c__Negativicutes;o__Veillonellales;f__Megasphaeraceae;g__Megasphaera_C,virulent
v06f2	Viruses;Duplodnaviria;Heunggongvirae;Uroviricota;Caudoviricetes;;,d__Bacteria;p__Actinomycetota;c__Actinomycetes;o__Actinomycetales;f__Bifidobacteriaceae;g__Bifidobacterium,temperate
v06f3	Viruses;Duplodnaviria;Heunggongvirae;Uroviricota;Caudoviricetes;;,NA,virulent
v06f4	Viruses;Duplodnaviria;Heunggongvirae;Uroviricota;Caudoviricetes;;,d__Bacteria;p__Actinomycetota;c__Actinomycetes;o__Actinomycetales;f__Bifidobacteriaceae;g__Bifidobacterium,temperate
v06f5	Viruses;Duplodnaviria;Heunggongvirae;Uroviricota;Caudoviricetes;;,d__Bacteria;p__Actinomycetota;c__Actinomycetes;o__Actinomycetales;f__Bifidobacteriaceae;g__Bifidobacterium,temperate
v06f6	Viruses;Duplodnaviria;Heunggongvirae;Uroviricota;Caudoviricetes;;,d__Bacteria;p__Bacillota;c__Bacilli;o__Staphylococcales;f__Gemellaceae;g__Gemelliphila,temperate
v06f7	Viruses;Duplodnaviria;Heunggongvirae;Uroviricota;Caudoviricetes;;,d__Bacteria;p__Bacteroidota;c__Bacteroidia;o__Bacteroidales;f__Bacteroidaceae;g__Prevotella,virulent
v06f8	Viruses;Duplodnaviria;Heunggongvirae;Uroviricota;Caudoviricetes;;,d__Bacteria;p__Bacillota;c__Negativicutes;o__Veillonellales;f__Megasphaeraceae;g__Megasphaera_C,temperate
v06f9	Viruses;Duplodnaviria;Heunggongvirae;Uroviricota;Caudoviricetes;;,d__Bacteria;p__Actinomycetota;c__Actinomycetes;o__Actinomycetales;f__Bifidobacteriaceae;g__Bifidobacterium,virulent
v06fa	Viruses;Duplodnaviria;Heunggongvirae;Uroviricota;Caudoviricetes;;,d__Bacteria;p__Actinomycetota;c__Actinomycetes;o__Actinomycetales;f__Bifidobacteriaceae;g__Bifidobacterium,virulent
v06fb	Viruses;Duplodnaviria;Heunggongvirae;Uroviricota;Caudoviricetes;;,d__Bacteria;p__Actinomycetota;c__Actinomycetes;o__Actinomycetales;f__Bifidobacteriaceae;g__Bifidobacterium,temperate
v06fc	Viruses;Duplodnaviria;Heunggongvirae;Uroviricota;Caudoviricetes;;,d__Bacteria;p__Actinomycetota;c__Actinomycetes;o__Actinomycetales;f__Bifidobacteriaceae;g__Bifidobacterium,temperate
v06fd	Viruses;Duplodnaviria;Heunggongvirae;Uroviricota;Caudoviricetes;;,d__Bacteria;p__Actinomycetota;c__Coriobacteriia;o__Coriobacteriales;f__Atopobiaceae;g__Fannyhessea,temperate
v06fe	Viruses;Duplodnaviria;Heunggongvirae;Uroviricota;Caudoviricetes;;,d__Bacteria;p__Bacillota;c__Bacilli;o__Lactobacillales;f__Streptococcaceae;g__Streptococcus,temperate
v06ff	Viruses;Duplodnaviria;Heunggongvirae;Uroviricota;Caudoviricetes;;,d__Bacteria;p__Actinomycetota;c__Coriobacteriia;o__Coriobacteriales;f__Atopobiaceae;g__Fannyhessea,temperate
v0700	Viruses;Duplodnaviria;Heunggongvirae;Uroviricota;Caudoviricetes;;,d__Bacteria;p__Bacillota;c__Negativicutes;o__Veillonellales;f__Dialisteraceae;g__Dialister,temperate
v0701	Viruses;Duplodnaviria;Heunggongvirae;Uroviricota;Caudoviricetes;;,d__Bacteria;p__Actinomycetota;c__Actinomycetes;o__Actinomycetales;f__Bifidobacteriaceae;g__Bifidobacterium,temperate
v0702	Viruses;Duplodnaviria;Heunggongvirae;Uroviricota;Caudoviricetes;;,d__Bacteria;p__Actinomycetota;c__Coriobacteriia;o__Coriobacteriales;f__Atopobiaceae;g__Fannyhessea,temperate
v0703	Viruses;Duplodnaviria;Heunggongvirae;Uroviricota;Caudoviricetes;;,NA,virulent
v0704	Viruses;Duplodnaviria;Heunggongvirae;Uroviricota;Caudoviricetes;;,d__Bacteria;p__Bacillota;c__Bacilli;o__Lactobacillales;f__Lactobacillaceae;g__Lactobacillus,temperate
v0705	Viruses;Duplodnaviria;Heunggongvirae;Uroviricota;Caudoviricetes;;,d__Bacteria;p__Actinomycetota;c__Coriobacteriia;o__Coriobacteriales;f__Atopobiaceae;g__Fannyhessea,temperate
v0706	Viruses;Duplodnaviria;Heunggongvirae;Uroviricota;Caudoviricetes;;,d__Bacteria;p__Bacillota;c__Clostridia;o__Tissierellales;f__Peptoniphilaceae;g__Parvimonas,temperate
v0708	Viruses;Duplodnaviria;Heunggongvirae;Uroviricota;Caudoviricetes;;,d__Bacteria;p__Bacillota;c__Bacilli;o__Lactobacillales;f__Streptococcaceae;g__Streptococcus,temperate
v0709	NA,d__Bacteria;p__Bacillota;c__Bacilli;o__Lactobacillales;f__Streptococcaceae;g__Streptococcus,temperate
v070a	Viruses;Duplodnaviria;Heunggongvirae;Uroviricota;Caudoviricetes;;,d__Bacteria;p__Bacillota;c__Bacilli;o__Lactobacillales;f__Streptococcaceae;g__Streptococcus,temperate
v070b	Viruses;Duplodnaviria;Heunggongvirae;Uroviricota;Caudoviricetes;;,d__Bacteria;p__Bacillota;c__Bacilli;o__Lactobacillales;f__Lactobacillaceae;g__Lactobacillus,temperate
v070c	Viruses;Duplodnaviria;Heunggongvirae;Uroviricota;Caudoviricetes;;,d__Bacteria;p__Actinomycetota;c__Actinomycetes;o__Actinomycetales;f__Bifidobacteriaceae;g__Bifidobacterium,temperate
v070d	Viruses;Duplodnaviria;Heunggongvirae;Uroviricota;Caudoviricetes;;,d__Bacteria;p__Bacillota;c__Bacilli;o__Staphylococcales;f__Staphylococcaceae;g__Staphylococcus,temperate
v070e	Viruses;Duplodnaviria;Heunggongvirae;Uroviricota;Caudoviricetes;;,d__Bacteria;p__Actinomycetota;c__Actinomycetes;o__Actinomycetales;f__Bifidobacteriaceae;g__Bifidobacterium,virulent
v070f	Viruses;Duplodnaviria;Heunggongvirae;Uroviricota;Caudoviricetes;;,d__Bacteria;p__Actinomycetota;c__Actinomycetes;o__Actinomycetales;f__Bifidobacteriaceae;g__Bifidobacterium,temperate
v0710	Viruses;Duplodnaviria;Heunggongvirae;Uroviricota;Caudoviricetes;;,d__Bacteria;p__Actinomycetota;c__Coriobacteriia;o__Coriobacteriales;f__Atopobiaceae;g__Fannyhessea,temperate
v0711	Viruses;Duplodnaviria;Heunggongvirae;Uroviricota;Caudoviricetes;;,d__Bacteria;p__Actinomycetota;c__Actinomycetes;o__Actinomycetales;f__Bifidobacteriaceae;g__Bifidobacterium,temperate
v0712	Viruses;Duplodnaviria;Heunggongvirae;Uroviricota;Caudoviricetes;;,d__Bacteria;p__Actinomycetota;c__Coriobacteriia;o__Coriobacteriales;f__Atopobiaceae;g__Fannyhessea,virulent
v0713	Viruses;Duplodnaviria;Heunggongvirae;Uroviricota;Caudoviricetes;;,d__Bacteria;p__Bacteroidota;c__Bacteroidia;o__Bacteroidales;f__Bacteroidaceae;g__Prevotella,temperate
v0714	Viruses;Duplodnaviria;Heunggongvirae;Uroviricota;Caudoviricetes;;,d__Bacteria;p__Bacteroidota;c__Bacteroidia;o__Bacteroidales;f__Bacteroidaceae;g__Prevotella,temperate
v0715	Viruses;Duplodnaviria;Heunggongvirae;Uroviricota;Caudoviricetes;;,d__Bacteria;p__Bacteroidota;c__Bacteroidia;o__Bacteroidales;f__Bacteroidaceae;g__Prevotella,temperate
v0717	Viruses;Duplodnaviria;Heunggongvirae;Uroviricota;Caudoviricetes;;,d__Bacteria;p__Actinomycetota;c__Actinomycetes;o__Actinomycetales;f__Bifidobacteriaceae;g__Bifidobacterium,virulent
v0718	Viruses;Duplodnaviria;Heunggongvirae;Uroviricota;Caudoviricetes;;,d__Bacteria;p__Actinomycetota;c__Actinomycetes;o__Actinomycetales;f__Bifidobacteriaceae;g__Bifidobacterium,temperate
v0719	Viruses;Duplodnaviria;Heunggongvirae;Uroviricota;Caudoviricetes;;,NA,temperate
v071a	Viruses;Duplodnaviria;Heunggongvirae;Uroviricota;Caudoviricetes;;,d__Bacteria;p__Actinomycetota;c__Coriobacteriia;o__Coriobacteriales;f__Atopobiaceae;g__Fannyhessea,temperate
v071b	Viruses;Duplodnaviria;Heunggongvirae;Uroviricota;Caudoviricetes;;,d__Bacteria;p__Bacteroidota;c__Bacteroidia;o__Bacteroidales;f__Bacteroidaceae;g__Bacteroides,temperate
v071c	Viruses;Duplodnaviria;Heunggongvirae;Uroviricota;Caudoviricetes;;,d__Bacteria;p__Actinomycetota;c__Coriobacteriia;o__Coriobacteriales;f__Atopobiaceae;g__Fannyhessea,temperate
v071d	Viruses;Duplodnaviria;Heunggongvirae;Uroviricota;Caudoviricetes;;,d__Bacteria;p__Actinomycetota;c__Coriobacteriia;o__Coriobacteriales;f__Atopobiaceae;g__Fannyhessea,temperate
v071e	Viruses;Duplodnaviria;Heunggongvirae;Uroviricota;Caudoviricetes;;,d__Bacteria;p__Actinomycetota;c__Actinomycetes;o__Actinomycetales;f__Bifidobacteriaceae;g__Bifidobacterium,temperate
v071f	Viruses;Duplodnaviria;Heunggongvirae;Uroviricota;Caudoviricetes;;,d__Bacteria;p__Actinomycetota;c__Actinomycetes;o__Actinomycetales;f__Bifidobacteriaceae;g__Bifidobacterium,temperate
v0720	Viruses;Duplodnaviria;Heunggongvirae;Uroviricota;Caudoviricetes;;,d__Bacteria;p__Actinomycetota;c__Actinomycetes;o__Actinomycetales;f__Bifidobacteriaceae;g__Bifidobacterium,temperate
v0721	Viruses;Duplodnaviria;Heunggongvirae;Uroviricota;Caudoviricetes;;,d__Bacteria;p__Actinomycetota;c__Actinomycetes;o__Actinomycetales;f__Bifidobacteriaceae;g__Bifidobacterium,temperate
v0722	Viruses;Duplodnaviria;Heunggongvirae;Uroviricota;Caudoviricetes;;,d__Bacteria;p__Actinomycetota;c__Actinomycetes;o__Actinomycetales;f__Bifidobacteriaceae;g__Bifidobacterium,temperate
v0723	Viruses;Duplodnaviria;Heunggongvirae;Uroviricota;Caudoviricetes;;,d__Bacteria;p__Bacillota;c__Clostridia;o__Tissierellales;f__Peptoniphilaceae;g__Anaerococcus,temperate
v0724	Viruses;Duplodnaviria;Heunggongvirae;Uroviricota;Caudoviricetes;;,d__Bacteria;p__Actinomycetota;c__Actinomycetes;o__Actinomycetales;f__Bifidobacteriaceae;g__Bifidobacterium,virulent
v0725	Viruses;Duplodnaviria;Heunggongvirae;Uroviricota;Caudoviricetes;;,d__Bacteria;p__Actinomycetota;c__Coriobacteriia;o__Coriobacteriales;f__Eggerthellaceae;g__Berryella,temperate
v0726	Viruses;Duplodnaviria;Heunggongvirae;Uroviricota;Caudoviricetes;Crassvirales;,d__Bacteria;p__Bacteroidota;c__Bacteroidia;o__Bacteroidales;f__Bacteroidaceae;g__Prevotella,virulent
v0727	Viruses;Duplodnaviria;Heunggongvirae;Uroviricota;Caudoviricetes;;,NA,temperate
v0729	Viruses;Duplodnaviria;Heunggongvirae;Uroviricota;Caudoviricetes;;,d__Bacteria;p__Actinomycetota;c__Actinomycetes;o__Actinomycetales;f__Actinomycetaceae;g__Winkia,temperate
v072a	Viruses;Duplodnaviria;Heunggongvirae;Uroviricota;Caudoviricetes;;,d__Bacteria;p__Actinomycetota;c__Actinomycetes;o__Actinomycetales;f__Bifidobacteriaceae;g__Bifidobacterium,temperate
v072b	Viruses;Duplodnaviria;Heunggongvirae;Uroviricota;Caudoviricetes;;,d__Bacteria;p__Actinomycetota;c__Actinomycetes;o__Actinomycetales;f__Bifidobacteriaceae;g__Bifidobacterium,temperate
v072d	Viruses;Duplodnaviria;Heunggongvirae;Uroviricota;Caudoviricetes;;,d__Bacteria;p__Bacteroidota;c__Bacteroidia;o__Bacteroidales;f__Bacteroidaceae;g__Prevotella,virulent
v072e	Viruses;Duplodnaviria;Heunggongvirae;Uroviricota;Caudoviricetes;;,d__Bacteria;p__Actinomycetota;c__Actinomycetes;o__Actinomycetales;f__Bifidobacteriaceae;g__Bifidobacterium,temperate
v072f	Viruses;Duplodnaviria;Heunggongvirae;Uroviricota;Caudoviricetes;;,NA,virulent
v0731	Viruses;Duplodnaviria;Heunggongvirae;Uroviricota;Caudoviricetes;;,d__Bacteria;p__Actinomycetota;c__Actinomycetes;o__Actinomycetales;f__Bifidobacteriaceae;g__Bifidobacterium,temperate
v0732	Viruses;Duplodnaviria;Heunggongvirae;Uroviricota;Caudoviricetes;;,d__Bacteria;p__Actinomycetota;c__Actinomycetes;o__Actinomycetales;f__Bifidobacteriaceae;g__Bifidobacterium,virulent
v0733	Viruses;Duplodnaviria;Heunggongvirae;Uroviricota;Caudoviricetes;;,NA,virulent
v0734	Viruses;Duplodnaviria;Heunggongvirae;Uroviricota;Caudoviricetes;;,d__Bacteria;p__Actinomycetota;c__Coriobacteriia;o__Coriobacteriales;f__Atopobiaceae;g__Fannyhessea,temperate
v0735	Viruses;Duplodnaviria;Heunggongvirae;Uroviricota;Caudoviricetes;;,d__Bacteria;p__Actinomycetota;c__Coriobacteriia;o__Coriobacteriales;f__Eggerthellaceae;g__Berryella,temperate
v0736	Viruses;Duplodnaviria;Heunggongvirae;Uroviricota;Caudoviricetes;;,d__Bacteria;p__Bacillota;c__Bacilli;o__Lactobacillales;f__Streptococcaceae;g__Streptococcus,virulent
v0737	Viruses;Duplodnaviria;Heunggongvirae;Uroviricota;Caudoviricetes;;Rountreeviridae,NA,virulent
v0738	Viruses;Duplodnaviria;Heunggongvirae;Uroviricota;Caudoviricetes;;,d__Bacteria;p__Actinomycetota;c__Actinomycetes;o__Mycobacteriales;f__Mycobacteriaceae;g__Corynebacterium,virulent
v0739	Viruses;Duplodnaviria;Heunggongvirae;Uroviricota;Caudoviricetes;;,d__Bacteria;p__Actinomycetota;c__Actinomycetes;o__Mycobacteriales;f__Mycobacteriaceae;g__Corynebacterium,virulent
v073a	Viruses;Duplodnaviria;Heunggongvirae;Uroviricota;Caudoviricetes;;,d__Bacteria;p__Bacillota;c__Bacilli;o__Lactobacillales;f__Lactobacillaceae;g__Lactobacillus,temperate
v073b	Viruses;Duplodnaviria;Heunggongvirae;Uroviricota;Caudoviricetes;;,d__Bacteria;p__Bacteroidota;c__Bacteroidia;o__Bacteroidales;f__Bacteroidaceae;g__Prevotella,temperate
v073c	Viruses;Duplodnaviria;Heunggongvirae;Uroviricota;Caudoviricetes;;Rountreeviridae,NA,virulent
v073d	Viruses;Duplodnaviria;Heunggongvirae;Uroviricota;Caudoviricetes;;,d__Bacteria;p__Bacillota;c__Bacilli;o__Lactobacillales;f__Lactobacillaceae;g__Lactobacillus,temperate
v073e	Viruses;Duplodnaviria;Heunggongvirae;Uroviricota;Caudoviricetes;;,d__Bacteria;p__Actinomycetota;c__Actinomycetes;o__Mycobacteriales;f__Mycobacteriaceae;g__Corynebacterium,virulent
v0740	Viruses;Duplodnaviria;Heunggongvirae;Uroviricota;Caudoviricetes;;,d__Bacteria;p__Bacillota;c__Bacilli;o__Lactobacillales;f__Lactobacillaceae;g__Lactobacillus,temperate
v0741	Viruses;Duplodnaviria;Heunggongvirae;Uroviricota;Caudoviricetes;;,d__Bacteria;p__Bacillota;c__Negativicutes;o__Veillonellales;f__Megasphaeraceae;g__Megasphaera_C,virulent
v0742	Viruses;Duplodnaviria;Heunggongvirae;Uroviricota;Caudoviricetes;;,d__Bacteria;p__Actinomycetota;c__Actinomycetes;o__Actinomycetales;f__Bifidobacteriaceae;g__Bifidobacterium,temperate
v0744	Viruses;Duplodnaviria;Heunggongvirae;Uroviricota;Caudoviricetes;;,d__Bacteria;p__Bacillota;c__Bacilli;o__Lactobacillales;f__Lactobacillaceae;g__Lactobacillus,temperate
v0745	Viruses;Duplodnaviria;Heunggongvirae;Uroviricota;Caudoviricetes;;,d__Bacteria;p__Bacillota;c__Bacilli;o__Lactobacillales;f__Aerococcaceae;g__Aerococcus,temperate
v0746	Viruses;Duplodnaviria;Heunggongvirae;Uroviricota;Caudoviricetes;;,d__Bacteria;p__Bacillota;c__Bacilli;o__Lactobacillales;f__Lactobacillaceae;g__Lactobacillus,temperate
v0747	Viruses;Duplodnaviria;Heunggongvirae;Uroviricota;Caudoviricetes;;,d__Bacteria;p__Patescibacteriota;c__Saccharimonadia;o__Saccharimonadales;f__Nanoperiomorbaceae;g__Nanoperiomorbus,temperate
v0748	Viruses;Duplodnaviria;Heunggongvirae;Uroviricota;Caudoviricetes;;,d__Bacteria;p__Actinomycetota;c__Coriobacteriia;o__Coriobacteriales;f__Atopobiaceae;g__Fannyhessea,temperate
v0749	Viruses;Duplodnaviria;Heunggongvirae;Uroviricota;Caudoviricetes;;,d__Bacteria;p__Actinomycetota;c__Actinomycetes;o__Actinomycetales;f__Bifidobacteriaceae;g__Bifidobacterium,temperate
v074a	NA,d__Bacteria;p__Bacteroidota;c__Bacteroidia;o__Bacteroidales;f__Bacteroidaceae;g__Prevotella,virulent
v074b	Viruses;Duplodnaviria;Heunggongvirae;Uroviricota;Caudoviricetes;;,d__Bacteria;p__Bacillota;c__Bacilli;o__Erysipelotrichales;f__Erysipelotrichaceae;g__Holdemanella,temperate
v074c	NA,d__Bacteria;p__Bacillota;c__Bacilli;o__Lactobacillales;f__Lactobacillaceae;g__Lactobacillus,temperate
v074d	NA,d__Bacteria;p__Bacteroidota;c__Bacteroidia;o__Bacteroidales;f__Bacteroidaceae;g__Bacteroides,temperate
v074e	Viruses;Duplodnaviria;Heunggongvirae;Uroviricota;Caudoviricetes;;,NA,temperate
v074f	NA,d__Bacteria;p__Bacillota;c__Clostridia;o__Tissierellales;f__Peptoniphilaceae;g__Peptoniphilus_A,virulent
v0750	Viruses;Duplodnaviria;Heunggongvirae;Uroviricota;Caudoviricetes;;,d__Bacteria;p__Bacteroidota;c__Bacteroidia;o__Bacteroidales;f__Bacteroidaceae;g__Bacteroides,temperate
v0751	NA,d__Bacteria;p__Bacillota;c__Bacilli;o__Lactobacillales;f__Lactobacillaceae;g__Lactobacillus,temperate
v0752	NA,d__Bacteria;p__Bacillota;c__Bacilli;o__Lactobacillales;f__Lactobacillaceae;g__Lactobacillus,temperate
v0753	NA,d__Bacteria;p__Bacillota;c__Bacilli;o__RF39;f__UBA660;g__CAUSWF01,virulent
v0755	Viruses;Duplodnaviria;Heunggongvirae;Uroviricota;Caudoviricetes;;,d__Bacteria;p__Actinomycetota;c__Actinomycetes;o__Actinomycetales;f__Actinomycetaceae;g__Pauljensenia,temperate
v0756	NA,d__Bacteria;p__Bacillota;c__Bacilli;o__Lactobacillales;f__Streptococcaceae;g__Streptococcus,temperate
v0757	Viruses;Duplodnaviria;Heunggongvirae;Uroviricota;Caudoviricetes;;,NA,virulent
v0758	Viruses;Duplodnaviria;Heunggongvirae;Uroviricota;Caudoviricetes;;,d__Bacteria;p__Actinomycetota;c__Actinomycetes;o__Actinomycetales;f__Actinomycetaceae;g__Actinomyces,virulent
v0759	Viruses;Duplodnaviria;Heunggongvirae;Uroviricota;Caudoviricetes;;,d__Bacteria;p__Actinomycetota;c__Actinomycetes;o__Actinomycetales;f__Micrococcaceae;g__Rothia,temperate
v075a	NA,d__Bacteria;p__Bacillota;c__Bacilli;o__Lactobacillales;f__Lactobacillaceae;g__Lactobacillus,temperate
v075b	Viruses;Duplodnaviria;Heunggongvirae;Uroviricota;Caudoviricetes;;,NA,virulent
v075c	NA,d__Bacteria;p__Actinomycetota;c__Coriobacteriia;o__Coriobacteriales;f__Eggerthellaceae;g__Berryella,temperate
v075d	NA,d__Bacteria;p__Campylobacterota;c__Campylobacteria;o__Campylobacterales;f__Campylobacteraceae;g__Campylobacter_B,virulent
v075e	NA,NA,temperate
v075f	Viruses;Duplodnaviria;Heunggongvirae;Uroviricota;Caudoviricetes;;,d__Bacteria;p__Bacillota;c__Bacilli;o__Lactobacillales;f__Lactobacillaceae;g__Lactobacillus,temperate
v0760	Viruses;Duplodnaviria;Heunggongvirae;Uroviricota;Caudoviricetes;;,NA,virulent
v0761	Viruses;Duplodnaviria;Heunggongvirae;Uroviricota;Caudoviricetes;;,NA,virulent
v0762	Viruses;Duplodnaviria;Heunggongvirae;Uroviricota;Caudoviricetes;;,NA,virulent
v0763	NA,NA,virulent
v0764	NA,NA,temperate
v0765	Viruses;Duplodnaviria;Heunggongvirae;Uroviricota;Caudoviricetes;;,d__Bacteria;p__Actinomycetota;c__Actinomycetes;o__Actinomycetales;f__Bifidobacteriaceae;g__Bifidobacterium,virulent
v0766	NA,NA,temperate
v0767	Viruses;Monodnaviria;Loebvirae;Hofneiviricota;Faserviricetes;Tubulavirales;Inoviridae,d__Bacteria;p__Campylobacterota;c__Campylobacteria;o__Campylobacterales;f__Campylobacteraceae;g__Campylobacter_B,temperate
v0768	Viruses;Duplodnaviria;Heunggongvirae;Uroviricota;Caudoviricetes;;Herelleviridae,d__Bacteria;p__Bacillota;c__Bacilli;o__Lactobacillales;f__Streptococcaceae;g__Streptococcus,virulent
v0769	NA,NA,temperate
v076a	NA,d__Bacteria;p__Bacteroidota;c__Bacteroidia;o__Bacteroidales;f__Bacteroidaceae;g__Bacteroides,temperate
v076b	Viruses;Duplodnaviria;Heunggongvirae;Uroviricota;Caudoviricetes;;,NA,virulent
v076c	Viruses;Duplodnaviria;Heunggongvirae;Uroviricota;Caudoviricetes;;,NA,temperate
v076d	Viruses;Duplodnaviria;Heunggongvirae;Uroviricota;Caudoviricetes;;,NA,virulent
v076e	NA,NA,virulent
v076f	NA,NA,temperate
v0770	NA,d__Bacteria;p__Actinomycetota;c__Actinomycetes;o__Actinomycetales;f__Bifidobacteriaceae;g__Bifidobacterium,temperate
v0771	NA,NA,temperate
v0772	Viruses;Duplodnaviria;Heunggongvirae;Uroviricota;Caudoviricetes;;,d__Bacteria;p__Pseudomonadota;c__Gammaproteobacteria;o__Enterobacterales;f__Succinivibrionaceae;g__Succinivibrio,virulent
v0774	Viruses;Monodnaviria;Shotokuvirae;Cressdnaviricota;Arfiviricetes;Cirlivirales;Circoviridae,d__Bacteria;p__Bacillota;c__Bacilli;o__Lactobacillales;f__Streptococcaceae;g__Streptococcus,temperate
v0775	NA,d__Bacteria;p__Actinomycetota;c__Actinomycetes;o__Mycobacteriales;f__Mycobacteriaceae;g__Corynebacterium,virulent
v0776	Viruses;Duplodnaviria;Heunggongvirae;Uroviricota;Caudoviricetes;;,NA,virulent
v0777	NA,d__Bacteria;p__Bacteroidota;c__Bacteroidia;o__Bacteroidales;f__Bacteroidaceae;g__Prevotella,virulent
v0778	Viruses;Duplodnaviria;Heunggongvirae;Uroviricota;Caudoviricetes;;,d__Bacteria;p__Actinomycetota;c__Actinomycetes;o__Actinomycetales;f__Microbacteriaceae;g__Pontimonas,virulent
v0779	Viruses;Duplodnaviria;Heunggongvirae;Uroviricota;Caudoviricetes;;,NA,virulent
v077a	Viruses;Duplodnaviria;Heunggongvirae;Uroviricota;Caudoviricetes;;,NA,virulent
v077b	NA,d__Bacteria;p__Bacteroidota;c__Bacteroidia;o__Bacteroidales;f__Bacteroidaceae;g__Prevotella,virulent
v077c	NA,d__Bacteria;p__Bacillota;c__Bacilli;o__Lactobacillales;f__Lactobacillaceae;g__Lactobacillus,temperate
v077d	NA,NA,virulent
v077e	Viruses;Duplodnaviria;Heunggongvirae;Uroviricota;Caudoviricetes;;Herelleviridae,d__Bacteria;p__Bacillota;c__Bacilli;o__Lactobacillales;f__Streptococcaceae;g__Streptococcus,virulent
v077f	Viruses;Duplodnaviria;Heunggongvirae;Uroviricota;Caudoviricetes;;,NA,virulent
v0780	NA,NA,temperate
v0781	Viruses;Duplodnaviria;Heunggongvirae;Uroviricota;Caudoviricetes;;,d__Bacteria;p__Bacillota;c__Clostridia;o__Lachnospirales;f__Lachnospiraceae;g__UBA629,temperate
v0782	Viruses;Duplodnaviria;Heunggongvirae;Uroviricota;Caudoviricetes;;,d__Bacteria;p__Bacteroidota;c__Bacteroidia;o__Bacteroidales;f__Bacteroidaceae;g__Prevotella,temperate
v0783	Viruses;Duplodnaviria;Heunggongvirae;Uroviricota;Caudoviricetes;;,d__Bacteria;p__Actinomycetota;c__Actinomycetes;o__Actinomycetales;f__Bifidobacteriaceae;g__Bifidobacterium,temperate
v0784	NA,d__Bacteria;p__Bacillota;c__Clostridia;o__Oscillospirales;f__Acutalibacteraceae;g__RUG14215,temperate
v0785	NA,d__Bacteria;p__Actinomycetota;c__Actinomycetes;o__Actinomycetales;f__Actinomycetaceae;g__Actinotignum,temperate
v0786	Viruses;Duplodnaviria;Heunggongvirae;Uroviricota;Caudoviricetes;;,NA,virulent
v0787	NA,NA,temperate
v0788	Viruses;Duplodnaviria;Heunggongvirae;Uroviricota;Caudoviricetes;;,NA,temperate
v0789	Viruses;Duplodnaviria;Heunggongvirae;Uroviricota;Caudoviricetes;;,d__Bacteria;p__Actinomycetota;c__Actinomycetes;o__Actinomycetales;f__Bifidobacteriaceae;g__Bifidobacterium,virulent
v078a	Viruses;Duplodnaviria;Heunggongvirae;Uroviricota;Caudoviricetes;;,NA,temperate
v078b	NA,NA,temperate
v078c	NA,d__Bacteria;p__Actinomycetota;c__Coriobacteriia;o__Coriobacteriales;f__Eggerthellaceae;g__Berryella,virulent
v078d	NA,d__Bacteria;p__Bacteroidota;c__Bacteroidia;o__Bacteroidales;f__Bacteroidaceae;g__Bacteroides,temperate
v078e	NA,NA,temperate
v078f	NA,d__Bacteria;p__Bacillota;c__Bacilli;o__Lactobacillales;f__Lactobacillaceae;g__Lactobacillus,temperate
v0790	Viruses;Duplodnaviria;Heunggongvirae;Uroviricota;Caudoviricetes;;,d__Bacteria;p__Actinomycetota;c__Actinomycetes;o__Actinomycetales;f__Bifidobacteriaceae;g__Bifidobacterium,temperate
v0792	NA,d__Bacteria;p__Bacteroidota;c__Bacteroidia;o__Bacteroidales;f__Bacteroidaceae;g__Prevotella,temperate
v0793	Viruses;Duplodnaviria;Heunggongvirae;Uroviricota;Caudoviricetes;;,d__Bacteria;p__Actinomycetota;c__Actinomycetes;o__Actinomycetales;f__Bifidobacteriaceae;g__Bifidobacterium,virulent
v0794	Viruses;Duplodnaviria;Heunggongvirae;Uroviricota;Caudoviricetes;;,NA,temperate
v0795	NA,d__Bacteria;p__Actinomycetota;c__Actinomycetes;o__Actinomycetales;f__Actinomycetaceae;g__Mobiluncus,virulent
v0796	Viruses;Duplodnaviria;Heunggongvirae;Uroviricota;Caudoviricetes;;,d__Bacteria;p__Fusobacteriota;c__Fusobacteriia;o__Fusobacteriales;f__Leptotrichiaceae;g__Sneathia,virulent
v0797	Viruses;Duplodnaviria;Heunggongvirae;Uroviricota;Caudoviricetes;;,NA,virulent
v0798	NA,d__Bacteria;p__Bacillota;c__Clostridia;o__Lachnospirales;f__Lachnospiraceae;g__UBA629,temperate
v0799	Viruses;Duplodnaviria;Heunggongvirae;Uroviricota;Caudoviricetes;;,NA,virulent
v079a	Viruses;Duplodnaviria;Heunggongvirae;Uroviricota;Caudoviricetes;;,d__Bacteria;p__Bacteroidota;c__Bacteroidia;o__Bacteroidales;f__Bacteroidaceae;g__Prevotella,temperate
v079b	Viruses;Duplodnaviria;Heunggongvirae;Uroviricota;Caudoviricetes;;,d__Bacteria;p__Bacteroidota;c__Bacteroidia;o__Bacteroidales;f__Bacteroidaceae;g__Prevotella,virulent
v079c	Viruses;Duplodnaviria;Heunggongvirae;Uroviricota;Caudoviricetes;;,d__Bacteria;p__Bacteroidota;c__Bacteroidia;o__Bacteroidales;f__Bacteroidaceae;g__Prevotella,temperate
v079d	Unclassified,d__Bacteria;p__Bacillota;c__Bacilli;o__Lactobacillales;f__Streptococcaceae;g__Streptococcus,virulent
v079e	Viruses;Duplodnaviria;Heunggongvirae;Uroviricota;Caudoviricetes;;,d__Bacteria;p__Bacteroidota;c__Bacteroidia;o__Bacteroidales;f__Bacteroidaceae;g__Bacteroides,temperate
v079f	Viruses;Duplodnaviria;Heunggongvirae;Uroviricota;Caudoviricetes;;,NA,temperate
v07a0	NA,d__Bacteria;p__Bacteroidota;c__Bacteroidia;o__Bacteroidales;f__Bacteroidaceae;g__Prevotella,temperate
v07a1	NA,NA,virulent
v07a2	Viruses;Duplodnaviria;Heunggongvirae;Uroviricota;Caudoviricetes;;,NA,virulent
v07a3	Unclassified,NA,temperate
v07a4	NA,d__Bacteria;p__Bacteroidota;c__Bacteroidia;o__Bacteroidales;f__Bacteroidaceae;g__Prevotella,virulent
v07a5	Viruses;Duplodnaviria;Heunggongvirae;Uroviricota;Caudoviricetes;;,d__Bacteria;p__Actinomycetota;c__Actinomycetes;o__Actinomycetales;f__Bifidobacteriaceae;g__Bifidobacterium,virulent
v07a6	NA,d__Bacteria;p__Bacillota;c__Clostridia;o__Tissierellales;f__Peptoniphilaceae;g__Finegoldia,temperate
v07a7	NA,d__Bacteria;p__Bacillota;c__Clostridia;o__Tissierellales;f__Peptoniphilaceae;g__Aedoeadaptatus,temperate
v07a8	Viruses;Duplodnaviria;Heunggongvirae;Uroviricota;Caudoviricetes;;,NA,virulent
v07a9	Viruses;Duplodnaviria;Heunggongvirae;Uroviricota;Caudoviricetes;;,d__Bacteria;p__Bacteroidota;c__Bacteroidia;o__Bacteroidales;f__Bacteroidaceae;g__Prevotella,temperate
v07aa	Viruses;Duplodnaviria;Heunggongvirae;Uroviricota;Caudoviricetes;;,d__Bacteria;p__Bacteroidota;c__Bacteroidia;o__Bacteroidales;f__Bacteroidaceae;g__Prevotella,virulent
v07ab	NA,d__Bacteria;p__Bacillota;c__Clostridia;o__Lachnospirales;f__Lachnospiraceae;g__UBA629,temperate
v07ac	NA,d__Bacteria;p__Bacillota;c__Clostridia;o__Tissierellales;f__Peptoniphilaceae;g__Finegoldia,temperate
v07ad	Viruses;Duplodnaviria;Heunggongvirae;Uroviricota;Caudoviricetes;;,NA,temperate
v07ae	Viruses;Duplodnaviria;Heunggongvirae;Uroviricota;Caudoviricetes;;,NA,temperate
v07af	Viruses;Duplodnaviria;Heunggongvirae;Uroviricota;Caudoviricetes;;,NA,temperate
v07b0	Viruses;Duplodnaviria;Heunggongvirae;Uroviricota;Caudoviricetes;;,NA,virulent
v07b1	Viruses;Duplodnaviria;Heunggongvirae;Uroviricota;Caudoviricetes;;,d__Bacteria;p__Actinomycetota;c__Actinomycetes;o__Actinomycetales;f__Bifidobacteriaceae;g__Bifidobacterium,virulent
v07b2	NA,d__Bacteria;p__Bacteroidota;c__Bacteroidia;o__Bacteroidales;f__Bacteroidaceae;g__Prevotella,virulent
v07b3	NA,d__Bacteria;p__Actinomycetota;c__Actinomycetes;o__Actinomycetales;f__Actinomycetaceae;g__Mobiluncus,temperate
v07b4	NA,NA,virulent
v07b5	Viruses;Duplodnaviria;Heunggongvirae;Uroviricota;Caudoviricetes;;,d__Bacteria;p__Bacillota;c__Clostridia;o__Tissierellales;f__Peptoniphilaceae;g__Peptoniphilus_A,virulent
v07b6	NA,d__Bacteria;p__Actinomycetota;c__Actinomycetes;o__Actinomycetales;f__Bifidobacteriaceae;g__Bifidobacterium,temperate
v07b7	Viruses;Duplodnaviria;Heunggongvirae;Uroviricota;Caudoviricetes;;,d__Bacteria;p__Actinomycetota;c__Actinomycetes;o__Actinomycetales;f__Bifidobacteriaceae;g__Bifidobacterium,virulent
v07b8	NA,d__Bacteria;p__Bacillota;c__Bacilli;o__Lactobacillales;f__Streptococcaceae;g__Streptococcus,temperate
v07b9	Viruses;Duplodnaviria;Heunggongvirae;Uroviricota;Caudoviricetes;;,d__Bacteria;p__Bacillota;c__Clostridia;o__Tissierellales;f__Peptoniphilaceae;g__Finegoldia,temperate
v07ba	Viruses;Duplodnaviria;Heunggongvirae;Uroviricota;Caudoviricetes;;,NA,temperate
v07bb	Viruses;Duplodnaviria;Heunggongvirae;Uroviricota;Caudoviricetes;;Herelleviridae,d__Bacteria;p__Bacillota;c__Bacilli;o__Lactobacillales;f__Streptococcaceae;g__Streptococcus,virulent
v07bc	Viruses;Duplodnaviria;Heunggongvirae;Uroviricota;Caudoviricetes;;,NA,temperate
v07bd	NA,d__Bacteria;p__Bacillota;c__Bacilli;o__Lactobacillales;f__Lactobacillaceae;g__Lactobacillus,temperate
v07bf	NA,NA,temperate
v07c0	Viruses;Duplodnaviria;Heunggongvirae;Uroviricota;Caudoviricetes;;,d__Bacteria;p__Actinomycetota;c__Actinomycetes;o__Actinomycetales;f__Actinomycetaceae;g__Mobiluncus,virulent
v07c1	NA,d__Bacteria;p__Bacillota;c__Negativicutes;o__Veillonellales;f__Dialisteraceae;g__Dialister,temperate
v07c2	NA,NA,virulent
v07c3	Unclassified,NA,temperate
v07c4	NA,d__Bacteria;p__Bacillota;c__Bacilli;o__Lactobacillales;f__Streptococcaceae;g__Streptococcus,virulent
v07c5	NA,NA,temperate
v07c6	Viruses;Duplodnaviria;Heunggongvirae;Uroviricota;Caudoviricetes;;,d__Bacteria;p__Bacteroidota;c__Bacteroidia;o__Bacteroidales;f__Bacteroidaceae;g__Prevotella,temperate
v07c7	Viruses;Duplodnaviria;Heunggongvirae;Uroviricota;Caudoviricetes;;,d__Bacteria;p__Bacteroidota;c__Bacteroidia;o__Bacteroidales;f__Bacteroidaceae;g__Prevotella,temperate
v07c8	NA,d__Bacteria;p__Actinomycetota;c__Actinomycetes;o__Actinomycetales;f__Bifidobacteriaceae;g__Bifidobacterium,virulent
v07c9	Viruses;Duplodnaviria;Heunggongvirae;Uroviricota;Caudoviricetes;;,d__Bacteria;p__Actinomycetota;c__Actinomycetes;o__Actinomycetales;f__Bifidobacteriaceae;g__Bifidobacterium,virulent
v07ca	Viruses;Duplodnaviria;Heunggongvirae;Uroviricota;Caudoviricetes;;,NA,virulent
v07cb	NA,NA,temperate
v07cc	Viruses;Monodnaviria;Loebvirae;Hofneiviricota;Faserviricetes;Tubulavirales;Inoviridae,d__Bacteria;p__Pseudomonadota;c__Gammaproteobacteria;o__Enterobacterales;f__Enterobacteriaceae;g__Escherichia,virulent
v07cd	NA,d__Bacteria;p__Bacillota;c__Clostridia;o__Tissierellales;f__Peptoniphilaceae;g__Parvimonas,temperate
v07ce	Viruses;Duplodnaviria;Heunggongvirae;Uroviricota;Caudoviricetes;;,NA,virulent
v07cf	Viruses;Duplodnaviria;Heunggongvirae;Uroviricota;Caudoviricetes;;,d__Bacteria;p__Actinomycetota;c__Actinomycetes;o__Actinomycetales;f__Bifidobacteriaceae;g__Bifidobacterium,temperate
v07d0	NA,d__Bacteria;p__Bacteroidota;c__Bacteroidia;o__Bacteroidales;f__UBA932;g__Cryptobacteroides,virulent
v07d1	Viruses;Duplodnaviria;Heunggongvirae;Uroviricota;Caudoviricetes;;,NA,temperate
v07d2	Viruses;Duplodnaviria;Heunggongvirae;Uroviricota;Caudoviricetes;;,d__Bacteria;p__Actinomycetota;c__Actinomycetes;o__Actinomycetales;f__Bifidobacteriaceae;g__Bifidobacterium,virulent
v07d3	Viruses;Duplodnaviria;Heunggongvirae;Uroviricota;Caudoviricetes;;,NA,temperate
v07d4	Viruses;Duplodnaviria;Heunggongvirae;Uroviricota;Caudoviricetes;;,d__Bacteria;p__Bacillota;c__Clostridia;o__Lachnospirales;f__Lachnospiraceae;g__UBA629,virulent
v07d5	Viruses;Duplodnaviria;Heunggongvirae;Uroviricota;Caudoviricetes;;,NA,virulent
v07d6	NA,d__Bacteria;p__Bacteroidota;c__Bacteroidia;o__Bacteroidales;f__Bacteroidaceae;g__Prevotella,temperate
v07d7	Viruses;Duplodnaviria;Heunggongvirae;Uroviricota;Caudoviricetes;;Herelleviridae,d__Bacteria;p__Bacillota;c__Bacilli;o__Lactobacillales;f__Streptococcaceae;g__Streptococcus,temperate
v07d8	Viruses;Duplodnaviria;Heunggongvirae;Uroviricota;Caudoviricetes;;,d__Bacteria;p__Actinomycetota;c__Actinomycetes;o__Actinomycetales;f__Bifidobacteriaceae;g__Bifidobacterium,virulent
v07d9	Viruses;Duplodnaviria;Heunggongvirae;Uroviricota;Caudoviricetes;;,NA,temperate
v07da	NA,NA,virulent
v07db	NA,d__Bacteria;p__Bacteroidota;c__Bacteroidia;o__Bacteroidales;f__Bacteroidaceae;g__Prevotella,temperate
v07dc	NA,d__Bacteria;p__Bacteroidota;c__Bacteroidia;o__Bacteroidales;f__Bacteroidaceae;g__Prevotella,virulent
v07dd	Viruses;Duplodnaviria;Heunggongvirae;Uroviricota;Caudoviricetes;;,NA,temperate
v07de	NA,d__Bacteria;p__Bacteroidota;c__Bacteroidia;o__Bacteroidales;f__Bacteroidaceae;g__Prevotella,virulent
v07df	Unclassified,NA,temperate
v07e0	Viruses;Duplodnaviria;Heunggongvirae;Uroviricota;Caudoviricetes;;,d__Bacteria;p__Bacteroidota;c__Bacteroidia;o__Bacteroidales;f__Bacteroidaceae;g__Prevotella,virulent
v07e1	Viruses;Duplodnaviria;Heunggongvirae;Uroviricota;Caudoviricetes;;,d__Bacteria;p__Bacillota;c__Clostridia;o__Lachnospirales;f__Lachnospiraceae;g__UBA629,virulent
v07e2	NA,d__Bacteria;p__Bacillota;c__Clostridia;o__Lachnospirales;f__Lachnospiraceae;g__UBA629,temperate
v07e3	NA,NA,temperate
v07e4	NA,d__Bacteria;p__Bacteroidota;c__Bacteroidia;o__Bacteroidales;f__Bacteroidaceae;g__Prevotella,temperate
v07e5	Viruses;Duplodnaviria;Heunggongvirae;Uroviricota;Caudoviricetes;;,d__Bacteria;p__Actinomycetota;c__Actinomycetes;o__Actinomycetales;f__Actinomycetaceae;g__Mobiluncus,temperate
v07e6	Viruses;Duplodnaviria;Heunggongvirae;Uroviricota;Caudoviricetes;;,NA,temperate
v07e7	Viruses;Duplodnaviria;Heunggongvirae;Uroviricota;Caudoviricetes;;,NA,virulent
v07e8	Viruses;Duplodnaviria;Heunggongvirae;Uroviricota;Caudoviricetes;;Herelleviridae,NA,temperate
v07e9	Viruses;Duplodnaviria;Heunggongvirae;Uroviricota;Caudoviricetes;;,NA,temperate
v07ea	NA,NA,virulent
v07eb	NA,d__Bacteria;p__Bacillota;c__Clostridia;o__Tissierellales;f__Peptoniphilaceae;g__Peptoniphilus_A,virulent
v07ec	Viruses;Duplodnaviria;Heunggongvirae;Uroviricota;Caudoviricetes;;,d__Bacteria;p__Bacillota;c__Clostridia;o__Tissierellales;f__Peptoniphilaceae;g__Parvimonas,virulent
v07ed	Viruses;Duplodnaviria;Heunggongvirae;Uroviricota;Caudoviricetes;;,d__Bacteria;p__Bacillota;c__Bacilli;o__Mycoplasmatales;f__Metamycoplasmataceae;g__Metamycoplasma,temperate
v07ee	Viruses;Duplodnaviria;Heunggongvirae;Uroviricota;Caudoviricetes;;,NA,temperate
v07ef	NA,d__Bacteria;p__Bacteroidota;c__Bacteroidia;o__Bacteroidales;f__Bacteroidaceae;g__Prevotella,virulent
v07f0	NA,d__Bacteria;p__Actinomycetota;c__Actinomycetes;o__Actinomycetales;f__Bifidobacteriaceae;g__Bifidobacterium,virulent
v07f1	Viruses;Duplodnaviria;Heunggongvirae;Uroviricota;Caudoviricetes;;,d__Bacteria;p__Bacteroidota;c__Bacteroidia;o__Bacteroidales;f__Bacteroidaceae;g__Prevotella,virulent
v07f2	Viruses;Duplodnaviria;Heunggongvirae;Uroviricota;Caudoviricetes;;,NA,virulent
v07f3	Viruses;Duplodnaviria;Heunggongvirae;Uroviricota;Caudoviricetes;;,NA,temperate
v07f4	NA,d__Bacteria;p__Bacteroidota;c__Bacteroidia;o__Bacteroidales;f__Bacteroidaceae;g__Prevotella,virulent
v07f5	Viruses;Duplodnaviria;Heunggongvirae;Uroviricota;Caudoviricetes;;,d__Bacteria;p__Actinomycetota;c__Actinomycetes;o__Actinomycetales;f__Bifidobacteriaceae;g__Bifidobacterium,virulent
v07f6	Viruses;Duplodnaviria;Heunggongvirae;Uroviricota;Caudoviricetes;;,d__Bacteria;p__Actinomycetota;c__Actinomycetes;o__Actinomycetales;f__Bifidobacteriaceae;g__Bifidobacterium,virulent
v07f7	Viruses;Duplodnaviria;Heunggongvirae;Uroviricota;Caudoviricetes;;,NA,virulent
v07f8	Viruses;Duplodnaviria;Heunggongvirae;Uroviricota;Caudoviricetes;;,NA,temperate
v07f9	NA,d__Bacteria;p__Bacillota;c__Bacilli;o__Lactobacillales;f__Lactobacillaceae;g__Lactobacillus,temperate
v07fa	Viruses;Duplodnaviria;Heunggongvirae;Uroviricota;Caudoviricetes;;,NA,virulent
v07fb	Viruses;Duplodnaviria;Heunggongvirae;Uroviricota;Caudoviricetes;;Herelleviridae,d__Bacteria;p__Bacillota;c__Bacilli;o__Lactobacillales;f__Streptococcaceae;g__Streptococcus,virulent
v07fc	Viruses;Duplodnaviria;Heunggongvirae;Uroviricota;Caudoviricetes;;,NA,virulent
v07fd	Viruses;Duplodnaviria;Heunggongvirae;Uroviricota;Caudoviricetes;;,NA,virulent
v07fe	Viruses;Duplodnaviria;Heunggongvirae;Uroviricota;Caudoviricetes;;,d__Bacteria;p__Actinomycetota;c__Actinomycetes;o__Actinomycetales;f__Bifidobacteriaceae;g__Bifidobacterium,virulent
v07ff	Viruses;Duplodnaviria;Heunggongvirae;Uroviricota;Caudoviricetes;;,NA,virulent
v0800	Viruses;Duplodnaviria;Heunggongvirae;Uroviricota;Caudoviricetes;;,NA,temperate
v0801	NA,NA,temperate
v0802	Unclassified,NA,temperate
v0803	Viruses;Duplodnaviria;Heunggongvirae;Uroviricota;Caudoviricetes;;,NA,temperate
v0804	NA,NA,temperate
v0805	Viruses;Duplodnaviria;Heunggongvirae;Uroviricota;Caudoviricetes;;,NA,virulent
v0806	Viruses;Duplodnaviria;Heunggongvirae;Uroviricota;Caudoviricetes;;,NA,virulent
v0807	NA,d__Bacteria;p__Actinomycetota;c__Actinomycetes;o__Actinomycetales;f__Actinomycetaceae;g__Mobiluncus,temperate
v0808	NA,d__Bacteria;p__Bacteroidota;c__Bacteroidia;o__Bacteroidales;f__Bacteroidaceae;g__Prevotella,virulent
v0809	Viruses;Duplodnaviria;Heunggongvirae;Uroviricota;Caudoviricetes;;,NA,virulent
v080a	Viruses;Duplodnaviria;Heunggongvirae;Uroviricota;Caudoviricetes;;,d__Bacteria;p__Actinomycetota;c__Actinomycetes;o__Actinomycetales;f__Bifidobacteriaceae;g__Bifidobacterium,virulent
v080b	Viruses;Duplodnaviria;Heunggongvirae;Uroviricota;Caudoviricetes;;,NA,virulent
v080c	NA,d__Bacteria;p__Actinomycetota;c__Actinomycetes;o__Actinomycetales;f__Bifidobacteriaceae;g__Bifidobacterium,temperate
v080d	Viruses;Duplodnaviria;Heunggongvirae;Uroviricota;Caudoviricetes;;,NA,virulent
v080e	Viruses;Duplodnaviria;Heunggongvirae;Uroviricota;Caudoviricetes;;,d__Bacteria;p__Actinomycetota;c__Actinomycetes;o__Actinomycetales;f__Bifidobacteriaceae;g__Bifidobacterium,virulent
v080f	NA,d__Bacteria;p__Bacteroidota;c__Bacteroidia;o__Bacteroidales;f__Bacteroidaceae;g__Prevotella,temperate
v0810	NA,d__Bacteria;p__Bacillota;c__Bacilli;o__Lactobacillales;f__Streptococcaceae;g__Streptococcus,temperate
v0811	NA,d__Bacteria;p__Bacteroidota;c__Bacteroidia;o__Bacteroidales;f__Bacteroidaceae;g__Prevotella,temperate
v0812	Viruses;Duplodnaviria;Heunggongvirae;Uroviricota;Caudoviricetes;;,d__Bacteria;p__Bacillota;c__Clostridia;o__Tissierellales;f__Peptoniphilaceae;g__Finegoldia,temperate
v0813	Unclassified,NA,temperate
v0814	NA,NA,temperate
v0815	Viruses;Duplodnaviria;Heunggongvirae;Uroviricota;Caudoviricetes;;,NA,virulent
v0816	Viruses;Duplodnaviria;Heunggongvirae;Uroviricota;Caudoviricetes;;,d__Bacteria;p__Bacteroidota;c__Bacteroidia;o__Bacteroidales;f__Bacteroidaceae;g__Prevotella,temperate
v0817	NA,d__Bacteria;p__Actinomycetota;c__Actinomycetes;o__Actinomycetales;f__Bifidobacteriaceae;g__Bifidobacterium,virulent
v0818	NA,d__Bacteria;p__Fusobacteriota;c__Fusobacteriia;o__Fusobacteriales;f__Leptotrichiaceae;g__Sneathia,temperate
v0819	NA,d__Bacteria;p__Actinomycetota;c__Actinomycetes;o__Actinomycetales;f__Bifidobacteriaceae;g__Bifidobacterium,virulent
v081a	Viruses;Duplodnaviria;Heunggongvirae;Uroviricota;Caudoviricetes;;,NA,virulent
v081b	Viruses;Monodnaviria;Loebvirae;Hofneiviricota;Faserviricetes;Tubulavirales;Inoviridae,NA,temperate
v081c	Viruses;Duplodnaviria;Heunggongvirae;Uroviricota;Caudoviricetes;;,NA,temperate
v081d	Viruses;Duplodnaviria;Heunggongvirae;Uroviricota;Caudoviricetes;;,d__Bacteria;p__Actinomycetota;c__Actinomycetes;o__Actinomycetales;f__Bifidobacteriaceae;g__Bifidobacterium,virulent
v081e	NA,NA,temperate
v081f	NA,d__Bacteria;p__Bacteroidota;c__Bacteroidia;o__Bacteroidales;f__Bacteroidaceae;g__Prevotella,virulent
v0820	NA,d__Bacteria;p__Bacteroidota;c__Bacteroidia;o__Bacteroidales;f__Bacteroidaceae;g__Prevotella,virulent
v0821	Viruses;Duplodnaviria;Heunggongvirae;Uroviricota;Caudoviricetes;;,d__Bacteria;p__Bacteroidota;c__Bacteroidia;o__Bacteroidales;f__WCHB1-69;g__JBAXTE01,virulent
v0822	Viruses;Duplodnaviria;Heunggongvirae;Uroviricota;Caudoviricetes;;,d__Bacteria;p__Actinomycetota;c__Actinomycetes;o__Actinomycetales;f__Bifidobacteriaceae;g__Bifidobacterium,virulent
v0823	NA,d__Bacteria;p__Bacteroidota;c__Bacteroidia;o__Bacteroidales;f__Bacteroidaceae;g__Prevotella,virulent
v0824	NA,NA,temperate
v0825	NA,d__Bacteria;p__Bacteroidota;c__Bacteroidia;o__Bacteroidales;f__Bacteroidaceae;g__Prevotella,temperate
v0826	NA,d__Bacteria;p__Bacillota;c__Clostridia;o__Tissierellales;f__Peptoniphilaceae;g__Parvimonas,temperate
v0827	NA,d__Bacteria;p__Bacillota;c__Clostridia;o__Lachnospirales;f__Lachnospiraceae;g__UBA629,virulent
v0828	Viruses;Duplodnaviria;Heunggongvirae;Uroviricota;Caudoviricetes;;,d__Bacteria;p__Actinomycetota;c__Actinomycetes;o__Actinomycetales;f__Bifidobacteriaceae;g__Bifidobacterium,virulent
v0829	NA,NA,virulent
v082a	Viruses;Duplodnaviria;Heunggongvirae;Uroviricota;Caudoviricetes;;,d__Bacteria;p__Actinomycetota;c__Actinomycetes;o__Actinomycetales;f__Bifidobacteriaceae;g__Bifidobacterium,virulent
v082b	Viruses;Duplodnaviria;Heunggongvirae;Uroviricota;Caudoviricetes;;,NA,virulent
v082c	Viruses;Duplodnaviria;Heunggongvirae;Uroviricota;Caudoviricetes;;,NA,temperate
v082d	Viruses;Duplodnaviria;Heunggongvirae;Uroviricota;Caudoviricetes;;,NA,virulent
v082e	NA,NA,virulent
v082f	Viruses;Duplodnaviria;Heunggongvirae;Uroviricota;Caudoviricetes;;,NA,temperate
v0830	Viruses;Duplodnaviria;Heunggongvirae;Uroviricota;Caudoviricetes;;,NA,virulent
v0831	NA,d__Bacteria;p__Actinomycetota;c__Actinomycetes;o__Actinomycetales;f__Bifidobacteriaceae;g__Bifidobacterium,virulent
v0832	Viruses;Duplodnaviria;Heunggongvirae;Uroviricota;Caudoviricetes;;,d__Bacteria;p__Bacillota;c__Bacilli;o__Lactobacillales;f__Streptococcaceae;g__Streptococcus,temperate
v0833	NA,d__Bacteria;p__Bacillota;c__Clostridia;o__Lachnospirales;f__Lachnospiraceae;g__UBA629,temperate
v0834	Viruses;Duplodnaviria;Heunggongvirae;Uroviricota;Caudoviricetes;;,NA,virulent
v0835	Viruses;Duplodnaviria;Heunggongvirae;Uroviricota;Caudoviricetes;;,d__Bacteria;p__Actinomycetota;c__Actinomycetes;o__Actinomycetales;f__Bifidobacteriaceae;g__Bifidobacterium,virulent
v0836	Viruses;Duplodnaviria;Heunggongvirae;Uroviricota;Caudoviricetes;;,NA,virulent
v0837	Unclassified,NA,temperate
v0838	Viruses;Duplodnaviria;Heunggongvirae;Uroviricota;Caudoviricetes;;,NA,virulent
v0839	NA,d__Bacteria;p__Bacillota;c__Bacilli;o__Lactobacillales;f__Aerococcaceae;g__Aerococcus,temperate
v083a	NA,d__Bacteria;p__Fusobacteriota;c__Fusobacteriia;o__Fusobacteriales;f__Leptotrichiaceae;g__Sneathia,temperate
v083b	Viruses;Duplodnaviria;Heunggongvirae;Uroviricota;Caudoviricetes;;,NA,virulent
v083c	Viruses;Duplodnaviria;Heunggongvirae;Uroviricota;Caudoviricetes;;,d__Bacteria;p__Bacillota;c__Bacilli;o__Lactobacillales;f__Streptococcaceae;g__Streptococcus,temperate
v083d	NA,NA,temperate
v083e	Viruses;Duplodnaviria;Heunggongvirae;Uroviricota;Caudoviricetes;;,d__Bacteria;p__Actinomycetota;c__Actinomycetes;o__Actinomycetales;f__Bifidobacteriaceae;g__Bifidobacterium,virulent
v0840	NA,d__Bacteria;p__Actinomycetota;c__Actinomycetes;o__Actinomycetales;f__Bifidobacteriaceae;g__Bifidobacterium,virulent
v0841	NA,d__Bacteria;p__Bacillota;c__Bacilli;o__Lactobacillales;f__Streptococcaceae;g__Streptococcus,temperate
v0842	Viruses;Duplodnaviria;Heunggongvirae;Uroviricota;Caudoviricetes;;,d__Bacteria;p__Actinomycetota;c__Actinomycetes;o__Actinomycetales;f__Bifidobacteriaceae;g__Bifidobacterium,temperate
v0843	NA,d__Bacteria;p__Bacillota;c__Bacilli;o__Lactobacillales;f__Aerococcaceae;g__Aerococcus,temperate
v0845	Viruses;Duplodnaviria;Heunggongvirae;Uroviricota;Caudoviricetes;;,NA,temperate
v0846	NA,d__Bacteria;p__Bacillota;c__Bacilli;o__Lactobacillales;f__Streptococcaceae;g__Streptococcus,temperate
v0847	Viruses;Duplodnaviria;Heunggongvirae;Uroviricota;Caudoviricetes;;,d__Bacteria;p__Actinomycetota;c__Actinomycetes;o__Actinomycetales;f__Bifidobacteriaceae;g__Bifidobacterium,virulent
v0848	NA,d__Bacteria;p__Bacillota;c__Clostridia;o__Lachnospirales;f__Lachnospiraceae;g__Moryella,temperate
v0849	Viruses;Duplodnaviria;Heunggongvirae;Uroviricota;Caudoviricetes;;,NA,virulent
v084a	Viruses;Duplodnaviria;Heunggongvirae;Uroviricota;Caudoviricetes;;,d__Bacteria;p__Actinomycetota;c__Actinomycetes;o__Actinomycetales;f__Bifidobacteriaceae;g__Bifidobacterium,virulent
v084b	NA,NA,temperate
v084c	Viruses;Duplodnaviria;Heunggongvirae;Uroviricota;Caudoviricetes;;,NA,temperate
v084d	Viruses;Duplodnaviria;Heunggongvirae;Uroviricota;Caudoviricetes;;,NA,temperate
v084e	Viruses;Duplodnaviria;Heunggongvirae;Uroviricota;Caudoviricetes;;,d__Bacteria;p__Bacteroidota;c__Bacteroidia;o__Bacteroidales;f__Bacteroidaceae;g__Prevotella,temperate
v084f	Viruses;Duplodnaviria;Heunggongvirae;Uroviricota;Caudoviricetes;;,d__Bacteria;p__Bacillota;c__Bacilli;o__Lactobacillales;f__Lactobacillaceae;g__Lactobacillus,temperate
v0850	Viruses;Duplodnaviria;Heunggongvirae;Uroviricota;Caudoviricetes;;,d__Bacteria;p__Bacillota;c__Bacilli;o__Lactobacillales;f__Lactobacillaceae;g__Lacticaseibacillus,temperate
v0851	Viruses;Duplodnaviria;Heunggongvirae;Uroviricota;Caudoviricetes;;,d__Bacteria;p__Bacillota;c__Bacilli;o__Lactobacillales;f__Lactobacillaceae;g__Lactobacillus,virulent
v0852	Viruses;Duplodnaviria;Heunggongvirae;Uroviricota;Caudoviricetes;;,d__Bacteria;p__Pseudomonadota;c__Gammaproteobacteria;o__Enterobacterales;f__Enterobacteriaceae;g__Escherichia,temperate
v0853	Viruses;Duplodnaviria;Heunggongvirae;Uroviricota;Caudoviricetes;;,d__Bacteria;p__Pseudomonadota;c__Gammaproteobacteria;o__Enterobacterales;f__Enterobacteriaceae;g__Escherichia,temperate
v0854	Viruses;Duplodnaviria;Heunggongvirae;Uroviricota;Caudoviricetes;;,d__Bacteria;p__Pseudomonadota;c__Gammaproteobacteria;o__Enterobacterales;f__Enterobacteriaceae;g__Escherichia,temperate
v0855	Viruses;Duplodnaviria;Heunggongvirae;Uroviricota;Caudoviricetes;;,d__Bacteria;p__Bacillota;c__Bacilli;o__Lactobacillales;f__Lactobacillaceae;g__Lacticaseibacillus,virulent
v0856	Viruses;Duplodnaviria;Heunggongvirae;Uroviricota;Caudoviricetes;;,d__Bacteria;p__Bacillota;c__Bacilli;o__Lactobacillales;f__Lactobacillaceae;g__Lactobacillus,temperate
v0857	Viruses;Duplodnaviria;Heunggongvirae;Uroviricota;Caudoviricetes;;,d__Bacteria;p__Bacillota;c__Bacilli;o__Lactobacillales;f__Lactobacillaceae;g__Lactobacillus,temperate
v0858	Viruses;Duplodnaviria;Heunggongvirae;Uroviricota;Caudoviricetes;;,d__Bacteria;p__Actinomycetota;c__Coriobacteriia;o__Coriobacteriales;f__Atopobiaceae;g__Fannyhessea,temperate
v0859	NA,d__Bacteria;p__Actinomycetota;c__Actinomycetes;o__Actinomycetales;f__Bifidobacteriaceae;g__Bifidobacterium,temperate
v085a	Viruses;Duplodnaviria;Heunggongvirae;Uroviricota;Caudoviricetes;;,d__Bacteria;p__Bacillota;c__Bacilli;o__Lactobacillales;f__Lactobacillaceae;g__Limosilactobacillus,temperate
v085b	NA,d__Bacteria;p__Bacillota;c__Bacilli;o__Lactobacillales;f__Lactobacillaceae;g__Lactobacillus,temperate
v085c	Viruses;Duplodnaviria;Heunggongvirae;Uroviricota;Caudoviricetes;;,d__Bacteria;p__Bacillota;c__Bacilli;o__Lactobacillales;f__Lactobacillaceae;g__Lactobacillus,temperate
v085d	Viruses;Duplodnaviria;Heunggongvirae;Uroviricota;Caudoviricetes;;,d__Bacteria;p__Bacillota;c__Bacilli;o__Lactobacillales;f__Lactobacillaceae;g__Lactobacillus,temperate
v085e	Viruses;Duplodnaviria;Heunggongvirae;Uroviricota;Caudoviricetes;;,d__Bacteria;p__Bacillota;c__Bacilli;o__Lactobacillales;f__Lactobacillaceae;g__Lactobacillus,temperate
v085f	Viruses;Duplodnaviria;Heunggongvirae;Uroviricota;Caudoviricetes;;,d__Bacteria;p__Actinomycetota;c__Actinomycetes;o__Actinomycetales;f__Bifidobacteriaceae;g__Bifidobacterium,temperate
v0860	Viruses;Duplodnaviria;Heunggongvirae;Uroviricota;Caudoviricetes;;,NA,temperate
v0861	Viruses;Duplodnaviria;Heunggongvirae;Uroviricota;Caudoviricetes;;,d__Bacteria;p__Bacillota;c__Bacilli;o__Lactobacillales;f__Lactobacillaceae;g__Lactobacillus,temperate
v0862	Viruses;Duplodnaviria;Heunggongvirae;Uroviricota;Caudoviricetes;;,d__Bacteria;p__Actinomycetota;c__Actinomycetes;o__Actinomycetales;f__Bifidobacteriaceae;g__Bifidobacterium,temperate
v0863	Viruses;Duplodnaviria;Heunggongvirae;Uroviricota;Caudoviricetes;;,d__Bacteria;p__Bacillota;c__Bacilli;o__Lactobacillales;f__Lactobacillaceae;g__Lactobacillus,temperate
v0864	Viruses;Duplodnaviria;Heunggongvirae;Uroviricota;Caudoviricetes;;,d__Bacteria;p__Bacillota;c__Bacilli;o__Lactobacillales;f__Lactobacillaceae;g__Lactobacillus,temperate
v0865	Viruses;Duplodnaviria;Heunggongvirae;Uroviricota;Caudoviricetes;;,d__Bacteria;p__Bacillota;c__Bacilli;o__Lactobacillales;f__Lactobacillaceae;g__Lactobacillus,temperate
v0866	Viruses;Duplodnaviria;Heunggongvirae;Uroviricota;Caudoviricetes;;,NA,temperate
v0867	Viruses;Duplodnaviria;Heunggongvirae;Uroviricota;Caudoviricetes;;,d__Bacteria;p__Actinomycetota;c__Actinomycetes;o__Actinomycetales;f__Bifidobacteriaceae;g__Bifidobacterium,temperate
v0868	Viruses;Duplodnaviria;Heunggongvirae;Uroviricota;Caudoviricetes;;,d__Bacteria;p__Actinomycetota;c__Actinomycetes;o__Actinomycetales;f__Bifidobacteriaceae;g__Bifidobacterium,temperate
v0869	Viruses;Duplodnaviria;Heunggongvirae;Uroviricota;Caudoviricetes;;,d__Bacteria;p__Bacillota;c__Bacilli;o__Lactobacillales;f__Lactobacillaceae;g__Lactobacillus,temperate
v086a	Viruses;Duplodnaviria;Heunggongvirae;Uroviricota;Caudoviricetes;;,d__Bacteria;p__Bacillota;c__Bacilli;o__Lactobacillales;f__Lactobacillaceae;g__Lactobacillus,temperate
v086b	Viruses;Duplodnaviria;Heunggongvirae;Uroviricota;Caudoviricetes;;,NA,temperate
v086c	Viruses;Duplodnaviria;Heunggongvirae;Uroviricota;Caudoviricetes;;,d__Bacteria;p__Bacillota;c__Bacilli;o__Lactobacillales;f__Lactobacillaceae;g__Lactobacillus,temperate
v086d	Viruses;Duplodnaviria;Heunggongvirae;Uroviricota;Caudoviricetes;;,d__Bacteria;p__Bacillota;c__Bacilli;o__Lactobacillales;f__Lactobacillaceae;g__Lactobacillus,temperate
v086e	Viruses;Duplodnaviria;Heunggongvirae;Uroviricota;Caudoviricetes;;,d__Bacteria;p__Bacteroidota;c__Bacteroidia;o__Bacteroidales;f__Bacteroidaceae;g__Prevotella,virulent
v086f	Viruses;Monodnaviria;Sangervirae;Phixviricota;Malgrandaviricetes;Petitvirales;Microviridae,d__Bacteria;p__Bacteroidota;c__Bacteroidia;o__Bacteroidales;f__Bacteroidaceae;g__Prevotella,virulent
v0870	NA,d__Bacteria;p__Bacteroidota;c__Bacteroidia;o__Bacteroidales;f__Bacteroidaceae;g__Prevotella,temperate
v0871	Viruses;Duplodnaviria;Heunggongvirae;Uroviricota;Caudoviricetes;;,d__Bacteria;p__Actinomycetota;c__Actinomycetes;o__Actinomycetales;f__Bifidobacteriaceae;g__Bifidobacterium,temperate
v0872	Viruses;Duplodnaviria;Heunggongvirae;Uroviricota;Caudoviricetes;;,d__Bacteria;p__Bacillota;c__Bacilli;o__Lactobacillales;f__Lactobacillaceae;g__Lactobacillus,temperate
v0873	Viruses;Duplodnaviria;Heunggongvirae;Uroviricota;Caudoviricetes;;,d__Bacteria;p__Bacteroidota;c__Bacteroidia;o__Bacteroidales;f__Bacteroidaceae;g__Bacteroides,virulent
v0874	Viruses;Duplodnaviria;Heunggongvirae;Uroviricota;Caudoviricetes;;,d__Bacteria;p__Bacteroidota;c__Bacteroidia;o__Bacteroidales;f__Rikenellaceae;g__Alistipes,virulent
v0875	Viruses;Duplodnaviria;Heunggongvirae;Uroviricota;Caudoviricetes;;,d__Bacteria;p__Bacteroidota;c__Bacteroidia;o__Bacteroidales;f__Bacteroidaceae;g__Bacteroides,virulent
v0876	Viruses;Duplodnaviria;Heunggongvirae;Uroviricota;Caudoviricetes;;,d__Bacteria;p__Bacillota;c__Bacilli;o__Lactobacillales;f__Lactobacillaceae;g__Lactobacillus,temperate
v0877	Viruses;Duplodnaviria;Heunggongvirae;Uroviricota;Caudoviricetes;;,d__Bacteria;p__Fusobacteriota;c__Fusobacteriia;o__Fusobacteriales;f__Leptotrichiaceae;g__Sneathia,temperate
v0878	Viruses;Duplodnaviria;Heunggongvirae;Uroviricota;Caudoviricetes;;,d__Bacteria;p__Actinomycetota;c__Actinomycetes;o__Actinomycetales;f__Actinomycetaceae;g__Mobiluncus,temperate
v0879	Viruses;Duplodnaviria;Heunggongvirae;Uroviricota;Caudoviricetes;;,d__Bacteria;p__Bacillota;c__Bacilli;o__Lactobacillales;f__Lactobacillaceae;g__Lactobacillus,temperate
v087a	Viruses;Duplodnaviria;Heunggongvirae;Uroviricota;Caudoviricetes;;,d__Bacteria;p__Bacillota;c__Bacilli;o__Lactobacillales;f__Lactobacillaceae;g__Lactobacillus,temperate
v087b	Viruses;Duplodnaviria;Heunggongvirae;Uroviricota;Caudoviricetes;;,d__Bacteria;p__Bacillota;c__Bacilli;o__Lactobacillales;f__Lactobacillaceae;g__Lactobacillus,temperate
v087c	Viruses;Duplodnaviria;Heunggongvirae;Uroviricota;Caudoviricetes;;,d__Bacteria;p__Bacteroidota;c__Bacteroidia;o__Bacteroidales;f__Bacteroidaceae;g__Bacteroides,temperate
v087d	Viruses;Duplodnaviria;Heunggongvirae;Uroviricota;Caudoviricetes;;,d__Bacteria;p__Bacillota;c__Negativicutes;o__Veillonellales;f__Dialisteraceae;g__Dialister,virulent
v087e	Viruses;Duplodnaviria;Heunggongvirae;Uroviricota;Caudoviricetes;;,d__Bacteria;p__Bacillota;c__Negativicutes;o__Veillonellales;f__Dialisteraceae;g__Dialister,temperate
v087f	Viruses;Duplodnaviria;Heunggongvirae;Uroviricota;Caudoviricetes;;,d__Bacteria;p__Bacteroidota;c__Bacteroidia;o__Bacteroidales;f__Bacteroidaceae;g__Bacteroides,temperate
v0880	Viruses;Duplodnaviria;Heunggongvirae;Uroviricota;Caudoviricetes;;,d__Bacteria;p__Bacillota;c__Bacilli;o__Lactobacillales;f__Lactobacillaceae;g__Lactobacillus,temperate
v0881	Viruses;Duplodnaviria;Heunggongvirae;Uroviricota;Caudoviricetes;;,d__Bacteria;p__Pseudomonadota;c__Gammaproteobacteria;o__Burkholderiales;f__Neisseriaceae;g__Neisseria,virulent
v0882	Viruses;Duplodnaviria;Heunggongvirae;Uroviricota;Caudoviricetes;;,d__Bacteria;p__Bacillota;c__Bacilli;o__Lactobacillales;f__Lactobacillaceae;g__Lactobacillus,temperate
v0883	Viruses;Duplodnaviria;Heunggongvirae;Uroviricota;Caudoviricetes;;,d__Bacteria;p__Bacillota;c__Bacilli;o__Lactobacillales;f__Lactobacillaceae;g__Lactobacillus,temperate
v0884	Viruses;Duplodnaviria;Heunggongvirae;Uroviricota;Caudoviricetes;;,d__Bacteria;p__Bacteroidota;c__Bacteroidia;o__Bacteroidales;f__Bacteroidaceae;g__Prevotella,temperate
v0885	Viruses;Duplodnaviria;Heunggongvirae;Uroviricota;Caudoviricetes;;,d__Bacteria;p__Fusobacteriota;c__Fusobacteriia;o__Fusobacteriales;f__Leptotrichiaceae;g__Leptotrichia,temperate
v0886	Viruses;Duplodnaviria;Heunggongvirae;Uroviricota;Caudoviricetes;;,d__Bacteria;p__Bacillota;c__Bacilli;o__Lactobacillales;f__Streptococcaceae;g__Streptococcus,temperate
v0887	Viruses;Duplodnaviria;Heunggongvirae;Uroviricota;Caudoviricetes;;,d__Bacteria;p__Bacillota;c__Clostridia;o__Lachnospirales;f__Lachnospiraceae;g__Lachnoanaerobaculum,temperate
v0888	Viruses;Duplodnaviria;Heunggongvirae;Uroviricota;Caudoviricetes;;,d__Bacteria;p__Bacteroidota;c__Bacteroidia;o__Bacteroidales;f__Bacteroidaceae;g__Prevotella,temperate
v0889	Viruses;Duplodnaviria;Heunggongvirae;Uroviricota;Caudoviricetes;;,d__Bacteria;p__Fusobacteriota;c__Fusobacteriia;o__Fusobacteriales;f__Leptotrichiaceae;g__Leptotrichia,virulent
v088a	Viruses;Duplodnaviria;Heunggongvirae;Uroviricota;Caudoviricetes;;,d__Bacteria;p__Fusobacteriota;c__Fusobacteriia;o__Fusobacteriales;f__Leptotrichiaceae;g__Leptotrichia_A,temperate
v088b	Viruses;Duplodnaviria;Heunggongvirae;Uroviricota;Caudoviricetes;;,d__Bacteria;p__Bacillota;c__Clostridia;o__Peptostreptococcales;f__Anaerovoracaceae;g__Eubacterium_B,temperate
v088c	Viruses;Duplodnaviria;Heunggongvirae;Uroviricota;Caudoviricetes;;,d__Bacteria;p__Actinomycetota;c__Actinomycetes;o__Actinomycetales;f__Actinomycetaceae;g__Varibaculum,temperate
v088d	Viruses;Duplodnaviria;Heunggongvirae;Uroviricota;Caudoviricetes;;,d__Bacteria;p__Bacteroidota;c__Bacteroidia;o__Bacteroidales;f__Bacteroidaceae;g__Alloprevotella,virulent
v088e	Viruses;Duplodnaviria;Heunggongvirae;Uroviricota;Caudoviricetes;;,d__Bacteria;p__Bacteroidota;c__Bacteroidia;o__Bacteroidales;f__Bacteroidaceae;g__Prevotella,temperate
v088f	Viruses;Duplodnaviria;Heunggongvirae;Uroviricota;Caudoviricetes;;,d__Bacteria;p__Bacteroidota;c__Bacteroidia;o__Bacteroidales;f__Bacteroidaceae;g__Prevotella,temperate
v0890	Viruses;Duplodnaviria;Heunggongvirae;Uroviricota;Caudoviricetes;;,d__Bacteria;p__Actinomycetota;c__Actinomycetes;o__Actinomycetales;f__Bifidobacteriaceae;g__Bifidobacterium,temperate
v0891	Viruses;Duplodnaviria;Heunggongvirae;Uroviricota;Caudoviricetes;;,d__Bacteria;p__Bacillota;c__Bacilli;o__Lactobacillales;f__Streptococcaceae;g__Streptococcus,temperate
v0892	Viruses;Duplodnaviria;Heunggongvirae;Uroviricota;Caudoviricetes;;,d__Bacteria;p__Patescibacteriota;c__Saccharimonadia;o__Saccharimonadales;f__Nanosynbacteraceae;g__Nanosynbacter,virulent
v0893	Viruses;Duplodnaviria;Heunggongvirae;Uroviricota;Caudoviricetes;;,d__Bacteria;p__Bacillota;c__Negativicutes;o__Veillonellales;f__Veillonellaceae;g__Veillonella,virulent
v0894	Viruses;Duplodnaviria;Heunggongvirae;Uroviricota;Caudoviricetes;;,d__Bacteria;p__Campylobacterota;c__Campylobacteria;o__Campylobacterales;f__Campylobacteraceae;g__Campylobacter_B,temperate
v0895	Viruses;Duplodnaviria;Heunggongvirae;Uroviricota;Caudoviricetes;;,d__Bacteria;p__Bacillota;c__Bacilli;o__Lactobacillales;f__Streptococcaceae;g__Streptococcus,temperate
v0896	Viruses;Duplodnaviria;Heunggongvirae;Uroviricota;Caudoviricetes;;,d__Bacteria;p__Bacteroidota;c__Bacteroidia;o__Flavobacteriales;f__Flavobacteriaceae;g__Capnocytophaga,temperate
v0897	Viruses;Duplodnaviria;Heunggongvirae;Uroviricota;Caudoviricetes;;,d__Bacteria;p__Bacteroidota;c__Bacteroidia;o__Flavobacteriales;f__Flavobacteriaceae;g__Capnocytophaga,virulent
v0898	Viruses;Duplodnaviria;Heunggongvirae;Uroviricota;Caudoviricetes;;,d__Bacteria;p__Bacillota;c__Bacilli;o__Lactobacillales;f__Streptococcaceae;g__Streptococcus,temperate
v0899	Viruses;Duplodnaviria;Heunggongvirae;Uroviricota;Caudoviricetes;;,d__Bacteria;p__Bacillota;c__Clostridia;o__Lachnospirales;f__Lachnospiraceae;g__Lachnoanaerobaculum,virulent
v089a	Viruses;Duplodnaviria;Heunggongvirae;Uroviricota;Caudoviricetes;;,d__Bacteria;p__Bacillota;c__Clostridia;o__Lachnospirales;f__Lachnospiraceae;g__Lachnoanaerobaculum,virulent
v089b	Viruses;Duplodnaviria;Heunggongvirae;Uroviricota;Caudoviricetes;;,d__Bacteria;p__Bacillota;c__Negativicutes;o__Selenomonadales;f__Selenomonadaceae;g__Centipeda,temperate
v089c	NA,d__Bacteria;p__Bacillota;c__Bacilli;o__Lactobacillales;f__Lactobacillaceae;g__Lactobacillus,temperate
v089d	Viruses;Duplodnaviria;Heunggongvirae;Uroviricota;Caudoviricetes;;,d__Bacteria;p__Bacillota;c__Bacilli;o__Lactobacillales;f__Streptococcaceae;g__Streptococcus,temperate
v089e	Viruses;Duplodnaviria;Heunggongvirae;Uroviricota;Caudoviricetes;;,d__Bacteria;p__Bacillota;c__Negativicutes;o__Veillonellales;f__Megasphaeraceae;g__Megasphaera,virulent
v089f	NA,d__Bacteria;p__Bacillota;c__Bacilli;o__Lactobacillales;f__Lactobacillaceae;g__Lactobacillus,temperate
v08a0	Viruses;Duplodnaviria;Heunggongvirae;Uroviricota;Caudoviricetes;;,d__Bacteria;p__Actinomycetota;c__Coriobacteriia;o__Coriobacteriales;f__Atopobiaceae;g__Fannyhessea,temperate
v08a1	Viruses;Duplodnaviria;Heunggongvirae;Uroviricota;Caudoviricetes;;,d__Bacteria;p__Bacillota;c__Bacilli;o__Lactobacillales;f__Lactobacillaceae;g__Lactobacillus,temperate
v08a2	Viruses;Duplodnaviria;Heunggongvirae;Uroviricota;Caudoviricetes;;,d__Bacteria;p__Actinomycetota;c__Actinomycetes;o__Actinomycetales;f__Bifidobacteriaceae;g__Bifidobacterium,temperate
v08a3	Viruses;Duplodnaviria;Heunggongvirae;Uroviricota;Caudoviricetes;;,d__Bacteria;p__Bacillota;c__Clostridia;o__Tissierellales;f__Peptoniphilaceae;g__Peptoniphilus_A,virulent
v08a4	Viruses;Duplodnaviria;Heunggongvirae;Uroviricota;Caudoviricetes;;,NA,temperate
v08a5	NA,d__Bacteria;p__Bacteroidota;c__Bacteroidia;o__Bacteroidales;f__Bacteroidaceae;g__Prevotella,temperate
v08a6	Viruses;Duplodnaviria;Heunggongvirae;Uroviricota;Caudoviricetes;;,d__Bacteria;p__Actinomycetota;c__Actinomycetes;o__Actinomycetales;f__Actinomycetaceae;g__Pauljensenia,temperate
v08a7	Viruses;Duplodnaviria;Heunggongvirae;Uroviricota;Caudoviricetes;;,d__Bacteria;p__Bacillota;c__Negativicutes;o__Veillonellales;f__Megasphaeraceae;g__Megasphaera,temperate
v08a8	Viruses;Duplodnaviria;Heunggongvirae;Uroviricota;Caudoviricetes;;,d__Bacteria;p__Bacillota;c__Negativicutes;o__Veillonellales;f__Dialisteraceae;g__Dialister,temperate
v08a9	Viruses;Duplodnaviria;Heunggongvirae;Uroviricota;Caudoviricetes;;,d__Bacteria;p__Bacillota;c__Negativicutes;o__Veillonellales;f__Megasphaeraceae;g__Megasphaera,temperate
v08aa	Viruses;Duplodnaviria;Heunggongvirae;Uroviricota;Caudoviricetes;;,d__Bacteria;p__Bacillota;c__Negativicutes;o__Veillonellales;f__Dialisteraceae;g__Dialister,temperate
v08ab	Viruses;Duplodnaviria;Heunggongvirae;Uroviricota;Caudoviricetes;;,d__Bacteria;p__Bacillota;c__Bacilli;o__Lactobacillales;f__Lactobacillaceae;g__Lactobacillus,temperate
v08ac	Viruses;Duplodnaviria;Heunggongvirae;Uroviricota;Caudoviricetes;;,d__Bacteria;p__Bacillota;c__Bacilli;o__Lactobacillales;f__Lactobacillaceae;g__Lactobacillus,temperate
v08ad	Viruses;Duplodnaviria;Heunggongvirae;Uroviricota;Caudoviricetes;;,d__Bacteria;p__Actinomycetota;c__Actinomycetes;o__Actinomycetales;f__Bifidobacteriaceae;g__Bifidobacterium,temperate
v08ae	Viruses;Duplodnaviria;Heunggongvirae;Uroviricota;Caudoviricetes;;,NA,temperate
v08af	Viruses;Duplodnaviria;Heunggongvirae;Uroviricota;Caudoviricetes;;,d__Bacteria;p__Actinomycetota;c__Actinomycetes;o__Actinomycetales;f__Actinomycetaceae;g__Mobiluncus,temperate
v08b0	Viruses;Duplodnaviria;Heunggongvirae;Uroviricota;Caudoviricetes;;,NA,temperate
v08b1	Viruses;Duplodnaviria;Heunggongvirae;Uroviricota;Caudoviricetes;;,d__Bacteria;p__Bacillota;c__Clostridia;o__Tissierellales;f__Peptoniphilaceae;g__Peptoniphilus_A,temperate
v08b2	Viruses;Duplodnaviria;Heunggongvirae;Uroviricota;Caudoviricetes;;,NA,temperate
v08b3	Viruses;Duplodnaviria;Heunggongvirae;Uroviricota;Caudoviricetes;;,d__Bacteria;p__Bacillota;c__Negativicutes;o__Veillonellales;f__Dialisteraceae;g__Dialister,temperate
v08b4	Viruses;Duplodnaviria;Heunggongvirae;Uroviricota;Caudoviricetes;;,d__Bacteria;p__Bacillota;c__Clostridia;o__Tissierellales;f__Peptoniphilaceae;g__Peptoniphilus_A,temperate
v08b5	NA,d__Bacteria;p__Actinomycetota;c__Coriobacteriia;o__Coriobacteriales;f__Atopobiaceae;g__Fannyhessea,temperate
v08b6	NA,NA,temperate
v08b7	Viruses;Duplodnaviria;Heunggongvirae;Uroviricota;Caudoviricetes;;,NA,temperate
v08b8	Viruses;Duplodnaviria;Heunggongvirae;Uroviricota;Caudoviricetes;;,NA,temperate
v08b9	Viruses;Duplodnaviria;Heunggongvirae;Uroviricota;Caudoviricetes;;,d__Bacteria;p__Actinomycetota;c__Actinomycetes;o__Actinomycetales;f__Bifidobacteriaceae;g__Bifidobacterium,temperate
v08ba	Viruses;Duplodnaviria;Heunggongvirae;Uroviricota;Caudoviricetes;;,d__Bacteria;p__Bacillota;c__Negativicutes;o__Veillonellales;f__Megasphaeraceae;g__Megasphaera_C,temperate
v08bb	Viruses;Duplodnaviria;Heunggongvirae;Uroviricota;Caudoviricetes;;,d__Bacteria;p__Bacillota;c__Bacilli;o__Lactobacillales;f__Lactobacillaceae;g__Lactobacillus,temperate
v08bc	Viruses;Duplodnaviria;Heunggongvirae;Uroviricota;Caudoviricetes;;,d__Bacteria;p__Bacillota;c__Bacilli;o__Lactobacillales;f__Lactobacillaceae;g__Lactobacillus,temperate
v08bd	Viruses;Duplodnaviria;Heunggongvirae;Uroviricota;Caudoviricetes;;,d__Bacteria;p__Bacillota;c__Bacilli;o__Lactobacillales;f__Lactobacillaceae;g__Lactobacillus,temperate
v08be	Viruses;Duplodnaviria;Heunggongvirae;Uroviricota;Caudoviricetes;;,d__Bacteria;p__Bacillota;c__Bacilli;o__Lactobacillales;f__Lactobacillaceae;g__Lactobacillus,temperate
v08bf	Viruses;Duplodnaviria;Heunggongvirae;Uroviricota;Caudoviricetes;;,d__Bacteria;p__Bacillota;c__Bacilli;o__Lactobacillales;f__Enterococcaceae;g__Enterococcus,temperate
v08c0	Viruses;Duplodnaviria;Heunggongvirae;Uroviricota;Caudoviricetes;;,d__Bacteria;p__Actinomycetota;c__Actinomycetes;o__Actinomycetales;f__Bifidobacteriaceae;g__Bifidobacterium,temperate
v08c1	NA,d__Bacteria;p__Bacillota;c__Bacilli;o__Lactobacillales;f__Lactobacillaceae;g__Lactobacillus,temperate
v08c2	Viruses;Duplodnaviria;Heunggongvirae;Uroviricota;Caudoviricetes;;,d__Bacteria;p__Bacillota;c__Bacilli;o__Lactobacillales;f__Lactobacillaceae;g__Lactobacillus,virulent
v08c3	Viruses;Duplodnaviria;Heunggongvirae;Uroviricota;Caudoviricetes;;,d__Bacteria;p__Actinomycetota;c__Actinomycetes;o__Actinomycetales;f__Bifidobacteriaceae;g__Bifidobacterium,virulent
v08c4	Viruses;Duplodnaviria;Heunggongvirae;Uroviricota;Caudoviricetes;;,d__Bacteria;p__Actinomycetota;c__Actinomycetes;o__Actinomycetales;f__Bifidobacteriaceae;g__Bifidobacterium,temperate
v08c5	Viruses;Duplodnaviria;Heunggongvirae;Uroviricota;Caudoviricetes;;,d__Bacteria;p__Actinomycetota;c__Coriobacteriia;o__Coriobacteriales;f__Atopobiaceae;g__Fannyhessea,temperate
v08c6	Viruses;Duplodnaviria;Heunggongvirae;Uroviricota;Caudoviricetes;;,d__Bacteria;p__Bacillota;c__Clostridia;o__Tissierellales;f__Peptoniphilaceae;g__Anaerococcus,temperate
v08c7	Viruses;Duplodnaviria;Heunggongvirae;Uroviricota;Caudoviricetes;;,d__Bacteria;p__Actinomycetota;c__Coriobacteriia;o__Coriobacteriales;f__Eggerthellaceae;g__Berryella,temperate
v08c8	Viruses;Duplodnaviria;Heunggongvirae;Uroviricota;Caudoviricetes;;,d__Bacteria;p__Actinomycetota;c__Coriobacteriia;o__Coriobacteriales;f__Eggerthellaceae;g__Berryella,temperate
v08c9	Viruses;Duplodnaviria;Heunggongvirae;Uroviricota;Caudoviricetes;;,d__Bacteria;p__Actinomycetota;c__Actinomycetes;o__Actinomycetales;f__Actinomycetaceae;g__Pauljensenia,temperate
v08ca	Viruses;Duplodnaviria;Heunggongvirae;Uroviricota;Caudoviricetes;;,d__Bacteria;p__Bacillota;c__Bacilli;o__Erysipelotrichales;f__Erysipelotrichaceae;g__Bulleidia,temperate
v08cb	Viruses;Duplodnaviria;Heunggongvirae;Uroviricota;Caudoviricetes;;,d__Bacteria;p__Bacillota;c__Bacilli;o__Lactobacillales;f__Streptococcaceae;g__Streptococcus,temperate
v08cc	Viruses;Duplodnaviria;Heunggongvirae;Uroviricota;Caudoviricetes;;,NA,temperate
v08cd	Viruses;Duplodnaviria;Heunggongvirae;Uroviricota;Caudoviricetes;;,d__Bacteria;p__Bacillota;c__Clostridia;o__Saccharofermentanales;f__Fastidiosipilaceae;g__Amygdalobacter,temperate
v08ce	Viruses;Duplodnaviria;Heunggongvirae;Uroviricota;Caudoviricetes;;,d__Bacteria;p__Bacillota;c__Negativicutes;o__Veillonellales;f__Veillonellaceae;g__Veillonella,virulent
v08cf	Viruses;Duplodnaviria;Heunggongvirae;Uroviricota;Caudoviricetes;;,d__Bacteria;p__Bacillota;c__Negativicutes;o__Veillonellales;f__Veillonellaceae;g__Veillonella,temperate
v08d0	Viruses;Duplodnaviria;Heunggongvirae;Uroviricota;Caudoviricetes;;,NA,virulent
v08d1	Viruses;Duplodnaviria;Heunggongvirae;Uroviricota;Caudoviricetes;;,d__Bacteria;p__Bacillota;c__Negativicutes;o__Veillonellales;f__Megasphaeraceae;g__Megasphaera_C,temperate
v08d2	Viruses;Duplodnaviria;Heunggongvirae;Uroviricota;Caudoviricetes;;,d__Bacteria;p__Bacillota;c__Negativicutes;o__Veillonellales;f__Megasphaeraceae;g__Megasphaera_C,virulent
v08d3	Viruses;Duplodnaviria;Heunggongvirae;Uroviricota;Caudoviricetes;;,d__Bacteria;p__Bacillota;c__Bacilli;o__Lactobacillales;f__Lactobacillaceae;g__Lactobacillus,temperate
v08d4	Viruses;Duplodnaviria;Heunggongvirae;Uroviricota;Caudoviricetes;;,d__Bacteria;p__Actinomycetota;c__Coriobacteriia;o__Coriobacteriales;f__Atopobiaceae;g__Fannyhessea,temperate
v08d5	Viruses;Duplodnaviria;Heunggongvirae;Uroviricota;Caudoviricetes;;,NA,temperate
v08d6	Viruses;Duplodnaviria;Heunggongvirae;Uroviricota;Caudoviricetes;;,d__Bacteria;p__Bacillota;c__Negativicutes;o__Veillonellales;f__Dialisteraceae;g__Dialister,temperate
v08d7	Viruses;Duplodnaviria;Heunggongvirae;Uroviricota;Caudoviricetes;;,d__Bacteria;p__Actinomycetota;c__Actinomycetes;o__Actinomycetales;f__Actinomycetaceae;g__Mobiluncus,virulent
v08d8	Viruses;Duplodnaviria;Heunggongvirae;Uroviricota;Caudoviricetes;;,d__Bacteria;p__Bacillota;c__Bacilli;o__Lactobacillales;f__Lactobacillaceae;g__Lactobacillus,temperate
v08d9	Viruses;Duplodnaviria;Heunggongvirae;Uroviricota;Caudoviricetes;;,d__Bacteria;p__Bacillota;c__Bacilli;o__Lactobacillales;f__Lactobacillaceae;g__Lactobacillus,temperate
v08da	Viruses;Duplodnaviria;Heunggongvirae;Uroviricota;Caudoviricetes;;,d__Bacteria;p__Bacillota;c__Bacilli;o__Lactobacillales;f__Lactobacillaceae;g__Lactobacillus,virulent
v08db	Viruses;Duplodnaviria;Heunggongvirae;Uroviricota;Caudoviricetes;;,d__Bacteria;p__Actinomycetota;c__Actinomycetes;o__Actinomycetales;f__Bifidobacteriaceae;g__Bifidobacterium,virulent
v08dc	Viruses;Duplodnaviria;Heunggongvirae;Uroviricota;Caudoviricetes;;,d__Bacteria;p__Actinomycetota;c__Actinomycetes;o__Actinomycetales;f__Bifidobacteriaceae;g__Bifidobacterium,temperate
v08dd	Viruses;Duplodnaviria;Heunggongvirae;Uroviricota;Caudoviricetes;;,d__Bacteria;p__Bacillota;c__Bacilli;o__Lactobacillales;f__Lactobacillaceae;g__Lactobacillus,temperate
v08de	Viruses;Duplodnaviria;Heunggongvirae;Uroviricota;Caudoviricetes;;,d__Bacteria;p__Bacillota;c__Negativicutes;o__Veillonellales;f__Megasphaeraceae;g__Megasphaera,temperate
v08df	NA,d__Bacteria;p__Actinomycetota;c__Actinomycetes;o__Actinomycetales;f__Bifidobacteriaceae;g__Bifidobacterium,temperate
v08e0	Viruses;Duplodnaviria;Heunggongvirae;Uroviricota;Caudoviricetes;;,d__Bacteria;p__Bacillota;c__Bacilli;o__Lactobacillales;f__Lactobacillaceae;g__Lactobacillus,temperate
v08e1	Viruses;Duplodnaviria;Heunggongvirae;Uroviricota;Caudoviricetes;;,NA,temperate
v08e2	Viruses;Duplodnaviria;Heunggongvirae;Uroviricota;Caudoviricetes;;,d__Bacteria;p__Actinomycetota;c__Coriobacteriia;o__Coriobacteriales;f__Atopobiaceae;g__Fannyhessea,temperate
v08e3	Viruses;Duplodnaviria;Heunggongvirae;Uroviricota;Caudoviricetes;;,d__Bacteria;p__Actinomycetota;c__Actinomycetes;o__Actinomycetales;f__Bifidobacteriaceae;g__Bifidobacterium,temperate
v08e4	Viruses;Duplodnaviria;Heunggongvirae;Uroviricota;Caudoviricetes;;,d__Bacteria;p__Actinomycetota;c__Actinomycetes;o__Actinomycetales;f__Bifidobacteriaceae;g__Bifidobacterium,temperate
v08e5	Viruses;Duplodnaviria;Heunggongvirae;Uroviricota;Caudoviricetes;;,d__Bacteria;p__Bacillota;c__Bacilli;o__Lactobacillales;f__Lactobacillaceae;g__Lactobacillus,temperate
v08e6	Viruses;Duplodnaviria;Heunggongvirae;Uroviricota;Caudoviricetes;;,d__Bacteria;p__Bacillota;c__Bacilli;o__Lactobacillales;f__Lactobacillaceae;g__Lactobacillus,temperate
v08e7	Viruses;Duplodnaviria;Heunggongvirae;Uroviricota;Caudoviricetes;;,d__Bacteria;p__Bacillota;c__Bacilli;o__Lactobacillales;f__Lactobacillaceae;g__Lactobacillus,temperate
v08e8	Viruses;Duplodnaviria;Heunggongvirae;Uroviricota;Caudoviricetes;;,d__Bacteria;p__Actinomycetota;c__Actinomycetes;o__Actinomycetales;f__Bifidobacteriaceae;g__Bifidobacterium,temperate
v08e9	NA,d__Bacteria;p__Actinomycetota;c__Actinomycetes;o__Actinomycetales;f__Bifidobacteriaceae;g__Bifidobacterium,temperate
v08ea	Viruses;Duplodnaviria;Heunggongvirae;Uroviricota;Caudoviricetes;;,d__Bacteria;p__Actinomycetota;c__Actinomycetes;o__Actinomycetales;f__Bifidobacteriaceae;g__Bifidobacterium,temperate
v08eb	Viruses;Duplodnaviria;Heunggongvirae;Uroviricota;Caudoviricetes;;,d__Bacteria;p__Bacillota;c__Bacilli;o__Lactobacillales;f__Lactobacillaceae;g__Lactobacillus,temperate
v08ec	Viruses;Duplodnaviria;Heunggongvirae;Uroviricota;Caudoviricetes;;,d__Bacteria;p__Bacillota;c__Bacilli;o__Lactobacillales;f__Lactobacillaceae;g__Lactobacillus,temperate
v08ed	Viruses;Duplodnaviria;Heunggongvirae;Uroviricota;Caudoviricetes;;,d__Bacteria;p__Actinomycetota;c__Actinomycetes;o__Actinomycetales;f__Bifidobacteriaceae;g__Bifidobacterium,temperate
v08ee	Viruses;Duplodnaviria;Heunggongvirae;Uroviricota;Caudoviricetes;;,d__Bacteria;p__Actinomycetota;c__Actinomycetes;o__Actinomycetales;f__Bifidobacteriaceae;g__Bifidobacterium,temperate
v08ef	Viruses;Duplodnaviria;Heunggongvirae;Uroviricota;Caudoviricetes;;,d__Bacteria;p__Actinomycetota;c__Coriobacteriia;o__Coriobacteriales;f__Eggerthellaceae;g__Berryella,temperate
v08f0	Viruses;Duplodnaviria;Heunggongvirae;Uroviricota;Caudoviricetes;;,d__Bacteria;p__Bacillota;c__Bacilli;o__Lactobacillales;f__Lactobacillaceae;g__Lactobacillus,temperate
v08f1	Viruses;Duplodnaviria;Heunggongvirae;Uroviricota;Caudoviricetes;;,d__Bacteria;p__Actinomycetota;c__Actinomycetes;o__Mycobacteriales;f__Mycobacteriaceae;g__Lawsonella,temperate
v08f2	NA,d__Bacteria;p__Bacillota;c__Bacilli;o__Lactobacillales;f__Lactobacillaceae;g__Lactobacillus,temperate
v08f3	Viruses;Duplodnaviria;Heunggongvirae;Uroviricota;Caudoviricetes;;,d__Bacteria;p__Actinomycetota;c__Actinomycetes;o__Actinomycetales;f__Bifidobacteriaceae;g__Bifidobacterium,temperate
v08f4	Viruses;Duplodnaviria;Heunggongvirae;Uroviricota;Caudoviricetes;;,d__Bacteria;p__Bacteroidota;c__Bacteroidia;o__Bacteroidales;f__Bacteroidaceae;g__Prevotella,virulent
v08f5	Viruses;Duplodnaviria;Heunggongvirae;Uroviricota;Caudoviricetes;;,d__Bacteria;p__Actinomycetota;c__Coriobacteriia;o__Coriobacteriales;f__Atopobiaceae;g__Fannyhessea,temperate
v08f6	Viruses;Duplodnaviria;Heunggongvirae;Uroviricota;Caudoviricetes;;,d__Bacteria;p__Actinomycetota;c__Actinomycetes;o__Actinomycetales;f__Bifidobacteriaceae;g__Bifidobacterium,temperate
v08f7	Viruses;Duplodnaviria;Heunggongvirae;Uroviricota;Caudoviricetes;;,d__Bacteria;p__Bacteroidota;c__Bacteroidia;o__Bacteroidales;f__Bacteroidaceae;g__Prevotella,virulent
v08f8	NA,d__Bacteria;p__Bacillota;c__Bacilli;o__Lactobacillales;f__Lactobacillaceae;g__Lactobacillus,temperate
v08f9	Viruses;Duplodnaviria;Heunggongvirae;Uroviricota;Caudoviricetes;;,d__Bacteria;p__Bacillota;c__Negativicutes;o__Veillonellales;f__Megasphaeraceae;g__Megasphaera_C,temperate
v08fa	Viruses;Duplodnaviria;Heunggongvirae;Uroviricota;Caudoviricetes;;,d__Bacteria;p__Actinomycetota;c__Actinomycetes;o__Actinomycetales;f__Bifidobacteriaceae;g__Bifidobacterium,virulent
v08fb	Viruses;Duplodnaviria;Heunggongvirae;Uroviricota;Caudoviricetes;;,d__Bacteria;p__Bacillota;c__Bacilli;o__Lactobacillales;f__Lactobacillaceae;g__Lactobacillus,temperate
v08fc	Viruses;Duplodnaviria;Heunggongvirae;Uroviricota;Caudoviricetes;;,d__Bacteria;p__Bacillota;c__Bacilli;o__Lactobacillales;f__Lactobacillaceae;g__Lactobacillus,temperate
v08fd	Viruses;Duplodnaviria;Heunggongvirae;Uroviricota;Caudoviricetes;;,d__Bacteria;p__Bacillota;c__Bacilli;o__Lactobacillales;f__Lactobacillaceae;g__Lactobacillus,temperate
v08fe	Viruses;Duplodnaviria;Heunggongvirae;Uroviricota;Caudoviricetes;;,d__Bacteria;p__Bacillota;c__Bacilli;o__Lactobacillales;f__Lactobacillaceae;g__Lactobacillus,temperate
v08ff	Viruses;Duplodnaviria;Heunggongvirae;Uroviricota;Caudoviricetes;;,d__Bacteria;p__Bacillota;c__Bacilli;o__Lactobacillales;f__Lactobacillaceae;g__Lactobacillus,temperate
v0900	Viruses;Duplodnaviria;Heunggongvirae;Uroviricota;Caudoviricetes;;,d__Bacteria;p__Bacteroidota;c__Bacteroidia;o__Bacteroidales;f__Bacteroidaceae;g__Bacteroides,virulent
v0901	Viruses;Duplodnaviria;Heunggongvirae;Uroviricota;Caudoviricetes;;,d__Bacteria;p__Campylobacterota;c__Campylobacteria;o__Campylobacterales;f__Campylobacteraceae;g__Campylobacter_D,temperate
v0902	Viruses;Duplodnaviria;Heunggongvirae;Uroviricota;Caudoviricetes;;,d__Bacteria;p__Bacillota;c__Clostridia;o__Tissierellales;f__Peptoniphilaceae;g__Anaerococcus,temperate
v0903	Viruses;Duplodnaviria;Heunggongvirae;Uroviricota;Caudoviricetes;;Autographiviridae,NA,virulent
v0904	Viruses;Duplodnaviria;Heunggongvirae;Uroviricota;Caudoviricetes;;,d__Bacteria;p__Bacillota;c__Clostridia;o__Tissierellales;f__Peptoniphilaceae;g__Anaerococcus,temperate
v0905	Viruses;Duplodnaviria;Heunggongvirae;Uroviricota;Caudoviricetes;;,d__Bacteria;p__Fusobacteriota;c__Fusobacteriia;o__Fusobacteriales;f__Fusobacteriaceae;g__Fusobacterium,temperate
v0906	Viruses;Duplodnaviria;Heunggongvirae;Uroviricota;Caudoviricetes;;,d__Bacteria;p__Spirochaetota;c__Spirochaetia;o__Treponematales;f__Treponemataceae;g__Treponema_C,temperate
v0907	Viruses;Duplodnaviria;Heunggongvirae;Uroviricota;Caudoviricetes;;,d__Bacteria;p__Actinomycetota;c__Actinomycetes;o__Actinomycetales;f__Bifidobacteriaceae;g__Bifidobacterium,temperate
v0908	Viruses;Monodnaviria;Sangervirae;Phixviricota;Malgrandaviricetes;Petitvirales;Microviridae,d__Bacteria;p__Bacteroidota;c__Bacteroidia;o__Bacteroidales;f__Bacteroidaceae;g__Prevotella,virulent
v0909	Viruses;Duplodnaviria;Heunggongvirae;Uroviricota;Caudoviricetes;;,d__Bacteria;p__Bacillota;c__Negativicutes;o__Veillonellales;f__Megasphaeraceae;g__Megasphaera_C,temperate
v090a	Viruses;Duplodnaviria;Heunggongvirae;Uroviricota;Caudoviricetes;;,d__Bacteria;p__Actinomycetota;c__Actinomycetes;o__Actinomycetales;f__Actinomycetaceae;g__Mobiluncus,temperate
v090b	Viruses;Duplodnaviria;Heunggongvirae;Uroviricota;Caudoviricetes;;,d__Bacteria;p__Bacillota;c__Clostridia;o__Tissierellales;f__Peptoniphilaceae;g__Peptoniphilus_A,temperate
v090c	Viruses;Duplodnaviria;Heunggongvirae;Uroviricota;Caudoviricetes;;,d__Bacteria;p__Bacteroidota;c__Bacteroidia;o__Bacteroidales;f__Bacteroidaceae;g__Prevotella,virulent
v090d	Viruses;Duplodnaviria;Heunggongvirae;Uroviricota;Caudoviricetes;;,d__Bacteria;p__Bacillota;c__Clostridia;o__Tissierellales;f__Peptoniphilaceae;g__Anaerococcus,temperate
v090e	Viruses;Duplodnaviria;Heunggongvirae;Uroviricota;Caudoviricetes;;,d__Bacteria;p__Bacillota;c__Clostridia;o__Tissierellales;f__Peptoniphilaceae;g__Peptoniphilus_A,temperate
v090f	Viruses;Duplodnaviria;Heunggongvirae;Uroviricota;Caudoviricetes;;,d__Bacteria;p__Bacillota;c__Negativicutes;o__Veillonellales;f__Veillonellaceae;g__Veillonella,temperate
v0910	Viruses;Duplodnaviria;Heunggongvirae;Uroviricota;Caudoviricetes;;,d__Bacteria;p__Bacillota;c__Negativicutes;o__Veillonellales;f__Veillonellaceae;g__Veillonella,temperate
v0911	Viruses;Duplodnaviria;Heunggongvirae;Uroviricota;Caudoviricetes;;,d__Bacteria;p__Bacteroidota;c__Bacteroidia;o__Bacteroidales;f__Porphyromonadaceae;g__Porphyromonas_A,virulent
v0912	Viruses;Duplodnaviria;Heunggongvirae;Uroviricota;Caudoviricetes;;,d__Bacteria;p__Bacteroidota;c__Bacteroidia;o__Bacteroidales;f__Porphyromonadaceae;g__Porphyromonas_A,temperate
v0913	Viruses;Monodnaviria;Sangervirae;Phixviricota;Malgrandaviricetes;Petitvirales;Microviridae,d__Bacteria;p__Bacteroidota;c__Bacteroidia;o__Bacteroidales;f__Porphyromonadaceae;g__Porphyromonas,virulent
v0914	Viruses;Duplodnaviria;Heunggongvirae;Uroviricota;Caudoviricetes;;,d__Bacteria;p__Bacteroidota;c__Bacteroidia;o__Bacteroidales;f__Porphyromonadaceae;g__Porphyromonas_A,virulent
v0915	Viruses;Duplodnaviria;Heunggongvirae;Uroviricota;Caudoviricetes;;,d__Bacteria;p__Bacteroidota;c__Bacteroidia;o__Bacteroidales;f__Bacteroidaceae;g__Prevotella,virulent
v0916	Viruses;Duplodnaviria;Heunggongvirae;Uroviricota;Caudoviricetes;;,d__Bacteria;p__Bacillota;c__Negativicutes;o__Veillonellales;f__Veillonellaceae;g__Veillonella,temperate
v0917	Viruses;Duplodnaviria;Heunggongvirae;Uroviricota;Caudoviricetes;;,d__Bacteria;p__Bacillota;c__Negativicutes;o__Veillonellales;f__Veillonellaceae;g__Veillonella,temperate
v0918	Viruses;Duplodnaviria;Heunggongvirae;Uroviricota;Caudoviricetes;;,d__Bacteria;p__Bacteroidota;c__Bacteroidia;o__Bacteroidales;f__Bacteroidaceae;g__Prevotella,temperate
v0919	Viruses;Duplodnaviria;Heunggongvirae;Uroviricota;Caudoviricetes;;,d__Bacteria;p__Bacillota;c__Negativicutes;o__Veillonellales;f__Veillonellaceae;g__Veillonella,temperate
v091a	Viruses;Duplodnaviria;Heunggongvirae;Uroviricota;Caudoviricetes;;,d__Bacteria;p__Bacillota;c__Bacilli;o__Lactobacillales;f__Lactobacillaceae;g__Lactobacillus,temperate
v091b	Viruses;Duplodnaviria;Heunggongvirae;Uroviricota;Caudoviricetes;;,d__Bacteria;p__Patescibacteriota;c__Saccharimonadia;o__Saccharimonadales;f__Nanoperiomorbaceae;g__Nanoperiomorbus,temperate
v091c	Viruses;Duplodnaviria;Heunggongvirae;Uroviricota;Caudoviricetes;;,d__Bacteria;p__Bacillota;c__Bacilli;o__Lactobacillales;f__Streptococcaceae;g__Streptococcus,temperate
v091d	Viruses;Duplodnaviria;Heunggongvirae;Uroviricota;Caudoviricetes;;,d__Bacteria;p__Actinomycetota;c__Actinomycetes;o__Actinomycetales;f__Bifidobacteriaceae;g__Bifidobacterium,temperate
v091e	Viruses;Duplodnaviria;Heunggongvirae;Uroviricota;Caudoviricetes;;,d__Bacteria;p__Bacillota;c__Bacilli;o__Lactobacillales;f__Lactobacillaceae;g__Lactobacillus,temperate
v091f	Viruses;Duplodnaviria;Heunggongvirae;Uroviricota;Caudoviricetes;;,d__Bacteria;p__Bacillota;c__Bacilli;o__Lactobacillales;f__Lactobacillaceae;g__Lactobacillus,temperate
v0920	Viruses;Duplodnaviria;Heunggongvirae;Uroviricota;Caudoviricetes;;,d__Bacteria;p__Actinomycetota;c__Coriobacteriia;o__Coriobacteriales;f__Atopobiaceae;g__Fannyhessea,temperate
v0921	Viruses;Duplodnaviria;Heunggongvirae;Uroviricota;Caudoviricetes;;,d__Bacteria;p__Bacillota;c__Bacilli;o__Lactobacillales;f__Lactobacillaceae;g__Lactobacillus,temperate
v0922	Viruses;Duplodnaviria;Heunggongvirae;Uroviricota;Caudoviricetes;;,d__Bacteria;p__Fusobacteriota;c__Fusobacteriia;o__Fusobacteriales;f__Fusobacteriaceae;g__Fusobacterium,temperate
v0923	Viruses;Duplodnaviria;Heunggongvirae;Uroviricota;Caudoviricetes;;,d__Bacteria;p__Bacteroidota;c__Bacteroidia;o__Bacteroidales;f__Porphyromonadaceae;g__Porphyromonas,temperate
v0924	NA,d__Bacteria;p__Bacillota;c__Bacilli;o__Lactobacillales;f__Lactobacillaceae;g__Lactobacillus,temperate
v0925	Viruses;Duplodnaviria;Heunggongvirae;Uroviricota;Caudoviricetes;;,d__Bacteria;p__Bacillota;c__Bacilli;o__Lactobacillales;f__Streptococcaceae;g__Streptococcus,temperate
v0926	Viruses;Duplodnaviria;Heunggongvirae;Uroviricota;Caudoviricetes;;,d__Bacteria;p__Fusobacteriota;c__Fusobacteriia;o__Fusobacteriales;f__Fusobacteriaceae;g__Fusobacterium,virulent
v0927	Viruses;Duplodnaviria;Heunggongvirae;Uroviricota;Caudoviricetes;;,d__Bacteria;p__Bacillota;c__Bacilli;o__Lactobacillales;f__Streptococcaceae;g__Streptococcus,temperate
v0928	Viruses;Duplodnaviria;Heunggongvirae;Uroviricota;Caudoviricetes;;,d__Bacteria;p__Bacillota;c__Bacilli;o__Lactobacillales;f__Streptococcaceae;g__Streptococcus,temperate
v0929	Viruses;Duplodnaviria;Heunggongvirae;Uroviricota;Caudoviricetes;;,d__Bacteria;p__Actinomycetota;c__Coriobacteriia;o__Coriobacteriales;f__Atopobiaceae;g__Lancefieldella,temperate
v092a	Viruses;Duplodnaviria;Heunggongvirae;Uroviricota;Caudoviricetes;;,d__Bacteria;p__Bacillota;c__Clostridia;o__Tissierellales;f__Peptoniphilaceae;g__Finegoldia,temperate
v092b	Viruses;Duplodnaviria;Heunggongvirae;Uroviricota;Caudoviricetes;;,d__Bacteria;p__Bacteroidota;c__Bacteroidia;o__Bacteroidales;f__Porphyromonadaceae;g__Porphyromonas,virulent
v092c	Viruses;Duplodnaviria;Heunggongvirae;Uroviricota;Caudoviricetes;;,NA,virulent
v092d	Viruses;Duplodnaviria;Heunggongvirae;Uroviricota;Caudoviricetes;;,d__Bacteria;p__Bacillota;c__Negativicutes;o__Veillonellales;f__Dialisteraceae;g__Dialister,virulent
v092e	Viruses;Duplodnaviria;Heunggongvirae;Uroviricota;Caudoviricetes;;,d__Bacteria;p__Bacteroidota;c__Bacteroidia;o__Bacteroidales;f__Bacteroidaceae;g__Bacteroides,temperate
v092f	Viruses;Duplodnaviria;Heunggongvirae;Uroviricota;Caudoviricetes;;,d__Bacteria;p__Bacillota;c__Clostridia;o__Tissierellales;f__Peptoniphilaceae;g__Anaerococcus,temperate
v0930	Viruses;Duplodnaviria;Heunggongvirae;Uroviricota;Caudoviricetes;;,d__Bacteria;p__Bacillota;c__Negativicutes;o__Veillonellales;f__Dialisteraceae;g__Dialister,temperate
v0931	Viruses;Duplodnaviria;Heunggongvirae;Uroviricota;Caudoviricetes;;,d__Bacteria;p__Bacteroidota;c__Bacteroidia;o__Bacteroidales;f__Bacteroidaceae;g__Bacteroides,temperate
v0932	Viruses;Duplodnaviria;Heunggongvirae;Uroviricota;Caudoviricetes;;,d__Bacteria;p__Bacillota;c__Clostridia;o__Peptostreptococcales;f__Anaerovoracaceae;g__S5-A14a,virulent
v0933	Viruses;Duplodnaviria;Heunggongvirae;Uroviricota;Caudoviricetes;;,d__Bacteria;p__Pseudomonadota;c__Gammaproteobacteria;o__Enterobacterales;f__Pasteurellaceae;g__Haemophilus,temperate
v0934	Viruses;Duplodnaviria;Heunggongvirae;Uroviricota;Caudoviricetes;;,NA,virulent
v0935	Viruses;Duplodnaviria;Heunggongvirae;Uroviricota;Caudoviricetes;;,d__Bacteria;p__Actinomycetota;c__Actinomycetes;o__Actinomycetales;f__Bifidobacteriaceae;g__Bifidobacterium,temperate
v0936	Viruses;Duplodnaviria;Heunggongvirae;Uroviricota;Caudoviricetes;;,d__Bacteria;p__Bacillota;c__Bacilli;o__Lactobacillales;f__Lactobacillaceae;g__Lactobacillus,temperate
v0937	Viruses;Duplodnaviria;Heunggongvirae;Uroviricota;Caudoviricetes;;,d__Bacteria;p__Bacteroidota;c__Bacteroidia;o__Bacteroidales;f__Bacteroidaceae;g__Prevotella,virulent
v0938	Viruses;Duplodnaviria;Heunggongvirae;Uroviricota;Caudoviricetes;;,d__Bacteria;p__Bacillota;c__Clostridia;o__Tissierellales;f__Peptoniphilaceae;g__Anaerococcus,temperate
v0939	Viruses;Duplodnaviria;Heunggongvirae;Uroviricota;Caudoviricetes;;,d__Bacteria;p__Pseudomonadota;c__Gammaproteobacteria;o__Burkholderiales;f__Burkholderiaceae;g__Oligella,temperate
v093a	Viruses;Duplodnaviria;Heunggongvirae;Uroviricota;Caudoviricetes;;,d__Bacteria;p__Actinomycetota;c__Actinomycetes;o__Mycobacteriales;f__Mycobacteriaceae;g__Corynebacterium,virulent
v093b	Viruses;Duplodnaviria;Heunggongvirae;Uroviricota;Caudoviricetes;;,NA,temperate
v093c	Viruses;Duplodnaviria;Heunggongvirae;Uroviricota;Caudoviricetes;;,NA,temperate
v093d	Viruses;Duplodnaviria;Heunggongvirae;Uroviricota;Caudoviricetes;;,d__Bacteria;p__Actinomycetota;c__Actinomycetes;o__Actinomycetales;f__Bifidobacteriaceae;g__Bifidobacterium,temperate
v093e	Viruses;Duplodnaviria;Heunggongvirae;Uroviricota;Caudoviricetes;;,d__Bacteria;p__Bacillota;c__Clostridia;o__Tissierellales;f__Peptoniphilaceae;g__Parvimonas,temperate
v093f	Viruses;Duplodnaviria;Heunggongvirae;Uroviricota;Caudoviricetes;;,d__Bacteria;p__Actinomycetota;c__Actinomycetes;o__Actinomycetales;f__Actinomycetaceae;g__Pauljensenia,virulent
v0940	Viruses;Duplodnaviria;Heunggongvirae;Uroviricota;Caudoviricetes;;,d__Bacteria;p__Actinomycetota;c__Coriobacteriia;o__Coriobacteriales;f__Eggerthellaceae;g__Berryella,temperate
v0941	Viruses;Duplodnaviria;Heunggongvirae;Uroviricota;Caudoviricetes;;,NA,temperate
v0942	Viruses;Duplodnaviria;Heunggongvirae;Uroviricota;Caudoviricetes;;,d__Bacteria;p__Bacteroidota;c__Bacteroidia;o__Bacteroidales;f__Bacteroidaceae;g__Prevotella,temperate
v0943	Viruses;Duplodnaviria;Heunggongvirae;Uroviricota;Caudoviricetes;;,d__Bacteria;p__Bacillota;c__Bacilli;o__Staphylococcales;f__Gemellaceae;g__Gemelliphila,temperate
v0944	Viruses;Duplodnaviria;Heunggongvirae;Uroviricota;Caudoviricetes;;,d__Bacteria;p__Actinomycetota;c__Coriobacteriia;o__Coriobacteriales;f__Eggerthellaceae;g__Berryella,temperate
v0945	Viruses;Monodnaviria;Sangervirae;Phixviricota;Malgrandaviricetes;Petitvirales;Microviridae,d__Bacteria;p__Bacteroidota;c__Bacteroidia;o__Bacteroidales;f__Bacteroidaceae;g__Prevotella,virulent
v0946	Viruses;Duplodnaviria;Heunggongvirae;Uroviricota;Caudoviricetes;;,d__Bacteria;p__Actinomycetota;c__Coriobacteriia;o__Coriobacteriales;f__Atopobiaceae;g__Fannyhessea,temperate
v0947	Viruses;Duplodnaviria;Heunggongvirae;Uroviricota;Caudoviricetes;;,d__Bacteria;p__Actinomycetota;c__Actinomycetes;o__Actinomycetales;f__Bifidobacteriaceae;g__Bifidobacterium,temperate
v0948	Viruses;Duplodnaviria;Heunggongvirae;Uroviricota;Caudoviricetes;;,d__Bacteria;p__Bacillota;c__Clostridia;o__Tissierellales;f__Peptoniphilaceae;g__Peptoniphilus_A,temperate
v0949	Viruses;Duplodnaviria;Heunggongvirae;Uroviricota;Caudoviricetes;;,NA,temperate
v094a	Viruses;Duplodnaviria;Heunggongvirae;Uroviricota;Caudoviricetes;;,d__Bacteria;p__Patescibacteriota;c__Saccharimonadia;o__Saccharimonadales;f__Nanoperiomorbaceae;g__Nanoperiomorbus,temperate
v094b	Viruses;Duplodnaviria;Heunggongvirae;Uroviricota;Caudoviricetes;;,d__Bacteria;p__Actinomycetota;c__Actinomycetes;o__Actinomycetales;f__Bifidobacteriaceae;g__Bifidobacterium,temperate
v094c	Viruses;Duplodnaviria;Heunggongvirae;Uroviricota;Caudoviricetes;;,d__Bacteria;p__Bacillota;c__Clostridia;o__Tissierellales;f__Peptoniphilaceae;g__Peptoniphilus_A,temperate
v094d	Viruses;Duplodnaviria;Heunggongvirae;Uroviricota;Caudoviricetes;;,d__Bacteria;p__Bacillota;c__Negativicutes;o__Veillonellales;f__Megasphaeraceae;g__Megasphaera,temperate
v094e	Viruses;Duplodnaviria;Heunggongvirae;Uroviricota;Caudoviricetes;;,d__Bacteria;p__Fusobacteriota;c__Fusobacteriia;o__Fusobacteriales;f__Leptotrichiaceae;g__Sneathia,virulent
v094f	Viruses;Duplodnaviria;Heunggongvirae;Uroviricota;Caudoviricetes;;,d__Bacteria;p__Pseudomonadota;c__Gammaproteobacteria;o__Pseudomonadales;f__Moraxellaceae;g__Acinetobacter,temperate
v0950	Viruses;Duplodnaviria;Heunggongvirae;Uroviricota;Caudoviricetes;;,d__Bacteria;p__Pseudomonadota;c__Gammaproteobacteria;o__Pseudomonadales;f__Moraxellaceae;g__Acinetobacter,temperate
v0951	Viruses;Duplodnaviria;Heunggongvirae;Uroviricota;Caudoviricetes;;,d__Bacteria;p__Pseudomonadota;c__Gammaproteobacteria;o__Pseudomonadales;f__Moraxellaceae;g__Acinetobacter,temperate
v0952	Viruses;Duplodnaviria;Heunggongvirae;Uroviricota;Caudoviricetes;;,d__Bacteria;p__Actinomycetota;c__Coriobacteriia;o__Coriobacteriales;f__Eggerthellaceae;g__Berryella,temperate
v0953	Viruses;Duplodnaviria;Heunggongvirae;Uroviricota;Caudoviricetes;;,NA,temperate
v0954	Viruses;Duplodnaviria;Heunggongvirae;Uroviricota;Caudoviricetes;;,d__Bacteria;p__Actinomycetota;c__Actinomycetes;o__Actinomycetales;f__Bifidobacteriaceae;g__Bifidobacterium,virulent
v0955	Viruses;Duplodnaviria;Heunggongvirae;Uroviricota;Caudoviricetes;;,NA,temperate
v0956	Viruses;Duplodnaviria;Heunggongvirae;Uroviricota;Caudoviricetes;;,NA,temperate
v0957	NA,d__Bacteria;p__Actinomycetota;c__Coriobacteriia;o__Coriobacteriales;f__Atopobiaceae;g__Fannyhessea,temperate
v0958	Viruses;Duplodnaviria;Heunggongvirae;Uroviricota;Caudoviricetes;;,d__Bacteria;p__Bacteroidota;c__Bacteroidia;o__Bacteroidales;f__Bacteroidaceae;g__Prevotella,virulent
v0959	Viruses;Duplodnaviria;Heunggongvirae;Uroviricota;Caudoviricetes;;,d__Bacteria;p__Bacillota;c__Negativicutes;o__Veillonellales;f__Dialisteraceae;g__Dialister,virulent
v095a	Viruses;Duplodnaviria;Heunggongvirae;Uroviricota;Caudoviricetes;;,d__Bacteria;p__Bacillota;c__Clostridia;o__Tissierellales;f__Peptoniphilaceae;g__Parvimonas,temperate
v095b	Viruses;Duplodnaviria;Heunggongvirae;Uroviricota;Caudoviricetes;;,NA,temperate
v095c	Viruses;Duplodnaviria;Heunggongvirae;Uroviricota;Caudoviricetes;;,d__Bacteria;p__Actinomycetota;c__Coriobacteriia;o__Coriobacteriales;f__Atopobiaceae;g__Fannyhessea,temperate
v095d	Viruses;Duplodnaviria;Heunggongvirae;Uroviricota;Caudoviricetes;;,d__Bacteria;p__Actinomycetota;c__Actinomycetes;o__Actinomycetales;f__Actinomycetaceae;g__Varibaculum,temperate
v095e	Viruses;Duplodnaviria;Heunggongvirae;Uroviricota;Caudoviricetes;;,d__Bacteria;p__Bacillota;c__Clostridia;o__Peptostreptococcales;f__Peptostreptococcaceae;g__Peptostreptococcus,temperate
v095f	Viruses;Duplodnaviria;Heunggongvirae;Uroviricota;Caudoviricetes;;,d__Bacteria;p__Actinomycetota;c__Actinomycetes;o__Actinomycetales;f__Bifidobacteriaceae;g__Bifidobacterium,temperate
v0960	Viruses;Duplodnaviria;Heunggongvirae;Uroviricota;Caudoviricetes;;,d__Bacteria;p__Actinomycetota;c__Actinomycetes;o__Mycobacteriales;f__Mycobacteriaceae;g__Corynebacterium,virulent
v0961	Viruses;Duplodnaviria;Heunggongvirae;Uroviricota;Caudoviricetes;;,NA,temperate
v0962	Viruses;Duplodnaviria;Heunggongvirae;Uroviricota;Caudoviricetes;;,d__Bacteria;p__Fusobacteriota;c__Fusobacteriia;o__Fusobacteriales;f__Leptotrichiaceae;g__Sneathia,temperate
v0963	Viruses;Duplodnaviria;Heunggongvirae;Uroviricota;Caudoviricetes;;,d__Bacteria;p__Bacillota;c__Negativicutes;o__Veillonellales;f__Dialisteraceae;g__Dialister,virulent
v0964	Viruses;Duplodnaviria;Heunggongvirae;Uroviricota;Caudoviricetes;;,d__Bacteria;p__Bacillota;c__Negativicutes;o__Veillonellales;f__Dialisteraceae;g__Dialister,temperate
v0965	Viruses;Duplodnaviria;Heunggongvirae;Uroviricota;Caudoviricetes;;,d__Bacteria;p__Pseudomonadota;c__Gammaproteobacteria;o__Burkholderiales;f__Burkholderiaceae;g__Oligella,temperate
v0966	Viruses;Duplodnaviria;Heunggongvirae;Uroviricota;Caudoviricetes;;,d__Bacteria;p__Bacteroidota;c__Bacteroidia;o__Bacteroidales;f__Bacteroidaceae;g__Prevotella,temperate
v0967	Viruses;Duplodnaviria;Heunggongvirae;Uroviricota;Caudoviricetes;;,NA,temperate
v0968	Viruses;Duplodnaviria;Heunggongvirae;Uroviricota;Caudoviricetes;;,d__Bacteria;p__Bacillota;c__Clostridia;o__TANB77;f__CAG-508;g__CAMPYH01,temperate
v0969	Viruses;Duplodnaviria;Heunggongvirae;Uroviricota;Caudoviricetes;;,d__Bacteria;p__Bacillota;c__Clostridia;o__Tissierellales;f__Peptoniphilaceae;g__Murdochiella,temperate
v096a	Viruses;Duplodnaviria;Heunggongvirae;Uroviricota;Caudoviricetes;;,d__Bacteria;p__Bacillota;c__Clostridia;o__Tissierellales;f__Peptoniphilaceae;g__Parvimonas,temperate
v096b	Viruses;Duplodnaviria;Heunggongvirae;Uroviricota;Caudoviricetes;;,d__Bacteria;p__Bacillota;c__Negativicutes;o__Veillonellales;f__Megasphaeraceae;g__Caecibacter,temperate
v096c	Viruses;Duplodnaviria;Heunggongvirae;Uroviricota;Caudoviricetes;;,d__Bacteria;p__Actinomycetota;c__Coriobacteriia;o__Coriobacteriales;f__Eggerthellaceae;g__Berryella,temperate
v096d	Viruses;Duplodnaviria;Heunggongvirae;Uroviricota;Caudoviricetes;;,d__Bacteria;p__Actinomycetota;c__Actinomycetes;o__Actinomycetales;f__Bifidobacteriaceae;g__Bifidobacterium,temperate
v096e	Viruses;Duplodnaviria;Heunggongvirae;Uroviricota;Caudoviricetes;;,d__Bacteria;p__Pseudomonadota;c__Gammaproteobacteria;o__Enterobacterales;f__Enterobacteriaceae;g__Escherichia,temperate
v096f	Viruses;Duplodnaviria;Heunggongvirae;Uroviricota;Caudoviricetes;;,d__Bacteria;p__Bacillota;c__Bacilli;o__Lactobacillales;f__Lactobacillaceae;g__Lactobacillus,temperate
v0970	Viruses;Duplodnaviria;Heunggongvirae;Uroviricota;Caudoviricetes;;,NA,virulent
v0971	Viruses;Duplodnaviria;Heunggongvirae;Uroviricota;Caudoviricetes;;,d__Bacteria;p__Bacillota;c__Clostridia;o__Tissierellales;f__Peptoniphilaceae;g__Peptoniphilus_A,temperate
v0972	Viruses;Duplodnaviria;Heunggongvirae;Uroviricota;Caudoviricetes;;,d__Bacteria;p__Bacteroidota;c__Bacteroidia;o__Bacteroidales;f__Bacteroidaceae;g__Prevotella,virulent
v0973	Viruses;Duplodnaviria;Heunggongvirae;Uroviricota;Caudoviricetes;;,NA,temperate
v0974	Viruses;Duplodnaviria;Heunggongvirae;Uroviricota;Caudoviricetes;;,d__Bacteria;p__Bacillota;c__Bacilli;o__Staphylococcales;f__Staphylococcaceae;g__Staphylococcus,temperate
v0975	Viruses;Duplodnaviria;Heunggongvirae;Uroviricota;Caudoviricetes;;,d__Bacteria;p__Bacillota;c__Bacilli;o__Lactobacillales;f__Lactobacillaceae;g__Pediococcus,temperate
v0976	Viruses;Duplodnaviria;Heunggongvirae;Uroviricota;Caudoviricetes;;,d__Bacteria;p__Bacillota;c__Bacilli;o__Lactobacillales;f__Lactobacillaceae;g__Lactobacillus,temperate
v0977	Viruses;Duplodnaviria;Heunggongvirae;Uroviricota;Caudoviricetes;;,d__Bacteria;p__Bacillota;c__Bacilli;o__Lactobacillales;f__Lactobacillaceae;g__Lactobacillus,virulent
v0978	Viruses;Duplodnaviria;Heunggongvirae;Uroviricota;Caudoviricetes;;,d__Bacteria;p__Bacillota;c__Bacilli;o__Lactobacillales;f__Lactobacillaceae;g__Lactobacillus,temperate
v0979	Viruses;Duplodnaviria;Heunggongvirae;Uroviricota;Caudoviricetes;;,d__Bacteria;p__Bacillota;c__Bacilli;o__Lactobacillales;f__Lactobacillaceae;g__Lactobacillus,temperate
v097a	Viruses;Duplodnaviria;Heunggongvirae;Uroviricota;Caudoviricetes;;,d__Bacteria;p__Actinomycetota;c__Actinomycetes;o__Actinomycetales;f__Bifidobacteriaceae;g__Bifidobacterium,temperate
v097b	Viruses;Duplodnaviria;Heunggongvirae;Uroviricota;Caudoviricetes;;,d__Bacteria;p__Bacillota;c__Bacilli;o__Lactobacillales;f__Lactobacillaceae;g__Lactobacillus,temperate
v097c	Viruses;Duplodnaviria;Heunggongvirae;Uroviricota;Caudoviricetes;;,d__Bacteria;p__Actinomycetota;c__Actinomycetes;o__Actinomycetales;f__Bifidobacteriaceae;g__Bifidobacterium,temperate
v097d	Viruses;Duplodnaviria;Heunggongvirae;Uroviricota;Caudoviricetes;;,d__Bacteria;p__Actinomycetota;c__Actinomycetes;o__Actinomycetales;f__Bifidobacteriaceae;g__Bifidobacterium,temperate
v097e	NA,d__Bacteria;p__Bacillota;c__Bacilli;o__Lactobacillales;f__Lactobacillaceae;g__Lactobacillus,temperate
v097f	Viruses;Duplodnaviria;Heunggongvirae;Uroviricota;Caudoviricetes;;,d__Bacteria;p__Bacillota;c__Bacilli;o__Lactobacillales;f__Lactobacillaceae;g__Lactobacillus,temperate
v0980	Viruses;Duplodnaviria;Heunggongvirae;Uroviricota;Caudoviricetes;;,d__Bacteria;p__Bacillota;c__Bacilli;o__Lactobacillales;f__Lactobacillaceae;g__Lactobacillus,temperate
v0981	Viruses;Duplodnaviria;Heunggongvirae;Uroviricota;Caudoviricetes;;,d__Bacteria;p__Bacillota;c__Bacilli;o__Lactobacillales;f__Lactobacillaceae;g__Lactobacillus,temperate
v0982	Viruses;Duplodnaviria;Heunggongvirae;Uroviricota;Caudoviricetes;;,d__Bacteria;p__Bacillota;c__Bacilli;o__Lactobacillales;f__Lactobacillaceae;g__Lactobacillus,temperate
v0983	Viruses;Duplodnaviria;Heunggongvirae;Uroviricota;Caudoviricetes;;,d__Bacteria;p__Bacillota;c__Bacilli;o__Lactobacillales;f__Lactobacillaceae;g__Limosilactobacillus,temperate
v0984	Viruses;Duplodnaviria;Heunggongvirae;Uroviricota;Caudoviricetes;;,d__Bacteria;p__Bacillota;c__Bacilli;o__Lactobacillales;f__Lactobacillaceae;g__Lactobacillus,temperate
v0985	Viruses;Duplodnaviria;Heunggongvirae;Uroviricota;Caudoviricetes;;,d__Bacteria;p__Bacillota;c__Bacilli;o__Lactobacillales;f__Lactobacillaceae;g__Lactobacillus,temperate
v0986	Viruses;Duplodnaviria;Heunggongvirae;Uroviricota;Caudoviricetes;;,d__Bacteria;p__Bacillota;c__Bacilli;o__Lactobacillales;f__Lactobacillaceae;g__Lactobacillus,temperate
v0987	Viruses;Duplodnaviria;Heunggongvirae;Uroviricota;Caudoviricetes;;,d__Bacteria;p__Pseudomonadota;c__Gammaproteobacteria;o__Enterobacterales;f__Enterobacteriaceae;g__Klebsiella,temperate
v0988	Viruses;Duplodnaviria;Heunggongvirae;Uroviricota;Caudoviricetes;;,d__Bacteria;p__Pseudomonadota;c__Gammaproteobacteria;o__Enterobacterales;f__Enterobacteriaceae;g__Klebsiella,temperate
v0989	Viruses;Duplodnaviria;Heunggongvirae;Uroviricota;Caudoviricetes;;,d__Bacteria;p__Pseudomonadota;c__Gammaproteobacteria;o__Enterobacterales;f__Enterobacteriaceae;g__Klebsiella,virulent
v098a	Viruses;Duplodnaviria;Heunggongvirae;Uroviricota;Caudoviricetes;;,d__Bacteria;p__Bacteroidota;c__Bacteroidia;o__Bacteroidales;f__Bacteroidaceae;g__Prevotella,virulent
v098b	Viruses;Duplodnaviria;Heunggongvirae;Uroviricota;Caudoviricetes;;,d__Bacteria;p__Bacillota;c__Clostridia;o__Tissierellales;f__Peptoniphilaceae;g__Anaerococcus,temperate
v098c	Viruses;Duplodnaviria;Heunggongvirae;Uroviricota;Caudoviricetes;;,NA,temperate
v098d	Viruses;Duplodnaviria;Heunggongvirae;Uroviricota;Caudoviricetes;;,d__Bacteria;p__Actinomycetota;c__Actinomycetes;o__Actinomycetales;f__Actinomycetaceae;g__Mobiluncus,temperate
v098e	Viruses;Duplodnaviria;Heunggongvirae;Uroviricota;Caudoviricetes;;,NA,temperate
v098f	Viruses;Duplodnaviria;Heunggongvirae;Uroviricota;Caudoviricetes;;,d__Bacteria;p__Campylobacterota;c__Campylobacteria;o__Campylobacterales;f__Campylobacteraceae;g__Campylobacter_B,temperate
v0990	Viruses;Duplodnaviria;Heunggongvirae;Uroviricota;Caudoviricetes;;,d__Bacteria;p__Bacillota;c__Negativicutes;o__Veillonellales;f__Dialisteraceae;g__Dialister,temperate
v0991	NA,d__Bacteria;p__Bacillota;c__Negativicutes;o__Veillonellales;f__Dialisteraceae;g__Dialister,temperate
v0992	Viruses;Duplodnaviria;Heunggongvirae;Uroviricota;Caudoviricetes;;,d__Bacteria;p__Bacillota;c__Clostridia;o__Peptostreptococcales;f__Anaerovoracaceae;g__S5-A14a,temperate
v0993	Viruses;Duplodnaviria;Heunggongvirae;Uroviricota;Caudoviricetes;;,d__Bacteria;p__Bacillota;c__Clostridia;o__Tissierellales;f__Peptoniphilaceae;g__KA00134,virulent
v0994	Viruses;Duplodnaviria;Heunggongvirae;Uroviricota;Caudoviricetes;;,NA,temperate
v0995	Viruses;Duplodnaviria;Heunggongvirae;Uroviricota;Caudoviricetes;;,d__Bacteria;p__Bacteroidota;c__Bacteroidia;o__Bacteroidales;f__Porphyromonadaceae;g__Porphyromonas,virulent
v0996	Viruses;Duplodnaviria;Heunggongvirae;Uroviricota;Caudoviricetes;;,d__Bacteria;p__Bacteroidota;c__Bacteroidia;o__Bacteroidales;f__Bacteroidaceae;g__Prevotella,virulent
v0997	Viruses;Duplodnaviria;Heunggongvirae;Uroviricota;Caudoviricetes;;,NA,temperate
v0998	Viruses;Duplodnaviria;Heunggongvirae;Uroviricota;Caudoviricetes;;,d__Bacteria;p__Patescibacteriota;c__Saccharimonadia;o__Saccharimonadales;f__Nanoperiomorbaceae;g__Nanoperiomorbus,temperate
v0999	Viruses;Duplodnaviria;Heunggongvirae;Uroviricota;Caudoviricetes;;,d__Bacteria;p__Actinomycetota;c__Actinomycetes;o__Actinomycetales;f__Actinomycetaceae;g__Mobiluncus,virulent
v099a	Viruses;Duplodnaviria;Heunggongvirae;Uroviricota;Caudoviricetes;;,d__Bacteria;p__Actinomycetota;c__Actinomycetes;o__Actinomycetales;f__Actinomycetaceae;g__Mobiluncus,temperate
v099b	Viruses;Duplodnaviria;Heunggongvirae;Uroviricota;Caudoviricetes;;,d__Bacteria;p__Bacillota;c__Negativicutes;o__Veillonellales;f__Megasphaeraceae;g__Megasphaera_C,virulent
v099c	Viruses;Duplodnaviria;Heunggongvirae;Uroviricota;Caudoviricetes;;,NA,temperate
v099d	Viruses;Duplodnaviria;Heunggongvirae;Uroviricota;Caudoviricetes;;,d__Bacteria;p__Pseudomonadota;c__Gammaproteobacteria;o__Burkholderiales;f__Burkholderiaceae;g__Oligella,temperate
v099e	Viruses;Duplodnaviria;Heunggongvirae;Uroviricota;Caudoviricetes;;,d__Bacteria;p__Actinomycetota;c__Coriobacteriia;o__Coriobacteriales;f__Atopobiaceae;g__Olegusella,temperate
v099f	Viruses;Duplodnaviria;Heunggongvirae;Uroviricota;Caudoviricetes;;,d__Bacteria;p__Actinomycetota;c__Actinomycetes;o__Mycobacteriales;f__Mycobacteriaceae;g__Corynebacterium,virulent
v09a0	Viruses;Duplodnaviria;Heunggongvirae;Uroviricota;Caudoviricetes;;,NA,temperate
v09a1	Viruses;Duplodnaviria;Heunggongvirae;Uroviricota;Caudoviricetes;;,d__Bacteria;p__Bacteroidota;c__Bacteroidia;o__Bacteroidales;f__Bacteroidaceae;g__Prevotella,virulent
v09a2	Viruses;Duplodnaviria;Heunggongvirae;Uroviricota;Caudoviricetes;;,d__Bacteria;p__Bacillota;c__Bacilli;o__Lactobacillales;f__Lactobacillaceae;g__Lactobacillus,temperate
v09a3	Viruses;Duplodnaviria;Heunggongvirae;Uroviricota;Caudoviricetes;;,d__Bacteria;p__Actinomycetota;c__Actinomycetes;o__Actinomycetales;f__Actinomycetaceae;g__Varibaculum,temperate
v09a4	Viruses;Duplodnaviria;Heunggongvirae;Uroviricota;Caudoviricetes;;,d__Bacteria;p__Bacillota;c__Bacilli;o__Lactobacillales;f__Lactobacillaceae;g__Limosilactobacillus,temperate
v09a5	Viruses;Duplodnaviria;Heunggongvirae;Uroviricota;Caudoviricetes;;,d__Bacteria;p__Bacillota;c__Bacilli;o__Lactobacillales;f__Lactobacillaceae;g__Lactobacillus,temperate
v09a6	Viruses;Duplodnaviria;Heunggongvirae;Uroviricota;Caudoviricetes;;,d__Bacteria;p__Bacillota;c__Bacilli;o__Lactobacillales;f__Streptococcaceae;g__Streptococcus,temperate
v09a7	Viruses;Duplodnaviria;Heunggongvirae;Uroviricota;Caudoviricetes;;,d__Bacteria;p__Bacillota;c__Bacilli;o__Erysipelotrichales;f__Erysipelotrichaceae;g__Bulleidia,temperate
v09a8	Viruses;Duplodnaviria;Heunggongvirae;Uroviricota;Caudoviricetes;;,NA,virulent
v09a9	Viruses;Duplodnaviria;Heunggongvirae;Uroviricota;Caudoviricetes;;,d__Bacteria;p__Bacteroidota;c__Bacteroidia;o__Bacteroidales;f__Bacteroidaceae;g__Prevotella,virulent
v09aa	Viruses;Duplodnaviria;Heunggongvirae;Uroviricota;Caudoviricetes;;,d__Bacteria;p__Actinomycetota;c__Actinomycetes;o__Actinomycetales;f__Actinomycetaceae;g__Pauljensenia,temperate
v09ab	Viruses;Duplodnaviria;Heunggongvirae;Uroviricota;Caudoviricetes;;,d__Bacteria;p__Bacillota;c__Clostridia;o__Tissierellales;f__Peptoniphilaceae;g__Finegoldia,temperate
v09ac	Viruses;Duplodnaviria;Heunggongvirae;Uroviricota;Caudoviricetes;;,d__Bacteria;p__Bacillota;c__Clostridia;o__Tissierellales;f__Peptoniphilaceae;g__Finegoldia,temperate
v09ad	Viruses;Duplodnaviria;Heunggongvirae;Uroviricota;Caudoviricetes;;,d__Bacteria;p__Bacillota;c__Clostridia;o__Tissierellales;f__Peptoniphilaceae;g__Anaerococcus,temperate
v09ae	Viruses;Duplodnaviria;Heunggongvirae;Uroviricota;Caudoviricetes;;,d__Bacteria;p__Bacillota;c__Bacilli;o__Erysipelotrichales;f__Erysipelotrichaceae;g__Bulleidia,temperate
v09af	Viruses;Duplodnaviria;Heunggongvirae;Uroviricota;Caudoviricetes;;,d__Bacteria;p__Bacillota;c__Negativicutes;o__Veillonellales;f__Dialisteraceae;g__Dialister,virulent
v09b0	Viruses;Duplodnaviria;Heunggongvirae;Uroviricota;Caudoviricetes;;,d__Bacteria;p__Bacillota;c__Clostridia;o__Tissierellales;f__Peptoniphilaceae;g__Anaerococcus,virulent
v09b1	Viruses;Duplodnaviria;Heunggongvirae;Uroviricota;Caudoviricetes;;,d__Bacteria;p__Bacillota;c__Bacilli;o__Erysipelotrichales;f__Erysipelotrichaceae;g__Bulleidia,temperate
v09b2	Viruses;Duplodnaviria;Heunggongvirae;Uroviricota;Caudoviricetes;;,d__Bacteria;p__Bacteroidota;c__Bacteroidia;o__Bacteroidales;f__Bacteroidaceae;g__Prevotella,virulent
v09b3	Viruses;Duplodnaviria;Heunggongvirae;Uroviricota;Caudoviricetes;;,d__Bacteria;p__Actinomycetota;c__Coriobacteriia;o__Coriobacteriales;f__Atopobiaceae;g__Olsenella_G,temperate
v09b4	Viruses;Duplodnaviria;Heunggongvirae;Uroviricota;Caudoviricetes;;,d__Bacteria;p__Actinomycetota;c__Actinomycetes;o__Mycobacteriales;f__Mycobacteriaceae;g__Corynebacterium,temperate
v09b5	Viruses;Duplodnaviria;Heunggongvirae;Uroviricota;Caudoviricetes;;,d__Bacteria;p__Bacillota;c__Bacilli;o__Lactobacillales;f__Lactobacillaceae;g__Lactobacillus,temperate
v09b6	Viruses;Duplodnaviria;Heunggongvirae;Uroviricota;Caudoviricetes;;,d__Bacteria;p__Actinomycetota;c__Coriobacteriia;o__Coriobacteriales;f__Atopobiaceae;g__Fannyhessea,temperate
v09b7	Viruses;Duplodnaviria;Heunggongvirae;Uroviricota;Caudoviricetes;;,d__Bacteria;p__Actinomycetota;c__Actinomycetes;o__Mycobacteriales;f__Mycobacteriaceae;g__Corynebacterium,temperate
v09b8	Viruses;Duplodnaviria;Heunggongvirae;Uroviricota;Caudoviricetes;;,d__Bacteria;p__Actinomycetota;c__Actinomycetes;o__Mycobacteriales;f__Mycobacteriaceae;g__Corynebacterium,temperate
v09b9	Viruses;Duplodnaviria;Heunggongvirae;Uroviricota;Caudoviricetes;;,d__Bacteria;p__Actinomycetota;c__Actinomycetes;o__Mycobacteriales;f__Mycobacteriaceae;g__Corynebacterium,temperate
v09ba	Viruses;Duplodnaviria;Heunggongvirae;Uroviricota;Caudoviricetes;;,d__Bacteria;p__Bacillota;c__Clostridia;o__Tissierellales;f__Peptoniphilaceae;g__Peptoniphilus_A,virulent
v09bb	Viruses;Duplodnaviria;Heunggongvirae;Uroviricota;Caudoviricetes;;,d__Bacteria;p__Actinomycetota;c__Coriobacteriia;o__Coriobacteriales;f__Eggerthellaceae;g__Berryella,virulent
v09bc	Viruses;Duplodnaviria;Heunggongvirae;Uroviricota;Caudoviricetes;;,d__Bacteria;p__Bacillota;c__Clostridia;o__Tissierellales;f__Peptoniphilaceae;g__Anaerococcus,temperate
v09bd	Viruses;Duplodnaviria;Heunggongvirae;Uroviricota;Caudoviricetes;;,d__Bacteria;p__Bacillota;c__Clostridia;o__Tissierellales;f__Peptoniphilaceae;g__Anaerococcus,temperate
v09be	Viruses;Duplodnaviria;Heunggongvirae;Uroviricota;Caudoviricetes;;,d__Bacteria;p__Bacillota;c__Clostridia;o__Tissierellales;f__Peptoniphilaceae;g__Aedoeadaptatus,temperate
v09bf	Viruses;Duplodnaviria;Heunggongvirae;Uroviricota;Caudoviricetes;;,NA,temperate
v09c0	Viruses;Duplodnaviria;Heunggongvirae;Uroviricota;Caudoviricetes;;,d__Bacteria;p__Bacillota;c__Bacilli;o__Lactobacillales;f__Lactobacillaceae;g__Lactobacillus,temperate
v09c1	Viruses;Duplodnaviria;Heunggongvirae;Uroviricota;Caudoviricetes;;,d__Bacteria;p__Actinomycetota;c__Coriobacteriia;o__Coriobacteriales;f__Eggerthellaceae;g__Berryella,temperate
v09c2	Viruses;Duplodnaviria;Heunggongvirae;Uroviricota;Caudoviricetes;;,d__Bacteria;p__Patescibacteriota;c__Saccharimonadia;o__Saccharimonadales;f__Nanoperiomorbaceae;g__Nanoperiomorbus,temperate
v09c3	Viruses;Duplodnaviria;Heunggongvirae;Uroviricota;Caudoviricetes;;,d__Bacteria;p__Bacillota;c__Bacilli;o__Lactobacillales;f__Lactobacillaceae;g__Ligilactobacillus,temperate
v09c4	Viruses;Duplodnaviria;Heunggongvirae;Uroviricota;Caudoviricetes;;,d__Bacteria;p__Actinomycetota;c__Actinomycetes;o__Actinomycetales;f__Bifidobacteriaceae;g__Bifidobacterium,virulent
v09c5	Viruses;Duplodnaviria;Heunggongvirae;Uroviricota;Caudoviricetes;;,d__Bacteria;p__Actinomycetota;c__Actinomycetes;o__Mycobacteriales;f__Mycobacteriaceae;g__Corynebacterium,virulent
v09c6	Viruses;Duplodnaviria;Heunggongvirae;Uroviricota;Caudoviricetes;;,d__Bacteria;p__Actinomycetota;c__Coriobacteriia;o__Coriobacteriales;f__Atopobiaceae;g__Fannyhessea,temperate
v09c7	Viruses;Duplodnaviria;Heunggongvirae;Uroviricota;Caudoviricetes;;,d__Bacteria;p__Bacillota;c__Bacilli;o__Lactobacillales;f__Lactobacillaceae;g__Lactobacillus,temperate
v09c8	Viruses;Duplodnaviria;Heunggongvirae;Uroviricota;Caudoviricetes;;,d__Bacteria;p__Actinomycetota;c__Coriobacteriia;o__Coriobacteriales;f__Atopobiaceae;g__Fannyhessea,temperate
v09c9	Viruses;Duplodnaviria;Heunggongvirae;Uroviricota;Caudoviricetes;;,d__Bacteria;p__Actinomycetota;c__Actinomycetes;o__Actinomycetales;f__Bifidobacteriaceae;g__Bifidobacterium,temperate
v09ca	Viruses;Duplodnaviria;Heunggongvirae;Uroviricota;Caudoviricetes;;,d__Bacteria;p__Bacillota;c__Bacilli;o__Lactobacillales;f__Lactobacillaceae;g__Lactobacillus,temperate
v09cb	Viruses;Duplodnaviria;Heunggongvirae;Uroviricota;Caudoviricetes;;,d__Bacteria;p__Bacillota;c__Bacilli;o__Lactobacillales;f__Streptococcaceae;g__Streptococcus,temperate
v09cc	Viruses;Duplodnaviria;Heunggongvirae;Uroviricota;Caudoviricetes;;,d__Bacteria;p__Actinomycetota;c__Actinomycetes;o__Actinomycetales;f__Bifidobacteriaceae;g__Bifidobacterium,temperate
v09cd	Viruses;Duplodnaviria;Heunggongvirae;Uroviricota;Caudoviricetes;;,d__Bacteria;p__Bacillota;c__Bacilli;o__Lactobacillales;f__Streptococcaceae;g__Streptococcus,temperate
v09ce	Viruses;Duplodnaviria;Heunggongvirae;Uroviricota;Caudoviricetes;;,d__Bacteria;p__Actinomycetota;c__Actinomycetes;o__Mycobacteriales;f__Mycobacteriaceae;g__Corynebacterium,temperate
v09cf	Viruses;Monodnaviria;Sangervirae;Phixviricota;Malgrandaviricetes;Petitvirales;Microviridae,d__Bacteria;p__Bacteroidota;c__Bacteroidia;o__Bacteroidales;f__Bacteroidaceae;g__Prevotella,virulent
v09d0	Viruses;Duplodnaviria;Heunggongvirae;Uroviricota;Caudoviricetes;;,d__Bacteria;p__Actinomycetota;c__Coriobacteriia;o__Coriobacteriales;f__Eggerthellaceae;g__Berryella,temperate
v09d1	Viruses;Duplodnaviria;Heunggongvirae;Uroviricota;Caudoviricetes;;,d__Bacteria;p__Bacteroidota;c__Bacteroidia;o__Bacteroidales;f__Bacteroidaceae;g__Prevotella,temperate
v09d2	Viruses;Duplodnaviria;Heunggongvirae;Uroviricota;Caudoviricetes;;,d__Bacteria;p__Bacillota;c__Clostridia;o__Tissierellales;f__Peptoniphilaceae;g__Anaerococcus,temperate
v09d3	Viruses;Duplodnaviria;Heunggongvirae;Uroviricota;Caudoviricetes;;,d__Bacteria;p__Bacillota;c__Negativicutes;o__Veillonellales;f__Dialisteraceae;g__Dialister,temperate
v09d4	Viruses;Duplodnaviria;Heunggongvirae;Uroviricota;Caudoviricetes;;,d__Bacteria;p__Bacillota;c__Clostridia;o__Lachnospirales;f__Lachnospiraceae;g__SY8519,temperate
v09d5	Viruses;Duplodnaviria;Heunggongvirae;Uroviricota;Caudoviricetes;;,d__Bacteria;p__Bacillota;c__Clostridia;o__Tissierellales;f__Peptoniphilaceae;g__Peptoniphilus_A,virulent
v09d6	Viruses;Duplodnaviria;Heunggongvirae;Uroviricota;Caudoviricetes;;,d__Bacteria;p__Actinomycetota;c__Actinomycetes;o__Mycobacteriales;f__Mycobacteriaceae;g__Corynebacterium,virulent
v09d7	NA,d__Bacteria;p__Actinomycetota;c__Actinomycetes;o__Actinomycetales;f__Bifidobacteriaceae;g__Bifidobacterium,temperate
v09d8	Viruses;Duplodnaviria;Heunggongvirae;Uroviricota;Caudoviricetes;;,d__Bacteria;p__Bacillota;c__Bacilli;o__Lactobacillales;f__Lactobacillaceae;g__Lactobacillus,temperate
v09d9	Viruses;Monodnaviria;Sangervirae;Phixviricota;Malgrandaviricetes;Petitvirales;Microviridae,d__Bacteria;p__Bacteroidota;c__Bacteroidia;o__Bacteroidales;f__Bacteroidaceae;g__Prevotella,virulent
v09da	Viruses;Duplodnaviria;Heunggongvirae;Uroviricota;Caudoviricetes;;,d__Bacteria;p__Bacillota;c__Bacilli;o__Lactobacillales;f__Streptococcaceae;g__Streptococcus,virulent
v09db	Viruses;Duplodnaviria;Heunggongvirae;Uroviricota;Caudoviricetes;;,d__Bacteria;p__Bacillota;c__Clostridia;o__Tissierellales;f__Peptoniphilaceae;g__Ezakiella,temperate
v09dc	Viruses;Duplodnaviria;Heunggongvirae;Uroviricota;Caudoviricetes;;,d__Bacteria;p__Actinomycetota;c__Actinomycetes;o__Actinomycetales;f__Micrococcaceae;g__Pseudoglutamicibacter,temperate
v09dd	Viruses;Duplodnaviria;Heunggongvirae;Uroviricota;Caudoviricetes;;,d__Bacteria;p__Bacillota;c__Clostridia;o__Tissierellales;f__Peptoniphilaceae;g__Finegoldia,temperate
v09de	Viruses;Duplodnaviria;Heunggongvirae;Uroviricota;Caudoviricetes;;,d__Bacteria;p__Bacillota;c__Clostridia;o__Tissierellales;f__Peptoniphilaceae;g__Finegoldia,temperate
v09df	Viruses;Duplodnaviria;Heunggongvirae;Uroviricota;Caudoviricetes;;,d__Bacteria;p__Actinomycetota;c__Actinomycetes;o__Mycobacteriales;f__Mycobacteriaceae;g__Corynebacterium,temperate
v09e0	Viruses;Duplodnaviria;Heunggongvirae;Uroviricota;Caudoviricetes;;,d__Bacteria;p__Actinomycetota;c__Actinomycetes;o__Actinomycetales;f__Actinomycetaceae;g__Gleimia,virulent
v09e1	Viruses;Duplodnaviria;Heunggongvirae;Uroviricota;Caudoviricetes;;,d__Bacteria;p__Bacteroidota;c__Bacteroidia;o__Bacteroidales;f__Porphyromonadaceae;g__Porphyromonas_A,temperate
v09e2	Viruses;Duplodnaviria;Heunggongvirae;Uroviricota;Caudoviricetes;;,d__Bacteria;p__Actinomycetota;c__Actinomycetes;o__Mycobacteriales;f__Mycobacteriaceae;g__Corynebacterium,virulent
v09e3	Viruses;Duplodnaviria;Heunggongvirae;Uroviricota;Caudoviricetes;;,d__Bacteria;p__Actinomycetota;c__Actinomycetes;o__Actinomycetales;f__Actinomycetaceae;g__Gleimia,virulent
v09e4	Viruses;Duplodnaviria;Heunggongvirae;Uroviricota;Caudoviricetes;;,d__Bacteria;p__Bacteroidota;c__Bacteroidia;o__Bacteroidales;f__Porphyromonadaceae;g__Porphyromonas_A,virulent
v09e5	Viruses;Duplodnaviria;Heunggongvirae;Uroviricota;Caudoviricetes;;,d__Bacteria;p__Actinomycetota;c__Actinomycetes;o__Actinomycetales;f__Bifidobacteriaceae;g__Bifidobacterium,temperate
v09e6	Viruses;Duplodnaviria;Heunggongvirae;Uroviricota;Caudoviricetes;;,d__Bacteria;p__Actinomycetota;c__Actinomycetes;o__Actinomycetales;f__Actinomycetaceae;g__Varibaculum,temperate
v09e7	Viruses;Duplodnaviria;Heunggongvirae;Uroviricota;Caudoviricetes;;,d__Bacteria;p__Bacteroidota;c__Bacteroidia;o__Bacteroidales;f__Bacteroidaceae;g__Prevotella,temperate
v09e8	Viruses;Duplodnaviria;Heunggongvirae;Uroviricota;Caudoviricetes;;,d__Bacteria;p__Pseudomonadota;c__Gammaproteobacteria;o__Enterobacterales;f__Pasteurellaceae;g__Haemophilus_D,temperate
v09e9	Viruses;Duplodnaviria;Heunggongvirae;Uroviricota;Caudoviricetes;;,d__Bacteria;p__Pseudomonadota;c__Gammaproteobacteria;o__Enterobacterales;f__Pasteurellaceae;g__Haemophilus,temperate
v09ea	Viruses;Duplodnaviria;Heunggongvirae;Uroviricota;Caudoviricetes;;,d__Bacteria;p__Bacillota;c__Bacilli;o__Lactobacillales;f__Streptococcaceae;g__Streptococcus,temperate
v09eb	Viruses;Duplodnaviria;Heunggongvirae;Uroviricota;Caudoviricetes;;,d__Bacteria;p__Pseudomonadota;c__Gammaproteobacteria;o__Enterobacterales;f__Pasteurellaceae;g__Haemophilus_D,virulent
v09ec	Viruses;Duplodnaviria;Heunggongvirae;Uroviricota;Caudoviricetes;;,d__Bacteria;p__Pseudomonadota;c__Gammaproteobacteria;o__Enterobacterales;f__Pasteurellaceae;g__Haemophilus,temperate
v09ed	Viruses;Monodnaviria;Sangervirae;Phixviricota;Malgrandaviricetes;Petitvirales;Microviridae,d__Bacteria;p__Bacteroidota;c__Bacteroidia;o__Bacteroidales;f__Bacteroidaceae;g__Prevotella,virulent
v09ee	Viruses;Duplodnaviria;Heunggongvirae;Uroviricota;Caudoviricetes;;,d__Bacteria;p__Bacillota;c__Clostridia;o__Tissierellales;f__Peptoniphilaceae;g__Anaerococcus,virulent
v09ef	Viruses;Duplodnaviria;Heunggongvirae;Uroviricota;Caudoviricetes;;,NA,temperate
v09f0	Viruses;Duplodnaviria;Heunggongvirae;Uroviricota;Caudoviricetes;;,d__Bacteria;p__Bacillota;c__Negativicutes;o__Veillonellales;f__Dialisteraceae;g__Dialister,temperate
v09f1	Viruses;Duplodnaviria;Heunggongvirae;Uroviricota;Caudoviricetes;;,d__Bacteria;p__Actinomycetota;c__Coriobacteriia;o__Coriobacteriales;f__Atopobiaceae;g__Olegusella,virulent
v09f2	Viruses;Duplodnaviria;Heunggongvirae;Uroviricota;Caudoviricetes;;,NA,temperate
v09f3	Viruses;Duplodnaviria;Heunggongvirae;Uroviricota;Caudoviricetes;;,d__Bacteria;p__Actinomycetota;c__Actinomycetes;o__Propionibacteriales;f__Propionibacteriaceae;g__Propionimicrobium,virulent
v09f4	Viruses;Duplodnaviria;Heunggongvirae;Uroviricota;Caudoviricetes;;,d__Bacteria;p__Bacillota;c__Clostridia;o__Saccharofermentanales;f__Fastidiosipilaceae;g__Fastidiosipila,temperate
v09f5	Viruses;Duplodnaviria;Heunggongvirae;Uroviricota;Caudoviricetes;;Autographiviridae,NA,virulent
v09f6	Viruses;Duplodnaviria;Heunggongvirae;Uroviricota;Caudoviricetes;;,d__Bacteria;p__Bacillota;c__Clostridia;o__Tissierellales;f__Peptoniphilaceae;g__CAMYOU01,virulent
v09f7	Viruses;Duplodnaviria;Heunggongvirae;Uroviricota;Caudoviricetes;;,NA,temperate
v09f8	Viruses;Duplodnaviria;Heunggongvirae;Uroviricota;Caudoviricetes;;,NA,temperate
v09f9	Viruses;Duplodnaviria;Heunggongvirae;Uroviricota;Caudoviricetes;;,d__Bacteria;p__Bacillota;c__Clostridia;o__Tissierellales;f__Peptoniphilaceae;g__Anaerococcus,temperate
v09fa	Viruses;Duplodnaviria;Heunggongvirae;Uroviricota;Caudoviricetes;;,NA,virulent
v09fb	Viruses;Duplodnaviria;Heunggongvirae;Uroviricota;Caudoviricetes;;,d__Bacteria;p__Bacillota;c__Clostridia;o__Tissierellales;f__Peptoniphilaceae;g__Khoudiadiopia,temperate
v09fc	Viruses;Duplodnaviria;Heunggongvirae;Uroviricota;Caudoviricetes;;,d__Bacteria;p__Bacillota;c__Bacilli;o__Staphylococcales;f__Staphylococcaceae;g__Staphylococcus,temperate
v09fd	Viruses;Monodnaviria;Sangervirae;Phixviricota;Malgrandaviricetes;Petitvirales;Microviridae,d__Bacteria;p__Bacteroidota;c__Bacteroidia;o__Bacteroidales;f__Bacteroidaceae;g__Prevotella,virulent
v09fe	Viruses;Duplodnaviria;Heunggongvirae;Uroviricota;Caudoviricetes;;,d__Bacteria;p__Actinomycetota;c__Actinomycetes;o__Actinomycetales;f__Bifidobacteriaceae;g__Bifidobacterium,temperate
v09ff	Viruses;Duplodnaviria;Heunggongvirae;Uroviricota;Caudoviricetes;;,d__Bacteria;p__Bacillota;c__Clostridia;o__Tissierellales;f__Peptoniphilaceae;g__Anaerococcus,temperate
v0a00	Viruses;Duplodnaviria;Heunggongvirae;Uroviricota;Caudoviricetes;;,d__Bacteria;p__Bacteroidota;c__Bacteroidia;o__Bacteroidales;f__Bacteroidaceae;g__Prevotella,temperate
v0a01	Viruses;Duplodnaviria;Heunggongvirae;Uroviricota;Caudoviricetes;;,d__Bacteria;p__Bacillota;c__Negativicutes;o__Veillonellales;f__Veillonellaceae;g__Veillonella,virulent
v0a02	Viruses;Duplodnaviria;Heunggongvirae;Uroviricota;Caudoviricetes;;,d__Bacteria;p__Bacteroidota;c__Bacteroidia;o__Bacteroidales;f__Bacteroidaceae;g__Prevotella,virulent
v0a03	Viruses;Duplodnaviria;Heunggongvirae;Uroviricota;Caudoviricetes;;,d__Bacteria;p__Bacillota;c__Bacilli;o__Lactobacillales;f__Lactobacillaceae;g__Lactobacillus,temperate
v0a04	Viruses;Duplodnaviria;Heunggongvirae;Uroviricota;Caudoviricetes;;,d__Bacteria;p__Actinomycetota;c__Actinomycetes;o__Actinomycetales;f__Bifidobacteriaceae;g__Bifidobacterium,temperate
v0a05	Viruses;Duplodnaviria;Heunggongvirae;Uroviricota;Caudoviricetes;;,d__Bacteria;p__Actinomycetota;c__Coriobacteriia;o__Coriobacteriales;f__Atopobiaceae;g__Fannyhessea,temperate
v0a06	Viruses;Duplodnaviria;Heunggongvirae;Uroviricota;Caudoviricetes;;,NA,temperate
v0a07	Viruses;Duplodnaviria;Heunggongvirae;Uroviricota;Caudoviricetes;;,d__Bacteria;p__Actinomycetota;c__Actinomycetes;o__Actinomycetales;f__Actinomycetaceae;g__Mobiluncus,temperate
v0a08	Viruses;Duplodnaviria;Heunggongvirae;Uroviricota;Caudoviricetes;;,NA,temperate
v0a09	Viruses;Duplodnaviria;Heunggongvirae;Uroviricota;Caudoviricetes;;,NA,temperate
v0a0a	Viruses;Duplodnaviria;Heunggongvirae;Uroviricota;Caudoviricetes;;,d__Bacteria;p__Bacillota;c__Clostridia;o__Tissierellales;f__Peptoniphilaceae;g__Peptoniphilus_A,temperate
v0a0b	Viruses;Duplodnaviria;Heunggongvirae;Uroviricota;Caudoviricetes;;,d__Bacteria;p__Bacillota;c__Clostridia;o__Tissierellales;f__Peptoniphilaceae;g__Anaerococcus,temperate
v0a0c	Viruses;Duplodnaviria;Heunggongvirae;Uroviricota;Caudoviricetes;;,d__Bacteria;p__Bacillota;c__Clostridia;o__Tissierellales;f__Peptoniphilaceae;g__Aedoeadaptatus,temperate
v0a0d	Viruses;Duplodnaviria;Heunggongvirae;Uroviricota;Caudoviricetes;;,NA,virulent
v0a0e	Viruses;Duplodnaviria;Heunggongvirae;Uroviricota;Caudoviricetes;;,d__Bacteria;p__Bacillota;c__Peptococcia;o__Peptococcales;f__Peptococcaceae;g__Peptococcus,temperate
v0a0f	Viruses;Duplodnaviria;Heunggongvirae;Uroviricota;Caudoviricetes;;,d__Bacteria;p__Bacillota;c__Clostridia;o__Lachnospirales;f__Lachnospiraceae;g__Hungatella,virulent
v0a10	Viruses;Duplodnaviria;Heunggongvirae;Uroviricota;Caudoviricetes;;,d__Bacteria;p__Bacillota;c__Clostridia;o__Tissierellales;f__Peptoniphilaceae;g__Peptoniphilus_A,virulent
v0a11	Viruses;Duplodnaviria;Heunggongvirae;Uroviricota;Caudoviricetes;;,d__Bacteria;p__Bacillota;c__Clostridia;o__Tissierellales;f__Peptoniphilaceae;g__Parvimonas,temperate
v0a12	Viruses;Duplodnaviria;Heunggongvirae;Uroviricota;Caudoviricetes;;,d__Bacteria;p__Bacillota;c__Clostridia;o__Tissierellales;f__Peptoniphilaceae;g__Peptoniphilus_A,temperate
v0a13	Viruses;Duplodnaviria;Heunggongvirae;Uroviricota;Caudoviricetes;;,d__Bacteria;p__Bacillota;c__Clostridia;o__Tissierellales;f__Peptoniphilaceae;g__Aedoeadaptatus,temperate
v0a14	Viruses;Duplodnaviria;Heunggongvirae;Uroviricota;Caudoviricetes;;,d__Bacteria;p__Actinomycetota;c__Actinomycetes;o__Actinomycetales;f__Bifidobacteriaceae;g__Bifidobacterium,temperate
v0a15	Viruses;Duplodnaviria;Heunggongvirae;Uroviricota;Caudoviricetes;;,d__Bacteria;p__Bacillota;c__Clostridia;o__Peptostreptococcales;f__Peptostreptococcaceae;g__Peptostreptococcus,temperate
v0a16	Viruses;Duplodnaviria;Heunggongvirae;Uroviricota;Caudoviricetes;;,d__Bacteria;p__Bacillota;c__Clostridia;o__Peptostreptococcales;f__Peptostreptococcaceae;g__Peptostreptococcus,virulent
v0a17	Viruses;Duplodnaviria;Heunggongvirae;Uroviricota;Caudoviricetes;;,NA,temperate
v0a18	Viruses;Duplodnaviria;Heunggongvirae;Uroviricota;Caudoviricetes;;,d__Bacteria;p__Actinomycetota;c__Coriobacteriia;o__Coriobacteriales;f__Eggerthellaceae;g__Berryella,temperate
v0a19	Viruses;Duplodnaviria;Heunggongvirae;Uroviricota;Caudoviricetes;;,d__Bacteria;p__Actinomycetota;c__Coriobacteriia;o__Coriobacteriales;f__Eggerthellaceae;g__Berryella,temperate
v0a1a	Viruses;Duplodnaviria;Heunggongvirae;Uroviricota;Caudoviricetes;;,d__Bacteria;p__Bacteroidota;c__Bacteroidia;o__Bacteroidales;f__Bacteroidaceae;g__Alloprevotella,temperate
v0a1b	Viruses;Duplodnaviria;Heunggongvirae;Uroviricota;Caudoviricetes;;,d__Bacteria;p__Actinomycetota;c__Actinomycetes;o__Actinomycetales;f__Bifidobacteriaceae;g__Bifidobacterium,temperate
v0a1c	Viruses;Duplodnaviria;Heunggongvirae;Uroviricota;Caudoviricetes;;,d__Bacteria;p__Bacteroidota;c__Bacteroidia;o__Bacteroidales;f__Bacteroidaceae;g__Alloprevotella,temperate
v0a1d	Viruses;Duplodnaviria;Heunggongvirae;Uroviricota;Caudoviricetes;;,d__Bacteria;p__Bacteroidota;c__Bacteroidia;o__Bacteroidales;f__Bacteroidaceae;g__Alloprevotella,virulent
v0a1e	Viruses;Duplodnaviria;Heunggongvirae;Uroviricota;Caudoviricetes;;,d__Bacteria;p__Bacillota;c__Bacilli;o__Lactobacillales;f__Streptococcaceae;g__Streptococcus,temperate
v0a1f	Viruses;Duplodnaviria;Heunggongvirae;Uroviricota;Caudoviricetes;;,d__Bacteria;p__Bacillota;c__Clostridia;o__Tissierellales;f__Peptoniphilaceae;g__Finegoldia,temperate
v0a20	Viruses;Duplodnaviria;Heunggongvirae;Uroviricota;Caudoviricetes;;,d__Bacteria;p__Bacillota;c__Clostridia;o__Tissierellales;f__Peptoniphilaceae;g__Finegoldia,temperate
v0a21	Viruses;Duplodnaviria;Heunggongvirae;Uroviricota;Caudoviricetes;;,d__Bacteria;p__Bacteroidota;c__Bacteroidia;o__Bacteroidales;f__Bacteroidaceae;g__Prevotella,temperate
v0a22	NA,NA,temperate
v0a23	Viruses;Duplodnaviria;Heunggongvirae;Uroviricota;Caudoviricetes;;,d__Bacteria;p__Bacillota;c__Clostridia;o__Oscillospirales;f__Ruminococcaceae;g__Ruminiclostridium_E,temperate
v0a24	Viruses;Duplodnaviria;Heunggongvirae;Uroviricota;Caudoviricetes;;,d__Bacteria;p__Bacillota;c__Bacilli;o__Lactobacillales;f__Streptococcaceae;g__Streptococcus,temperate
v0a25	Viruses;Duplodnaviria;Heunggongvirae;Uroviricota;Caudoviricetes;;,d__Bacteria;p__Bacillota;c__Bacilli;o__Lactobacillales;f__Streptococcaceae;g__Streptococcus,temperate
v0a26	Viruses;Duplodnaviria;Heunggongvirae;Uroviricota;Caudoviricetes;;,d__Bacteria;p__Actinomycetota;c__Actinomycetes;o__Actinomycetales;f__Actinomycetaceae;g__Mobiluncus,temperate
v0a27	Viruses;Duplodnaviria;Heunggongvirae;Uroviricota;Caudoviricetes;;,NA,temperate
v0a28	Viruses;Duplodnaviria;Heunggongvirae;Uroviricota;Caudoviricetes;;,d__Bacteria;p__Bacillota;c__Clostridia;o__Tissierellales;f__Peptoniphilaceae;g__Fenollaria,temperate
v0a29	Viruses;Duplodnaviria;Heunggongvirae;Uroviricota;Caudoviricetes;;,NA,temperate
v0a2a	Viruses;Duplodnaviria;Heunggongvirae;Uroviricota;Caudoviricetes;;,d__Bacteria;p__Bacteroidota;c__Bacteroidia;o__Bacteroidales;f__Bacteroidaceae;g__Prevotella,virulent
v0a2b	Viruses;Duplodnaviria;Heunggongvirae;Uroviricota;Caudoviricetes;;,d__Bacteria;p__Actinomycetota;c__Coriobacteriia;o__Coriobacteriales;f__Atopobiaceae;g__Olsenella_I,temperate
v0a2c	Viruses;Duplodnaviria;Heunggongvirae;Uroviricota;Caudoviricetes;;,d__Bacteria;p__Bacillota;c__Clostridia;o__Tissierellales;f__Peptoniphilaceae;g__Urinicoccus,temperate
v0a2d	Viruses;Duplodnaviria;Heunggongvirae;Uroviricota;Caudoviricetes;;,d__Bacteria;p__Bacillota;c__Clostridia;o__Tissierellales;f__Peptoniphilaceae;g__Anaerococcus,temperate
v0a2e	Viruses;Duplodnaviria;Heunggongvirae;Uroviricota;Caudoviricetes;;,d__Bacteria;p__Bacillota;c__Bacilli;o__Lactobacillales;f__Streptococcaceae;g__Streptococcus,temperate
v0a2f	Viruses;Duplodnaviria;Heunggongvirae;Uroviricota;Caudoviricetes;;,d__Bacteria;p__Bacillota;c__Bacilli;o__Lactobacillales;f__Lactobacillaceae;g__Limosilactobacillus,temperate
v0a30	Viruses;Duplodnaviria;Heunggongvirae;Uroviricota;Caudoviricetes;;,d__Bacteria;p__Actinomycetota;c__Actinomycetes;o__Actinomycetales;f__Bifidobacteriaceae;g__Bifidobacterium,virulent
v0a31	Viruses;Duplodnaviria;Heunggongvirae;Uroviricota;Caudoviricetes;;,d__Bacteria;p__Actinomycetota;c__Actinomycetes;o__Actinomycetales;f__Actinomycetaceae;g__Actinotignum,temperate
v0a32	Viruses;Duplodnaviria;Heunggongvirae;Uroviricota;Caudoviricetes;;,NA,temperate
v0a33	Viruses;Duplodnaviria;Heunggongvirae;Uroviricota;Caudoviricetes;;,d__Bacteria;p__Actinomycetota;c__Actinomycetes;o__Mycobacteriales;f__Mycobacteriaceae;g__Corynebacterium,temperate
v0a34	NA,d__Bacteria;p__Patescibacteriota;c__Saccharimonadia;o__Saccharimonadales;f__Nanoperiomorbaceae;g__Nanoperiomorbus,temperate
v0a35	Viruses;Duplodnaviria;Heunggongvirae;Uroviricota;Caudoviricetes;;,NA,temperate
v0a36	Viruses;Duplodnaviria;Heunggongvirae;Uroviricota;Caudoviricetes;;,d__Bacteria;p__Actinomycetota;c__Coriobacteriia;o__Coriobacteriales;f__Atopobiaceae;g__Fannyhessea,temperate
v0a37	Viruses;Duplodnaviria;Heunggongvirae;Uroviricota;Caudoviricetes;;,d__Bacteria;p__Bacillota;c__Bacilli;o__Lactobacillales;f__Lactobacillaceae;g__Limosilactobacillus,temperate
v0a38	Viruses;Duplodnaviria;Heunggongvirae;Uroviricota;Caudoviricetes;;,d__Bacteria;p__Bacillota;c__Bacilli;o__Lactobacillales;f__Lactobacillaceae;g__Lactobacillus,temperate
v0a39	Viruses;Duplodnaviria;Heunggongvirae;Uroviricota;Caudoviricetes;;,d__Bacteria;p__Bacillota;c__Bacilli;o__Lactobacillales;f__Lactobacillaceae;g__Limosilactobacillus,temperate
v0a3a	Viruses;Duplodnaviria;Heunggongvirae;Uroviricota;Caudoviricetes;;,d__Bacteria;p__Bacillota;c__Bacilli;o__Lactobacillales;f__Streptococcaceae;g__Streptococcus,temperate
v0a3b	Viruses;Duplodnaviria;Heunggongvirae;Uroviricota;Caudoviricetes;;,d__Bacteria;p__Bacillota;c__Bacilli;o__Lactobacillales;f__Streptococcaceae;g__Streptococcus,temperate
v0a3c	Viruses;Duplodnaviria;Heunggongvirae;Uroviricota;Caudoviricetes;;,d__Bacteria;p__Actinomycetota;c__Actinomycetes;o__Mycobacteriales;f__Mycobacteriaceae;g__Corynebacterium,temperate
v0a3d	Viruses;Duplodnaviria;Heunggongvirae;Uroviricota;Caudoviricetes;;,d__Bacteria;p__Patescibacteriota;c__Saccharimonadia;o__Saccharimonadales;f__Nanoperiomorbaceae;g__Nanoperiomorbus,temperate
v0a3e	Viruses;Duplodnaviria;Heunggongvirae;Uroviricota;Caudoviricetes;;,d__Bacteria;p__Actinomycetota;c__Actinomycetes;o__Actinomycetales;f__Bifidobacteriaceae;g__Bifidobacterium,temperate
v0a3f	Viruses;Duplodnaviria;Heunggongvirae;Uroviricota;Caudoviricetes;;,d__Bacteria;p__Fusobacteriota;c__Fusobacteriia;o__Fusobacteriales;f__Leptotrichiaceae;g__Sneathia,temperate
v0a40	Viruses;Duplodnaviria;Heunggongvirae;Uroviricota;Caudoviricetes;;,d__Bacteria;p__Fusobacteriota;c__Fusobacteriia;o__Fusobacteriales;f__Leptotrichiaceae;g__Sneathia,temperate
v0a41	Viruses;Duplodnaviria;Heunggongvirae;Uroviricota;Caudoviricetes;;,d__Bacteria;p__Actinomycetota;c__Actinomycetes;o__Actinomycetales;f__Bifidobacteriaceae;g__Bifidobacterium,virulent
v0a42	Viruses;Duplodnaviria;Heunggongvirae;Uroviricota;Caudoviricetes;;,d__Bacteria;p__Actinomycetota;c__Actinomycetes;o__Actinomycetales;f__Bifidobacteriaceae;g__Bifidobacterium,temperate
v0a43	Viruses;Duplodnaviria;Heunggongvirae;Uroviricota;Caudoviricetes;;,d__Bacteria;p__Actinomycetota;c__Coriobacteriia;o__Coriobacteriales;f__Eggerthellaceae;g__Berryella,virulent
v0a44	Viruses;Duplodnaviria;Heunggongvirae;Uroviricota;Caudoviricetes;;,d__Bacteria;p__Actinomycetota;c__Actinomycetes;o__Actinomycetales;f__Bifidobacteriaceae;g__Bifidobacterium,temperate
v0a45	Viruses;Duplodnaviria;Heunggongvirae;Uroviricota;Caudoviricetes;;,d__Bacteria;p__Bacillota;c__Bacilli;o__Lactobacillales;f__Lactobacillaceae;g__Limosilactobacillus,temperate
v0a46	Viruses;Duplodnaviria;Heunggongvirae;Uroviricota;Caudoviricetes;;,d__Bacteria;p__Bacillota;c__Bacilli;o__Staphylococcales;f__Staphylococcaceae;g__Staphylococcus,temperate
v0a47	Viruses;Duplodnaviria;Heunggongvirae;Uroviricota;Caudoviricetes;;,d__Bacteria;p__Bacillota;c__Bacilli;o__Staphylococcales;f__Staphylococcaceae;g__Staphylococcus,temperate
v0a48	Viruses;Duplodnaviria;Heunggongvirae;Uroviricota;Caudoviricetes;;,d__Bacteria;p__Bacillota;c__Bacilli;o__Lactobacillales;f__Streptococcaceae;g__Streptococcus,temperate
v0a49	Viruses;Duplodnaviria;Heunggongvirae;Uroviricota;Caudoviricetes;;,d__Bacteria;p__Actinomycetota;c__Actinomycetes;o__Actinomycetales;f__Bifidobacteriaceae;g__Bifidobacterium,temperate
v0a4a	Viruses;Duplodnaviria;Heunggongvirae;Uroviricota;Caudoviricetes;;,d__Bacteria;p__Bacteroidota;c__Bacteroidia;o__Bacteroidales;f__Porphyromonadaceae;g__Porphyromonas,virulent
v0a4b	Viruses;Duplodnaviria;Heunggongvirae;Uroviricota;Caudoviricetes;;,d__Bacteria;p__Bacteroidota;c__Bacteroidia;o__Bacteroidales;f__Porphyromonadaceae;g__Porphyromonas_A,virulent
v0a4c	Viruses;Duplodnaviria;Heunggongvirae;Uroviricota;Caudoviricetes;;,d__Bacteria;p__Actinomycetota;c__Actinomycetes;o__Mycobacteriales;f__Mycobacteriaceae;g__Corynebacterium,temperate
v0a4d	Viruses;Duplodnaviria;Heunggongvirae;Uroviricota;Caudoviricetes;;,d__Bacteria;p__Bacillota;c__Bacilli;o__Lactobacillales;f__Streptococcaceae;g__Streptococcus,temperate
v0a4e	Viruses;Duplodnaviria;Heunggongvirae;Uroviricota;Caudoviricetes;;,d__Bacteria;p__Bacillota;c__Bacilli;o__Lactobacillales;f__Streptococcaceae;g__Streptococcus,virulent
v0a4f	Viruses;Duplodnaviria;Heunggongvirae;Uroviricota;Caudoviricetes;;,d__Bacteria;p__Actinomycetota;c__Actinomycetes;o__Mycobacteriales;f__Mycobacteriaceae;g__Corynebacterium,temperate
v0a50	Viruses;Duplodnaviria;Heunggongvirae;Uroviricota;Caudoviricetes;;,d__Bacteria;p__Actinomycetota;c__Coriobacteriia;o__Coriobacteriales;f__Atopobiaceae;g__Fannyhessea,temperate
v0a51	Viruses;Duplodnaviria;Heunggongvirae;Uroviricota;Caudoviricetes;;,NA,virulent
v0a52	Viruses;Duplodnaviria;Heunggongvirae;Uroviricota;Caudoviricetes;;,d__Bacteria;p__Bacillota;c__Bacilli;o__Lactobacillales;f__Lactobacillaceae;g__Limosilactobacillus,temperate
v0a53	Viruses;Duplodnaviria;Heunggongvirae;Uroviricota;Caudoviricetes;;,d__Bacteria;p__Bacillota;c__Bacilli;o__Lactobacillales;f__Streptococcaceae;g__Streptococcus,temperate
v0a54	Viruses;Duplodnaviria;Heunggongvirae;Uroviricota;Caudoviricetes;;,d__Bacteria;p__Bacillota;c__Bacilli;o__Lactobacillales;f__Streptococcaceae;g__Streptococcus,temperate
v0a55	Viruses;Duplodnaviria;Heunggongvirae;Uroviricota;Caudoviricetes;;,d__Bacteria;p__Actinomycetota;c__Actinomycetes;o__Mycobacteriales;f__Mycobacteriaceae;g__Corynebacterium,virulent
v0a56	NA,d__Bacteria;p__Actinomycetota;c__Actinomycetes;o__Actinomycetales;f__Bifidobacteriaceae;g__Alloscardovia,temperate
v0a57	Viruses;Duplodnaviria;Heunggongvirae;Uroviricota;Caudoviricetes;;,d__Bacteria;p__Bacillota;c__Bacilli;o__Lactobacillales;f__Streptococcaceae;g__Streptococcus,temperate
v0a58	Viruses;Duplodnaviria;Heunggongvirae;Uroviricota;Caudoviricetes;;,d__Bacteria;p__Bacillota;c__Bacilli;o__Lactobacillales;f__Lactobacillaceae;g__Limosilactobacillus,temperate
v0a59	Viruses;Duplodnaviria;Heunggongvirae;Uroviricota;Caudoviricetes;;,d__Bacteria;p__Patescibacteriota;c__Saccharimonadia;o__Saccharimonadales;f__Nanoperiomorbaceae;g__Nanoperiomorbus,temperate
v0a5a	Viruses;Duplodnaviria;Heunggongvirae;Uroviricota;Caudoviricetes;;,d__Bacteria;p__Bacillota;c__Bacilli;o__Lactobacillales;f__Lactobacillaceae;g__Lactobacillus,temperate
v0a5b	Viruses;Duplodnaviria;Heunggongvirae;Uroviricota;Caudoviricetes;;,d__Bacteria;p__Bacillota;c__Bacilli;o__Lactobacillales;f__Streptococcaceae;g__Streptococcus,virulent
v0a5c	Viruses;Duplodnaviria;Heunggongvirae;Uroviricota;Caudoviricetes;;,d__Bacteria;p__Bacillota;c__Bacilli;o__Lactobacillales;f__Lactobacillaceae;g__Lactobacillus,temperate
v0a5d	Viruses;Duplodnaviria;Heunggongvirae;Uroviricota;Caudoviricetes;;,d__Bacteria;p__Bacillota;c__Bacilli;o__Lactobacillales;f__Lactobacillaceae;g__Lactobacillus,temperate
v0a5e	Viruses;Duplodnaviria;Heunggongvirae;Uroviricota;Caudoviricetes;;,d__Bacteria;p__Bacillota;c__Negativicutes;o__Veillonellales;f__Megasphaeraceae;g__Megasphaera_C,virulent
v0a5f	Viruses;Duplodnaviria;Heunggongvirae;Uroviricota;Caudoviricetes;;,d__Bacteria;p__Bacteroidota;c__Bacteroidia;o__Bacteroidales;f__Bacteroidaceae;g__Prevotella,temperate
v0a60	Viruses;Duplodnaviria;Heunggongvirae;Uroviricota;Caudoviricetes;;,d__Bacteria;p__Actinomycetota;c__Actinomycetes;o__Actinomycetales;f__Bifidobacteriaceae;g__Bifidobacterium,temperate
v0a61	Viruses;Duplodnaviria;Heunggongvirae;Uroviricota;Caudoviricetes;;,d__Bacteria;p__Actinomycetota;c__Actinomycetes;o__Actinomycetales;f__Bifidobacteriaceae;g__Bifidobacterium,temperate
v0a62	Viruses;Duplodnaviria;Heunggongvirae;Uroviricota;Caudoviricetes;;,d__Bacteria;p__Bacteroidota;c__Bacteroidia;o__Bacteroidales;f__Bacteroidaceae;g__Prevotella,virulent
v0a63	Viruses;Duplodnaviria;Heunggongvirae;Uroviricota;Caudoviricetes;;,NA,temperate
v0a64	Viruses;Duplodnaviria;Heunggongvirae;Uroviricota;Caudoviricetes;;,NA,temperate
v0a65	Viruses;Duplodnaviria;Heunggongvirae;Uroviricota;Caudoviricetes;;,d__Bacteria;p__Bacillota;c__Clostridia;o__Peptostreptococcales;f__Peptostreptococcaceae;g__Peptostreptococcus,temperate
v0a66	Viruses;Duplodnaviria;Heunggongvirae;Uroviricota;Caudoviricetes;;,NA,temperate
v0a67	Viruses;Duplodnaviria;Heunggongvirae;Uroviricota;Caudoviricetes;;,NA,virulent
v0a68	Viruses;Duplodnaviria;Heunggongvirae;Uroviricota;Caudoviricetes;;,d__Bacteria;p__Bacteroidota;c__Bacteroidia;o__Bacteroidales;f__Bacteroidaceae;g__Prevotella,temperate
v0a69	Viruses;Duplodnaviria;Heunggongvirae;Uroviricota;Caudoviricetes;;,d__Bacteria;p__Bacillota;c__Clostridia;o__Peptostreptococcales;f__Peptostreptococcaceae;g__Peptostreptococcus,virulent
v0a6a	Viruses;Duplodnaviria;Heunggongvirae;Uroviricota;Caudoviricetes;;,d__Bacteria;p__Bacteroidota;c__Bacteroidia;o__Bacteroidales;f__Porphyromonadaceae;g__Porphyromonas,temperate
v0a6b	Viruses;Duplodnaviria;Heunggongvirae;Uroviricota;Caudoviricetes;;,d__Bacteria;p__Bacteroidota;c__Bacteroidia;o__Bacteroidales;f__Bacteroidaceae;g__Alloprevotella,temperate
v0a6c	Viruses;Duplodnaviria;Heunggongvirae;Uroviricota;Caudoviricetes;;,NA,temperate
v0a6d	Viruses;Duplodnaviria;Heunggongvirae;Uroviricota;Caudoviricetes;;,d__Bacteria;p__Bacillota;c__Clostridia;o__Tissierellales;f__Peptoniphilaceae;g__Peptoniphilus_A,temperate
v0a6e	Viruses;Duplodnaviria;Heunggongvirae;Uroviricota;Caudoviricetes;;,d__Bacteria;p__Bacteroidota;c__Bacteroidia;o__Bacteroidales;f__Bacteroidaceae;g__Prevotella,temperate
v0a6f	Viruses;Duplodnaviria;Heunggongvirae;Uroviricota;Caudoviricetes;;,d__Bacteria;p__Bacillota;c__Negativicutes;o__Veillonellales;f__Megasphaeraceae;g__Megasphaera_C,temperate
v0a70	Viruses;Duplodnaviria;Heunggongvirae;Uroviricota;Caudoviricetes;;,d__Bacteria;p__Bacteroidota;c__Bacteroidia;o__Bacteroidales;f__Porphyromonadaceae;g__Porphyromonas,virulent
v0a71	Viruses;Duplodnaviria;Heunggongvirae;Uroviricota;Caudoviricetes;;,NA,virulent
v0a72	Viruses;Duplodnaviria;Heunggongvirae;Uroviricota;Caudoviricetes;;,d__Bacteria;p__Bacillota;c__Negativicutes;o__Veillonellales;f__Megasphaeraceae;g__Megasphaera_C,temperate
v0a73	Viruses;Duplodnaviria;Heunggongvirae;Uroviricota;Caudoviricetes;;,d__Bacteria;p__Actinomycetota;c__Coriobacteriia;o__Coriobacteriales;f__Atopobiaceae;g__Fannyhessea,temperate
v0a74	Viruses;Duplodnaviria;Heunggongvirae;Uroviricota;Caudoviricetes;;,d__Bacteria;p__Bacillota;c__Bacilli;o__Lactobacillales;f__Lactobacillaceae;g__Lactobacillus,temperate
v0a75	Viruses;Duplodnaviria;Heunggongvirae;Uroviricota;Caudoviricetes;;,d__Bacteria;p__Bacillota;c__Bacilli;o__Lactobacillales;f__Lactobacillaceae;g__Lactobacillus,temperate
v0a76	Viruses;Duplodnaviria;Heunggongvirae;Uroviricota;Caudoviricetes;;,d__Bacteria;p__Bacillota;c__Bacilli;o__Lactobacillales;f__Lactobacillaceae;g__Lactobacillus,virulent
v0a77	Viruses;Duplodnaviria;Heunggongvirae;Uroviricota;Caudoviricetes;;,d__Bacteria;p__Actinomycetota;c__Actinomycetes;o__Actinomycetales;f__Bifidobacteriaceae;g__Bifidobacterium,temperate
v0a78	Viruses;Duplodnaviria;Heunggongvirae;Uroviricota;Caudoviricetes;;,d__Bacteria;p__Fusobacteriota;c__Fusobacteriia;o__Fusobacteriales;f__Fusobacteriaceae;g__Fusobacterium,temperate
v0a79	Viruses;Duplodnaviria;Heunggongvirae;Uroviricota;Caudoviricetes;;,d__Bacteria;p__Fusobacteriota;c__Fusobacteriia;o__Fusobacteriales;f__Fusobacteriaceae;g__Fusobacterium,temperate
v0a7a	Viruses;Duplodnaviria;Heunggongvirae;Uroviricota;Caudoviricetes;;,d__Bacteria;p__Bacillota;c__Negativicutes;o__Veillonellales;f__Megasphaeraceae;g__Megasphaera,virulent
v0a7b	Viruses;Duplodnaviria;Heunggongvirae;Uroviricota;Caudoviricetes;;,d__Bacteria;p__Bacillota;c__Bacilli;o__Lactobacillales;f__Lactobacillaceae;g__Lactobacillus,temperate
v0a7c	Viruses;Duplodnaviria;Heunggongvirae;Uroviricota;Caudoviricetes;;,d__Bacteria;p__Campylobacterota;c__Campylobacteria;o__Campylobacterales;f__Campylobacteraceae;g__Campylobacter_D,virulent
v0a7d	Viruses;Duplodnaviria;Heunggongvirae;Uroviricota;Caudoviricetes;;,d__Bacteria;p__Bacillota;c__Bacilli;o__Lactobacillales;f__Lactobacillaceae;g__Lactobacillus,temperate
v0a7e	Viruses;Duplodnaviria;Heunggongvirae;Uroviricota;Caudoviricetes;;,d__Bacteria;p__Actinomycetota;c__Actinomycetes;o__Actinomycetales;f__Bifidobacteriaceae;g__Bifidobacterium,temperate
v0a7f	Viruses;Duplodnaviria;Heunggongvirae;Uroviricota;Caudoviricetes;;,d__Bacteria;p__Bacillota;c__Clostridia;o__Tissierellales;f__Peptoniphilaceae;g__Peptoniphilus_A,virulent
v0a80	Viruses;Duplodnaviria;Heunggongvirae;Uroviricota;Caudoviricetes;;,d__Bacteria;p__Bacillota;c__Negativicutes;o__Veillonellales;f__Dialisteraceae;g__Dialister,temperate
v0a81	Viruses;Duplodnaviria;Heunggongvirae;Uroviricota;Caudoviricetes;;,d__Bacteria;p__Actinomycetota;c__Actinomycetes;o__Mycobacteriales;f__Mycobacteriaceae;g__Corynebacterium,temperate
v0a82	Viruses;Duplodnaviria;Heunggongvirae;Uroviricota;Caudoviricetes;;,d__Bacteria;p__Bacillota;c__Bacilli;o__Lactobacillales;f__Lactobacillaceae;g__Lactobacillus,temperate
v0a83	Viruses;Duplodnaviria;Heunggongvirae;Uroviricota;Caudoviricetes;;,d__Bacteria;p__Actinomycetota;c__Actinomycetes;o__Actinomycetales;f__Bifidobacteriaceae;g__Bifidobacterium,temperate
v0a84	Viruses;Duplodnaviria;Heunggongvirae;Uroviricota;Caudoviricetes;;,d__Bacteria;p__Actinomycetota;c__Actinomycetes;o__Actinomycetales;f__Bifidobacteriaceae;g__Bifidobacterium,temperate
v0a85	Viruses;Duplodnaviria;Heunggongvirae;Uroviricota;Caudoviricetes;;,d__Bacteria;p__Actinomycetota;c__Actinomycetes;o__Actinomycetales;f__Bifidobacteriaceae;g__Bifidobacterium,temperate
v0a86	Viruses;Duplodnaviria;Heunggongvirae;Uroviricota;Caudoviricetes;;,d__Bacteria;p__Actinomycetota;c__Actinomycetes;o__Actinomycetales;f__Bifidobacteriaceae;g__Bifidobacterium,temperate
v0a87	Viruses;Duplodnaviria;Heunggongvirae;Uroviricota;Caudoviricetes;;,d__Bacteria;p__Actinomycetota;c__Actinomycetes;o__Actinomycetales;f__Bifidobacteriaceae;g__Bifidobacterium,temperate
v0a88	Viruses;Duplodnaviria;Heunggongvirae;Uroviricota;Caudoviricetes;;,d__Bacteria;p__Bacillota;c__Bacilli;o__Lactobacillales;f__Lactobacillaceae;g__Limosilactobacillus,temperate
v0a89	Viruses;Duplodnaviria;Heunggongvirae;Uroviricota;Caudoviricetes;;,d__Bacteria;p__Bacillota;c__Bacilli;o__Lactobacillales;f__Lactobacillaceae;g__Lactobacillus,temperate
v0a8a	Viruses;Duplodnaviria;Heunggongvirae;Uroviricota;Caudoviricetes;;,d__Bacteria;p__Bacillota;c__Bacilli;o__Lactobacillales;f__Lactobacillaceae;g__Lactobacillus,temperate
v0a8b	Viruses;Duplodnaviria;Heunggongvirae;Uroviricota;Caudoviricetes;;,d__Bacteria;p__Actinomycetota;c__Coriobacteriia;o__Coriobacteriales;f__Atopobiaceae;g__Fannyhessea,temperate
v0a8c	Viruses;Duplodnaviria;Heunggongvirae;Uroviricota;Caudoviricetes;;,d__Bacteria;p__Actinomycetota;c__Actinomycetes;o__Actinomycetales;f__Bifidobacteriaceae;g__Bifidobacterium,temperate
v0a8d	Viruses;Duplodnaviria;Heunggongvirae;Uroviricota;Caudoviricetes;;,d__Bacteria;p__Bacillota;c__Bacilli;o__Lactobacillales;f__Streptococcaceae;g__Streptococcus,temperate
v0a8e	Viruses;Duplodnaviria;Heunggongvirae;Uroviricota;Caudoviricetes;;,d__Bacteria;p__Bacillota;c__Bacilli;o__Lactobacillales;f__Lactobacillaceae;g__Lactobacillus,temperate
v0a8f	Viruses;Duplodnaviria;Heunggongvirae;Uroviricota;Caudoviricetes;;,d__Bacteria;p__Bacillota;c__Bacilli;o__Lactobacillales;f__Lactobacillaceae;g__Lactobacillus,temperate
v0a90	Viruses;Duplodnaviria;Heunggongvirae;Uroviricota;Caudoviricetes;;,d__Bacteria;p__Actinomycetota;c__Actinomycetes;o__Actinomycetales;f__Bifidobacteriaceae;g__Bifidobacterium,virulent
v0a91	Viruses;Duplodnaviria;Heunggongvirae;Uroviricota;Caudoviricetes;;,d__Bacteria;p__Bacteroidota;c__Bacteroidia;o__Bacteroidales;f__Bacteroidaceae;g__Prevotella,virulent
v0a92	Viruses;Duplodnaviria;Heunggongvirae;Uroviricota;Caudoviricetes;;,d__Bacteria;p__Bacteroidota;c__Bacteroidia;o__Bacteroidales;f__Bacteroidaceae;g__Prevotella,virulent
v0a93	NA,d__Bacteria;p__Patescibacteriota;c__Saccharimonadia;o__Saccharimonadales;f__Nanoperiomorbaceae;g__Nanoperiomorbus,temperate
v0a94	Viruses;Duplodnaviria;Heunggongvirae;Uroviricota;Caudoviricetes;;,d__Bacteria;p__Bacillota;c__Clostridia;o__Tissierellales;f__Peptoniphilaceae;g__Peptoniphilus_A,temperate
v0a95	Viruses;Duplodnaviria;Heunggongvirae;Uroviricota;Caudoviricetes;;,d__Bacteria;p__Bacteroidota;c__Bacteroidia;o__Bacteroidales;f__Bacteroidaceae;g__Prevotella,temperate
v0a96	Viruses;Duplodnaviria;Heunggongvirae;Uroviricota;Caudoviricetes;;,d__Bacteria;p__Fusobacteriota;c__Fusobacteriia;o__Fusobacteriales;f__Leptotrichiaceae;g__Sneathia,temperate
v0a97	Viruses;Monodnaviria;Sangervirae;Phixviricota;Malgrandaviricetes;Petitvirales;Microviridae,d__Bacteria;p__Bacteroidota;c__Bacteroidia;o__Bacteroidales;f__Porphyromonadaceae;g__Porphyromonas_A,virulent
v0a98	Viruses;Duplodnaviria;Heunggongvirae;Uroviricota;Caudoviricetes;;,d__Bacteria;p__Bacillota;c__Clostridia;o__Tissierellales;f__Peptoniphilaceae;g__Peptoniphilus_A,temperate
v0a99	Viruses;Duplodnaviria;Heunggongvirae;Uroviricota;Caudoviricetes;;,d__Bacteria;p__Bacillota;c__Clostridia;o__Saccharofermentanales;f__Fastidiosipilaceae;g__Mageeibacillus,temperate
v0a9a	Viruses;Duplodnaviria;Heunggongvirae;Uroviricota;Caudoviricetes;;,d__Bacteria;p__Bacteroidota;c__Bacteroidia;o__Bacteroidales;f__Bacteroidaceae;g__Prevotella,temperate
v0a9b	Viruses;Duplodnaviria;Heunggongvirae;Uroviricota;Caudoviricetes;;,d__Bacteria;p__Bacteroidota;c__Bacteroidia;o__Bacteroidales;f__Bacteroidaceae;g__Prevotella,virulent
v0a9c	Viruses;Duplodnaviria;Heunggongvirae;Uroviricota;Caudoviricetes;;,d__Bacteria;p__Bacillota;c__Bacilli;o__Lactobacillales;f__Streptococcaceae;g__Streptococcus,temperate
v0a9d	Viruses;Duplodnaviria;Heunggongvirae;Uroviricota;Caudoviricetes;;,d__Bacteria;p__Bacillota;c__Bacilli;o__Lactobacillales;f__Lactobacillaceae;g__Lactobacillus,temperate
v0a9e	Viruses;Duplodnaviria;Heunggongvirae;Uroviricota;Caudoviricetes;;,d__Bacteria;p__Bacillota;c__Bacilli;o__Lactobacillales;f__Aerococcaceae;g__Aerococcus,temperate
v0a9f	Viruses;Duplodnaviria;Heunggongvirae;Uroviricota;Caudoviricetes;;,d__Bacteria;p__Bacteroidota;c__Bacteroidia;o__Bacteroidales;f__Bacteroidaceae;g__Prevotella,virulent
v0aa0	Viruses;Duplodnaviria;Heunggongvirae;Uroviricota;Caudoviricetes;;,d__Bacteria;p__Bacteroidota;c__Bacteroidia;o__Bacteroidales;f__Bacteroidaceae;g__Prevotella,virulent
v0aa1	Viruses;Duplodnaviria;Heunggongvirae;Uroviricota;Caudoviricetes;;,d__Bacteria;p__Actinomycetota;c__Coriobacteriia;o__Coriobacteriales;f__Atopobiaceae;g__Fannyhessea,temperate
v0aa2	Viruses;Duplodnaviria;Heunggongvirae;Uroviricota;Caudoviricetes;;,d__Bacteria;p__Bacillota;c__Clostridia;o__Saccharofermentanales;f__Fastidiosipilaceae;g__Amygdalobacter,temperate
v0aa3	Viruses;Duplodnaviria;Heunggongvirae;Uroviricota;Caudoviricetes;;,d__Bacteria;p__Bacillota;c__Negativicutes;o__Veillonellales;f__Dialisteraceae;g__Dialister,temperate
v0aa4	Viruses;Duplodnaviria;Heunggongvirae;Uroviricota;Caudoviricetes;;,d__Bacteria;p__Actinomycetota;c__Actinomycetes;o__Actinomycetales;f__Bifidobacteriaceae;g__Bifidobacterium,temperate
v0aa5	Viruses;Duplodnaviria;Heunggongvirae;Uroviricota;Caudoviricetes;;,NA,temperate
v0aa6	NA,NA,temperate
v0aa7	Viruses;Duplodnaviria;Heunggongvirae;Uroviricota;Caudoviricetes;;,d__Bacteria;p__Fusobacteriota;c__Fusobacteriia;o__Fusobacteriales;f__Leptotrichiaceae;g__Sneathia,temperate
v0aa8	Viruses;Duplodnaviria;Heunggongvirae;Uroviricota;Caudoviricetes;;,d__Bacteria;p__Bacillota;c__Clostridia;o__Peptostreptococcales;f__Peptostreptococcaceae;g__Peptostreptococcus,temperate
v0aa9	Viruses;Duplodnaviria;Heunggongvirae;Uroviricota;Caudoviricetes;;,d__Bacteria;p__Bacillota;c__Bacilli;o__Lactobacillales;f__Lactobacillaceae;g__Lactobacillus,temperate
v0aaa	Viruses;Duplodnaviria;Heunggongvirae;Uroviricota;Caudoviricetes;;,d__Bacteria;p__Bacillota;c__Negativicutes;o__Veillonellales;f__Dialisteraceae;g__Dialister,temperate
v0aab	Viruses;Duplodnaviria;Heunggongvirae;Uroviricota;Caudoviricetes;;,d__Bacteria;p__Actinomycetota;c__Actinomycetes;o__Actinomycetales;f__Bifidobacteriaceae;g__Bifidobacterium,temperate
v0aac	Viruses;Duplodnaviria;Heunggongvirae;Uroviricota;Caudoviricetes;;,NA,temperate
v0aad	Viruses;Duplodnaviria;Heunggongvirae;Uroviricota;Caudoviricetes;;,d__Bacteria;p__Actinomycetota;c__Actinomycetes;o__Actinomycetales;f__Bifidobacteriaceae;g__Bifidobacterium,temperate
v0aae	Viruses;Monodnaviria;Sangervirae;Phixviricota;Malgrandaviricetes;Petitvirales;Microviridae,d__Bacteria;p__Bacteroidota;c__Bacteroidia;o__Bacteroidales;f__Porphyromonadaceae;g__Porphyromonas,virulent
v0aaf	Viruses;Duplodnaviria;Heunggongvirae;Uroviricota;Caudoviricetes;;,d__Bacteria;p__Fusobacteriota;c__Fusobacteriia;o__Fusobacteriales;f__Leptotrichiaceae;g__Sneathia,temperate
v0ab0	Viruses;Duplodnaviria;Heunggongvirae;Uroviricota;Caudoviricetes;;,d__Bacteria;p__Bacillota;c__Clostridia;o__Tissierellales;f__Peptoniphilaceae;g__Peptoniphilus_A,temperate
v0ab1	Viruses;Duplodnaviria;Heunggongvirae;Uroviricota;Caudoviricetes;;,d__Bacteria;p__Actinomycetota;c__Actinomycetes;o__Actinomycetales;f__Bifidobacteriaceae;g__Bifidobacterium,virulent
v0ab2	NA,d__Bacteria;p__Actinomycetota;c__Actinomycetes;o__Actinomycetales;f__Bifidobacteriaceae;g__Bifidobacterium,temperate
v0ab3	Viruses;Duplodnaviria;Heunggongvirae;Uroviricota;Caudoviricetes;;,d__Bacteria;p__Bacillota;c__Bacilli;o__Lactobacillales;f__Lactobacillaceae;g__Lactobacillus,temperate
v0ab4	Viruses;Duplodnaviria;Heunggongvirae;Uroviricota;Caudoviricetes;;,d__Bacteria;p__Actinomycetota;c__Actinomycetes;o__Actinomycetales;f__Bifidobacteriaceae;g__Bifidobacterium,temperate
v0ab5	Viruses;Duplodnaviria;Heunggongvirae;Uroviricota;Caudoviricetes;;,d__Bacteria;p__Actinomycetota;c__Actinomycetes;o__Actinomycetales;f__Bifidobacteriaceae;g__Bifidobacterium,temperate
v0ab6	Viruses;Duplodnaviria;Heunggongvirae;Uroviricota;Caudoviricetes;;,d__Bacteria;p__Bacillota;c__Bacilli;o__Lactobacillales;f__Lactobacillaceae;g__Lactobacillus,temperate
v0ab7	Viruses;Duplodnaviria;Heunggongvirae;Uroviricota;Caudoviricetes;;,d__Bacteria;p__Bacillota;c__Bacilli;o__Lactobacillales;f__Lactobacillaceae;g__Limosilactobacillus,temperate
v0ab8	Viruses;Duplodnaviria;Heunggongvirae;Uroviricota;Caudoviricetes;;,NA,temperate
v0ab9	Viruses;Monodnaviria;Sangervirae;Phixviricota;Malgrandaviricetes;Petitvirales;Microviridae,d__Bacteria;p__Bacteroidota;c__Bacteroidia;o__Bacteroidales;f__Bacteroidaceae;g__Prevotella,virulent
v0aba	Viruses;Duplodnaviria;Heunggongvirae;Uroviricota;Caudoviricetes;;,NA,temperate
v0abb	Viruses;Duplodnaviria;Heunggongvirae;Uroviricota;Caudoviricetes;;,d__Bacteria;p__Actinomycetota;c__Actinomycetes;o__Actinomycetales;f__Bifidobacteriaceae;g__Bifidobacterium,temperate
v0abc	Viruses;Duplodnaviria;Heunggongvirae;Uroviricota;Caudoviricetes;;,d__Bacteria;p__Fusobacteriota;c__Fusobacteriia;o__Fusobacteriales;f__Fusobacteriaceae;g__Fusobacterium,temperate
v0abd	Viruses;Duplodnaviria;Heunggongvirae;Uroviricota;Caudoviricetes;;,d__Bacteria;p__Bacillota;c__Clostridia;o__Peptostreptococcales;f__Peptostreptococcaceae;g__Peptostreptococcus,temperate
v0abe	Viruses;Duplodnaviria;Heunggongvirae;Uroviricota;Caudoviricetes;;,d__Bacteria;p__Bacillota;c__Clostridia;o__Tissierellales;f__Peptoniphilaceae;g__Parvimonas,temperate
v0abf	Viruses;Duplodnaviria;Heunggongvirae;Uroviricota;Caudoviricetes;;,d__Bacteria;p__Bacillota;c__Clostridia;o__Oscillospirales;f__Acutalibacteraceae;g__CAG-217,temperate
v0ac0	Viruses;Duplodnaviria;Heunggongvirae;Uroviricota;Caudoviricetes;;,d__Bacteria;p__Bacteroidota;c__Bacteroidia;o__Bacteroidales;f__Bacteroidaceae;g__Bacteroides,virulent
v0ac1	Viruses;Duplodnaviria;Heunggongvirae;Uroviricota;Caudoviricetes;;,d__Bacteria;p__Bacillota;c__Clostridia;o__Oscillospirales;f__Oscillospiraceae;g__CAG-170,virulent
v0ac2	Viruses;Duplodnaviria;Heunggongvirae;Uroviricota;Caudoviricetes;;,d__Bacteria;p__Bacillota;c__Clostridia;o__TANB77;f__CAG-508;g__CAG-269,temperate
v0ac3	Viruses;Duplodnaviria;Heunggongvirae;Uroviricota;Caudoviricetes;;,d__Bacteria;p__Bacteroidota;c__Bacteroidia;o__Bacteroidales;f__Bacteroidaceae;g__Prevotella,temperate
v0ac4	Viruses;Duplodnaviria;Heunggongvirae;Uroviricota;Caudoviricetes;;,NA,virulent
v0ac5	Viruses;Duplodnaviria;Heunggongvirae;Uroviricota;Caudoviricetes;;,d__Bacteria;p__Bacillota;c__Clostridia;o__Saccharofermentanales;f__Fastidiosipilaceae;g__Amygdalobacter,temperate
v0ac6	Viruses;Duplodnaviria;Heunggongvirae;Uroviricota;Caudoviricetes;;,d__Bacteria;p__Bacillota;c__Clostridia;o__Peptostreptococcales;f__Peptostreptococcaceae;g__Peptostreptococcus,temperate
v0ac7	Viruses;Duplodnaviria;Heunggongvirae;Uroviricota;Caudoviricetes;;,d__Bacteria;p__Bacillota;c__Clostridia;o__Peptostreptococcales;f__Peptostreptococcaceae;g__Peptostreptococcus,temperate
v0ac8	Viruses;Duplodnaviria;Heunggongvirae;Uroviricota;Caudoviricetes;;,d__Bacteria;p__Actinomycetota;c__Actinomycetes;o__Actinomycetales;f__Bifidobacteriaceae;g__Bifidobacterium,temperate
v0ac9	Viruses;Duplodnaviria;Heunggongvirae;Uroviricota;Caudoviricetes;;,d__Bacteria;p__Actinomycetota;c__Actinomycetes;o__Actinomycetales;f__Actinomycetaceae;g__Mobiluncus,virulent
v0aca	Viruses;Duplodnaviria;Heunggongvirae;Uroviricota;Caudoviricetes;;,d__Bacteria;p__Bacillota;c__Clostridia;o__Peptostreptococcales;f__Peptostreptococcaceae;g__Peptostreptococcus,temperate
v0acb	Viruses;Duplodnaviria;Heunggongvirae;Uroviricota;Caudoviricetes;;,d__Bacteria;p__Bacillota;c__Negativicutes;o__Veillonellales;f__Dialisteraceae;g__Dialister,temperate
v0acc	Viruses;Duplodnaviria;Heunggongvirae;Uroviricota;Caudoviricetes;;,d__Bacteria;p__Patescibacteriota;c__JAEDAM01;o__Absconditabacterales;f__Absconditicoccaceae;g__HOT-345,temperate
v0acd	Viruses;Duplodnaviria;Heunggongvirae;Uroviricota;Caudoviricetes;;,d__Bacteria;p__Bacillota;c__Clostridia;o__Peptostreptococcales;f__Anaerovoracaceae;g__Hornefia,temperate
v0ace	Viruses;Duplodnaviria;Heunggongvirae;Uroviricota;Caudoviricetes;;,d__Bacteria;p__Bacillota;c__Clostridia;o__Tissierellales;f__Peptoniphilaceae;g__Parvimonas,temperate
v0acf	Viruses;Duplodnaviria;Heunggongvirae;Uroviricota;Caudoviricetes;;,NA,temperate
v0ad0	Viruses;Duplodnaviria;Heunggongvirae;Uroviricota;Caudoviricetes;;,d__Bacteria;p__Bacillota;c__Bacilli;o__Lactobacillales;f__Streptococcaceae;g__Streptococcus,temperate
v0ad1	Viruses;Duplodnaviria;Heunggongvirae;Uroviricota;Caudoviricetes;;,d__Bacteria;p__Bacteroidota;c__Bacteroidia;o__Bacteroidales;f__Bacteroidaceae;g__Prevotella,temperate
v0ad2	Viruses;Duplodnaviria;Heunggongvirae;Uroviricota;Caudoviricetes;;,d__Bacteria;p__Bacteroidota;c__Bacteroidia;o__Bacteroidales;f__Bacteroidaceae;g__Prevotella,temperate
v0ad3	Viruses;Duplodnaviria;Heunggongvirae;Uroviricota;Caudoviricetes;;,d__Bacteria;p__Bacillota;c__Bacilli;o__Lactobacillales;f__Streptococcaceae;g__Streptococcus,temperate
v0ad4	Viruses;Duplodnaviria;Heunggongvirae;Uroviricota;Caudoviricetes;;,d__Bacteria;p__Bacillota;c__Negativicutes;o__Veillonellales;f__Megasphaeraceae;g__Megasphaera,temperate
v0ad5	Viruses;Duplodnaviria;Heunggongvirae;Uroviricota;Caudoviricetes;;,d__Bacteria;p__Bacillota;c__Bacilli;o__Lactobacillales;f__Lactobacillaceae;g__Limosilactobacillus,temperate
v0ad6	NA,d__Bacteria;p__Patescibacteriota;c__Saccharimonadia;o__Saccharimonadales;f__Nanoperiomorbaceae;g__Nanoperiomorbus,temperate
v0ad7	Viruses;Duplodnaviria;Heunggongvirae;Uroviricota;Caudoviricetes;;,d__Bacteria;p__Bacteroidota;c__Bacteroidia;o__Bacteroidales;f__Porphyromonadaceae;g__Porphyromonas_A,virulent
v0ad8	Viruses;Duplodnaviria;Heunggongvirae;Uroviricota;Caudoviricetes;;,d__Bacteria;p__Actinomycetota;c__Actinomycetes;o__Mycobacteriales;f__Mycobacteriaceae;g__Corynebacterium,temperate
v0ad9	Viruses;Duplodnaviria;Heunggongvirae;Uroviricota;Caudoviricetes;;,d__Bacteria;p__Bacillota;c__Clostridia;o__Tissierellales;f__Peptoniphilaceae;g__Parvimonas,temperate
v0ada	Viruses;Duplodnaviria;Heunggongvirae;Uroviricota;Caudoviricetes;;,d__Bacteria;p__Bacillota;c__Bacilli;o__Lactobacillales;f__Streptococcaceae;g__Streptococcus,temperate
v0adb	Viruses;Duplodnaviria;Heunggongvirae;Uroviricota;Caudoviricetes;;,d__Bacteria;p__Bacteroidota;c__Bacteroidia;o__Bacteroidales;f__Bacteroidaceae;g__Prevotella,virulent
v0adc	Viruses;Duplodnaviria;Heunggongvirae;Uroviricota;Caudoviricetes;;,d__Bacteria;p__Actinomycetota;c__Actinomycetes;o__Mycobacteriales;f__Mycobacteriaceae;g__Corynebacterium,temperate
v0add	Viruses;Duplodnaviria;Heunggongvirae;Uroviricota;Caudoviricetes;;,d__Bacteria;p__Bacillota;c__Bacilli;o__Lactobacillales;f__Lactobacillaceae;g__Lactobacillus,temperate
v0ade	NA,d__Bacteria;p__Patescibacteriota;c__Saccharimonadia;o__Saccharimonadales;f__Nanoperiomorbaceae;g__Nanoperiomorbus,temperate
v0adf	Viruses;Duplodnaviria;Heunggongvirae;Uroviricota;Caudoviricetes;;,d__Bacteria;p__Fusobacteriota;c__Fusobacteriia;o__Fusobacteriales;f__Fusobacteriaceae;g__Fusobacterium_C,temperate
v0ae0	Viruses;Duplodnaviria;Heunggongvirae;Uroviricota;Caudoviricetes;;,d__Bacteria;p__Fusobacteriota;c__Fusobacteriia;o__Fusobacteriales;f__Fusobacteriaceae;g__Fusobacterium,virulent
v0ae1	Viruses;Duplodnaviria;Heunggongvirae;Uroviricota;Caudoviricetes;;,d__Bacteria;p__Actinomycetota;c__Actinomycetes;o__Actinomycetales;f__Bifidobacteriaceae;g__Bifidobacterium,temperate
v0ae2	Viruses;Duplodnaviria;Heunggongvirae;Uroviricota;Caudoviricetes;;,NA,temperate
v0ae3	NA,d__Bacteria;p__Bacteroidota;c__Bacteroidia;o__Bacteroidales;f__Porphyromonadaceae;g__Porphyromonas,virulent
v0ae4	Viruses;Duplodnaviria;Heunggongvirae;Uroviricota;Caudoviricetes;;,d__Bacteria;p__Bacillota;c__Clostridia;o__Tissierellales;f__Peptoniphilaceae;g__Anaerococcus,temperate
v0ae5	Viruses;Duplodnaviria;Heunggongvirae;Uroviricota;Caudoviricetes;;,NA,temperate
v0ae6	Viruses;Duplodnaviria;Heunggongvirae;Uroviricota;Caudoviricetes;;,NA,temperate
v0ae7	Viruses;Duplodnaviria;Heunggongvirae;Uroviricota;Caudoviricetes;;,d__Bacteria;p__Bacillota;c__Negativicutes;o__Veillonellales;f__Dialisteraceae;g__Dialister,temperate
v0ae8	Viruses;Duplodnaviria;Heunggongvirae;Uroviricota;Caudoviricetes;;,d__Bacteria;p__Bacteroidota;c__Bacteroidia;o__Bacteroidales;f__Porphyromonadaceae;g__Porphyromonas,temperate
v0ae9	Viruses;Duplodnaviria;Heunggongvirae;Uroviricota;Caudoviricetes;;,d__Bacteria;p__Bacillota;c__Clostridia;o__Tissierellales;f__Peptoniphilaceae;g__Anaerococcus,temperate
v0aea	Viruses;Duplodnaviria;Heunggongvirae;Uroviricota;Caudoviricetes;;,d__Bacteria;p__Bacillota;c__Clostridia;o__Tissierellales;f__Peptoniphilaceae;g__Anaerococcus,temperate
v0aeb	NA,d__Bacteria;p__Bacteroidota;c__Bacteroidia;o__Bacteroidales;f__Porphyromonadaceae;g__Porphyromonas_A,temperate
v0aec	Viruses;Duplodnaviria;Heunggongvirae;Uroviricota;Caudoviricetes;;,d__Bacteria;p__Actinomycetota;c__Actinomycetes;o__Actinomycetales;f__Bifidobacteriaceae;g__Bifidobacterium,temperate
v0aed	Viruses;Duplodnaviria;Heunggongvirae;Uroviricota;Caudoviricetes;;,d__Bacteria;p__Fusobacteriota;c__Fusobacteriia;o__Fusobacteriales;f__Leptotrichiaceae;g__Sneathia,temperate
v0aee	Viruses;Duplodnaviria;Heunggongvirae;Uroviricota;Caudoviricetes;;,NA,temperate
v0aef	Viruses;Duplodnaviria;Heunggongvirae;Uroviricota;Caudoviricetes;;,d__Bacteria;p__Actinomycetota;c__Actinomycetes;o__Actinomycetales;f__Bifidobacteriaceae;g__Bifidobacterium,temperate
v0af0	Viruses;Duplodnaviria;Heunggongvirae;Uroviricota;Caudoviricetes;;,d__Bacteria;p__Actinomycetota;c__Actinomycetes;o__Actinomycetales;f__Bifidobacteriaceae;g__Bifidobacterium,temperate
v0af1	Viruses;Duplodnaviria;Heunggongvirae;Uroviricota;Caudoviricetes;;,d__Bacteria;p__Bacillota;c__Bacilli;o__Lactobacillales;f__Lactobacillaceae;g__Lactobacillus,temperate
v0af2	Viruses;Duplodnaviria;Heunggongvirae;Uroviricota;Caudoviricetes;;,d__Bacteria;p__Bacillota;c__Bacilli;o__Lactobacillales;f__Lactobacillaceae;g__Lactobacillus,temperate
v0af3	Viruses;Duplodnaviria;Heunggongvirae;Uroviricota;Caudoviricetes;;,d__Bacteria;p__Fusobacteriota;c__Fusobacteriia;o__Fusobacteriales;f__Leptotrichiaceae;g__Sneathia,temperate
v0af4	Viruses;Duplodnaviria;Heunggongvirae;Uroviricota;Caudoviricetes;;,d__Bacteria;p__Actinomycetota;c__Actinomycetes;o__Actinomycetales;f__Actinomycetaceae;g__Winkia,temperate
v0af5	NA,d__Bacteria;p__Actinomycetota;c__Actinomycetes;o__Actinomycetales;f__Actinomycetaceae;g__Winkia,temperate
v0af6	Viruses;Duplodnaviria;Heunggongvirae;Uroviricota;Caudoviricetes;;,d__Bacteria;p__Bacillota;c__Bacilli;o__Lactobacillales;f__Lactobacillaceae;g__Lactobacillus,temperate
v0af7	Viruses;Duplodnaviria;Heunggongvirae;Uroviricota;Caudoviricetes;;,d__Bacteria;p__Bacillota;c__Bacilli;o__Lactobacillales;f__Lactobacillaceae;g__Lactobacillus,temperate
v0af8	Viruses;Duplodnaviria;Heunggongvirae;Uroviricota;Caudoviricetes;;,d__Bacteria;p__Bacillota;c__Clostridia;o__Tissierellales;f__Peptoniphilaceae;g__Peptoniphilus_A,temperate
v0af9	Viruses;Duplodnaviria;Heunggongvirae;Uroviricota;Caudoviricetes;;,d__Bacteria;p__Actinomycetota;c__Coriobacteriia;o__Coriobacteriales;f__Atopobiaceae;g__Fannyhessea,temperate
v0afa	Viruses;Duplodnaviria;Heunggongvirae;Uroviricota;Caudoviricetes;;,d__Bacteria;p__Bacillota;c__Bacilli;o__Lactobacillales;f__Streptococcaceae;g__Streptococcus,temperate
v0afb	Viruses;Duplodnaviria;Heunggongvirae;Uroviricota;Caudoviricetes;;,NA,virulent
v0afc	Viruses;Duplodnaviria;Heunggongvirae;Uroviricota;Caudoviricetes;;,d__Bacteria;p__Bacillota;c__Clostridia;o__Tissierellales;f__Peptoniphilaceae;g__Anaerococcus,temperate
v0afd	Viruses;Duplodnaviria;Heunggongvirae;Uroviricota;Caudoviricetes;;,d__Bacteria;p__Bacteroidota;c__Bacteroidia;o__Bacteroidales;f__Bacteroidaceae;g__Prevotella,virulent
v0afe	Viruses;Duplodnaviria;Heunggongvirae;Uroviricota;Caudoviricetes;;,d__Bacteria;p__Bacillota;c__Clostridia;o__Tissierellales;f__Peptoniphilaceae;g__Peptoniphilus_A,temperate
v0aff	Viruses;Duplodnaviria;Heunggongvirae;Uroviricota;Caudoviricetes;;,d__Bacteria;p__Fusobacteriota;c__Fusobacteriia;o__Fusobacteriales;f__Leptotrichiaceae;g__Sneathia,temperate
v0b00	Viruses;Duplodnaviria;Heunggongvirae;Uroviricota;Caudoviricetes;;,NA,temperate
v0b01	Viruses;Duplodnaviria;Heunggongvirae;Uroviricota;Caudoviricetes;;,d__Bacteria;p__Bacillota;c__Clostridia;o__Lachnospirales;f__Lachnospiraceae;g__UBA629,virulent
v0b02	Viruses;Duplodnaviria;Heunggongvirae;Uroviricota;Caudoviricetes;;,NA,temperate
v0b03	Viruses;Duplodnaviria;Heunggongvirae;Uroviricota;Caudoviricetes;;,d__Bacteria;p__Bacillota;c__Clostridia;o__Tissierellales;f__Peptoniphilaceae;g__Anaerococcus,temperate
v0b04	Viruses;Duplodnaviria;Heunggongvirae;Uroviricota;Caudoviricetes;;,d__Bacteria;p__Pseudomonadota;c__Gammaproteobacteria;o__Enterobacterales;f__Enterobacteriaceae;g__Proteus,temperate
v0b05	Viruses;Duplodnaviria;Heunggongvirae;Uroviricota;Caudoviricetes;;,d__Bacteria;p__Pseudomonadota;c__Gammaproteobacteria;o__Enterobacterales;f__Enterobacteriaceae;g__Providencia,temperate
v0b06	Viruses;Duplodnaviria;Heunggongvirae;Uroviricota;Caudoviricetes;;,d__Bacteria;p__Bacillota;c__Clostridia;o__Tissierellales;f__Peptoniphilaceae;g__Peptoniphilus_A,temperate
v0b07	Viruses;Duplodnaviria;Heunggongvirae;Uroviricota;Caudoviricetes;;,d__Bacteria;p__Pseudomonadota;c__Gammaproteobacteria;o__Enterobacterales;f__Enterobacteriaceae;g__Proteus,temperate
v0b08	Viruses;Duplodnaviria;Heunggongvirae;Uroviricota;Caudoviricetes;;,d__Bacteria;p__Bacteroidota;c__Bacteroidia;o__Bacteroidales;f__Bacteroidaceae;g__Prevotella,temperate
v0b09	Viruses;Duplodnaviria;Heunggongvirae;Uroviricota;Caudoviricetes;;,d__Bacteria;p__Bacteroidota;c__Bacteroidia;o__Bacteroidales;f__Bacteroidaceae;g__Prevotella,virulent
v0b0a	Viruses;Duplodnaviria;Heunggongvirae;Uroviricota;Caudoviricetes;;,d__Bacteria;p__Bacillota;c__Negativicutes;o__Veillonellales;f__Megasphaeraceae;g__Megasphaera,virulent
v0b0b	Viruses;Duplodnaviria;Heunggongvirae;Uroviricota;Caudoviricetes;;,NA,temperate
v0b0c	Viruses;Duplodnaviria;Heunggongvirae;Uroviricota;Caudoviricetes;;,d__Bacteria;p__Actinomycetota;c__Coriobacteriia;o__Coriobacteriales;f__Eggerthellaceae;g__Berryella,temperate
v0b0d	Viruses;Duplodnaviria;Heunggongvirae;Uroviricota;Caudoviricetes;;,d__Bacteria;p__Campylobacterota;c__Campylobacteria;o__Campylobacterales;f__Campylobacteraceae;g__Campylobacter_D,temperate
v0b0e	Viruses;Duplodnaviria;Heunggongvirae;Uroviricota;Caudoviricetes;;,d__Bacteria;p__Campylobacterota;c__Campylobacteria;o__Campylobacterales;f__Campylobacteraceae;g__Campylobacter_D,virulent
v0b0f	Viruses;Duplodnaviria;Heunggongvirae;Uroviricota;Caudoviricetes;;,d__Bacteria;p__Bacillota;c__Clostridia;o__Peptostreptococcales;f__Peptostreptococcaceae;g__Peptostreptococcus,temperate
v0b10	NA,d__Bacteria;p__Bacillota;c__Negativicutes;o__Veillonellales;f__Megasphaeraceae;g__Megasphaera_C,temperate
v0b11	Viruses;Duplodnaviria;Heunggongvirae;Uroviricota;Caudoviricetes;;,d__Bacteria;p__Bacillota;c__Negativicutes;o__Veillonellales;f__Dialisteraceae;g__Dialister,temperate
v0b12	Viruses;Duplodnaviria;Heunggongvirae;Uroviricota;Caudoviricetes;;,d__Bacteria;p__Bacillota;c__Negativicutes;o__Veillonellales;f__Dialisteraceae;g__Dialister,temperate
v0b13	Viruses;Duplodnaviria;Heunggongvirae;Uroviricota;Caudoviricetes;;,d__Bacteria;p__Bacteroidota;c__Bacteroidia;o__Bacteroidales;f__Bacteroidaceae;g__Prevotella,temperate
v0b14	Viruses;Duplodnaviria;Heunggongvirae;Uroviricota;Caudoviricetes;;,NA,temperate
v0b15	NA,d__Bacteria;p__Actinomycetota;c__Coriobacteriia;o__Coriobacteriales;f__Eggerthellaceae;g__Berryella,temperate
v0b16	Viruses;Duplodnaviria;Heunggongvirae;Uroviricota;Caudoviricetes;;,d__Bacteria;p__Bacillota;c__Clostridia;o__Tissierellales;f__Peptoniphilaceae;g__Peptoniphilus_A,temperate
v0b17	Viruses;Duplodnaviria;Heunggongvirae;Uroviricota;Caudoviricetes;;,d__Bacteria;p__Actinomycetota;c__Actinomycetes;o__Actinomycetales;f__Bifidobacteriaceae;g__Bifidobacterium,temperate
v0b18	Viruses;Duplodnaviria;Heunggongvirae;Uroviricota;Caudoviricetes;;,d__Bacteria;p__Bacillota;c__Bacilli;o__Lactobacillales;f__Lactobacillaceae;g__Lactobacillus,temperate
v0b19	Viruses;Duplodnaviria;Heunggongvirae;Uroviricota;Caudoviricetes;;,d__Bacteria;p__Actinomycetota;c__Actinomycetes;o__Actinomycetales;f__Bifidobacteriaceae;g__Bifidobacterium,temperate
v0b1a	Viruses;Duplodnaviria;Heunggongvirae;Uroviricota;Caudoviricetes;;,d__Bacteria;p__Actinomycetota;c__Coriobacteriia;o__Coriobacteriales;f__Eggerthellaceae;g__Berryella,temperate
v0b1b	Viruses;Duplodnaviria;Heunggongvirae;Uroviricota;Caudoviricetes;;,d__Bacteria;p__Bacillota;c__Clostridia;o__Tissierellales;f__Peptoniphilaceae;g__Parvimonas,temperate
v0b1c	Viruses;Duplodnaviria;Heunggongvirae;Uroviricota;Caudoviricetes;;,NA,temperate
v0b1d	Viruses;Duplodnaviria;Heunggongvirae;Uroviricota;Caudoviricetes;;,d__Bacteria;p__Bacillota;c__Clostridia;o__Tissierellales;f__Peptoniphilaceae;g__Peptoniphilus_A,temperate
v0b1e	Viruses;Duplodnaviria;Heunggongvirae;Uroviricota;Caudoviricetes;;,d__Bacteria;p__Actinomycetota;c__Coriobacteriia;o__Coriobacteriales;f__Atopobiaceae;g__Fannyhessea,temperate
v0b1f	Viruses;Duplodnaviria;Heunggongvirae;Uroviricota;Caudoviricetes;;,d__Bacteria;p__Bacillota;c__Bacilli;o__Lactobacillales;f__Lactobacillaceae;g__Lactobacillus,temperate
v0b20	Viruses;Duplodnaviria;Heunggongvirae;Uroviricota;Caudoviricetes;;,d__Bacteria;p__Bacteroidota;c__Bacteroidia;o__Bacteroidales;f__Bacteroidaceae;g__Bacteroides,temperate
v0b21	Viruses;Duplodnaviria;Heunggongvirae;Uroviricota;Caudoviricetes;;,d__Bacteria;p__Bacillota;c__Negativicutes;o__Veillonellales;f__Veillonellaceae;g__Veillonella,temperate
v0b22	Viruses;Duplodnaviria;Heunggongvirae;Uroviricota;Caudoviricetes;;,d__Bacteria;p__Bacillota;c__Negativicutes;o__Veillonellales;f__Dialisteraceae;g__Dialister,temperate
v0b23	Viruses;Duplodnaviria;Heunggongvirae;Uroviricota;Caudoviricetes;;,d__Bacteria;p__Actinomycetota;c__Coriobacteriia;o__Coriobacteriales;f__Atopobiaceae;g__Fannyhessea,temperate
v0b24	Viruses;Duplodnaviria;Heunggongvirae;Uroviricota;Caudoviricetes;;,d__Bacteria;p__Fusobacteriota;c__Fusobacteriia;o__Fusobacteriales;f__Leptotrichiaceae;g__Sneathia,temperate
v0b25	Viruses;Duplodnaviria;Heunggongvirae;Uroviricota;Caudoviricetes;;,NA,temperate
v0b26	NA,d__Bacteria;p__Actinomycetota;c__Actinomycetes;o__Actinomycetales;f__Actinomycetaceae;g__Mobiluncus,virulent
v0b27	Viruses;Duplodnaviria;Heunggongvirae;Uroviricota;Caudoviricetes;;,d__Bacteria;p__Bacillota;c__Clostridia;o__Oscillospirales;f__Ruminococcaceae;g__Ruminiclostridium_E,temperate
v0b28	Viruses;Duplodnaviria;Heunggongvirae;Uroviricota;Caudoviricetes;;,d__Bacteria;p__Bacillota;c__Clostridia;o__Tissierellales;f__Peptoniphilaceae;g__Anaerococcus,temperate
v0b29	Viruses;Duplodnaviria;Heunggongvirae;Uroviricota;Caudoviricetes;;,d__Bacteria;p__Bacillota;c__Clostridia;o__Tissierellales;f__Peptoniphilaceae;g__Peptoniphilus_A,temperate
v0b2a	Viruses;Duplodnaviria;Heunggongvirae;Uroviricota;Caudoviricetes;;,d__Bacteria;p__Bacillota;c__Bacilli;o__Lactobacillales;f__Lactobacillaceae;g__Lactobacillus,temperate
v0b2b	Viruses;Monodnaviria;Sangervirae;Phixviricota;Malgrandaviricetes;Petitvirales;Microviridae,d__Bacteria;p__Bacteroidota;c__Bacteroidia;o__Bacteroidales;f__Bacteroidaceae;g__Prevotella,virulent
v0b2c	Viruses;Duplodnaviria;Heunggongvirae;Uroviricota;Caudoviricetes;;,d__Bacteria;p__Bacillota;c__Bacilli;o__Lactobacillales;f__Streptococcaceae;g__Streptococcus,temperate
v0b2d	Viruses;Duplodnaviria;Heunggongvirae;Uroviricota;Caudoviricetes;;,d__Bacteria;p__Bacillota;c__Bacilli;o__Lactobacillales;f__Streptococcaceae;g__Streptococcus,temperate
v0b2e	Viruses;Duplodnaviria;Heunggongvirae;Uroviricota;Caudoviricetes;;,d__Bacteria;p__Bacillota;c__Bacilli;o__Lactobacillales;f__Streptococcaceae;g__Streptococcus,temperate
v0b2f	Viruses;Duplodnaviria;Heunggongvirae;Uroviricota;Caudoviricetes;;,d__Bacteria;p__Bacteroidota;c__Bacteroidia;o__Bacteroidales;f__Bacteroidaceae;g__Prevotella,virulent
v0b30	Viruses;Duplodnaviria;Heunggongvirae;Uroviricota;Caudoviricetes;;,d__Bacteria;p__Bacillota;c__Negativicutes;o__Veillonellales;f__Dialisteraceae;g__Dialister,virulent
v0b31	Viruses;Duplodnaviria;Heunggongvirae;Uroviricota;Caudoviricetes;;,d__Bacteria;p__Bacillota;c__Negativicutes;o__Veillonellales;f__Veillonellaceae;g__F0422,temperate
v0b32	Viruses;Duplodnaviria;Heunggongvirae;Uroviricota;Caudoviricetes;;,d__Bacteria;p__Bacillota;c__Negativicutes;o__Veillonellales;f__Dialisteraceae;g__Dialister,virulent
v0b33	Viruses;Duplodnaviria;Heunggongvirae;Uroviricota;Caudoviricetes;;,d__Bacteria;p__Bacillota;c__Clostridia;o__Tissierellales;f__Peptoniphilaceae;g__Anaerococcus,temperate
v0b34	Viruses;Duplodnaviria;Heunggongvirae;Uroviricota;Caudoviricetes;;,d__Bacteria;p__Bacillota;c__Bacilli;o__Lactobacillales;f__Streptococcaceae;g__Streptococcus,temperate
v0b35	Viruses;Duplodnaviria;Heunggongvirae;Uroviricota;Caudoviricetes;;,d__Bacteria;p__Bacillota;c__Clostridia;o__Tissierellales;f__Peptoniphilaceae;g__Peptoniphilus_A,virulent
v0b36	Viruses;Duplodnaviria;Heunggongvirae;Uroviricota;Caudoviricetes;;,NA,temperate
v0b37	Viruses;Duplodnaviria;Heunggongvirae;Uroviricota;Caudoviricetes;;,d__Bacteria;p__Pseudomonadota;c__Gammaproteobacteria;o__Enterobacterales;f__Enterobacteriaceae;g__Escherichia,temperate
v0b38	Viruses;Duplodnaviria;Heunggongvirae;Uroviricota;Caudoviricetes;;,d__Bacteria;p__Bacillota;c__Bacilli;o__Lactobacillales;f__Streptococcaceae;g__Streptococcus,temperate
v0b39	Viruses;Duplodnaviria;Heunggongvirae;Uroviricota;Caudoviricetes;;,d__Bacteria;p__Bacillota;c__Bacilli;o__Lactobacillales;f__Streptococcaceae;g__Streptococcus,temperate
v0b3a	Viruses;Duplodnaviria;Heunggongvirae;Uroviricota;Caudoviricetes;;,d__Bacteria;p__Bacillota;c__Negativicutes;o__Veillonellales;f__Dialisteraceae;g__Dialister,temperate
v0b3b	Viruses;Duplodnaviria;Heunggongvirae;Uroviricota;Caudoviricetes;;,d__Bacteria;p__Bacillota;c__Clostridia;o__Tissierellales;f__Peptoniphilaceae;g__Aedoeadaptatus,temperate
v0b3c	Viruses;Duplodnaviria;Heunggongvirae;Uroviricota;Caudoviricetes;;Autographiviridae,d__Bacteria;p__Bacillota;c__Negativicutes;o__Veillonellales;f__Dialisteraceae;g__Dialister,virulent
v0b3d	Viruses;Duplodnaviria;Heunggongvirae;Uroviricota;Caudoviricetes;;,d__Bacteria;p__Actinomycetota;c__Actinomycetes;o__Actinomycetales;f__Bifidobacteriaceae;g__Bifidobacterium,temperate
v0b3e	Viruses;Duplodnaviria;Heunggongvirae;Uroviricota;Caudoviricetes;;,NA,temperate
v0b3f	NA,d__Bacteria;p__Bacillota;c__Bacilli;o__Lactobacillales;f__Streptococcaceae;g__Streptococcus,temperate
v0b40	Viruses;Duplodnaviria;Heunggongvirae;Uroviricota;Caudoviricetes;;,d__Bacteria;p__Bacillota;c__Clostridia;o__Tissierellales;f__Peptoniphilaceae;g__Peptoniphilus_A,temperate
v0b41	Viruses;Duplodnaviria;Heunggongvirae;Uroviricota;Caudoviricetes;;,d__Bacteria;p__Bacillota;c__Clostridia;o__Tissierellales;f__Peptoniphilaceae;g__Parvimonas,temperate
v0b42	Viruses;Duplodnaviria;Heunggongvirae;Uroviricota;Caudoviricetes;;,d__Bacteria;p__Actinomycetota;c__Coriobacteriia;o__Coriobacteriales;f__Eggerthellaceae;g__Berryella,temperate
v0b43	Viruses;Duplodnaviria;Heunggongvirae;Uroviricota;Caudoviricetes;;,d__Bacteria;p__Bacillota;c__Bacilli;o__Lactobacillales;f__Streptococcaceae;g__Streptococcus,temperate
v0b44	Viruses;Duplodnaviria;Heunggongvirae;Uroviricota;Caudoviricetes;;,d__Bacteria;p__Bacillota;c__Clostridia;o__Tissierellales;f__Peptoniphilaceae;g__Peptoniphilus_A,temperate
v0b45	Viruses;Duplodnaviria;Heunggongvirae;Uroviricota;Caudoviricetes;;,d__Bacteria;p__Bacillota;c__Clostridia;o__Peptostreptococcales;f__Peptostreptococcaceae;g__Peptostreptococcus,temperate
v0b46	Viruses;Duplodnaviria;Heunggongvirae;Uroviricota;Caudoviricetes;;,d__Bacteria;p__Bacillota;c__Bacilli;o__Lactobacillales;f__Streptococcaceae;g__Streptococcus,temperate
v0b47	Viruses;Duplodnaviria;Heunggongvirae;Uroviricota;Caudoviricetes;;,d__Bacteria;p__Bacillota;c__Bacilli;o__Staphylococcales;f__Gemellaceae;g__Gemella,temperate
v0b48	Viruses;Duplodnaviria;Heunggongvirae;Uroviricota;Caudoviricetes;;,d__Bacteria;p__Bacillota;c__Bacilli;o__Lactobacillales;f__Streptococcaceae;g__Streptococcus,temperate
v0b49	Viruses;Duplodnaviria;Heunggongvirae;Uroviricota;Caudoviricetes;;,d__Bacteria;p__Bacillota;c__Bacilli;o__Lactobacillales;f__Streptococcaceae;g__Streptococcus,temperate
v0b4a	Viruses;Duplodnaviria;Heunggongvirae;Uroviricota;Caudoviricetes;;,NA,temperate
v0b4b	Viruses;Duplodnaviria;Heunggongvirae;Uroviricota;Caudoviricetes;;,d__Bacteria;p__Bacillota;c__Clostridia;o__Tissierellales;f__Peptoniphilaceae;g__Parvimonas,temperate
v0b4c	Viruses;Duplodnaviria;Heunggongvirae;Uroviricota;Caudoviricetes;;,d__Bacteria;p__Bacillota;c__Clostridia;o__Tissierellales;f__Peptoniphilaceae;g__KA00134,temperate
v0b4d	Viruses;Duplodnaviria;Heunggongvirae;Uroviricota;Caudoviricetes;;,d__Bacteria;p__Bacteroidota;c__Bacteroidia;o__Bacteroidales;f__Muribaculaceae;g__Sodaliphilus,virulent
v0b4e	Viruses;Duplodnaviria;Heunggongvirae;Uroviricota;Caudoviricetes;;,d__Bacteria;p__Bacteroidota;c__Bacteroidia;o__Bacteroidales;f__Porphyromonadaceae;g__Porphyromonas,virulent
v0b4f	Viruses;Duplodnaviria;Heunggongvirae;Uroviricota;Caudoviricetes;;,d__Bacteria;p__Bacillota;c__Clostridia;o__Tissierellales;f__Peptoniphilaceae;g__Peptoniphilus_A,temperate
v0b50	Viruses;Duplodnaviria;Heunggongvirae;Uroviricota;Caudoviricetes;;,NA,temperate
v0b51	Viruses;Duplodnaviria;Heunggongvirae;Uroviricota;Caudoviricetes;;,d__Bacteria;p__Bacillota;c__Bacilli;o__Lactobacillales;f__Streptococcaceae;g__Streptococcus,virulent
v0b52	Viruses;Duplodnaviria;Heunggongvirae;Uroviricota;Caudoviricetes;;,d__Bacteria;p__Fusobacteriota;c__Fusobacteriia;o__Fusobacteriales;f__Leptotrichiaceae;g__Sneathia,temperate
v0b53	Viruses;Duplodnaviria;Heunggongvirae;Uroviricota;Caudoviricetes;;,d__Bacteria;p__Bacillota;c__Bacilli;o__Lactobacillales;f__Aerococcaceae;g__Aerococcus,temperate
v0b54	Viruses;Duplodnaviria;Heunggongvirae;Uroviricota;Caudoviricetes;;,d__Bacteria;p__Bacteroidota;c__Bacteroidia;o__Bacteroidales;f__Bacteroidaceae;g__Prevotella,virulent
v0b55	Viruses;Duplodnaviria;Heunggongvirae;Uroviricota;Caudoviricetes;;,NA,temperate
v0b56	Viruses;Duplodnaviria;Heunggongvirae;Uroviricota;Caudoviricetes;;,d__Bacteria;p__Bacillota;c__Bacilli;o__Lactobacillales;f__Streptococcaceae;g__Streptococcus,temperate
v0b57	Viruses;Duplodnaviria;Heunggongvirae;Uroviricota;Caudoviricetes;;,d__Bacteria;p__Bacillota;c__Negativicutes;o__Veillonellales;f__Dialisteraceae;g__Dialister,temperate
v0b58	Viruses;Duplodnaviria;Heunggongvirae;Uroviricota;Caudoviricetes;;,d__Bacteria;p__Fusobacteriota;c__Fusobacteriia;o__Fusobacteriales;f__Fusobacteriaceae;g__Fusobacterium,temperate
v0b59	Viruses;Duplodnaviria;Heunggongvirae;Uroviricota;Caudoviricetes;;,d__Bacteria;p__Actinomycetota;c__Coriobacteriia;o__Coriobacteriales;f__Atopobiaceae;g__Fannyhessea,temperate
v0b5a	Viruses;Duplodnaviria;Heunggongvirae;Uroviricota;Caudoviricetes;;,d__Bacteria;p__Bacillota;c__Clostridia;o__Saccharofermentanales;f__Fastidiosipilaceae;g__Mageeibacillus,temperate
v0b5b	Viruses;Duplodnaviria;Heunggongvirae;Uroviricota;Caudoviricetes;;,d__Bacteria;p__Campylobacterota;c__Campylobacteria;o__Campylobacterales;f__Campylobacteraceae;g__Campylobacter_D,temperate
v0b5c	Viruses;Duplodnaviria;Heunggongvirae;Uroviricota;Caudoviricetes;;,d__Bacteria;p__Bacteroidota;c__Bacteroidia;o__Bacteroidales;f__UBA932;g__Cryptobacteroides,virulent
v0b5d	Viruses;Duplodnaviria;Heunggongvirae;Uroviricota;Caudoviricetes;;,NA,temperate
v0b5e	Viruses;Duplodnaviria;Heunggongvirae;Uroviricota;Caudoviricetes;;,d__Bacteria;p__Actinomycetota;c__Coriobacteriia;o__Coriobacteriales;f__Eggerthellaceae;g__Berryella,temperate
v0b5f	Viruses;Duplodnaviria;Heunggongvirae;Uroviricota;Caudoviricetes;;,d__Bacteria;p__Actinomycetota;c__Actinomycetes;o__Actinomycetales;f__Bifidobacteriaceae;g__Bifidobacterium,temperate
v0b60	Viruses;Duplodnaviria;Heunggongvirae;Uroviricota;Caudoviricetes;;,d__Bacteria;p__Bacillota;c__Clostridia;o__Peptostreptococcales;f__Peptostreptococcaceae;g__Peptostreptococcus,temperate
v0b61	Viruses;Duplodnaviria;Heunggongvirae;Uroviricota;Caudoviricetes;;,d__Bacteria;p__Bacillota;c__Clostridia;o__Peptostreptococcales;f__Peptostreptococcaceae;g__Peptostreptococcus,temperate
v0b62	Viruses;Duplodnaviria;Heunggongvirae;Uroviricota;Caudoviricetes;;,d__Bacteria;p__Actinomycetota;c__Actinomycetes;o__Actinomycetales;f__Bifidobacteriaceae;g__Bifidobacterium,temperate
v0b63	Viruses;Duplodnaviria;Heunggongvirae;Uroviricota;Caudoviricetes;;,d__Bacteria;p__Bacteroidota;c__Bacteroidia;o__Bacteroidales;f__Bacteroidaceae;g__Prevotella,temperate
v0b64	Viruses;Duplodnaviria;Heunggongvirae;Uroviricota;Caudoviricetes;;,d__Bacteria;p__Bacillota;c__Clostridia;o__Tissierellales;f__Peptoniphilaceae;g__Anaerococcus,temperate
v0b65	Viruses;Duplodnaviria;Heunggongvirae;Uroviricota;Caudoviricetes;;,d__Bacteria;p__Bacillota;c__Clostridia;o__Tissierellales;f__Peptoniphilaceae;g__Anaerococcus,temperate
v0b66	Viruses;Duplodnaviria;Heunggongvirae;Uroviricota;Caudoviricetes;;,d__Bacteria;p__Bacillota;c__Clostridia;o__Tissierellales;f__Peptoniphilaceae;g__Anaerococcus,virulent
v0b67	Viruses;Duplodnaviria;Heunggongvirae;Uroviricota;Caudoviricetes;;,d__Bacteria;p__Bacillota;c__Clostridia;o__Peptostreptococcales;f__Peptostreptococcaceae;g__Peptostreptococcus,temperate
v0b68	Viruses;Duplodnaviria;Heunggongvirae;Uroviricota;Caudoviricetes;;,d__Bacteria;p__Bacteroidota;c__Bacteroidia;o__Bacteroidales;f__Bacteroidaceae;g__Bacteroides,temperate
v0b69	Viruses;Duplodnaviria;Heunggongvirae;Uroviricota;Caudoviricetes;;,NA,temperate
v0b6a	Viruses;Duplodnaviria;Heunggongvirae;Uroviricota;Caudoviricetes;;,d__Bacteria;p__Bacillota;c__Bacilli;o__Lactobacillales;f__Lactobacillaceae;g__Lactobacillus,temperate
v0b6b	NA,d__Bacteria;p__Bacillota;c__Bacilli;o__Lactobacillales;f__Lactobacillaceae;g__Lactobacillus,temperate
v0b6c	Viruses;Duplodnaviria;Heunggongvirae;Uroviricota;Caudoviricetes;;,d__Bacteria;p__Actinomycetota;c__Actinomycetes;o__Actinomycetales;f__Bifidobacteriaceae;g__Bifidobacterium,temperate
v0b6d	Viruses;Duplodnaviria;Heunggongvirae;Uroviricota;Caudoviricetes;;,d__Bacteria;p__Bacillota;c__Clostridia;o__Tissierellales;f__Peptoniphilaceae;g__Parvimonas,virulent
v0b6e	Viruses;Duplodnaviria;Heunggongvirae;Uroviricota;Caudoviricetes;;,d__Bacteria;p__Bacteroidota;c__Bacteroidia;o__Bacteroidales;f__Bacteroidaceae;g__Prevotella,virulent
v0b6f	Viruses;Duplodnaviria;Heunggongvirae;Uroviricota;Caudoviricetes;;,d__Bacteria;p__Fusobacteriota;c__Fusobacteriia;o__Fusobacteriales;f__Leptotrichiaceae;g__Sneathia,temperate
v0b70	Viruses;Duplodnaviria;Heunggongvirae;Uroviricota;Caudoviricetes;;,d__Bacteria;p__Bacillota;c__Clostridia;o__Tissierellales;f__Peptoniphilaceae;g__Parvimonas,temperate
v0b71	Viruses;Duplodnaviria;Heunggongvirae;Uroviricota;Caudoviricetes;;,d__Bacteria;p__Bacteroidota;c__Bacteroidia;o__Bacteroidales;f__Bacteroidaceae;g__Prevotella,virulent
v0b72	Viruses;Duplodnaviria;Heunggongvirae;Uroviricota;Caudoviricetes;;,d__Bacteria;p__Actinomycetota;c__Actinomycetes;o__Actinomycetales;f__Bifidobacteriaceae;g__Bifidobacterium,temperate
v0b73	NA,d__Bacteria;p__Actinomycetota;c__Actinomycetes;o__Actinomycetales;f__Actinomycetaceae;g__Mobiluncus,temperate
v0b74	Viruses;Duplodnaviria;Heunggongvirae;Uroviricota;Caudoviricetes;;,d__Bacteria;p__Actinomycetota;c__Coriobacteriia;o__Coriobacteriales;f__Atopobiaceae;g__Fannyhessea,temperate
v0b75	Viruses;Duplodnaviria;Heunggongvirae;Uroviricota;Caudoviricetes;;,d__Bacteria;p__Bacillota;c__Negativicutes;o__Veillonellales;f__Dialisteraceae;g__Dialister,temperate
v0b76	Viruses;Duplodnaviria;Heunggongvirae;Uroviricota;Caudoviricetes;;,d__Bacteria;p__Bacillota;c__Clostridia;o__Saccharofermentanales;f__Fastidiosipilaceae;g__Mageeibacillus,temperate
v0b77	NA,d__Bacteria;p__Bacteroidota;c__Bacteroidia;o__Bacteroidales;f__Bacteroidaceae;g__Prevotella,temperate
v0b78	Viruses;Duplodnaviria;Heunggongvirae;Uroviricota;Caudoviricetes;;,d__Bacteria;p__Bacillota;c__Clostridia;o__Tissierellales;f__Peptoniphilaceae;g__Parvimonas,temperate
v0b79	Viruses;Duplodnaviria;Heunggongvirae;Uroviricota;Caudoviricetes;;,NA,temperate
v0b7a	Viruses;Duplodnaviria;Heunggongvirae;Uroviricota;Caudoviricetes;;,d__Bacteria;p__Actinomycetota;c__Actinomycetes;o__Actinomycetales;f__Bifidobacteriaceae;g__Bifidobacterium,temperate
v0b7b	Viruses;Duplodnaviria;Heunggongvirae;Uroviricota;Caudoviricetes;;,d__Bacteria;p__Bacteroidota;c__Bacteroidia;o__Bacteroidales;f__Bacteroidaceae;g__Prevotella,virulent
v0b7c	NA,d__Bacteria;p__Patescibacteriota;c__Saccharimonadia;o__Saccharimonadales;f__Nanoperiomorbaceae;g__Nanoperiomorbus,temperate
v0b7d	Viruses;Duplodnaviria;Heunggongvirae;Uroviricota;Caudoviricetes;;,d__Bacteria;p__Actinomycetota;c__Coriobacteriia;o__Coriobacteriales;f__Eggerthellaceae;g__Berryella,temperate
v0b7e	Viruses;Duplodnaviria;Heunggongvirae;Uroviricota;Caudoviricetes;;,NA,temperate
v0b7f	Viruses;Duplodnaviria;Heunggongvirae;Uroviricota;Caudoviricetes;;,d__Bacteria;p__Bacillota;c__Clostridia;o__Tissierellales;f__Peptoniphilaceae;g__Peptoniphilus_A,temperate
v0b80	Viruses;Duplodnaviria;Heunggongvirae;Uroviricota;Caudoviricetes;;,d__Bacteria;p__Bacillota;c__Clostridia;o__Tissierellales;f__Peptoniphilaceae;g__Peptoniphilus_A,temperate
v0b81	Viruses;Duplodnaviria;Heunggongvirae;Uroviricota;Caudoviricetes;;,d__Bacteria;p__Bacillota;c__Clostridia;o__Tissierellales;f__Peptoniphilaceae;g__Peptoniphilus_A,temperate
v0b82	Viruses;Duplodnaviria;Heunggongvirae;Uroviricota;Caudoviricetes;;,d__Bacteria;p__Bacteroidota;c__Bacteroidia;o__Bacteroidales;f__Bacteroidaceae;g__Prevotella,virulent
v0b83	Viruses;Duplodnaviria;Heunggongvirae;Uroviricota;Caudoviricetes;;,d__Bacteria;p__Bacillota;c__Clostridia;o__Saccharofermentanales;f__Fastidiosipilaceae;g__Amygdalobacter,virulent
v0b84	Viruses;Duplodnaviria;Heunggongvirae;Uroviricota;Caudoviricetes;;,d__Bacteria;p__Bacillota;c__Negativicutes;o__Veillonellales;f__Dialisteraceae;g__Dialister,temperate
v0b85	Viruses;Duplodnaviria;Heunggongvirae;Uroviricota;Caudoviricetes;;,d__Bacteria;p__Bacillota;c__Bacilli;o__Staphylococcales;f__Staphylococcaceae;g__Staphylococcus,temperate
v0b86	Viruses;Duplodnaviria;Heunggongvirae;Uroviricota;Caudoviricetes;;,d__Bacteria;p__Bacillota;c__Bacilli;o__Staphylococcales;f__Staphylococcaceae;g__Staphylococcus,temperate
v0b87	Viruses;Duplodnaviria;Heunggongvirae;Uroviricota;Caudoviricetes;;,d__Bacteria;p__Bacillota;c__Clostridia;o__Tissierellales;f__Peptoniphilaceae;g__Peptoniphilus_A,temperate
v0b88	Viruses;Duplodnaviria;Heunggongvirae;Uroviricota;Caudoviricetes;;,d__Bacteria;p__Bacillota;c__Negativicutes;o__Veillonellales;f__Dialisteraceae;g__Dialister,temperate
v0b89	Viruses;Duplodnaviria;Heunggongvirae;Uroviricota;Caudoviricetes;;,d__Bacteria;p__Bacillota;c__Clostridia;o__Saccharofermentanales;f__Fastidiosipilaceae;g__Amygdalobacter,temperate
v0b8a	Viruses;Duplodnaviria;Heunggongvirae;Uroviricota;Caudoviricetes;;,d__Bacteria;p__Actinomycetota;c__Coriobacteriia;o__Coriobacteriales;f__Atopobiaceae;g__Fannyhessea,temperate
v0b8b	Viruses;Duplodnaviria;Heunggongvirae;Uroviricota;Caudoviricetes;;,d__Bacteria;p__Bacillota;c__Clostridia;o__Tissierellales;f__Peptoniphilaceae;g__Parvimonas,temperate
v0b8c	Viruses;Duplodnaviria;Heunggongvirae;Uroviricota;Caudoviricetes;;,d__Bacteria;p__Bacillota;c__Clostridia;o__Tissierellales;f__Peptoniphilaceae;g__Parvimonas,temperate
v0b8d	Viruses;Duplodnaviria;Heunggongvirae;Uroviricota;Caudoviricetes;;,d__Bacteria;p__Fusobacteriota;c__Fusobacteriia;o__Fusobacteriales;f__Leptotrichiaceae;g__Sneathia,temperate
v0b8e	Viruses;Duplodnaviria;Heunggongvirae;Uroviricota;Caudoviricetes;;,d__Bacteria;p__Bacillota;c__Clostridia;o__Tissierellales;f__Peptoniphilaceae;g__Peptoniphilus_A,temperate
v0b8f	Viruses;Duplodnaviria;Heunggongvirae;Uroviricota;Caudoviricetes;;,d__Bacteria;p__Actinomycetota;c__Actinomycetes;o__Actinomycetales;f__Bifidobacteriaceae;g__Bifidobacterium,virulent
v0b90	NA,d__Bacteria;p__Bacteroidota;c__Bacteroidia;o__Bacteroidales;f__Bacteroidaceae;g__Prevotella,virulent
v0b91	Viruses;Duplodnaviria;Heunggongvirae;Uroviricota;Caudoviricetes;;,d__Bacteria;p__Actinomycetota;c__Actinomycetes;o__Actinomycetales;f__Bifidobacteriaceae;g__Bifidobacterium,temperate
v0b92	Viruses;Duplodnaviria;Heunggongvirae;Uroviricota;Caudoviricetes;;,d__Bacteria;p__Actinomycetota;c__Actinomycetes;o__Actinomycetales;f__Bifidobacteriaceae;g__Bifidobacterium,virulent
v0b93	Viruses;Duplodnaviria;Heunggongvirae;Uroviricota;Caudoviricetes;;,d__Bacteria;p__Actinomycetota;c__Actinomycetes;o__Actinomycetales;f__Bifidobacteriaceae;g__Bifidobacterium,temperate
v0b94	Viruses;Duplodnaviria;Heunggongvirae;Uroviricota;Caudoviricetes;;,d__Bacteria;p__Bacillota;c__Negativicutes;o__Veillonellales;f__Dialisteraceae;g__Dialister,temperate
v0b95	Viruses;Duplodnaviria;Heunggongvirae;Uroviricota;Caudoviricetes;;,d__Bacteria;p__Bacillota;c__Bacilli;o__Lactobacillales;f__Lactobacillaceae;g__Lactobacillus,temperate
v0b96	Viruses;Duplodnaviria;Heunggongvirae;Uroviricota;Caudoviricetes;;,d__Bacteria;p__Bacillota;c__Bacilli;o__Lactobacillales;f__Lactobacillaceae;g__Lactobacillus,virulent
v0b97	Viruses;Duplodnaviria;Heunggongvirae;Uroviricota;Caudoviricetes;;,d__Bacteria;p__Fusobacteriota;c__Fusobacteriia;o__Fusobacteriales;f__Leptotrichiaceae;g__Sneathia,temperate
v0b98	Viruses;Monodnaviria;Sangervirae;Phixviricota;Malgrandaviricetes;Petitvirales;Microviridae,d__Bacteria;p__Bacteroidota;c__Bacteroidia;o__Bacteroidales;f__Bacteroidaceae;g__Prevotella,virulent
v0b99	Viruses;Duplodnaviria;Heunggongvirae;Uroviricota;Caudoviricetes;;,d__Bacteria;p__Bacillota;c__Clostridia;o__Tissierellales;f__Peptoniphilaceae;g__Parvimonas,temperate
v0b9a	Viruses;Duplodnaviria;Heunggongvirae;Uroviricota;Caudoviricetes;;,NA,temperate
v0b9b	NA,NA,temperate
v0b9c	Viruses;Duplodnaviria;Heunggongvirae;Uroviricota;Caudoviricetes;;,d__Bacteria;p__Actinomycetota;c__Coriobacteriia;o__Coriobacteriales;f__Atopobiaceae;g__Fannyhessea,temperate
v0b9d	NA,d__Bacteria;p__Actinomycetota;c__Actinomycetes;o__Actinomycetales;f__Bifidobacteriaceae;g__Bifidobacterium,temperate
v0b9e	Viruses;Duplodnaviria;Heunggongvirae;Uroviricota;Caudoviricetes;;,d__Bacteria;p__Bacteroidota;c__Bacteroidia;o__Bacteroidales;f__Bacteroidaceae;g__Prevotella,virulent
v0b9f	Viruses;Duplodnaviria;Heunggongvirae;Uroviricota;Caudoviricetes;;,d__Bacteria;p__Actinomycetota;c__Actinomycetes;o__Actinomycetales;f__Bifidobacteriaceae;g__Bifidobacterium,temperate
v0ba0	Viruses;Duplodnaviria;Heunggongvirae;Uroviricota;Caudoviricetes;;,d__Bacteria;p__Actinomycetota;c__Actinomycetes;o__Actinomycetales;f__Bifidobacteriaceae;g__Bifidobacterium,virulent
v0ba1	Viruses;Duplodnaviria;Heunggongvirae;Uroviricota;Caudoviricetes;;,d__Bacteria;p__Bacillota;c__Clostridia;o__Tissierellales;f__Peptoniphilaceae;g__Peptoniphilus_A,temperate
v0ba2	Viruses;Duplodnaviria;Heunggongvirae;Uroviricota;Caudoviricetes;;,d__Bacteria;p__Bacillota;c__Bacilli;o__Lactobacillales;f__Lactobacillaceae;g__Limosilactobacillus,temperate
v0ba3	Viruses;Duplodnaviria;Heunggongvirae;Uroviricota;Caudoviricetes;;,d__Bacteria;p__Bacillota;c__Bacilli;o__Lactobacillales;f__Lactobacillaceae;g__Lactobacillus,temperate
v0ba4	Viruses;Duplodnaviria;Heunggongvirae;Uroviricota;Caudoviricetes;;,d__Bacteria;p__Bacillota;c__Negativicutes;o__Veillonellales;f__Megasphaeraceae;g__Megasphaera,virulent
v0ba5	Viruses;Duplodnaviria;Heunggongvirae;Uroviricota;Caudoviricetes;;,d__Bacteria;p__Bacillota;c__Bacilli;o__Lactobacillales;f__Lactobacillaceae;g__Lactobacillus,temperate
v0ba6	Viruses;Duplodnaviria;Heunggongvirae;Uroviricota;Caudoviricetes;;,d__Bacteria;p__Bacillota;c__Bacilli;o__Lactobacillales;f__Streptococcaceae;g__Streptococcus,temperate
v0ba7	Viruses;Duplodnaviria;Heunggongvirae;Uroviricota;Caudoviricetes;;,d__Bacteria;p__Bacillota;c__Clostridia;o__Saccharofermentanales;f__Fastidiosipilaceae;g__Mageeibacillus,temperate
v0ba8	Viruses;Duplodnaviria;Heunggongvirae;Uroviricota;Caudoviricetes;;,NA,virulent
v0ba9	Viruses;Duplodnaviria;Heunggongvirae;Uroviricota;Caudoviricetes;;,d__Bacteria;p__Bacillota;c__Negativicutes;o__Veillonellales;f__Dialisteraceae;g__Dialister,temperate
v0baa	Viruses;Duplodnaviria;Heunggongvirae;Uroviricota;Caudoviricetes;;,d__Bacteria;p__Actinomycetota;c__Actinomycetes;o__Actinomycetales;f__Actinomycetaceae;g__Mobiluncus,temperate
v0bab	Viruses;Duplodnaviria;Heunggongvirae;Uroviricota;Caudoviricetes;;,NA,temperate
v0bac	Viruses;Duplodnaviria;Heunggongvirae;Uroviricota;Caudoviricetes;;,d__Bacteria;p__Actinomycetota;c__Actinomycetes;o__Actinomycetales;f__Bifidobacteriaceae;g__Bifidobacterium,temperate
v0bad	Viruses;Duplodnaviria;Heunggongvirae;Uroviricota;Caudoviricetes;;,d__Bacteria;p__Bacillota;c__Bacilli;o__Lactobacillales;f__Lactobacillaceae;g__Lactobacillus,temperate
v0bae	Viruses;Duplodnaviria;Heunggongvirae;Uroviricota;Caudoviricetes;;,d__Bacteria;p__Actinomycetota;c__Coriobacteriia;o__Coriobacteriales;f__Atopobiaceae;g__Fannyhessea,temperate
v0baf	Viruses;Duplodnaviria;Heunggongvirae;Uroviricota;Caudoviricetes;;,d__Bacteria;p__Actinomycetota;c__Actinomycetes;o__Actinomycetales;f__Bifidobacteriaceae;g__Bifidobacterium,temperate
v0bb0	Viruses;Duplodnaviria;Heunggongvirae;Uroviricota;Caudoviricetes;;,d__Bacteria;p__Bacillota;c__Bacilli;o__Lactobacillales;f__Streptococcaceae;g__Streptococcus,temperate
v0bb1	Viruses;Duplodnaviria;Heunggongvirae;Uroviricota;Caudoviricetes;;,d__Bacteria;p__Bacteroidota;c__Bacteroidia;o__Bacteroidales;f__Bacteroidaceae;g__Prevotella,virulent
v0bb2	NA,d__Bacteria;p__Fusobacteriota;c__Fusobacteriia;o__Fusobacteriales;f__Leptotrichiaceae;g__Sneathia,temperate
v0bb3	Viruses;Duplodnaviria;Heunggongvirae;Uroviricota;Caudoviricetes;;Autographiviridae,d__Bacteria;p__Bacillota;c__Negativicutes;o__Veillonellales;f__Dialisteraceae;g__Dialister,virulent
v0bb4	Viruses;Duplodnaviria;Heunggongvirae;Uroviricota;Caudoviricetes;;,d__Bacteria;p__Bacteroidota;c__Bacteroidia;o__Bacteroidales;f__Bacteroidaceae;g__Prevotella,temperate
v0bb5	Viruses;Duplodnaviria;Heunggongvirae;Uroviricota;Caudoviricetes;;,d__Bacteria;p__Actinomycetota;c__Actinomycetes;o__Actinomycetales;f__Actinomycetaceae;g__Mobiluncus,temperate
v0bb6	Viruses;Duplodnaviria;Heunggongvirae;Uroviricota;Caudoviricetes;;,d__Bacteria;p__Bacteroidota;c__Bacteroidia;o__Bacteroidales;f__Bacteroidaceae;g__Prevotella,virulent
v0bb7	Viruses;Duplodnaviria;Heunggongvirae;Uroviricota;Caudoviricetes;;,d__Bacteria;p__Fusobacteriota;c__Fusobacteriia;o__Fusobacteriales;f__Leptotrichiaceae;g__Sneathia,temperate
v0bb8	Viruses;Duplodnaviria;Heunggongvirae;Uroviricota;Caudoviricetes;;,d__Bacteria;p__Bacillota;c__Bacilli;o__Lactobacillales;f__Streptococcaceae;g__Streptococcus,temperate
v0bb9	Viruses;Duplodnaviria;Heunggongvirae;Uroviricota;Caudoviricetes;;,d__Bacteria;p__Bacteroidota;c__Bacteroidia;o__Bacteroidales;f__Bacteroidaceae;g__Prevotella,virulent
v0bba	Viruses;Duplodnaviria;Heunggongvirae;Uroviricota;Caudoviricetes;;,d__Bacteria;p__Bacteroidota;c__Bacteroidia;o__Bacteroidales;f__Bacteroidaceae;g__Prevotella,virulent
v0bbb	Viruses;Duplodnaviria;Heunggongvirae;Uroviricota;Caudoviricetes;;,d__Bacteria;p__Bacteroidota;c__Bacteroidia;o__Bacteroidales;f__Bacteroidaceae;g__Prevotella,temperate
v0bbc	Viruses;Duplodnaviria;Heunggongvirae;Uroviricota;Caudoviricetes;;,d__Bacteria;p__Bacillota;c__Clostridia;o__Lachnospirales;f__Lachnospiraceae;g__Petralouisia,temperate
v0bbd	Viruses;Duplodnaviria;Heunggongvirae;Uroviricota;Caudoviricetes;;,d__Bacteria;p__Fusobacteriota;c__Fusobacteriia;o__Fusobacteriales;f__Leptotrichiaceae;g__Sneathia,temperate
v0bbe	Viruses;Duplodnaviria;Heunggongvirae;Uroviricota;Caudoviricetes;;,d__Bacteria;p__Bacillota;c__Negativicutes;o__Veillonellales;f__Dialisteraceae;g__Dialister,temperate
v0bbf	Viruses;Monodnaviria;Sangervirae;Phixviricota;Malgrandaviricetes;Petitvirales;Microviridae,d__Bacteria;p__Bacteroidota;c__Bacteroidia;o__Bacteroidales;f__Porphyromonadaceae;g__Porphyromonas,virulent
v0bc0	Viruses;Duplodnaviria;Heunggongvirae;Uroviricota;Caudoviricetes;;,d__Bacteria;p__Fusobacteriota;c__Fusobacteriia;o__Fusobacteriales;f__Leptotrichiaceae;g__Sneathia,temperate
v0bc1	Viruses;Duplodnaviria;Heunggongvirae;Uroviricota;Caudoviricetes;;,d__Bacteria;p__Bacillota;c__Clostridia;o__Lachnospirales;f__Lachnospiraceae;g__Agathobacter,temperate
v0bc2	Viruses;Duplodnaviria;Heunggongvirae;Uroviricota;Caudoviricetes;;,d__Bacteria;p__Bacillota;c__Clostridia;o__Lachnospirales;f__Lachnospiraceae;g__Moryella,temperate
v0bc3	Viruses;Duplodnaviria;Heunggongvirae;Uroviricota;Caudoviricetes;;,d__Bacteria;p__Bacillota;c__Clostridia;o__Peptostreptococcales;f__Peptostreptococcaceae;g__Peptostreptococcus,virulent
v0bc4	Viruses;Duplodnaviria;Heunggongvirae;Uroviricota;Caudoviricetes;;,NA,temperate
v0bc5	Viruses;Duplodnaviria;Heunggongvirae;Uroviricota;Caudoviricetes;;,d__Bacteria;p__Bacillota;c__Bacilli;o__Lactobacillales;f__Streptococcaceae;g__Streptococcus,temperate
v0bc6	Viruses;Duplodnaviria;Heunggongvirae;Uroviricota;Caudoviricetes;;,d__Bacteria;p__Bacteroidota;c__Bacteroidia;o__Bacteroidales;f__Bacteroidaceae;g__Prevotella,temperate
v0bc7	Viruses;Duplodnaviria;Heunggongvirae;Uroviricota;Caudoviricetes;;,d__Bacteria;p__Fusobacteriota;c__Fusobacteriia;o__Fusobacteriales;f__Leptotrichiaceae;g__Sneathia,temperate
v0bc8	Viruses;Duplodnaviria;Heunggongvirae;Uroviricota;Caudoviricetes;;,d__Bacteria;p__Bacteroidota;c__Bacteroidia;o__Bacteroidales;f__Bacteroidaceae;g__Prevotella,temperate
v0bc9	Viruses;Duplodnaviria;Heunggongvirae;Uroviricota;Caudoviricetes;;,d__Bacteria;p__Bacteroidota;c__Bacteroidia;o__Bacteroidales;f__Bacteroidaceae;g__Prevotella,virulent
v0bca	Viruses;Duplodnaviria;Heunggongvirae;Uroviricota;Caudoviricetes;;,d__Bacteria;p__Bacteroidota;c__Bacteroidia;o__Bacteroidales;f__Bacteroidaceae;g__Prevotella,temperate
v0bcb	Viruses;Duplodnaviria;Heunggongvirae;Uroviricota;Caudoviricetes;;,d__Bacteria;p__Fusobacteriota;c__Fusobacteriia;o__Fusobacteriales;f__Leptotrichiaceae;g__Sneathia,temperate
v0bcc	Viruses;Duplodnaviria;Heunggongvirae;Uroviricota;Caudoviricetes;;,d__Bacteria;p__Actinomycetota;c__Coriobacteriia;o__Coriobacteriales;f__Eggerthellaceae;g__Berryella,temperate
v0bcd	Viruses;Duplodnaviria;Heunggongvirae;Uroviricota;Caudoviricetes;;,d__Bacteria;p__Actinomycetota;c__Actinomycetes;o__Actinomycetales;f__Bifidobacteriaceae;g__Bifidobacterium,temperate
v0bce	Viruses;Duplodnaviria;Heunggongvirae;Uroviricota;Caudoviricetes;;,d__Bacteria;p__Bacteroidota;c__Bacteroidia;o__Bacteroidales;f__Bacteroidaceae;g__Prevotella,virulent
v0bcf	NA,d__Bacteria;p__Actinomycetota;c__Actinomycetes;o__Actinomycetales;f__Actinomycetaceae;g__Mobiluncus,virulent
v0bd0	Viruses;Duplodnaviria;Heunggongvirae;Uroviricota;Caudoviricetes;;,d__Bacteria;p__Bacillota;c__Bacilli;o__Lactobacillales;f__Lactobacillaceae;g__Lactobacillus,temperate
v0bd1	Viruses;Duplodnaviria;Heunggongvirae;Uroviricota;Caudoviricetes;;,d__Bacteria;p__Bacillota;c__Bacilli;o__Lactobacillales;f__Lactobacillaceae;g__Ligilactobacillus,temperate
v0bd2	Viruses;Duplodnaviria;Heunggongvirae;Uroviricota;Caudoviricetes;;,d__Bacteria;p__Bacillota;c__Negativicutes;o__Veillonellales;f__Megasphaeraceae;g__Megasphaera_C,temperate
v0bd3	Viruses;Duplodnaviria;Heunggongvirae;Uroviricota;Caudoviricetes;;,d__Bacteria;p__Bacillota;c__Bacilli;o__Lactobacillales;f__Lactobacillaceae;g__Lactobacillus,temperate
v0bd4	Viruses;Duplodnaviria;Heunggongvirae;Uroviricota;Caudoviricetes;;,d__Bacteria;p__Actinomycetota;c__Coriobacteriia;o__Coriobacteriales;f__Atopobiaceae;g__Fannyhessea,temperate
v0bd5	Viruses;Duplodnaviria;Heunggongvirae;Uroviricota;Caudoviricetes;;,d__Bacteria;p__Bacillota;c__Bacilli;o__Lactobacillales;f__Lactobacillaceae;g__Lactobacillus,temperate
v0bd6	Viruses;Duplodnaviria;Heunggongvirae;Uroviricota;Caudoviricetes;;,d__Bacteria;p__Actinomycetota;c__Coriobacteriia;o__Coriobacteriales;f__Eggerthellaceae;g__Berryella,temperate
v0bd7	Viruses;Duplodnaviria;Heunggongvirae;Uroviricota;Caudoviricetes;;,d__Bacteria;p__Actinomycetota;c__Coriobacteriia;o__Coriobacteriales;f__Eggerthellaceae;g__Berryella,virulent
v0bd8	NA,d__Bacteria;p__Actinomycetota;c__Actinomycetes;o__Actinomycetales;f__Bifidobacteriaceae;g__Bifidobacterium,temperate
v0bd9	Viruses;Duplodnaviria;Heunggongvirae;Uroviricota;Caudoviricetes;;,d__Bacteria;p__Bacillota;c__Clostridia;o__Tissierellales;f__Peptoniphilaceae;g__Peptoniphilus_A,temperate
v0bda	Viruses;Duplodnaviria;Heunggongvirae;Uroviricota;Caudoviricetes;;,d__Bacteria;p__Bacteroidota;c__Bacteroidia;o__Bacteroidales;f__Bacteroidaceae;g__Prevotella,temperate
v0bdb	Viruses;Duplodnaviria;Heunggongvirae;Uroviricota;Caudoviricetes;;,d__Bacteria;p__Bacillota;c__Clostridia;o__Tissierellales;f__Peptoniphilaceae;g__Peptoniphilus_A,temperate
v0bdc	Viruses;Duplodnaviria;Heunggongvirae;Uroviricota;Caudoviricetes;;,d__Bacteria;p__Bacteroidota;c__Bacteroidia;o__Bacteroidales;f__Porphyromonadaceae;g__Porphyromonas,virulent
v0bdd	NA,d__Bacteria;p__Bacillota;c__Bacilli;o__Lactobacillales;f__Lactobacillaceae;g__Lactobacillus,temperate
v0bde	Viruses;Monodnaviria;Sangervirae;Phixviricota;Malgrandaviricetes;Petitvirales;Microviridae,d__Bacteria;p__Bacteroidota;c__Bacteroidia;o__Bacteroidales;f__Bacteroidaceae;g__Prevotella,virulent
v0bdf	Viruses;Duplodnaviria;Heunggongvirae;Uroviricota;Caudoviricetes;;,d__Bacteria;p__Bacillota;c__Negativicutes;o__Veillonellales;f__Megasphaeraceae;g__Megasphaera,virulent
v0be0	Viruses;Duplodnaviria;Heunggongvirae;Uroviricota;Caudoviricetes;;,d__Bacteria;p__Bacillota;c__Negativicutes;o__Veillonellales;f__Megasphaeraceae;g__Megasphaera_C,temperate
v0be1	Viruses;Duplodnaviria;Heunggongvirae;Uroviricota;Caudoviricetes;;,NA,temperate
v0be2	Viruses;Duplodnaviria;Heunggongvirae;Uroviricota;Caudoviricetes;;,d__Bacteria;p__Fusobacteriota;c__Fusobacteriia;o__Fusobacteriales;f__Leptotrichiaceae;g__Sneathia,virulent
v0be3	Viruses;Duplodnaviria;Heunggongvirae;Uroviricota;Caudoviricetes;;,d__Bacteria;p__Actinomycetota;c__Actinomycetes;o__Actinomycetales;f__Bifidobacteriaceae;g__Bifidobacterium,virulent
v0be4	Viruses;Duplodnaviria;Heunggongvirae;Uroviricota;Caudoviricetes;;,d__Bacteria;p__Bacteroidota;c__Bacteroidia;o__Bacteroidales;f__Bacteroidaceae;g__Prevotella,virulent
v0be5	Viruses;Duplodnaviria;Heunggongvirae;Uroviricota;Caudoviricetes;;,d__Bacteria;p__Bacillota;c__Clostridia;o__Tissierellales;f__Peptoniphilaceae;g__Aedoeadaptatus,temperate
v0be6	Viruses;Duplodnaviria;Heunggongvirae;Uroviricota;Caudoviricetes;;,d__Bacteria;p__Bacillota;c__Clostridia;o__Tissierellales;f__Peptoniphilaceae;g__Peptoniphilus_A,temperate
v0be7	Viruses;Duplodnaviria;Heunggongvirae;Uroviricota;Caudoviricetes;;,d__Bacteria;p__Bacteroidota;c__Bacteroidia;o__Bacteroidales;f__Muribaculaceae;g__Sodaliphilus,virulent
v0be8	Viruses;Duplodnaviria;Heunggongvirae;Uroviricota;Caudoviricetes;;Herelleviridae,d__Bacteria;p__Bacillota;c__Bacilli;o__Lactobacillales;f__Streptococcaceae;g__Streptococcus,virulent
v0be9	Viruses;Duplodnaviria;Heunggongvirae;Uroviricota;Caudoviricetes;;,d__Bacteria;p__Bacillota;c__Clostridia;o__Tissierellales;f__Peptoniphilaceae;g__Peptoniphilus_A,temperate
v0bea	Viruses;Duplodnaviria;Heunggongvirae;Uroviricota;Caudoviricetes;;,NA,virulent
v0beb	Viruses;Duplodnaviria;Heunggongvirae;Uroviricota;Caudoviricetes;;,d__Bacteria;p__Actinomycetota;c__Actinomycetes;o__Actinomycetales;f__Bifidobacteriaceae;g__Bifidobacterium,temperate
v0bec	Viruses;Duplodnaviria;Heunggongvirae;Uroviricota;Caudoviricetes;;,d__Bacteria;p__Bacillota;c__Bacilli;o__Lactobacillales;f__Streptococcaceae;g__Streptococcus,temperate
v0bed	Viruses;Duplodnaviria;Heunggongvirae;Uroviricota;Caudoviricetes;;,d__Bacteria;p__Actinomycetota;c__Actinomycetes;o__Actinomycetales;f__Bifidobacteriaceae;g__Bifidobacterium,virulent
v0bee	Viruses;Duplodnaviria;Heunggongvirae;Uroviricota;Caudoviricetes;;,d__Bacteria;p__Actinomycetota;c__Actinomycetes;o__Actinomycetales;f__Bifidobacteriaceae;g__Bifidobacterium,virulent
v0bef	Viruses;Duplodnaviria;Heunggongvirae;Uroviricota;Caudoviricetes;;,d__Bacteria;p__Fusobacteriota;c__Fusobacteriia;o__Fusobacteriales;f__Leptotrichiaceae;g__Sneathia,temperate
v0bf0	Viruses;Duplodnaviria;Heunggongvirae;Uroviricota;Caudoviricetes;;,d__Bacteria;p__Bacillota;c__Clostridia;o__TANB77;f__CAG-508;g__CAMPYH01,temperate
v0bf1	Viruses;Duplodnaviria;Heunggongvirae;Uroviricota;Caudoviricetes;;,d__Bacteria;p__Bacteroidota;c__Bacteroidia;o__Bacteroidales;f__Bacteroidaceae;g__Prevotella,virulent
v0bf2	Viruses;Duplodnaviria;Heunggongvirae;Uroviricota;Caudoviricetes;;,d__Bacteria;p__Bacillota;c__Clostridia;o__Tissierellales;f__Peptoniphilaceae;g__Parvimonas,temperate
v0bf3	Viruses;Duplodnaviria;Heunggongvirae;Uroviricota;Caudoviricetes;;,d__Bacteria;p__Bacteroidota;c__Bacteroidia;o__Bacteroidales;f__Bacteroidaceae;g__Prevotella,temperate
v0bf4	NA,d__Bacteria;p__Actinomycetota;c__Actinomycetes;o__Actinomycetales;f__Actinomycetaceae;g__Mobiluncus,temperate
v0bf5	Viruses;Duplodnaviria;Heunggongvirae;Uroviricota;Caudoviricetes;;,d__Bacteria;p__Bacillota;c__Negativicutes;o__Veillonellales;f__Dialisteraceae;g__Dialister,temperate
v0bf6	Viruses;Duplodnaviria;Heunggongvirae;Uroviricota;Caudoviricetes;;,d__Bacteria;p__Actinomycetota;c__Actinomycetes;o__Actinomycetales;f__Bifidobacteriaceae;g__Alloscardovia,temperate
v0bf7	NA,d__Bacteria;p__Bacillota;c__Bacilli;o__Lactobacillales;f__Lactobacillaceae;g__Lactobacillus,temperate
v0bf8	Viruses;Duplodnaviria;Heunggongvirae;Uroviricota;Caudoviricetes;;,d__Bacteria;p__Bacillota;c__Bacilli;o__Lactobacillales;f__Streptococcaceae;g__Streptococcus,temperate
v0bf9	Viruses;Duplodnaviria;Heunggongvirae;Uroviricota;Caudoviricetes;;,d__Bacteria;p__Actinomycetota;c__Coriobacteriia;o__Coriobacteriales;f__Atopobiaceae;g__Fannyhessea,temperate
v0bfa	Viruses;Duplodnaviria;Heunggongvirae;Uroviricota;Caudoviricetes;;,d__Bacteria;p__Actinomycetota;c__Coriobacteriia;o__Coriobacteriales;f__Atopobiaceae;g__Fannyhessea,temperate
v0bfb	Viruses;Duplodnaviria;Heunggongvirae;Uroviricota;Caudoviricetes;;,d__Bacteria;p__Bacillota;c__Negativicutes;o__Veillonellales;f__Dialisteraceae;g__Dialister,temperate
v0bfc	Viruses;Duplodnaviria;Heunggongvirae;Uroviricota;Caudoviricetes;;,d__Bacteria;p__Actinomycetota;c__Coriobacteriia;o__Coriobacteriales;f__Eggerthellaceae;g__Berryella,temperate
v0bfd	Viruses;Duplodnaviria;Heunggongvirae;Uroviricota;Caudoviricetes;;,d__Bacteria;p__Bacillota;c__Bacilli;o__Lactobacillales;f__Lactobacillaceae;g__Lactobacillus,temperate
v0bfe	Viruses;Duplodnaviria;Heunggongvirae;Uroviricota;Caudoviricetes;;,d__Bacteria;p__Actinomycetota;c__Actinomycetes;o__Actinomycetales;f__Bifidobacteriaceae;g__Bifidobacterium,virulent
v0bff	Viruses;Duplodnaviria;Heunggongvirae;Uroviricota;Caudoviricetes;;,d__Bacteria;p__Bacillota;c__Bacilli;o__Lactobacillales;f__Streptococcaceae;g__Streptococcus,temperate
v0c00	Viruses;Duplodnaviria;Heunggongvirae;Uroviricota;Caudoviricetes;;,d__Bacteria;p__Bacillota;c__Bacilli;o__Lactobacillales;f__Streptococcaceae;g__Streptococcus,temperate
v0c01	Viruses;Duplodnaviria;Heunggongvirae;Uroviricota;Caudoviricetes;;Autographiviridae,d__Bacteria;p__Bacillota;c__Negativicutes;o__Veillonellales;f__Dialisteraceae;g__Dialister,temperate
v0c02	Viruses;Duplodnaviria;Heunggongvirae;Uroviricota;Caudoviricetes;;,d__Bacteria;p__Bacillota;c__Clostridia;o__Lachnospirales;f__Lachnospiraceae;g__Pilosibacter,virulent
v0c03	Viruses;Duplodnaviria;Heunggongvirae;Uroviricota;Caudoviricetes;;,d__Bacteria;p__Bacillota;c__Bacilli;o__Lactobacillales;f__Streptococcaceae;g__Streptococcus,temperate
v0c04	Viruses;Duplodnaviria;Heunggongvirae;Uroviricota;Caudoviricetes;;,d__Bacteria;p__Bacteroidota;c__Bacteroidia;o__Bacteroidales;f__Bacteroidaceae;g__Prevotella,temperate
v0c05	Viruses;Duplodnaviria;Heunggongvirae;Uroviricota;Caudoviricetes;;,d__Bacteria;p__Actinomycetota;c__Coriobacteriia;o__Coriobacteriales;f__Atopobiaceae;g__Fannyhessea,temperate
v0c06	Viruses;Duplodnaviria;Heunggongvirae;Uroviricota;Caudoviricetes;;,d__Bacteria;p__Bacteroidota;c__Bacteroidia;o__Bacteroidales;f__Bacteroidaceae;g__Prevotella,virulent
v0c07	Viruses;Duplodnaviria;Heunggongvirae;Uroviricota;Caudoviricetes;;,d__Bacteria;p__Bacillota;c__Bacilli;o__Lactobacillales;f__Lactobacillaceae;g__Lactobacillus,temperate
v0c08	Viruses;Duplodnaviria;Heunggongvirae;Uroviricota;Caudoviricetes;;,d__Bacteria;p__Bacteroidota;c__Bacteroidia;o__Bacteroidales;f__Bacteroidaceae;g__Prevotella,virulent
v0c09	Viruses;Duplodnaviria;Heunggongvirae;Uroviricota;Caudoviricetes;;,d__Bacteria;p__Bacteroidota;c__Bacteroidia;o__Bacteroidales;f__Porphyromonadaceae;g__Porphyromonas,virulent
v0c0a	Viruses;Duplodnaviria;Heunggongvirae;Uroviricota;Caudoviricetes;;,d__Bacteria;p__Actinomycetota;c__Actinomycetes;o__Actinomycetales;f__Bifidobacteriaceae;g__Bifidobacterium,temperate
v0c0b	Viruses;Duplodnaviria;Heunggongvirae;Uroviricota;Caudoviricetes;;,d__Bacteria;p__Actinomycetota;c__Actinomycetes;o__Actinomycetales;f__Bifidobacteriaceae;g__Bifidobacterium,temperate
v0c0c	Viruses;Monodnaviria;Sangervirae;Phixviricota;Malgrandaviricetes;Petitvirales;Microviridae,d__Bacteria;p__Bacteroidota;c__Bacteroidia;o__Bacteroidales;f__Bacteroidaceae;g__Prevotella,virulent
v0c0d	NA,d__Bacteria;p__Bacillota;c__Negativicutes;o__Veillonellales;f__Megasphaeraceae;g__Megasphaera_C,virulent
v0c0e	Viruses;Duplodnaviria;Heunggongvirae;Uroviricota;Caudoviricetes;;,d__Bacteria;p__Bacteroidota;c__Bacteroidia;o__Bacteroidales;f__Bacteroidaceae;g__Prevotella,virulent
v0c0f	Viruses;Duplodnaviria;Heunggongvirae;Uroviricota;Caudoviricetes;;,d__Bacteria;p__Actinomycetota;c__Coriobacteriia;o__Coriobacteriales;f__Atopobiaceae;g__Fannyhessea,temperate
v0c10	Viruses;Duplodnaviria;Heunggongvirae;Uroviricota;Caudoviricetes;;,d__Bacteria;p__Bacillota;c__Clostridia;o__Tissierellales;f__Peptoniphilaceae;g__Peptoniphilus_A,temperate
v0c11	Viruses;Duplodnaviria;Heunggongvirae;Uroviricota;Caudoviricetes;;,NA,virulent
v0c12	Viruses;Duplodnaviria;Heunggongvirae;Uroviricota;Caudoviricetes;;,d__Bacteria;p__Bacillota;c__Clostridia;o__Tissierellales;f__Peptoniphilaceae;g__Parvimonas,temperate
v0c13	Viruses;Duplodnaviria;Heunggongvirae;Uroviricota;Caudoviricetes;;,NA,virulent
v0c14	Viruses;Duplodnaviria;Heunggongvirae;Uroviricota;Caudoviricetes;;,d__Bacteria;p__Bacteroidota;c__Bacteroidia;o__Bacteroidales;f__Bacteroidaceae;g__Prevotella,temperate
v0c15	Viruses;Duplodnaviria;Heunggongvirae;Uroviricota;Caudoviricetes;;,d__Bacteria;p__Bacillota;c__Negativicutes;o__Veillonellales;f__Dialisteraceae;g__Dialister,temperate
v0c16	Viruses;Duplodnaviria;Heunggongvirae;Uroviricota;Caudoviricetes;;,d__Bacteria;p__Bacillota;c__Bacilli;o__Staphylococcales;f__Gemellaceae;g__Gemelliphila,temperate
v0c17	Viruses;Duplodnaviria;Heunggongvirae;Uroviricota;Caudoviricetes;;,d__Bacteria;p__Bacteroidota;c__Bacteroidia;o__Bacteroidales;f__Bacteroidaceae;g__Prevotella,virulent
v0c18	Viruses;Duplodnaviria;Heunggongvirae;Uroviricota;Caudoviricetes;;,NA,virulent
v0c19	Viruses;Duplodnaviria;Heunggongvirae;Uroviricota;Caudoviricetes;;,d__Bacteria;p__Bacillota;c__Bacilli;o__Lactobacillales;f__Lactobacillaceae;g__Limosilactobacillus,temperate
v0c1a	Viruses;Duplodnaviria;Heunggongvirae;Uroviricota;Caudoviricetes;;,d__Bacteria;p__Bacillota;c__Bacilli;o__Lactobacillales;f__Lactobacillaceae;g__Lactobacillus,temperate
v0c1b	Viruses;Duplodnaviria;Heunggongvirae;Uroviricota;Caudoviricetes;;,d__Bacteria;p__Bacteroidota;c__Bacteroidia;o__Bacteroidales;f__Bacteroidaceae;g__Prevotella,virulent
v0c1c	NA,d__Bacteria;p__Bacteroidota;c__Bacteroidia;o__Bacteroidales;f__Bacteroidaceae;g__Prevotella,virulent
v0c1d	Viruses;Duplodnaviria;Heunggongvirae;Uroviricota;Caudoviricetes;;,d__Bacteria;p__Bacillota;c__Negativicutes;o__Veillonellales;f__Megasphaeraceae;g__Megasphaera,virulent
v0c1e	Viruses;Duplodnaviria;Heunggongvirae;Uroviricota;Caudoviricetes;;,d__Bacteria;p__Bacillota;c__Negativicutes;o__Veillonellales;f__Megasphaeraceae;g__Megasphaera,virulent
v0c1f	Viruses;Duplodnaviria;Heunggongvirae;Uroviricota;Caudoviricetes;;,d__Bacteria;p__Actinomycetota;c__Actinomycetes;o__Actinomycetales;f__Bifidobacteriaceae;g__Bifidobacterium,temperate
v0c20	Viruses;Duplodnaviria;Heunggongvirae;Uroviricota;Caudoviricetes;;,d__Bacteria;p__Actinomycetota;c__Actinomycetes;o__Actinomycetales;f__Bifidobacteriaceae;g__Bifidobacterium,temperate
v0c21	Viruses;Duplodnaviria;Heunggongvirae;Uroviricota;Caudoviricetes;;,d__Bacteria;p__Bacillota;c__Bacilli;o__Lactobacillales;f__Lactobacillaceae;g__Limosilactobacillus,temperate
v0c22	Viruses;Duplodnaviria;Heunggongvirae;Uroviricota;Caudoviricetes;;,d__Bacteria;p__Bacteroidota;c__Bacteroidia;o__Bacteroidales;f__Bacteroidaceae;g__Prevotella,virulent
v0c23	Viruses;Duplodnaviria;Heunggongvirae;Uroviricota;Caudoviricetes;;,d__Bacteria;p__Actinomycetota;c__Coriobacteriia;o__Coriobacteriales;f__Atopobiaceae;g__Fannyhessea,temperate
v0c24	NA,d__Bacteria;p__Actinomycetota;c__Actinomycetes;o__Actinomycetales;f__Bifidobacteriaceae;g__Bifidobacterium,temperate
v0c25	Viruses;Duplodnaviria;Heunggongvirae;Uroviricota;Caudoviricetes;;,d__Bacteria;p__Actinomycetota;c__Actinomycetes;o__Actinomycetales;f__Bifidobacteriaceae;g__Bifidobacterium,temperate
v0c26	Viruses;Duplodnaviria;Heunggongvirae;Uroviricota;Caudoviricetes;;,d__Bacteria;p__Bacillota;c__Bacilli;o__Lactobacillales;f__Lactobacillaceae;g__Lactobacillus,temperate
v0c27	Viruses;Duplodnaviria;Heunggongvirae;Uroviricota;Caudoviricetes;;,d__Bacteria;p__Actinomycetota;c__Coriobacteriia;o__Coriobacteriales;f__Eggerthellaceae;g__Berryella,temperate
v0c28	Viruses;Duplodnaviria;Heunggongvirae;Uroviricota;Caudoviricetes;;,d__Bacteria;p__Fusobacteriota;c__Fusobacteriia;o__Fusobacteriales;f__Leptotrichiaceae;g__Sneathia,temperate
v0c29	Viruses;Duplodnaviria;Heunggongvirae;Uroviricota;Caudoviricetes;;,d__Bacteria;p__Bacillota;c__Bacilli;o__Lactobacillales;f__Streptococcaceae;g__Streptococcus,temperate
v0c2a	Viruses;Duplodnaviria;Heunggongvirae;Uroviricota;Caudoviricetes;;,d__Bacteria;p__Bacillota;c__Bacilli;o__Lactobacillales;f__Streptococcaceae;g__Streptococcus,temperate
v0c2b	Viruses;Duplodnaviria;Heunggongvirae;Uroviricota;Caudoviricetes;;,d__Bacteria;p__Bacillota;c__Bacilli;o__Lactobacillales;f__Streptococcaceae;g__Streptococcus,temperate
v0c2c	Viruses;Duplodnaviria;Heunggongvirae;Uroviricota;Caudoviricetes;;,d__Bacteria;p__Actinomycetota;c__Actinomycetes;o__Actinomycetales;f__Bifidobacteriaceae;g__Bifidobacterium,temperate
v0c2d	Viruses;Duplodnaviria;Heunggongvirae;Uroviricota;Caudoviricetes;;,d__Bacteria;p__Actinomycetota;c__Coriobacteriia;o__Coriobacteriales;f__Atopobiaceae;g__Fannyhessea,temperate
v0c2e	Viruses;Duplodnaviria;Heunggongvirae;Uroviricota;Caudoviricetes;;,d__Bacteria;p__Actinomycetota;c__Actinomycetes;o__Actinomycetales;f__Bifidobacteriaceae;g__Bifidobacterium,temperate
v0c2f	Viruses;Duplodnaviria;Heunggongvirae;Uroviricota;Caudoviricetes;;,d__Bacteria;p__Actinomycetota;c__Coriobacteriia;o__Coriobacteriales;f__Atopobiaceae;g__Fannyhessea,temperate
v0c30	Viruses;Duplodnaviria;Heunggongvirae;Uroviricota;Caudoviricetes;;,d__Bacteria;p__Bacteroidota;c__Bacteroidia;o__Bacteroidales;f__Bacteroidaceae;g__Prevotella,temperate
v0c31	Viruses;Duplodnaviria;Heunggongvirae;Uroviricota;Caudoviricetes;;,d__Bacteria;p__Bacillota;c__Clostridia;o__Tissierellales;f__Peptoniphilaceae;g__Peptoniphilus_A,temperate
v0c32	Viruses;Duplodnaviria;Heunggongvirae;Uroviricota;Caudoviricetes;;,d__Bacteria;p__Bacillota;c__Clostridia;o__Tissierellales;f__Peptoniphilaceae;g__Aedoeadaptatus,temperate
v0c33	Viruses;Duplodnaviria;Heunggongvirae;Uroviricota;Caudoviricetes;;,d__Bacteria;p__Bacillota;c__Clostridia;o__Tissierellales;f__Peptoniphilaceae;g__Peptoniphilus_A,temperate
v0c34	Viruses;Duplodnaviria;Heunggongvirae;Uroviricota;Caudoviricetes;;Autographiviridae,d__Bacteria;p__Bacillota;c__Negativicutes;o__Veillonellales;f__Veillonellaceae;g__Veillonella,virulent
v0c35	Viruses;Duplodnaviria;Heunggongvirae;Uroviricota;Caudoviricetes;;,d__Bacteria;p__Bacillota;c__Clostridia;o__Tissierellales;f__Peptoniphilaceae;g__Peptoniphilus_B,temperate
v0c36	NA,NA,temperate
v0c37	Viruses;Duplodnaviria;Heunggongvirae;Uroviricota;Caudoviricetes;;,d__Bacteria;p__Bacillota;c__Clostridia;o__Tissierellales;f__Peptoniphilaceae;g__Finegoldia,temperate
v0c38	Viruses;Duplodnaviria;Heunggongvirae;Uroviricota;Caudoviricetes;;,d__Bacteria;p__Bacteroidota;c__Bacteroidia;o__Bacteroidales;f__Bacteroidaceae;g__Prevotella,virulent
v0c39	Viruses;Duplodnaviria;Heunggongvirae;Uroviricota;Caudoviricetes;;,d__Bacteria;p__Actinomycetota;c__Actinomycetes;o__Actinomycetales;f__Bifidobacteriaceae;g__Bifidobacterium,temperate
v0c3a	Viruses;Monodnaviria;Sangervirae;Phixviricota;Malgrandaviricetes;Petitvirales;Microviridae,d__Bacteria;p__Bacteroidota;c__Bacteroidia;o__Bacteroidales;f__Bacteroidaceae;g__Prevotella,virulent
v0c3b	Viruses;Duplodnaviria;Heunggongvirae;Uroviricota;Caudoviricetes;;,d__Bacteria;p__Actinomycetota;c__Actinomycetes;o__Actinomycetales;f__Bifidobacteriaceae;g__Bifidobacterium,temperate
v0c3c	Viruses;Duplodnaviria;Heunggongvirae;Uroviricota;Caudoviricetes;;,d__Bacteria;p__Fusobacteriota;c__Fusobacteriia;o__Fusobacteriales;f__Leptotrichiaceae;g__Sneathia,temperate
v0c3d	Viruses;Duplodnaviria;Heunggongvirae;Uroviricota;Caudoviricetes;;,d__Bacteria;p__Actinomycetota;c__Actinomycetes;o__Actinomycetales;f__Bifidobacteriaceae;g__Bifidobacterium,temperate
v0c3e	Viruses;Duplodnaviria;Heunggongvirae;Uroviricota;Caudoviricetes;;,d__Bacteria;p__Actinomycetota;c__Coriobacteriia;o__Coriobacteriales;f__Eggerthellaceae;g__Berryella,temperate
v0c3f	Viruses;Duplodnaviria;Heunggongvirae;Uroviricota;Caudoviricetes;;,d__Bacteria;p__Bacteroidota;c__Bacteroidia;o__Bacteroidales;f__Porphyromonadaceae;g__Porphyromonas,temperate
v0c40	NA,d__Bacteria;p__Bacillota;c__Clostridia;o__Saccharofermentanales;f__Fastidiosipilaceae;g__Mageeibacillus,temperate
v0c41	Viruses;Duplodnaviria;Heunggongvirae;Uroviricota;Caudoviricetes;;,d__Bacteria;p__Bacillota;c__Negativicutes;o__Veillonellales;f__Dialisteraceae;g__Dialister,temperate
v0c42	Viruses;Duplodnaviria;Heunggongvirae;Uroviricota;Caudoviricetes;;,d__Bacteria;p__Bacillota;c__Negativicutes;o__Veillonellales;f__Dialisteraceae;g__Dialister,virulent
v0c43	NA,d__Bacteria;p__Actinomycetota;c__Coriobacteriia;o__Coriobacteriales;f__Eggerthellaceae;g__Berryella,temperate
v0c44	Viruses;Duplodnaviria;Heunggongvirae;Uroviricota;Caudoviricetes;;,d__Bacteria;p__Actinomycetota;c__Coriobacteriia;o__Coriobacteriales;f__Atopobiaceae;g__Fannyhessea,temperate
v0c45	Viruses;Duplodnaviria;Heunggongvirae;Uroviricota;Caudoviricetes;;,NA,temperate
v0c46	Viruses;Duplodnaviria;Heunggongvirae;Uroviricota;Caudoviricetes;;,d__Bacteria;p__Bacillota;c__Clostridia;o__Lachnospirales;f__Lachnospiraceae;g__Agathobacter,virulent
v0c47	Viruses;Duplodnaviria;Heunggongvirae;Uroviricota;Caudoviricetes;;,d__Bacteria;p__Actinomycetota;c__Coriobacteriia;o__Coriobacteriales;f__Atopobiaceae;g__Fannyhessea,temperate
v0c48	Viruses;Duplodnaviria;Heunggongvirae;Uroviricota;Caudoviricetes;;,d__Bacteria;p__Bacteroidota;c__Bacteroidia;o__Bacteroidales;f__Bacteroidaceae;g__Prevotella,temperate
v0c49	Viruses;Duplodnaviria;Heunggongvirae;Uroviricota;Caudoviricetes;;,d__Bacteria;p__Bacillota;c__Bacilli;o__Lactobacillales;f__Streptococcaceae;g__Streptococcus,temperate
v0c4a	Viruses;Duplodnaviria;Heunggongvirae;Uroviricota;Caudoviricetes;;,d__Bacteria;p__Actinomycetota;c__Actinomycetes;o__Actinomycetales;f__Bifidobacteriaceae;g__Bifidobacterium,temperate
v0c4b	Viruses;Duplodnaviria;Heunggongvirae;Uroviricota;Caudoviricetes;;,d__Bacteria;p__Actinomycetota;c__Coriobacteriia;o__Coriobacteriales;f__Atopobiaceae;g__Fannyhessea,temperate
v0c4c	Viruses;Duplodnaviria;Heunggongvirae;Uroviricota;Caudoviricetes;;,d__Bacteria;p__Bacillota;c__Bacilli;o__Lactobacillales;f__Lactobacillaceae;g__Lactobacillus,temperate
v0c4d	Viruses;Duplodnaviria;Heunggongvirae;Uroviricota;Caudoviricetes;;,d__Bacteria;p__Bacillota;c__Clostridia;o__Tissierellales;f__Peptoniphilaceae;g__Anaerococcus,temperate
v0c4e	Viruses;Duplodnaviria;Heunggongvirae;Uroviricota;Caudoviricetes;;,d__Bacteria;p__Pseudomonadota;c__Gammaproteobacteria;o__Enterobacterales;f__Pasteurellaceae;g__Haemophilus_D,temperate
v0c4f	Viruses;Duplodnaviria;Heunggongvirae;Uroviricota;Caudoviricetes;;,d__Bacteria;p__Pseudomonadota;c__Gammaproteobacteria;o__Enterobacterales;f__Pasteurellaceae;g__Haemophilus_D,temperate
v0c50	Viruses;Duplodnaviria;Heunggongvirae;Uroviricota;Caudoviricetes;;,d__Bacteria;p__Actinomycetota;c__Actinomycetes;o__Actinomycetales;f__Bifidobacteriaceae;g__Bifidobacterium,virulent
v0c51	Viruses;Duplodnaviria;Heunggongvirae;Uroviricota;Caudoviricetes;;,d__Bacteria;p__Bacteroidota;c__Bacteroidia;o__Bacteroidales;f__Bacteroidaceae;g__Prevotella,temperate
v0c52	Viruses;Duplodnaviria;Heunggongvirae;Uroviricota;Caudoviricetes;;,d__Bacteria;p__Actinomycetota;c__Actinomycetes;o__Actinomycetales;f__Bifidobacteriaceae;g__Bifidobacterium,temperate
v0c53	Viruses;Duplodnaviria;Heunggongvirae;Uroviricota;Caudoviricetes;;,d__Bacteria;p__Actinomycetota;c__Coriobacteriia;o__Coriobacteriales;f__Atopobiaceae;g__Fannyhessea,temperate
v0c54	NA,d__Bacteria;p__Actinomycetota;c__Coriobacteriia;o__Coriobacteriales;f__Eggerthellaceae;g__Berryella,temperate
v0c55	Viruses;Duplodnaviria;Heunggongvirae;Uroviricota;Caudoviricetes;;,d__Bacteria;p__Bacillota;c__Clostridia;o__Tissierellales;f__Peptoniphilaceae;g__Peptoniphilus_A,temperate
v0c56	Viruses;Duplodnaviria;Heunggongvirae;Uroviricota;Caudoviricetes;;,d__Bacteria;p__Bacillota;c__Clostridia;o__Tissierellales;f__Peptoniphilaceae;g__Parvimonas,temperate
v0c57	Viruses;Duplodnaviria;Heunggongvirae;Uroviricota;Caudoviricetes;;,d__Bacteria;p__Bacillota;c__Negativicutes;o__Veillonellales;f__Veillonellaceae;g__Veillonella,temperate
v0c58	Viruses;Duplodnaviria;Heunggongvirae;Uroviricota;Caudoviricetes;;,d__Bacteria;p__Bacillota;c__Bacilli;o__Lactobacillales;f__Streptococcaceae;g__Streptococcus,temperate
v0c59	Viruses;Duplodnaviria;Heunggongvirae;Uroviricota;Caudoviricetes;;,d__Bacteria;p__Bacillota;c__Clostridia;o__Tissierellales;f__Peptoniphilaceae;g__Anaerococcus,temperate
v0c5a	Viruses;Duplodnaviria;Heunggongvirae;Uroviricota;Caudoviricetes;;,d__Bacteria;p__Bacillota;c__Bacilli;o__Lactobacillales;f__Streptococcaceae;g__Streptococcus,temperate
v0c5b	NA,d__Bacteria;p__Pseudomonadota;c__Gammaproteobacteria;o__Enterobacterales;f__Enterobacteriaceae;g__Escherichia,temperate
v0c5c	Viruses;Duplodnaviria;Heunggongvirae;Uroviricota;Caudoviricetes;;,d__Bacteria;p__Bacteroidota;c__Bacteroidia;o__Bacteroidales;f__Bacteroidaceae;g__Bacteroides,virulent
v0c5d	Viruses;Duplodnaviria;Heunggongvirae;Uroviricota;Caudoviricetes;;,d__Bacteria;p__Bacillota;c__Clostridia;o__Saccharofermentanales;f__Fastidiosipilaceae;g__Amygdalobacter,virulent
v0c5e	Viruses;Duplodnaviria;Heunggongvirae;Uroviricota;Caudoviricetes;;,d__Bacteria;p__Fusobacteriota;c__Fusobacteriia;o__Fusobacteriales;f__Leptotrichiaceae;g__Sneathia,temperate
v0c5f	Viruses;Monodnaviria;Sangervirae;Phixviricota;Malgrandaviricetes;Petitvirales;Microviridae,d__Bacteria;p__Bacteroidota;c__Bacteroidia;o__Bacteroidales;f__Bacteroidaceae;g__Prevotella,virulent
v0c60	Viruses;Duplodnaviria;Heunggongvirae;Uroviricota;Caudoviricetes;;,d__Bacteria;p__Bacteroidota;c__Bacteroidia;o__Bacteroidales;f__Bacteroidaceae;g__Prevotella,virulent
v0c61	Viruses;Duplodnaviria;Heunggongvirae;Uroviricota;Caudoviricetes;;,d__Bacteria;p__Bacillota;c__Negativicutes;o__Veillonellales;f__Megasphaeraceae;g__Megasphaera_C,temperate
v0c62	Viruses;Duplodnaviria;Heunggongvirae;Uroviricota;Caudoviricetes;;,d__Bacteria;p__Actinomycetota;c__Coriobacteriia;o__Coriobacteriales;f__Atopobiaceae;g__Fannyhessea,temperate
v0c63	Viruses;Duplodnaviria;Heunggongvirae;Uroviricota;Caudoviricetes;;,d__Bacteria;p__Bacillota;c__Clostridia;o__Tissierellales;f__Peptoniphilaceae;g__Anaerococcus,virulent
v0c64	Viruses;Duplodnaviria;Heunggongvirae;Uroviricota;Caudoviricetes;;,d__Bacteria;p__Bacteroidota;c__Bacteroidia;o__Bacteroidales;f__Porphyromonadaceae;g__Porphyromonas,temperate
v0c65	Viruses;Duplodnaviria;Heunggongvirae;Uroviricota;Caudoviricetes;;,d__Bacteria;p__Actinomycetota;c__Actinomycetes;o__Actinomycetales;f__Bifidobacteriaceae;g__Bifidobacterium,temperate
v0c66	Viruses;Duplodnaviria;Heunggongvirae;Uroviricota;Caudoviricetes;;,d__Bacteria;p__Actinomycetota;c__Actinomycetes;o__Actinomycetales;f__Actinomycetaceae;g__Mobiluncus,temperate
v0c67	NA,d__Bacteria;p__Actinomycetota;c__Coriobacteriia;o__Coriobacteriales;f__Atopobiaceae;g__Fannyhessea,temperate
v0c68	Viruses;Duplodnaviria;Heunggongvirae;Uroviricota;Caudoviricetes;;,d__Bacteria;p__Bacteroidota;c__Bacteroidia;o__Bacteroidales;f__Bacteroidaceae;g__Prevotella,virulent
v0c69	Viruses;Duplodnaviria;Heunggongvirae;Uroviricota;Caudoviricetes;;,d__Bacteria;p__Bacillota;c__Bacilli;o__Lactobacillales;f__Lactobacillaceae;g__Lactobacillus,temperate
v0c6a	Viruses;Duplodnaviria;Heunggongvirae;Uroviricota;Caudoviricetes;;,d__Bacteria;p__Bacillota;c__Bacilli;o__Lactobacillales;f__Lactobacillaceae;g__Lactobacillus,temperate
v0c6b	Viruses;Duplodnaviria;Heunggongvirae;Uroviricota;Caudoviricetes;;,d__Bacteria;p__Bacteroidota;c__Bacteroidia;o__Bacteroidales;f__Bacteroidaceae;g__Prevotella,temperate
v0c6c	Viruses;Duplodnaviria;Heunggongvirae;Uroviricota;Caudoviricetes;;,NA,temperate
v0c6d	Viruses;Duplodnaviria;Heunggongvirae;Uroviricota;Caudoviricetes;;,d__Bacteria;p__Bacillota;c__Clostridia;o__Peptostreptococcales;f__Filifactoraceae;g__Criibacterium,temperate
v0c6e	Viruses;Duplodnaviria;Heunggongvirae;Uroviricota;Caudoviricetes;;,d__Bacteria;p__Actinomycetota;c__Actinomycetes;o__Actinomycetales;f__Bifidobacteriaceae;g__Bifidobacterium,virulent
v0c70	Viruses;Duplodnaviria;Heunggongvirae;Uroviricota;Caudoviricetes;;,d__Bacteria;p__Bacillota;c__Negativicutes;o__Veillonellales;f__Megasphaeraceae;g__Megasphaera_C,temperate
v0c71	Viruses;Duplodnaviria;Heunggongvirae;Uroviricota;Caudoviricetes;;,d__Bacteria;p__Bacteroidota;c__Bacteroidia;o__Bacteroidales;f__Bacteroidaceae;g__Prevotella,virulent
v0c72	Viruses;Duplodnaviria;Heunggongvirae;Uroviricota;Caudoviricetes;;,d__Bacteria;p__Bacillota;c__Negativicutes;o__Veillonellales;f__Dialisteraceae;g__Dialister,temperate
v0c73	Viruses;Duplodnaviria;Heunggongvirae;Uroviricota;Caudoviricetes;;,d__Bacteria;p__Actinomycetota;c__Actinomycetes;o__Actinomycetales;f__Bifidobacteriaceae;g__Bifidobacterium,temperate
v0c74	Viruses;Duplodnaviria;Heunggongvirae;Uroviricota;Caudoviricetes;;,d__Bacteria;p__Bacillota;c__Negativicutes;o__Veillonellales;f__Megasphaeraceae;g__Megasphaera,temperate
v0c75	Viruses;Duplodnaviria;Heunggongvirae;Uroviricota;Caudoviricetes;;,d__Bacteria;p__Bacteroidota;c__Bacteroidia;o__Bacteroidales;f__Bacteroidaceae;g__Prevotella,temperate
v0c76	Viruses;Duplodnaviria;Heunggongvirae;Uroviricota;Caudoviricetes;;,d__Bacteria;p__Bacillota;c__Bacilli;o__Lactobacillales;f__Streptococcaceae;g__Streptococcus,temperate
v0c77	Viruses;Duplodnaviria;Heunggongvirae;Uroviricota;Caudoviricetes;;,d__Bacteria;p__Bacillota;c__Bacilli;o__Lactobacillales;f__Lactobacillaceae;g__Lactobacillus,temperate
v0c78	Viruses;Duplodnaviria;Heunggongvirae;Uroviricota;Caudoviricetes;;,d__Bacteria;p__Bacillota;c__Bacilli;o__Lactobacillales;f__Lactobacillaceae;g__Lactobacillus,temperate
v0c79	Viruses;Duplodnaviria;Heunggongvirae;Uroviricota;Caudoviricetes;;,NA,temperate
v0c7a	Viruses;Duplodnaviria;Heunggongvirae;Uroviricota;Caudoviricetes;;,NA,temperate
v0c7b	NA,d__Bacteria;p__Patescibacteriota;c__Saccharimonadia;o__Saccharimonadales;f__Nanoperiomorbaceae;g__Nanoperiomorbus,temperate
v0c7c	Viruses;Monodnaviria;Sangervirae;Phixviricota;Malgrandaviricetes;Petitvirales;Microviridae,d__Bacteria;p__Bacteroidota;c__Bacteroidia;o__Bacteroidales;f__Bacteroidaceae;g__Prevotella,virulent
v0c7d	Viruses;Duplodnaviria;Heunggongvirae;Uroviricota;Caudoviricetes;;,d__Bacteria;p__Bacillota;c__Clostridia;o__Tissierellales;f__Peptoniphilaceae;g__Parvimonas,temperate
v0c7e	Viruses;Duplodnaviria;Heunggongvirae;Uroviricota;Caudoviricetes;;,d__Bacteria;p__Bacillota;c__Bacilli;o__Lactobacillales;f__Streptococcaceae;g__Streptococcus,temperate
v0c7f	Viruses;Duplodnaviria;Heunggongvirae;Uroviricota;Caudoviricetes;;,d__Bacteria;p__Actinomycetota;c__Actinomycetes;o__Actinomycetales;f__Bifidobacteriaceae;g__Bifidobacterium,virulent
v0c80	Viruses;Duplodnaviria;Heunggongvirae;Uroviricota;Caudoviricetes;;,d__Bacteria;p__Actinomycetota;c__Actinomycetes;o__Actinomycetales;f__Bifidobacteriaceae;g__Bifidobacterium,temperate
v0c81	Viruses;Duplodnaviria;Heunggongvirae;Uroviricota;Caudoviricetes;;,d__Bacteria;p__Actinomycetota;c__Coriobacteriia;o__Coriobacteriales;f__Atopobiaceae;g__Fannyhessea,temperate
v0c82	NA,d__Bacteria;p__Patescibacteriota;c__Saccharimonadia;o__Saccharimonadales;f__Nanoperiomorbaceae;g__Nanoperiomorbus,temperate
v0c83	Viruses;Duplodnaviria;Heunggongvirae;Uroviricota;Caudoviricetes;;,d__Bacteria;p__Bacillota;c__Negativicutes;o__Veillonellales;f__Megasphaeraceae;g__Megasphaera_C,virulent
v0c84	Viruses;Duplodnaviria;Heunggongvirae;Uroviricota;Caudoviricetes;;,d__Bacteria;p__Bacteroidota;c__Bacteroidia;o__Bacteroidales;f__Bacteroidaceae;g__Prevotella,temperate
v0c85	Viruses;Duplodnaviria;Heunggongvirae;Uroviricota;Caudoviricetes;;,d__Bacteria;p__Bacillota;c__Negativicutes;o__Veillonellales;f__Dialisteraceae;g__Dialister,temperate
v0c86	Viruses;Duplodnaviria;Heunggongvirae;Uroviricota;Caudoviricetes;;,d__Bacteria;p__Bacillota;c__Bacilli;o__Lactobacillales;f__Lactobacillaceae;g__Lactobacillus,temperate
v0c87	Viruses;Duplodnaviria;Heunggongvirae;Uroviricota;Caudoviricetes;;,d__Bacteria;p__Bacillota;c__Bacilli;o__Lactobacillales;f__Lactobacillaceae;g__Lactobacillus,virulent
v0c88	Viruses;Duplodnaviria;Heunggongvirae;Uroviricota;Caudoviricetes;;,d__Bacteria;p__Bacillota;c__Negativicutes;o__Veillonellales;f__Dialisteraceae;g__Dialister,temperate
v0c8a	Viruses;Duplodnaviria;Heunggongvirae;Uroviricota;Caudoviricetes;;,NA,temperate
v0c8b	Viruses;Duplodnaviria;Heunggongvirae;Uroviricota;Caudoviricetes;;,d__Bacteria;p__Bacillota;c__Clostridia;o__Tissierellales;f__Peptoniphilaceae;g__Peptoniphilus_A,virulent
v0c8c	Viruses;Duplodnaviria;Heunggongvirae;Uroviricota;Caudoviricetes;;,d__Bacteria;p__Actinomycetota;c__Actinomycetes;o__Actinomycetales;f__Bifidobacteriaceae;g__Bifidobacterium,temperate
v0c8d	Viruses;Duplodnaviria;Heunggongvirae;Uroviricota;Caudoviricetes;;,d__Bacteria;p__Bacillota;c__Clostridia;o__Tissierellales;f__Peptoniphilaceae;g__Anaerococcus,temperate
v0c8e	Viruses;Duplodnaviria;Heunggongvirae;Uroviricota;Caudoviricetes;;,NA,temperate
v0c8f	Viruses;Duplodnaviria;Heunggongvirae;Uroviricota;Caudoviricetes;;,d__Bacteria;p__Bacillota;c__Negativicutes;o__Veillonellales;f__Dialisteraceae;g__Dialister,temperate
v0c90	Viruses;Duplodnaviria;Heunggongvirae;Uroviricota;Caudoviricetes;;,d__Bacteria;p__Bacteroidota;c__Bacteroidia;o__Bacteroidales;f__Bacteroidaceae;g__Prevotella,temperate
v0c91	Viruses;Duplodnaviria;Heunggongvirae;Uroviricota;Caudoviricetes;;,d__Bacteria;p__Bacteroidota;c__Bacteroidia;o__Bacteroidales;f__Bacteroidaceae;g__Prevotella,temperate
v0c92	Viruses;Duplodnaviria;Heunggongvirae;Uroviricota;Caudoviricetes;;,d__Bacteria;p__Bacillota;c__Clostridia;o__Tissierellales;f__Peptoniphilaceae;g__Aedoeadaptatus,temperate
v0c93	NA,d__Bacteria;p__Actinomycetota;c__Actinomycetes;o__Actinomycetales;f__Bifidobacteriaceae;g__Bifidobacterium,virulent
v0c94	Viruses;Duplodnaviria;Heunggongvirae;Uroviricota;Caudoviricetes;;,d__Bacteria;p__Actinomycetota;c__Actinomycetes;o__Actinomycetales;f__Bifidobacteriaceae;g__Bifidobacterium,temperate
v0c95	Viruses;Duplodnaviria;Heunggongvirae;Uroviricota;Caudoviricetes;;,d__Bacteria;p__Bacillota;c__Bacilli;o__Lactobacillales;f__Lactobacillaceae;g__Limosilactobacillus,temperate
v0c96	Viruses;Duplodnaviria;Heunggongvirae;Uroviricota;Caudoviricetes;;,NA,temperate
v0c97	Viruses;Duplodnaviria;Heunggongvirae;Uroviricota;Caudoviricetes;;,NA,temperate
v0c99	Viruses;Duplodnaviria;Heunggongvirae;Uroviricota;Caudoviricetes;;,NA,temperate
v0c9a	Viruses;Duplodnaviria;Heunggongvirae;Uroviricota;Caudoviricetes;;,d__Bacteria;p__Bacillota;c__Negativicutes;o__Veillonellales;f__Dialisteraceae;g__Dialister,temperate
v0c9b	Viruses;Duplodnaviria;Heunggongvirae;Uroviricota;Caudoviricetes;;,d__Bacteria;p__Bacteroidota;c__Bacteroidia;o__Bacteroidales;f__Bacteroidaceae;g__Prevotella,virulent
v0c9c	NA,d__Bacteria;p__Actinomycetota;c__Coriobacteriia;o__Coriobacteriales;f__Eggerthellaceae;g__Berryella,temperate
v0c9d	Viruses;Duplodnaviria;Heunggongvirae;Uroviricota;Caudoviricetes;;,d__Bacteria;p__Patescibacteriota;c__Saccharimonadia;o__Saccharimonadales;f__Nanoperiomorbaceae;g__Nanoperiomorbus,temperate
v0c9e	Viruses;Duplodnaviria;Heunggongvirae;Uroviricota;Caudoviricetes;;,d__Bacteria;p__Bacillota;c__Bacilli;o__Lactobacillales;f__Lactobacillaceae;g__Limosilactobacillus,temperate
v0c9f	Viruses;Duplodnaviria;Heunggongvirae;Uroviricota;Caudoviricetes;;,d__Bacteria;p__Actinomycetota;c__Coriobacteriia;o__Coriobacteriales;f__Atopobiaceae;g__Fannyhessea,temperate
v0ca0	Viruses;Duplodnaviria;Heunggongvirae;Uroviricota;Caudoviricetes;;,d__Bacteria;p__Bacillota;c__Clostridia;o__Tissierellales;f__Peptoniphilaceae;g__Peptoniphilus_A,temperate
v0ca1	Viruses;Duplodnaviria;Heunggongvirae;Uroviricota;Caudoviricetes;;,d__Bacteria;p__Bacillota;c__Clostridia;o__Tissierellales;f__Peptoniphilaceae;g__Anaerococcus,temperate
v0ca2	Viruses;Duplodnaviria;Heunggongvirae;Uroviricota;Caudoviricetes;;,d__Bacteria;p__Fusobacteriota;c__Fusobacteriia;o__Fusobacteriales;f__Leptotrichiaceae;g__Sneathia,virulent
v0ca3	Viruses;Duplodnaviria;Heunggongvirae;Uroviricota;Caudoviricetes;;,d__Bacteria;p__Bacillota;c__Clostridia;o__Tissierellales;f__Peptoniphilaceae;g__Anaerococcus,temperate
v0ca4	Viruses;Duplodnaviria;Heunggongvirae;Uroviricota;Caudoviricetes;;,d__Bacteria;p__Actinomycetota;c__Actinomycetes;o__Actinomycetales;f__Bifidobacteriaceae;g__Bifidobacterium,temperate
v0ca5	Viruses;Duplodnaviria;Heunggongvirae;Uroviricota;Caudoviricetes;;,d__Bacteria;p__Actinomycetota;c__Actinomycetes;o__Actinomycetales;f__Bifidobacteriaceae;g__Bifidobacterium,temperate
v0ca6	Viruses;Duplodnaviria;Heunggongvirae;Uroviricota;Caudoviricetes;;,d__Bacteria;p__Actinomycetota;c__Coriobacteriia;o__Coriobacteriales;f__Atopobiaceae;g__Fannyhessea,temperate
v0ca7	Viruses;Monodnaviria;Sangervirae;Phixviricota;Malgrandaviricetes;Petitvirales;Microviridae,d__Bacteria;p__Bacteroidota;c__Bacteroidia;o__Bacteroidales;f__Bacteroidaceae;g__Prevotella,virulent
v0ca8	Viruses;Duplodnaviria;Heunggongvirae;Uroviricota;Caudoviricetes;;,d__Bacteria;p__Actinomycetota;c__Actinomycetes;o__Actinomycetales;f__Bifidobacteriaceae;g__Bifidobacterium,temperate
v0ca9	Viruses;Duplodnaviria;Heunggongvirae;Uroviricota;Caudoviricetes;;,d__Bacteria;p__Bacillota;c__Bacilli;o__Lactobacillales;f__Lactobacillaceae;g__Lactobacillus,temperate
v0caa	Viruses;Duplodnaviria;Heunggongvirae;Uroviricota;Caudoviricetes;;,d__Bacteria;p__Actinomycetota;c__Actinomycetes;o__Actinomycetales;f__Bifidobacteriaceae;g__Bifidobacterium,temperate
v0cab	Viruses;Duplodnaviria;Heunggongvirae;Uroviricota;Caudoviricetes;;,d__Bacteria;p__Bacteroidota;c__Bacteroidia;o__Bacteroidales;f__Porphyromonadaceae;g__Porphyromonas,virulent
v0cac	Viruses;Duplodnaviria;Heunggongvirae;Uroviricota;Caudoviricetes;;,d__Bacteria;p__Bacillota;c__Peptococcia;o__Peptococcales;f__Peptococcaceae;g__Peptococcus,temperate
v0cad	Viruses;Duplodnaviria;Heunggongvirae;Uroviricota;Caudoviricetes;;,d__Bacteria;p__Fusobacteriota;c__Fusobacteriia;o__Fusobacteriales;f__Leptotrichiaceae;g__Sneathia,temperate
v0cae	Viruses;Duplodnaviria;Heunggongvirae;Uroviricota;Caudoviricetes;;,d__Bacteria;p__Bacteroidota;c__Bacteroidia;o__Bacteroidales;f__Bacteroidaceae;g__Prevotella,virulent
v0caf	Viruses;Duplodnaviria;Heunggongvirae;Uroviricota;Caudoviricetes;;,d__Bacteria;p__Bacteroidota;c__Bacteroidia;o__Bacteroidales;f__Bacteroidaceae;g__Prevotella,virulent
v0cb0	Viruses;Duplodnaviria;Heunggongvirae;Uroviricota;Caudoviricetes;;,d__Bacteria;p__Bacteroidota;c__Bacteroidia;o__Bacteroidales;f__Bacteroidaceae;g__Prevotella,virulent
v0cb1	Viruses;Duplodnaviria;Heunggongvirae;Uroviricota;Caudoviricetes;;,NA,virulent
v0cb2	NA,d__Bacteria;p__Bacillota;c__Bacilli;o__Lactobacillales;f__Aerococcaceae;g__Aerococcus,temperate
v0cb3	Viruses;Monodnaviria;Sangervirae;Phixviricota;Malgrandaviricetes;Petitvirales;Microviridae,d__Bacteria;p__Bacteroidota;c__Bacteroidia;o__Bacteroidales;f__Bacteroidaceae;g__Prevotella,virulent
v0cb4	Viruses;Duplodnaviria;Heunggongvirae;Uroviricota;Caudoviricetes;;,d__Bacteria;p__Bacillota;c__Negativicutes;o__Veillonellales;f__Dialisteraceae;g__Dialister,temperate
v0cb5	Viruses;Duplodnaviria;Heunggongvirae;Uroviricota;Caudoviricetes;;,d__Bacteria;p__Actinomycetota;c__Actinomycetes;o__Actinomycetales;f__Bifidobacteriaceae;g__Bifidobacterium,temperate
v0cb6	Viruses;Duplodnaviria;Heunggongvirae;Uroviricota;Caudoviricetes;;,d__Bacteria;p__Bacillota;c__Bacilli;o__Lactobacillales;f__Lactobacillaceae;g__Lactobacillus,virulent
v0cb7	NA,d__Bacteria;p__Bacillota;c__Negativicutes;o__Veillonellales;f__Megasphaeraceae;g__Megasphaera_C,temperate
v0cb8	Viruses;Duplodnaviria;Heunggongvirae;Uroviricota;Caudoviricetes;;,d__Bacteria;p__Bacillota;c__Bacilli;o__Lactobacillales;f__Lactobacillaceae;g__Lactobacillus,temperate
v0cb9	Viruses;Duplodnaviria;Heunggongvirae;Uroviricota;Caudoviricetes;;,NA,virulent
v0cba	Viruses;Duplodnaviria;Heunggongvirae;Uroviricota;Caudoviricetes;;,d__Bacteria;p__Actinomycetota;c__Actinomycetes;o__Actinomycetales;f__Bifidobacteriaceae;g__Bifidobacterium,temperate
v0cbb	Viruses;Duplodnaviria;Heunggongvirae;Uroviricota;Caudoviricetes;;,d__Bacteria;p__Bacteroidota;c__Bacteroidia;o__Bacteroidales;f__Bacteroidaceae;g__Prevotella,temperate
v0cbc	Viruses;Duplodnaviria;Heunggongvirae;Uroviricota;Caudoviricetes;;,d__Bacteria;p__Bacteroidota;c__Bacteroidia;o__Bacteroidales;f__Bacteroidaceae;g__Prevotella,virulent
v0cbd	NA,d__Bacteria;p__Bacillota;c__Negativicutes;o__Veillonellales;f__Dialisteraceae;g__Dialister,temperate
v0cbe	Viruses;Duplodnaviria;Heunggongvirae;Uroviricota;Caudoviricetes;;,d__Bacteria;p__Bacillota;c__Bacilli;o__Lactobacillales;f__Lactobacillaceae;g__Lactobacillus,temperate
v0cbf	Viruses;Duplodnaviria;Heunggongvirae;Uroviricota;Caudoviricetes;;,d__Bacteria;p__Bacillota;c__Negativicutes;o__Veillonellales;f__Megasphaeraceae;g__Megasphaera_C,temperate
v0cc0	Viruses;Duplodnaviria;Heunggongvirae;Uroviricota;Caudoviricetes;;,d__Bacteria;p__Actinomycetota;c__Actinomycetes;o__Actinomycetales;f__Bifidobacteriaceae;g__Bifidobacterium,temperate
v0cc1	Viruses;Duplodnaviria;Heunggongvirae;Uroviricota;Caudoviricetes;;,NA,temperate
v0cc2	NA,d__Bacteria;p__Bacillota;c__Bacilli;o__Lactobacillales;f__Lactobacillaceae;g__Lactobacillus,temperate
v0cc3	Viruses;Monodnaviria;Sangervirae;Phixviricota;Malgrandaviricetes;Petitvirales;Microviridae,d__Bacteria;p__Bacteroidota;c__Bacteroidia;o__Bacteroidales;f__Bacteroidaceae;g__Prevotella,virulent
v0cc4	Viruses;Duplodnaviria;Heunggongvirae;Uroviricota;Caudoviricetes;;,d__Bacteria;p__Bacteroidota;c__Bacteroidia;o__Bacteroidales;f__Bacteroidaceae;g__Prevotella,temperate
v0cc5	Viruses;Duplodnaviria;Heunggongvirae;Uroviricota;Caudoviricetes;;,d__Bacteria;p__Bacteroidota;c__Bacteroidia;o__Bacteroidales;f__Bacteroidaceae;g__Prevotella,temperate
v0cc6	Viruses;Duplodnaviria;Heunggongvirae;Uroviricota;Caudoviricetes;;,d__Bacteria;p__Actinomycetota;c__Actinomycetes;o__Actinomycetales;f__Bifidobacteriaceae;g__Bifidobacterium,temperate
v0cc7	Viruses;Duplodnaviria;Heunggongvirae;Uroviricota;Caudoviricetes;;,d__Bacteria;p__Actinomycetota;c__Actinomycetes;o__Actinomycetales;f__Bifidobacteriaceae;g__Bifidobacterium,virulent
v0cc8	Viruses;Duplodnaviria;Heunggongvirae;Uroviricota;Caudoviricetes;;,d__Bacteria;p__Bacillota;c__Bacilli;o__Lactobacillales;f__Lactobacillaceae;g__Lactobacillus,temperate
v0cc9	Viruses;Duplodnaviria;Heunggongvirae;Uroviricota;Caudoviricetes;;,d__Bacteria;p__Fusobacteriota;c__Fusobacteriia;o__Fusobacteriales;f__Leptotrichiaceae;g__Sneathia,temperate
v0cca	Viruses;Duplodnaviria;Heunggongvirae;Uroviricota;Caudoviricetes;;,d__Bacteria;p__Bacillota;c__Bacilli;o__Lactobacillales;f__Lactobacillaceae;g__Limosilactobacillus,temperate
v0ccb	Viruses;Duplodnaviria;Heunggongvirae;Uroviricota;Caudoviricetes;;,d__Bacteria;p__Bacillota;c__Bacilli;o__Lactobacillales;f__Lactobacillaceae;g__Limosilactobacillus,temperate
v0ccc	Viruses;Duplodnaviria;Heunggongvirae;Uroviricota;Caudoviricetes;;,d__Bacteria;p__Bacillota;c__Bacilli;o__Lactobacillales;f__Lactobacillaceae;g__Lactobacillus,temperate
v0ccd	NA,d__Bacteria;p__Bacteroidota;c__Bacteroidia;o__Bacteroidales;f__Bacteroidaceae;g__Prevotella,temperate
v0ccf	Viruses;Duplodnaviria;Heunggongvirae;Uroviricota;Caudoviricetes;;,d__Bacteria;p__Bacillota;c__Bacilli;o__Lactobacillales;f__Streptococcaceae;g__Streptococcus,temperate
v0cd0	Viruses;Duplodnaviria;Heunggongvirae;Uroviricota;Caudoviricetes;;,d__Bacteria;p__Pseudomonadota;c__Gammaproteobacteria;o__Enterobacterales;f__Enterobacteriaceae;g__Escherichia,temperate
v0cd1	Viruses;Duplodnaviria;Heunggongvirae;Uroviricota;Caudoviricetes;;,d__Bacteria;p__Bacillota;c__Bacilli;o__Lactobacillales;f__Streptococcaceae;g__Streptococcus,temperate
v0cd2	Viruses;Monodnaviria;Sangervirae;Phixviricota;Malgrandaviricetes;Petitvirales;Microviridae,d__Bacteria;p__Bacteroidota;c__Bacteroidia;o__Bacteroidales;f__Bacteroidaceae;g__Prevotella,virulent
v0cd3	NA,d__Bacteria;p__Bacillota;c__Clostridia;o__Saccharofermentanales;f__Fastidiosipilaceae;g__Amygdalobacter,temperate
v0cd4	Viruses;Duplodnaviria;Heunggongvirae;Uroviricota;Caudoviricetes;;,d__Bacteria;p__Bacillota;c__Negativicutes;o__Veillonellales;f__Dialisteraceae;g__Dialister,temperate
v0cd5	Viruses;Duplodnaviria;Heunggongvirae;Uroviricota;Caudoviricetes;;,d__Bacteria;p__Bacillota;c__Clostridia;o__Peptostreptococcales;f__Peptostreptococcaceae;g__Peptostreptococcus,temperate
v0cd6	Viruses;Duplodnaviria;Heunggongvirae;Uroviricota;Caudoviricetes;;,d__Bacteria;p__Bacillota;c__Clostridia;o__Tissierellales;f__Peptoniphilaceae;g__Anaerococcus,virulent
v0cd7	Viruses;Duplodnaviria;Heunggongvirae;Uroviricota;Caudoviricetes;;,d__Bacteria;p__Bacillota;c__Clostridia;o__Tissierellales;f__Peptoniphilaceae;g__Peptoniphilus_A,temperate
v0cd8	Viruses;Duplodnaviria;Heunggongvirae;Uroviricota;Caudoviricetes;;,d__Bacteria;p__Bacillota;c__Clostridia;o__Tissierellales;f__Peptoniphilaceae;g__Peptoniphilus_A,temperate
v0cd9	Viruses;Duplodnaviria;Heunggongvirae;Uroviricota;Caudoviricetes;;,d__Bacteria;p__Bacillota;c__Bacilli;o__Lactobacillales;f__Lactobacillaceae;g__Lactobacillus,temperate
v0cda	Viruses;Duplodnaviria;Heunggongvirae;Uroviricota;Caudoviricetes;;,d__Bacteria;p__Actinomycetota;c__Actinomycetes;o__Actinomycetales;f__Bifidobacteriaceae;g__Bifidobacterium,temperate
v0cdb	Viruses;Duplodnaviria;Heunggongvirae;Uroviricota;Caudoviricetes;;,NA,temperate
v0cdc	Viruses;Duplodnaviria;Heunggongvirae;Uroviricota;Caudoviricetes;;,NA,virulent
v0cdd	Viruses;Duplodnaviria;Heunggongvirae;Uroviricota;Caudoviricetes;;,d__Bacteria;p__Bacillota;c__Bacilli;o__Lactobacillales;f__Streptococcaceae;g__Streptococcus,temperate
v0cde	Viruses;Monodnaviria;Sangervirae;Phixviricota;Malgrandaviricetes;Petitvirales;Microviridae,d__Bacteria;p__Bacteroidota;c__Bacteroidia;o__Bacteroidales;f__Bacteroidaceae;g__Prevotella,virulent
v0cdf	Viruses;Duplodnaviria;Heunggongvirae;Uroviricota;Caudoviricetes;;,d__Bacteria;p__Fusobacteriota;c__Fusobacteriia;o__Fusobacteriales;f__Leptotrichiaceae;g__Sneathia,temperate
v0ce0	Viruses;Duplodnaviria;Heunggongvirae;Uroviricota;Caudoviricetes;;,d__Bacteria;p__Actinomycetota;c__Actinomycetes;o__Actinomycetales;f__Actinomycetaceae;g__Mobiluncus,virulent
v0ce1	Viruses;Duplodnaviria;Heunggongvirae;Uroviricota;Caudoviricetes;;,NA,temperate
v0ce2	Viruses;Duplodnaviria;Heunggongvirae;Uroviricota;Caudoviricetes;;,NA,virulent
v0ce3	Viruses;Duplodnaviria;Heunggongvirae;Uroviricota;Caudoviricetes;;,d__Bacteria;p__Bacillota;c__Bacilli;o__Lactobacillales;f__Lactobacillaceae;g__Lactobacillus,temperate
v0ce4	Viruses;Duplodnaviria;Heunggongvirae;Uroviricota;Caudoviricetes;;,d__Bacteria;p__Bacillota;c__Bacilli;o__Lactobacillales;f__Lactobacillaceae;g__Lactobacillus,temperate
v0ce5	Viruses;Duplodnaviria;Heunggongvirae;Uroviricota;Caudoviricetes;;,d__Bacteria;p__Bacteroidota;c__Bacteroidia;o__Bacteroidales;f__Bacteroidaceae;g__Prevotella,virulent
v0ce6	NA,NA,temperate
v0ce7	Viruses;Duplodnaviria;Heunggongvirae;Uroviricota;Caudoviricetes;;,d__Bacteria;p__Actinomycetota;c__Actinomycetes;o__Actinomycetales;f__Bifidobacteriaceae;g__Bifidobacterium,temperate
v0ce8	Viruses;Duplodnaviria;Heunggongvirae;Uroviricota;Caudoviricetes;;,d__Bacteria;p__Actinomycetota;c__Coriobacteriia;o__Coriobacteriales;f__Atopobiaceae;g__Fannyhessea,temperate
v0ce9	NA,d__Bacteria;p__Bacillota;c__Bacilli;o__Lactobacillales;f__Lactobacillaceae;g__Limosilactobacillus,temperate
v0cea	Viruses;Duplodnaviria;Heunggongvirae;Uroviricota;Caudoviricetes;;,d__Bacteria;p__Bacillota;c__Bacilli;o__Lactobacillales;f__Lactobacillaceae;g__Lactobacillus,temperate
v0ceb	Viruses;Duplodnaviria;Heunggongvirae;Uroviricota;Caudoviricetes;;,d__Bacteria;p__Actinomycetota;c__Actinomycetes;o__Actinomycetales;f__Bifidobacteriaceae;g__Bifidobacterium,temperate
v0cec	Viruses;Duplodnaviria;Heunggongvirae;Uroviricota;Caudoviricetes;;,d__Bacteria;p__Actinomycetota;c__Coriobacteriia;o__Coriobacteriales;f__Eggerthellaceae;g__Berryella,temperate
v0ced	Viruses;Duplodnaviria;Heunggongvirae;Uroviricota;Caudoviricetes;;,d__Bacteria;p__Bacillota;c__Clostridia;o__Tissierellales;f__Peptoniphilaceae;g__Peptoniphilus_A,temperate
v0cee	Viruses;Duplodnaviria;Heunggongvirae;Uroviricota;Caudoviricetes;;,d__Bacteria;p__Fusobacteriota;c__Fusobacteriia;o__Fusobacteriales;f__Leptotrichiaceae;g__Sneathia,temperate
v0cef	Viruses;Duplodnaviria;Heunggongvirae;Uroviricota;Caudoviricetes;;Herelleviridae,d__Bacteria;p__Bacillota;c__Bacilli;o__Lactobacillales;f__Streptococcaceae;g__Streptococcus,virulent
v0cf0	Viruses;Duplodnaviria;Heunggongvirae;Uroviricota;Caudoviricetes;;,d__Bacteria;p__Actinomycetota;c__Coriobacteriia;o__Coriobacteriales;f__Atopobiaceae;g__Fannyhessea,temperate
v0cf1	Viruses;Duplodnaviria;Heunggongvirae;Uroviricota;Caudoviricetes;;,d__Bacteria;p__Bacillota;c__Bacilli;o__Lactobacillales;f__Streptococcaceae;g__Streptococcus,temperate
v0cf2	Viruses;Duplodnaviria;Heunggongvirae;Uroviricota;Caudoviricetes;;,d__Bacteria;p__Actinomycetota;c__Actinomycetes;o__Actinomycetales;f__Bifidobacteriaceae;g__Bifidobacterium,virulent
v0cf3	Viruses;Duplodnaviria;Heunggongvirae;Uroviricota;Caudoviricetes;;,NA,virulent
v0cf4	Viruses;Duplodnaviria;Heunggongvirae;Uroviricota;Caudoviricetes;;,d__Bacteria;p__Actinomycetota;c__Coriobacteriia;o__Coriobacteriales;f__Atopobiaceae;g__Fannyhessea,temperate
v0cf5	Viruses;Duplodnaviria;Heunggongvirae;Uroviricota;Caudoviricetes;;,d__Bacteria;p__Actinomycetota;c__Coriobacteriia;o__Coriobacteriales;f__Atopobiaceae;g__Fannyhessea,temperate
v0cf6	Viruses;Duplodnaviria;Heunggongvirae;Uroviricota;Caudoviricetes;;,d__Bacteria;p__Bacillota;c__Negativicutes;o__Veillonellales;f__Megasphaeraceae;g__Megasphaera,temperate
v0cf7	Viruses;Duplodnaviria;Heunggongvirae;Uroviricota;Caudoviricetes;;,d__Bacteria;p__Fusobacteriota;c__Fusobacteriia;o__Fusobacteriales;f__Leptotrichiaceae;g__Sneathia,temperate
v0cf8	Viruses;Duplodnaviria;Heunggongvirae;Uroviricota;Caudoviricetes;;,d__Bacteria;p__Actinomycetota;c__Actinomycetes;o__Actinomycetales;f__Bifidobacteriaceae;g__Bifidobacterium,temperate
v0cf9	Viruses;Duplodnaviria;Heunggongvirae;Uroviricota;Caudoviricetes;;,d__Bacteria;p__Bacteroidota;c__Bacteroidia;o__Bacteroidales;f__Bacteroidaceae;g__Prevotella,virulent
v0cfa	Viruses;Duplodnaviria;Heunggongvirae;Uroviricota;Caudoviricetes;;,d__Bacteria;p__Bacillota;c__Negativicutes;o__Veillonellales;f__Veillonellaceae;g__Veillonella,temperate
v0cfb	Viruses;Duplodnaviria;Heunggongvirae;Uroviricota;Caudoviricetes;;,d__Bacteria;p__Actinomycetota;c__Coriobacteriia;o__Coriobacteriales;f__Atopobiaceae;g__Fannyhessea,virulent
v0cfc	Viruses;Duplodnaviria;Heunggongvirae;Uroviricota;Caudoviricetes;;,d__Bacteria;p__Bacillota;c__Bacilli;o__Lactobacillales;f__Lactobacillaceae;g__Limosilactobacillus,temperate
v0cfd	Viruses;Duplodnaviria;Heunggongvirae;Uroviricota;Caudoviricetes;;,d__Bacteria;p__Bacillota;c__Bacilli;o__Lactobacillales;f__Streptococcaceae;g__Streptococcus,temperate
v0cfe	Viruses;Duplodnaviria;Heunggongvirae;Uroviricota;Caudoviricetes;;,d__Bacteria;p__Bacteroidota;c__Bacteroidia;o__Bacteroidales;f__Bacteroidaceae;g__Prevotella,temperate
v0cff	Viruses;Monodnaviria;Sangervirae;Phixviricota;Malgrandaviricetes;Petitvirales;Microviridae,d__Bacteria;p__Bacteroidota;c__Bacteroidia;o__Bacteroidales;f__Bacteroidaceae;g__Prevotella,virulent
v0d00	Viruses;Duplodnaviria;Heunggongvirae;Uroviricota;Caudoviricetes;;,d__Bacteria;p__Bacteroidota;c__Bacteroidia;o__Bacteroidales;f__Bacteroidaceae;g__Prevotella,temperate
v0d01	Viruses;Duplodnaviria;Heunggongvirae;Uroviricota;Caudoviricetes;;,d__Bacteria;p__Bacteroidota;c__Bacteroidia;o__Bacteroidales;f__Bacteroidaceae;g__Prevotella,virulent
v0d02	Viruses;Duplodnaviria;Heunggongvirae;Uroviricota;Caudoviricetes;;,d__Bacteria;p__Bacteroidota;c__Bacteroidia;o__Bacteroidales;f__Bacteroidaceae;g__Prevotella,virulent
v0d03	Viruses;Duplodnaviria;Heunggongvirae;Uroviricota;Caudoviricetes;;,d__Bacteria;p__Actinomycetota;c__Actinomycetes;o__Actinomycetales;f__Bifidobacteriaceae;g__Bifidobacterium,temperate
v0d04	Viruses;Duplodnaviria;Heunggongvirae;Uroviricota;Caudoviricetes;;,d__Bacteria;p__Actinomycetota;c__Coriobacteriia;o__Coriobacteriales;f__Eggerthellaceae;g__Berryella,temperate
v0d05	Viruses;Duplodnaviria;Heunggongvirae;Uroviricota;Caudoviricetes;;,d__Bacteria;p__Bacillota;c__Clostridia;o__Tissierellales;f__Peptoniphilaceae;g__Parvimonas,temperate
v0d06	Viruses;Duplodnaviria;Heunggongvirae;Uroviricota;Caudoviricetes;;,d__Bacteria;p__Bacteroidota;c__Bacteroidia;o__Bacteroidales;f__Bacteroidaceae;g__Alloprevotella,temperate
v0d07	Viruses;Duplodnaviria;Heunggongvirae;Uroviricota;Caudoviricetes;;,d__Bacteria;p__Bacillota;c__Bacilli;o__Lactobacillales;f__Lactobacillaceae;g__Lactobacillus,temperate
v0d08	Viruses;Duplodnaviria;Heunggongvirae;Uroviricota;Caudoviricetes;;,d__Bacteria;p__Bacillota;c__Bacilli;o__Lactobacillales;f__Streptococcaceae;g__Streptococcus,temperate
v0d09	Viruses;Duplodnaviria;Heunggongvirae;Uroviricota;Caudoviricetes;;,d__Bacteria;p__Bacillota;c__Bacilli;o__Lactobacillales;f__Streptococcaceae;g__Streptococcus,temperate
v0d0a	Viruses;Duplodnaviria;Heunggongvirae;Uroviricota;Caudoviricetes;;,d__Bacteria;p__Bacillota;c__Bacilli;o__Lactobacillales;f__Streptococcaceae;g__Streptococcus,temperate
v0d0b	Viruses;Duplodnaviria;Heunggongvirae;Uroviricota;Caudoviricetes;;,d__Bacteria;p__Bacillota;c__Negativicutes;o__Veillonellales;f__Megasphaeraceae;g__Megasphaera,temperate
v0d0c	Viruses;Duplodnaviria;Heunggongvirae;Uroviricota;Caudoviricetes;;,d__Bacteria;p__Bacillota;c__Negativicutes;o__Veillonellales;f__Megasphaeraceae;g__Megasphaera,virulent
v0d0d	Viruses;Monodnaviria;Sangervirae;Phixviricota;Malgrandaviricetes;Petitvirales;Microviridae,d__Bacteria;p__Bacteroidota;c__Bacteroidia;o__Bacteroidales;f__Bacteroidaceae;g__Prevotella,virulent
v0d0e	Viruses;Duplodnaviria;Heunggongvirae;Uroviricota;Caudoviricetes;;,d__Bacteria;p__Actinomycetota;c__Actinomycetes;o__Actinomycetales;f__Bifidobacteriaceae;g__Bifidobacterium,temperate
v0d0f	Viruses;Duplodnaviria;Heunggongvirae;Uroviricota;Caudoviricetes;;,d__Bacteria;p__Bacillota;c__Clostridia;o__Lachnospirales;f__Lachnospiraceae;g__Otoolea,temperate
v0d10	Viruses;Duplodnaviria;Heunggongvirae;Uroviricota;Caudoviricetes;;,NA,temperate
v0d11	Viruses;Duplodnaviria;Heunggongvirae;Uroviricota;Caudoviricetes;;,d__Bacteria;p__Bacillota;c__Clostridia;o__Peptostreptococcales;f__Peptostreptococcaceae;g__Peptostreptococcus,temperate
v0d12	Viruses;Duplodnaviria;Heunggongvirae;Uroviricota;Caudoviricetes;;,d__Bacteria;p__Actinomycetota;c__Coriobacteriia;o__Coriobacteriales;f__Eggerthellaceae;g__Berryella,temperate
v0d13	Viruses;Duplodnaviria;Heunggongvirae;Uroviricota;Caudoviricetes;;,d__Bacteria;p__Bacillota;c__Negativicutes;o__Veillonellales;f__Megasphaeraceae;g__Megasphaera,virulent
v0d14	Viruses;Duplodnaviria;Heunggongvirae;Uroviricota;Caudoviricetes;;,d__Bacteria;p__Actinomycetota;c__Actinomycetes;o__Actinomycetales;f__Bifidobacteriaceae;g__Bifidobacterium,temperate
v0d15	Viruses;Duplodnaviria;Heunggongvirae;Uroviricota;Caudoviricetes;;,d__Bacteria;p__Actinomycetota;c__Coriobacteriia;o__Coriobacteriales;f__Eggerthellaceae;g__Berryella,temperate
v0d16	NA,d__Bacteria;p__Patescibacteriota;c__Saccharimonadia;o__Saccharimonadales;f__Nanoperiomorbaceae;g__Nanoperiomorbus,temperate
v0d17	Viruses;Duplodnaviria;Heunggongvirae;Uroviricota;Caudoviricetes;;,d__Bacteria;p__Actinomycetota;c__Actinomycetes;o__Actinomycetales;f__Bifidobacteriaceae;g__Bifidobacterium,temperate
v0d18	Viruses;Duplodnaviria;Heunggongvirae;Uroviricota;Caudoviricetes;;,d__Bacteria;p__Bacillota;c__Clostridia;o__Tissierellales;f__Peptoniphilaceae;g__Parvimonas,temperate
v0d19	NA,d__Bacteria;p__Bacillota;c__Bacilli;o__Lactobacillales;f__Streptococcaceae;g__Streptococcus,temperate
v0d1a	Viruses;Duplodnaviria;Heunggongvirae;Uroviricota;Caudoviricetes;;,d__Bacteria;p__Actinomycetota;c__Coriobacteriia;o__Coriobacteriales;f__Eggerthellaceae;g__Berryella,temperate
v0d1b	Viruses;Duplodnaviria;Heunggongvirae;Uroviricota;Caudoviricetes;;,d__Bacteria;p__Bacteroidota;c__Bacteroidia;o__Bacteroidales;f__Bacteroidaceae;g__Prevotella,virulent
v0d1c	Viruses;Duplodnaviria;Heunggongvirae;Uroviricota;Caudoviricetes;;,d__Bacteria;p__Bacillota;c__Negativicutes;o__Veillonellales;f__Megasphaeraceae;g__Megasphaera,virulent
v0d1d	Viruses;Duplodnaviria;Heunggongvirae;Uroviricota;Caudoviricetes;;,d__Bacteria;p__Actinomycetota;c__Actinomycetes;o__Actinomycetales;f__Bifidobacteriaceae;g__Bifidobacterium,temperate
v0d1e	Viruses;Duplodnaviria;Heunggongvirae;Uroviricota;Caudoviricetes;;,d__Bacteria;p__Bacillota;c__Negativicutes;o__Veillonellales;f__Megasphaeraceae;g__Megasphaera,temperate
v0d1f	Viruses;Duplodnaviria;Heunggongvirae;Uroviricota;Caudoviricetes;;,d__Bacteria;p__Actinomycetota;c__Coriobacteriia;o__Coriobacteriales;f__Atopobiaceae;g__Fannyhessea,temperate
v0d20	Viruses;Duplodnaviria;Heunggongvirae;Uroviricota;Caudoviricetes;;,d__Bacteria;p__Bacteroidota;c__Bacteroidia;o__Bacteroidales;f__Bacteroidaceae;g__Prevotella,temperate
v0d21	NA,d__Bacteria;p__Actinomycetota;c__Coriobacteriia;o__Coriobacteriales;f__Atopobiaceae;g__Fannyhessea,temperate
v0d22	Viruses;Duplodnaviria;Heunggongvirae;Uroviricota;Caudoviricetes;;,d__Bacteria;p__Actinomycetota;c__Actinomycetes;o__Actinomycetales;f__Bifidobacteriaceae;g__Bifidobacterium,temperate
v0d23	Viruses;Duplodnaviria;Heunggongvirae;Uroviricota;Caudoviricetes;;,d__Bacteria;p__Bacillota;c__Clostridia;o__Lachnospirales;f__Lachnospiraceae;g__UBA629,temperate
v0d24	Viruses;Duplodnaviria;Heunggongvirae;Uroviricota;Caudoviricetes;;,d__Bacteria;p__Bacillota;c__Bacilli;o__Lactobacillales;f__Lactobacillaceae;g__Lactobacillus,virulent
v0d25	Viruses;Duplodnaviria;Heunggongvirae;Uroviricota;Caudoviricetes;;,d__Bacteria;p__Actinomycetota;c__Actinomycetes;o__Actinomycetales;f__Bifidobacteriaceae;g__Bifidobacterium,temperate
v0d26	Viruses;Monodnaviria;Sangervirae;Phixviricota;Malgrandaviricetes;Petitvirales;Microviridae,d__Bacteria;p__Bacteroidota;c__Bacteroidia;o__Bacteroidales;f__Bacteroidaceae;g__Prevotella,virulent
v0d27	Viruses;Duplodnaviria;Heunggongvirae;Uroviricota;Caudoviricetes;;,d__Bacteria;p__Bacteroidota;c__Bacteroidia;o__Bacteroidales;f__Bacteroidaceae;g__Prevotella,temperate
v0d28	Viruses;Duplodnaviria;Heunggongvirae;Uroviricota;Caudoviricetes;;,d__Bacteria;p__Bacteroidota;c__Bacteroidia;o__Bacteroidales;f__Bacteroidaceae;g__Prevotella,temperate
v0d29	Viruses;Duplodnaviria;Heunggongvirae;Uroviricota;Caudoviricetes;;,d__Bacteria;p__Actinomycetota;c__Actinomycetes;o__Actinomycetales;f__Bifidobacteriaceae;g__Bifidobacterium,temperate
v0d2a	Viruses;Duplodnaviria;Heunggongvirae;Uroviricota;Caudoviricetes;;,d__Bacteria;p__Bacillota;c__Negativicutes;o__Veillonellales;f__Megasphaeraceae;g__Megasphaera_C,temperate
v0d2b	NA,d__Bacteria;p__Actinomycetota;c__Actinomycetes;o__Actinomycetales;f__Bifidobacteriaceae;g__Bifidobacterium,temperate
v0d2c	Viruses;Duplodnaviria;Heunggongvirae;Uroviricota;Caudoviricetes;;,d__Bacteria;p__Actinomycetota;c__Actinomycetes;o__Actinomycetales;f__Bifidobacteriaceae;g__Bifidobacterium,temperate
v0d2d	Viruses;Duplodnaviria;Heunggongvirae;Uroviricota;Caudoviricetes;;,d__Bacteria;p__Bacteroidota;c__Bacteroidia;o__Bacteroidales;f__Bacteroidaceae;g__Prevotella,temperate
v0d2e	Viruses;Duplodnaviria;Heunggongvirae;Uroviricota;Caudoviricetes;;,NA,temperate
v0d2f	Viruses;Monodnaviria;Sangervirae;Phixviricota;Malgrandaviricetes;Petitvirales;Microviridae,d__Bacteria;p__Bacteroidota;c__Bacteroidia;o__Bacteroidales;f__Bacteroidaceae;g__Prevotella,virulent
v0d30	Viruses;Duplodnaviria;Heunggongvirae;Uroviricota;Caudoviricetes;;,d__Bacteria;p__Bacillota;c__Clostridia;o__Tissierellales;f__Peptoniphilaceae;g__Parvimonas,temperate
v0d31	Viruses;Duplodnaviria;Heunggongvirae;Uroviricota;Caudoviricetes;;,d__Bacteria;p__Actinomycetota;c__Actinomycetes;o__Actinomycetales;f__Bifidobacteriaceae;g__Bifidobacterium,temperate
v0d32	Viruses;Duplodnaviria;Heunggongvirae;Uroviricota;Caudoviricetes;;,d__Bacteria;p__Actinomycetota;c__Actinomycetes;o__Actinomycetales;f__Bifidobacteriaceae;g__Bifidobacterium,temperate
v0d33	Viruses;Duplodnaviria;Heunggongvirae;Uroviricota;Caudoviricetes;;,NA,temperate
v0d34	Viruses;Duplodnaviria;Heunggongvirae;Uroviricota;Caudoviricetes;;,d__Bacteria;p__Actinomycetota;c__Coriobacteriia;o__Coriobacteriales;f__Eggerthellaceae;g__Berryella,temperate
v0d35	Viruses;Duplodnaviria;Heunggongvirae;Uroviricota;Caudoviricetes;;,d__Bacteria;p__Bacteroidota;c__Bacteroidia;o__Bacteroidales;f__Bacteroidaceae;g__Phocaeicola,virulent
v0d36	Viruses;Duplodnaviria;Heunggongvirae;Uroviricota;Caudoviricetes;;,d__Bacteria;p__Bacteroidota;c__Bacteroidia;o__Bacteroidales;f__Bacteroidaceae;g__Prevotella,temperate
v0d37	NA,d__Bacteria;p__Fusobacteriota;c__Fusobacteriia;o__Fusobacteriales;f__Leptotrichiaceae;g__Sneathia,temperate
v0d38	Viruses;Duplodnaviria;Heunggongvirae;Uroviricota;Caudoviricetes;;,d__Bacteria;p__Actinomycetota;c__Coriobacteriia;o__Coriobacteriales;f__Atopobiaceae;g__Fannyhessea,temperate
v0d39	Viruses;Duplodnaviria;Heunggongvirae;Uroviricota;Caudoviricetes;;,d__Bacteria;p__Actinomycetota;c__Actinomycetes;o__Actinomycetales;f__Bifidobacteriaceae;g__Bifidobacterium,temperate
v0d3a	Viruses;Duplodnaviria;Heunggongvirae;Uroviricota;Caudoviricetes;;,d__Bacteria;p__Bacillota;c__Bacilli;o__Lactobacillales;f__Lactobacillaceae;g__Lactobacillus,temperate
v0d3b	Viruses;Duplodnaviria;Heunggongvirae;Uroviricota;Caudoviricetes;;,d__Bacteria;p__Patescibacteriota;c__Saccharimonadia;o__Saccharimonadales;f__Nanoperiomorbaceae;g__Nanoperiomorbus,temperate
v0d3c	NA,NA,temperate
v0d3d	Viruses;Duplodnaviria;Heunggongvirae;Uroviricota;Caudoviricetes;;,d__Bacteria;p__Bacillota;c__Clostridia;o__Tissierellales;f__Peptoniphilaceae;g__Peptoniphilus_A,temperate
v0d3e	Viruses;Duplodnaviria;Heunggongvirae;Uroviricota;Caudoviricetes;;,d__Bacteria;p__Bacteroidota;c__Bacteroidia;o__Bacteroidales;f__Bacteroidaceae;g__Prevotella,temperate
v0d3f	NA,d__Bacteria;p__Patescibacteriota;c__Saccharimonadia;o__Saccharimonadales;f__Nanoperiomorbaceae;g__Nanoperiomorbus,temperate
v0d40	Viruses;Duplodnaviria;Heunggongvirae;Uroviricota;Caudoviricetes;;,d__Bacteria;p__Actinomycetota;c__Coriobacteriia;o__Coriobacteriales;f__Atopobiaceae;g__Fannyhessea,temperate
v0d41	Viruses;Duplodnaviria;Heunggongvirae;Uroviricota;Caudoviricetes;;,d__Bacteria;p__Bacillota;c__Bacilli;o__Lactobacillales;f__Lactobacillaceae;g__Lactobacillus,temperate
v0d42	Viruses;Duplodnaviria;Heunggongvirae;Uroviricota;Caudoviricetes;;,d__Bacteria;p__Actinomycetota;c__Actinomycetes;o__Actinomycetales;f__Bifidobacteriaceae;g__Bifidobacterium,temperate
v0d43	Viruses;Duplodnaviria;Heunggongvirae;Uroviricota;Caudoviricetes;;,d__Bacteria;p__Bacillota;c__Clostridia;o__Saccharofermentanales;f__Fastidiosipilaceae;g__Mageeibacillus,temperate
v0d44	Viruses;Duplodnaviria;Heunggongvirae;Uroviricota;Caudoviricetes;;,NA,temperate
v0d45	Viruses;Duplodnaviria;Heunggongvirae;Uroviricota;Caudoviricetes;;,d__Bacteria;p__Actinomycetota;c__Coriobacteriia;o__Coriobacteriales;f__Atopobiaceae;g__Fannyhessea,temperate
v0d46	Viruses;Monodnaviria;Sangervirae;Phixviricota;Malgrandaviricetes;Petitvirales;Microviridae,d__Bacteria;p__Bacteroidota;c__Bacteroidia;o__Bacteroidales;f__Bacteroidaceae;g__Prevotella,virulent
v0d47	Viruses;Duplodnaviria;Heunggongvirae;Uroviricota;Caudoviricetes;;,d__Bacteria;p__Actinomycetota;c__Actinomycetes;o__Actinomycetales;f__Bifidobacteriaceae;g__Bifidobacterium,temperate
v0d48	Viruses;Duplodnaviria;Heunggongvirae;Uroviricota;Caudoviricetes;;,d__Bacteria;p__Actinomycetota;c__Coriobacteriia;o__Coriobacteriales;f__Eggerthellaceae;g__Berryella,virulent
v0d49	Viruses;Duplodnaviria;Heunggongvirae;Uroviricota;Caudoviricetes;;,d__Bacteria;p__Bacillota;c__Negativicutes;o__Veillonellales;f__Dialisteraceae;g__Dialister,temperate
v0d4a	Viruses;Duplodnaviria;Heunggongvirae;Uroviricota;Caudoviricetes;;,d__Bacteria;p__Bacillota;c__Clostridia;o__Tissierellales;f__Peptoniphilaceae;g__Peptoniphilus_A,temperate
v0d4b	Viruses;Duplodnaviria;Heunggongvirae;Uroviricota;Caudoviricetes;;,d__Bacteria;p__Bacillota;c__Bacilli;o__Lactobacillales;f__Lactobacillaceae;g__Lactobacillus,temperate
v0d4c	Viruses;Duplodnaviria;Heunggongvirae;Uroviricota;Caudoviricetes;;,d__Bacteria;p__Bacillota;c__Bacilli;o__Lactobacillales;f__Enterococcaceae;g__Enterococcus,temperate
v0d4d	NA,d__Bacteria;p__Bacillota;c__Bacilli;o__Lactobacillales;f__Enterococcaceae;g__Enterococcus,temperate
v0d4e	NA,d__Bacteria;p__Fusobacteriota;c__Fusobacteriia;o__Fusobacteriales;f__Leptotrichiaceae;g__Sneathia,temperate
v0d4f	Viruses;Duplodnaviria;Heunggongvirae;Uroviricota;Caudoviricetes;;,d__Bacteria;p__Patescibacteriota;c__Saccharimonadia;o__Saccharimonadales;f__Nanoperiomorbaceae;g__Nanoperiomorbus,temperate
v0d50	Viruses;Duplodnaviria;Heunggongvirae;Uroviricota;Caudoviricetes;;,d__Bacteria;p__Bacillota;c__Bacilli;o__Lactobacillales;f__Lactobacillaceae;g__Lactobacillus,temperate
v0d51	NA,d__Bacteria;p__Bacillota;c__Bacilli;o__Lactobacillales;f__Lactobacillaceae;g__Lactobacillus,temperate
v0d52	Viruses;Duplodnaviria;Heunggongvirae;Uroviricota;Caudoviricetes;;,d__Bacteria;p__Actinomycetota;c__Coriobacteriia;o__Coriobacteriales;f__Atopobiaceae;g__Fannyhessea,temperate
v0d53	Viruses;Duplodnaviria;Heunggongvirae;Uroviricota;Caudoviricetes;;,d__Bacteria;p__Bacillota;c__Negativicutes;o__Veillonellales;f__Megasphaeraceae;g__Megasphaera,temperate
v0d54	Viruses;Duplodnaviria;Heunggongvirae;Uroviricota;Caudoviricetes;;,d__Bacteria;p__Actinomycetota;c__Coriobacteriia;o__Coriobacteriales;f__Eggerthellaceae;g__Berryella,temperate
v0d55	Viruses;Duplodnaviria;Heunggongvirae;Uroviricota;Caudoviricetes;;,d__Bacteria;p__Actinomycetota;c__Coriobacteriia;o__Coriobacteriales;f__Atopobiaceae;g__Fannyhessea,temperate
v0d56	Viruses;Duplodnaviria;Heunggongvirae;Uroviricota;Caudoviricetes;;,d__Bacteria;p__Actinomycetota;c__Actinomycetes;o__Actinomycetales;f__Bifidobacteriaceae;g__Bifidobacterium,temperate
v0d57	Viruses;Duplodnaviria;Heunggongvirae;Uroviricota;Caudoviricetes;;,d__Bacteria;p__Actinomycetota;c__Actinomycetes;o__Actinomycetales;f__Bifidobacteriaceae;g__Bifidobacterium,temperate
v0d58	Viruses;Duplodnaviria;Heunggongvirae;Uroviricota;Caudoviricetes;;,d__Bacteria;p__Patescibacteriota;c__Saccharimonadia;o__Saccharimonadales;f__Nanoperiomorbaceae;g__Nanoperiomorbus,temperate
v0d59	Viruses;Duplodnaviria;Heunggongvirae;Uroviricota;Caudoviricetes;;,d__Bacteria;p__Bacillota;c__Clostridia;o__Tissierellales;f__Peptoniphilaceae;g__Peptoniphilus_A,temperate
v0d5a	Viruses;Duplodnaviria;Heunggongvirae;Uroviricota;Caudoviricetes;;,d__Bacteria;p__Bacillota;c__Bacilli;o__Lactobacillales;f__Streptococcaceae;g__Streptococcus,temperate
v0d5b	Viruses;Duplodnaviria;Heunggongvirae;Uroviricota;Caudoviricetes;;,d__Bacteria;p__Bacteroidota;c__Bacteroidia;o__Bacteroidales;f__Bacteroidaceae;g__Prevotella,temperate
v0d5c	Viruses;Duplodnaviria;Heunggongvirae;Uroviricota;Caudoviricetes;;,d__Bacteria;p__Bacillota;c__Bacilli;o__Lactobacillales;f__Lactobacillaceae;g__Lactobacillus,temperate
v0d5d	Viruses;Duplodnaviria;Heunggongvirae;Uroviricota;Caudoviricetes;;,d__Bacteria;p__Bacteroidota;c__Bacteroidia;o__Bacteroidales;f__Bacteroidaceae;g__Prevotella,temperate
v0d5e	Viruses;Duplodnaviria;Heunggongvirae;Uroviricota;Caudoviricetes;;,d__Bacteria;p__Bacillota;c__Bacilli;o__Lactobacillales;f__Streptococcaceae;g__Streptococcus,temperate
v0d5f	Viruses;Monodnaviria;Sangervirae;Phixviricota;Malgrandaviricetes;Petitvirales;Microviridae,d__Bacteria;p__Bacteroidota;c__Bacteroidia;o__Bacteroidales;f__Muribaculaceae;g__Sodaliphilus,virulent
v0d60	NA,d__Bacteria;p__Bacillota;c__Clostridia;o__Peptostreptococcales;f__Peptostreptococcaceae;g__Peptostreptococcus,temperate
v0d61	Viruses;Duplodnaviria;Heunggongvirae;Uroviricota;Caudoviricetes;;,d__Bacteria;p__Bacillota;c__Bacilli;o__Lactobacillales;f__Streptococcaceae;g__Streptococcus,temperate
v0d62	Viruses;Duplodnaviria;Heunggongvirae;Uroviricota;Caudoviricetes;;,d__Bacteria;p__Bacteroidota;c__Bacteroidia;o__Bacteroidales;f__Muribaculaceae;g__Sodaliphilus,virulent
v0d63	Viruses;Duplodnaviria;Heunggongvirae;Uroviricota;Caudoviricetes;;,d__Bacteria;p__Bacteroidota;c__Bacteroidia;o__Bacteroidales;f__Bacteroidaceae;g__Prevotella,temperate
v0d64	Viruses;Duplodnaviria;Heunggongvirae;Uroviricota;Caudoviricetes;;,d__Bacteria;p__Bacillota;c__Clostridia;o__Tissierellales;f__Peptoniphilaceae;g__Peptoniphilus_A,temperate
v0d65	Viruses;Duplodnaviria;Heunggongvirae;Uroviricota;Caudoviricetes;;,d__Bacteria;p__Bacteroidota;c__Bacteroidia;o__Bacteroidales;f__Porphyromonadaceae;g__Porphyromonas,virulent
v0d66	Viruses;Duplodnaviria;Heunggongvirae;Uroviricota;Caudoviricetes;;,NA,temperate
v0d67	Viruses;Duplodnaviria;Heunggongvirae;Uroviricota;Caudoviricetes;;,d__Bacteria;p__Actinomycetota;c__Coriobacteriia;o__Coriobacteriales;f__Atopobiaceae;g__Fannyhessea,temperate
v0d68	Viruses;Duplodnaviria;Heunggongvirae;Uroviricota;Caudoviricetes;;,d__Bacteria;p__Bacteroidota;c__Bacteroidia;o__Bacteroidales;f__Bacteroidaceae;g__Prevotella,temperate
v0d69	Viruses;Duplodnaviria;Heunggongvirae;Uroviricota;Caudoviricetes;;,d__Bacteria;p__Actinomycetota;c__Actinomycetes;o__Actinomycetales;f__Bifidobacteriaceae;g__Bifidobacterium,virulent
v0d6a	Viruses;Duplodnaviria;Heunggongvirae;Uroviricota;Caudoviricetes;;,d__Bacteria;p__Bacillota;c__Bacilli;o__Lactobacillales;f__Lactobacillaceae;g__Lactobacillus,temperate
v0d6b	Viruses;Duplodnaviria;Heunggongvirae;Uroviricota;Caudoviricetes;;,d__Bacteria;p__Bacillota;c__Bacilli;o__Lactobacillales;f__Streptococcaceae;g__Streptococcus,temperate
v0d6c	Viruses;Duplodnaviria;Heunggongvirae;Uroviricota;Caudoviricetes;;,NA,temperate
v0d6d	Viruses;Duplodnaviria;Heunggongvirae;Uroviricota;Caudoviricetes;;,d__Bacteria;p__Bacillota;c__Clostridia;o__Tissierellales;f__Peptoniphilaceae;g__Peptoniphilus_A,temperate
v0d6e	Viruses;Duplodnaviria;Heunggongvirae;Uroviricota;Caudoviricetes;;,d__Bacteria;p__Bacillota;c__Bacilli;o__Lactobacillales;f__Streptococcaceae;g__Streptococcus,temperate
v0d6f	NA,d__Bacteria;p__Patescibacteriota;c__Saccharimonadia;o__Saccharimonadales;f__Nanoperiomorbaceae;g__Nanoperiomorbus,temperate
v0d70	Viruses;Duplodnaviria;Heunggongvirae;Uroviricota;Caudoviricetes;;,d__Bacteria;p__Bacillota;c__Clostridia;o__Tissierellales;f__Peptoniphilaceae;g__Peptoniphilus_A,temperate
v0d71	Viruses;Duplodnaviria;Heunggongvirae;Uroviricota;Caudoviricetes;;,d__Bacteria;p__Bacillota;c__Clostridia;o__Tissierellales;f__Peptoniphilaceae;g__Peptoniphilus_A,temperate
v0d72	Viruses;Duplodnaviria;Heunggongvirae;Uroviricota;Caudoviricetes;;,d__Bacteria;p__Bacillota;c__Negativicutes;o__Veillonellales;f__Megasphaeraceae;g__Megasphaera,virulent
v0d73	Viruses;Duplodnaviria;Heunggongvirae;Uroviricota;Caudoviricetes;;,d__Bacteria;p__Bacteroidota;c__Bacteroidia;o__Bacteroidales;f__Bacteroidaceae;g__Prevotella,virulent
v0d74	NA,d__Bacteria;p__Bacillota;c__Clostridia;o__Lachnospirales;f__Lachnospiraceae;g__Bariatricus,virulent
v0d76	Viruses;Duplodnaviria;Heunggongvirae;Uroviricota;Caudoviricetes;;,NA,temperate
v0d77	Viruses;Duplodnaviria;Heunggongvirae;Uroviricota;Caudoviricetes;;,d__Bacteria;p__Bacteroidota;c__Bacteroidia;o__Bacteroidales;f__Bacteroidaceae;g__Prevotella,temperate
v0d78	Viruses;Duplodnaviria;Heunggongvirae;Uroviricota;Caudoviricetes;;Autographiviridae,NA,virulent
v0d79	Viruses;Duplodnaviria;Heunggongvirae;Uroviricota;Caudoviricetes;;,d__Bacteria;p__Bacillota;c__Bacilli;o__Lactobacillales;f__Enterococcaceae;g__Enterococcus,temperate
v0d7a	Viruses;Duplodnaviria;Heunggongvirae;Uroviricota;Caudoviricetes;;,d__Bacteria;p__Bacillota;c__Bacilli;o__Lactobacillales;f__Enterococcaceae;g__Enterococcus,temperate
v0d7b	Viruses;Duplodnaviria;Heunggongvirae;Uroviricota;Caudoviricetes;;,d__Bacteria;p__Bacteroidota;c__Bacteroidia;o__Bacteroidales;f__Bacteroidaceae;g__Prevotella,temperate
v0d7d	Viruses;Duplodnaviria;Heunggongvirae;Uroviricota;Caudoviricetes;;,d__Bacteria;p__Bacillota;c__Bacilli;o__Lactobacillales;f__Lactobacillaceae;g__Lactobacillus,temperate
v0d7e	Viruses;Duplodnaviria;Heunggongvirae;Uroviricota;Caudoviricetes;;,d__Bacteria;p__Bacillota;c__Clostridia;o__Saccharofermentanales;f__Fastidiosipilaceae;g__Amygdalobacter,temperate
v0d80	Viruses;Duplodnaviria;Heunggongvirae;Uroviricota;Caudoviricetes;;,d__Bacteria;p__Actinomycetota;c__Coriobacteriia;o__Coriobacteriales;f__Atopobiaceae;g__Fannyhessea,virulent
v0d81	Viruses;Duplodnaviria;Heunggongvirae;Uroviricota;Caudoviricetes;;,d__Bacteria;p__Actinomycetota;c__Actinomycetes;o__Actinomycetales;f__Bifidobacteriaceae;g__Bifidobacterium,temperate
v0d82	Viruses;Duplodnaviria;Heunggongvirae;Uroviricota;Caudoviricetes;;,d__Bacteria;p__Actinomycetota;c__Coriobacteriia;o__Coriobacteriales;f__Atopobiaceae;g__Fannyhessea,temperate
v0d84	Viruses;Duplodnaviria;Heunggongvirae;Uroviricota;Caudoviricetes;;,NA,temperate
v0d85	Viruses;Duplodnaviria;Heunggongvirae;Uroviricota;Caudoviricetes;;,d__Bacteria;p__Bacteroidota;c__Bacteroidia;o__Bacteroidales;f__Bacteroidaceae;g__Prevotella,temperate
v0d86	Viruses;Duplodnaviria;Heunggongvirae;Uroviricota;Caudoviricetes;;,d__Bacteria;p__Actinomycetota;c__Actinomycetes;o__Actinomycetales;f__Actinomycetaceae;g__Actinobaculum,temperate
v0d87	Viruses;Duplodnaviria;Heunggongvirae;Uroviricota;Caudoviricetes;;,NA,temperate
v0d88	Viruses;Duplodnaviria;Heunggongvirae;Uroviricota;Caudoviricetes;;,NA,temperate
v0d89	Viruses;Duplodnaviria;Heunggongvirae;Uroviricota;Caudoviricetes;;,d__Bacteria;p__Bacillota;c__Bacilli;o__Lactobacillales;f__Lactobacillaceae;g__Lacticaseibacillus,temperate
v0d8a	NA,d__Bacteria;p__Actinomycetota;c__Actinomycetes;o__Actinomycetales;f__Bifidobacteriaceae;g__Bifidobacterium,temperate
v0d8b	Viruses;Duplodnaviria;Heunggongvirae;Uroviricota;Caudoviricetes;;,d__Bacteria;p__Bacillota;c__Bacilli;o__Lactobacillales;f__Lactobacillaceae;g__Lactobacillus,temperate
v0d8c	Viruses;Duplodnaviria;Heunggongvirae;Uroviricota;Caudoviricetes;;,d__Bacteria;p__Actinomycetota;c__Actinomycetes;o__Actinomycetales;f__Bifidobacteriaceae;g__Bifidobacterium,temperate
v0d8d	Viruses;Duplodnaviria;Heunggongvirae;Uroviricota;Caudoviricetes;;,d__Bacteria;p__Bacteroidota;c__Bacteroidia;o__Bacteroidales;f__Bacteroidaceae;g__Prevotella,virulent
v0d8e	Viruses;Duplodnaviria;Heunggongvirae;Uroviricota;Caudoviricetes;;,d__Bacteria;p__Bacillota;c__Bacilli;o__Lactobacillales;f__Lactobacillaceae;g__Lactobacillus,temperate
v0d8f	Viruses;Duplodnaviria;Heunggongvirae;Uroviricota;Caudoviricetes;;,d__Bacteria;p__Actinomycetota;c__Actinomycetes;o__Actinomycetales;f__Bifidobacteriaceae;g__Bifidobacterium,temperate
v0d90	Viruses;Duplodnaviria;Heunggongvirae;Uroviricota;Caudoviricetes;;,d__Bacteria;p__Bacteroidota;c__Bacteroidia;o__Bacteroidales;f__Bacteroidaceae;g__Prevotella,temperate
v0d91	Viruses;Duplodnaviria;Heunggongvirae;Uroviricota;Caudoviricetes;;,d__Bacteria;p__Bacillota;c__Bacilli;o__Lactobacillales;f__Lactobacillaceae;g__Lactobacillus,temperate
v0d92	Viruses;Duplodnaviria;Heunggongvirae;Uroviricota;Caudoviricetes;;,d__Bacteria;p__Actinomycetota;c__Actinomycetes;o__Actinomycetales;f__Bifidobacteriaceae;g__Bifidobacterium,temperate
v0d93	Viruses;Duplodnaviria;Heunggongvirae;Uroviricota;Caudoviricetes;;,d__Bacteria;p__Bacillota;c__Bacilli;o__Lactobacillales;f__Lactobacillaceae;g__Lactobacillus,temperate
v0d95	Viruses;Monodnaviria;Loebvirae;Hofneiviricota;Faserviricetes;Tubulavirales;Inoviridae,d__Bacteria;p__Pseudomonadota;c__Gammaproteobacteria;o__Enterobacterales;f__Enterobacteriaceae;g__Escherichia,virulent
v0d96	Viruses;Duplodnaviria;Heunggongvirae;Uroviricota;Caudoviricetes;;,d__Bacteria;p__Pseudomonadota;c__Gammaproteobacteria;o__Enterobacterales;f__Enterobacteriaceae;g__Escherichia,temperate
v0d97	Viruses;Duplodnaviria;Heunggongvirae;Uroviricota;Caudoviricetes;;,d__Bacteria;p__Pseudomonadota;c__Gammaproteobacteria;o__Enterobacterales;f__Enterobacteriaceae;g__Escherichia,temperate
v0d98	Viruses;Duplodnaviria;Heunggongvirae;Uroviricota;Caudoviricetes;;,d__Bacteria;p__Actinomycetota;c__Actinomycetes;o__Actinomycetales;f__Bifidobacteriaceae;g__Alloscardovia,temperate
v0d9a	Viruses;Duplodnaviria;Heunggongvirae;Uroviricota;Caudoviricetes;;,d__Bacteria;p__Actinomycetota;c__Coriobacteriia;o__Coriobacteriales;f__Atopobiaceae;g__Fannyhessea,temperate
v0d9b	Viruses;Duplodnaviria;Heunggongvirae;Uroviricota;Caudoviricetes;;,d__Bacteria;p__Pseudomonadota;c__Gammaproteobacteria;o__Enterobacterales;f__Enterobacteriaceae;g__Escherichia,temperate
v0d9c	Viruses;Duplodnaviria;Heunggongvirae;Uroviricota;Caudoviricetes;;,d__Bacteria;p__Bacillota;c__Bacilli;o__Lactobacillales;f__Lactobacillaceae;g__Lactobacillus,temperate
v0d9d	Viruses;Duplodnaviria;Heunggongvirae;Uroviricota;Caudoviricetes;;,d__Bacteria;p__Bacillota;c__Bacilli;o__Lactobacillales;f__Lactobacillaceae;g__Lactobacillus,virulent
v0d9e	Viruses;Duplodnaviria;Heunggongvirae;Uroviricota;Caudoviricetes;;,d__Bacteria;p__Actinomycetota;c__Actinomycetes;o__Actinomycetales;f__Bifidobacteriaceae;g__Bifidobacterium,virulent
v0d9f	Viruses;Duplodnaviria;Heunggongvirae;Uroviricota;Caudoviricetes;;,d__Bacteria;p__Actinomycetota;c__Actinomycetes;o__Actinomycetales;f__Bifidobacteriaceae;g__Bifidobacterium,temperate
v0da0	Viruses;Duplodnaviria;Heunggongvirae;Uroviricota;Caudoviricetes;;,d__Bacteria;p__Bacteroidota;c__Bacteroidia;o__Bacteroidales;f__Bacteroidaceae;g__Prevotella,temperate
v0da1	Viruses;Duplodnaviria;Heunggongvirae;Uroviricota;Caudoviricetes;;,d__Bacteria;p__Actinomycetota;c__Actinomycetes;o__Actinomycetales;f__Bifidobacteriaceae;g__Bifidobacterium,virulent
v0da2	Viruses;Duplodnaviria;Heunggongvirae;Uroviricota;Caudoviricetes;;,d__Bacteria;p__Bacillota;c__Bacilli;o__Lactobacillales;f__Lactobacillaceae;g__Lactobacillus,temperate
v0da3	Viruses;Duplodnaviria;Heunggongvirae;Uroviricota;Caudoviricetes;;,d__Bacteria;p__Actinomycetota;c__Actinomycetes;o__Actinomycetales;f__Bifidobacteriaceae;g__Bifidobacterium,temperate
v0da4	Viruses;Duplodnaviria;Heunggongvirae;Uroviricota;Caudoviricetes;;,d__Bacteria;p__Bacillota;c__Bacilli;o__Lactobacillales;f__Lactobacillaceae;g__Lactobacillus,temperate
v0da6	Viruses;Monodnaviria;Sangervirae;Phixviricota;Malgrandaviricetes;Petitvirales;Microviridae,d__Bacteria;p__Bacteroidota;c__Bacteroidia;o__Bacteroidales;f__Bacteroidaceae;g__Bacteroides,virulent
v0da8	Viruses;Duplodnaviria;Heunggongvirae;Uroviricota;Caudoviricetes;;Rountreeviridae,NA,virulent
v0da9	Viruses;Duplodnaviria;Heunggongvirae;Uroviricota;Caudoviricetes;;,d__Bacteria;p__Bacillota;c__Bacilli;o__Lactobacillales;f__Lactobacillaceae;g__Lactobacillus,temperate
v0daa	Viruses;Duplodnaviria;Heunggongvirae;Uroviricota;Caudoviricetes;;,d__Bacteria;p__Bacillota;c__Bacilli;o__Staphylococcales;f__Staphylococcaceae;g__Staphylococcus,temperate
v0dab	Viruses;Duplodnaviria;Heunggongvirae;Uroviricota;Caudoviricetes;;,d__Bacteria;p__Bacillota;c__Bacilli;o__Lactobacillales;f__Lactobacillaceae;g__Lactobacillus,temperate
v0dac	Viruses;Duplodnaviria;Heunggongvirae;Uroviricota;Caudoviricetes;;,d__Bacteria;p__Actinomycetota;c__Actinomycetes;o__Actinomycetales;f__Bifidobacteriaceae;g__Bifidobacterium,temperate
v0dad	Viruses;Duplodnaviria;Heunggongvirae;Uroviricota;Caudoviricetes;;,d__Bacteria;p__Actinomycetota;c__Coriobacteriia;o__Coriobacteriales;f__Atopobiaceae;g__Fannyhessea,temperate
v0dae	Viruses;Duplodnaviria;Heunggongvirae;Uroviricota;Caudoviricetes;;,d__Bacteria;p__Actinomycetota;c__Actinomycetes;o__Actinomycetales;f__Bifidobacteriaceae;g__Bifidobacterium,virulent
v0daf	Viruses;Duplodnaviria;Heunggongvirae;Uroviricota;Caudoviricetes;;,d__Bacteria;p__Bacillota;c__Bacilli;o__Lactobacillales;f__Lactobacillaceae;g__Lactobacillus,temperate
v0db0	Viruses;Duplodnaviria;Heunggongvirae;Uroviricota;Caudoviricetes;;,NA,virulent
v0db1	Viruses;Duplodnaviria;Heunggongvirae;Uroviricota;Caudoviricetes;;,d__Bacteria;p__Actinomycetota;c__Coriobacteriia;o__Coriobacteriales;f__Atopobiaceae;g__Fannyhessea,temperate
v0db2	Viruses;Duplodnaviria;Heunggongvirae;Uroviricota;Caudoviricetes;;,d__Bacteria;p__Bacillota;c__Bacilli;o__Lactobacillales;f__Lactobacillaceae;g__Lactobacillus,temperate
v0db3	Viruses;Duplodnaviria;Heunggongvirae;Uroviricota;Caudoviricetes;;,d__Bacteria;p__Pseudomonadota;c__Gammaproteobacteria;o__Enterobacterales;f__Enterobacteriaceae;g__Escherichia,temperate
v0db4	Viruses;Duplodnaviria;Heunggongvirae;Uroviricota;Caudoviricetes;;,d__Bacteria;p__Bacillota;c__Bacilli;o__Lactobacillales;f__Enterococcaceae;g__Enterococcus,temperate
v0db5	Viruses;Duplodnaviria;Heunggongvirae;Uroviricota;Caudoviricetes;;Rountreeviridae,d__Bacteria;p__Bacillota;c__Bacilli;o__Lactobacillales;f__Lactobacillaceae;g__Lactobacillus,virulent
v0db7	Viruses;Monodnaviria;Sangervirae;Phixviricota;Malgrandaviricetes;Petitvirales;Microviridae,d__Bacteria;p__Bacteroidota;c__Bacteroidia;o__Bacteroidales;f__Bacteroidaceae;g__Bacteroides,virulent
v0db8	Viruses;Duplodnaviria;Heunggongvirae;Uroviricota;Caudoviricetes;;,NA,temperate
v0db9	Viruses;Duplodnaviria;Heunggongvirae;Uroviricota;Caudoviricetes;;,d__Bacteria;p__Bacillota;c__Bacilli;o__Lactobacillales;f__Lactobacillaceae;g__Lactobacillus,temperate
v0dba	Viruses;Duplodnaviria;Heunggongvirae;Uroviricota;Caudoviricetes;;,d__Bacteria;p__Bacillota;c__Bacilli;o__Lactobacillales;f__Lactobacillaceae;g__Lactobacillus,virulent
v0dbb	Viruses;Duplodnaviria;Heunggongvirae;Uroviricota;Caudoviricetes;;,d__Bacteria;p__Actinomycetota;c__Actinomycetes;o__Actinomycetales;f__Bifidobacteriaceae;g__Bifidobacterium,temperate
v0dbc	Viruses;Duplodnaviria;Heunggongvirae;Uroviricota;Caudoviricetes;;Rountreeviridae,NA,virulent
v0dbd	Viruses;Duplodnaviria;Heunggongvirae;Uroviricota;Caudoviricetes;;,d__Bacteria;p__Actinomycetota;c__Coriobacteriia;o__Coriobacteriales;f__Eggerthellaceae;g__Berryella,temperate
v0dbe	Viruses;Duplodnaviria;Heunggongvirae;Uroviricota;Caudoviricetes;;,d__Bacteria;p__Bacillota;c__Bacilli;o__Lactobacillales;f__Lactobacillaceae;g__Lactobacillus,temperate
v0dbf	Viruses;Duplodnaviria;Heunggongvirae;Uroviricota;Caudoviricetes;;,d__Bacteria;p__Bacillota;c__Bacilli;o__Lactobacillales;f__Lactobacillaceae;g__Lactobacillus,temperate
v0dc0	Viruses;Duplodnaviria;Heunggongvirae;Uroviricota;Caudoviricetes;;,d__Bacteria;p__Bacillota;c__Bacilli;o__Staphylococcales;f__Staphylococcaceae;g__Staphylococcus,temperate
v0dc1	Viruses;Duplodnaviria;Heunggongvirae;Uroviricota;Caudoviricetes;;Rountreeviridae,d__Bacteria;p__Bacillota;c__Bacilli;o__Staphylococcales;f__Staphylococcaceae;g__Staphylococcus,virulent
v0dc2	Viruses;Duplodnaviria;Heunggongvirae;Uroviricota;Caudoviricetes;;,d__Bacteria;p__Bacillota;c__Bacilli;o__Staphylococcales;f__Staphylococcaceae;g__Staphylococcus,temperate
v0dc3	Viruses;Duplodnaviria;Heunggongvirae;Uroviricota;Caudoviricetes;;Rountreeviridae,NA,virulent
v0dc4	Viruses;Duplodnaviria;Heunggongvirae;Uroviricota;Caudoviricetes;;,d__Bacteria;p__Bacillota;c__Bacilli;o__Lactobacillales;f__Enterococcaceae;g__Enterococcus,temperate
v0dc5	Viruses;Duplodnaviria;Heunggongvirae;Uroviricota;Caudoviricetes;;,d__Bacteria;p__Bacillota;c__Bacilli;o__Lactobacillales;f__Lactobacillaceae;g__Lactobacillus,temperate
v0dc6	Viruses;Duplodnaviria;Heunggongvirae;Uroviricota;Caudoviricetes;;,d__Bacteria;p__Bacillota;c__Bacilli;o__Lactobacillales;f__Enterococcaceae;g__Enterococcus,temperate
v0dc9	Viruses;Duplodnaviria;Heunggongvirae;Uroviricota;Caudoviricetes;;Rountreeviridae,NA,virulent
v0dca	Viruses;Duplodnaviria;Heunggongvirae;Uroviricota;Caudoviricetes;;,d__Bacteria;p__Bacillota;c__Negativicutes;o__Veillonellales;f__Veillonellaceae;g__Veillonella,temperate
v0dcc	Viruses;Duplodnaviria;Heunggongvirae;Uroviricota;Caudoviricetes;;,d__Bacteria;p__Bacteroidota;c__Bacteroidia;o__Bacteroidales;f__Bacteroidaceae;g__Prevotella,temperate
v0dcd	Viruses;Duplodnaviria;Heunggongvirae;Uroviricota;Caudoviricetes;;,d__Bacteria;p__Pseudomonadota;c__Gammaproteobacteria;o__Enterobacterales;f__Enterobacteriaceae;g__Escherichia,temperate
v0dce	Viruses;Duplodnaviria;Heunggongvirae;Uroviricota;Caudoviricetes;;,d__Bacteria;p__Pseudomonadota;c__Gammaproteobacteria;o__Enterobacterales;f__Enterobacteriaceae;g__Escherichia,temperate
v0dcf	Viruses;Duplodnaviria;Heunggongvirae;Uroviricota;Caudoviricetes;;,d__Bacteria;p__Bacillota;c__Bacilli;o__Lactobacillales;f__Enterococcaceae;g__Enterococcus,temperate
v0dd0	Viruses;Duplodnaviria;Heunggongvirae;Uroviricota;Caudoviricetes;;,d__Bacteria;p__Pseudomonadota;c__Gammaproteobacteria;o__Enterobacterales;f__Enterobacteriaceae;g__Escherichia,temperate
v0dd1	Viruses;Duplodnaviria;Heunggongvirae;Uroviricota;Caudoviricetes;;,d__Bacteria;p__Bacillota;c__Clostridia;o__Tissierellales;f__Peptoniphilaceae;g__Anaerococcus,temperate
v0dd2	Viruses;Duplodnaviria;Heunggongvirae;Uroviricota;Caudoviricetes;;,d__Bacteria;p__Bacillota;c__Bacilli;o__Lactobacillales;f__Streptococcaceae;g__Streptococcus,virulent
v0dd3	Viruses;Duplodnaviria;Heunggongvirae;Uroviricota;Caudoviricetes;;,d__Bacteria;p__Pseudomonadota;c__Gammaproteobacteria;o__Enterobacterales;f__Enterobacteriaceae;g__Enterobacter,temperate
v0dd4	Viruses;Duplodnaviria;Heunggongvirae;Uroviricota;Caudoviricetes;;,d__Bacteria;p__Bacteroidota;c__Bacteroidia;o__Bacteroidales;f__Porphyromonadaceae;g__Porphyromonas_A,virulent
v0dd5	Viruses;Duplodnaviria;Heunggongvirae;Uroviricota;Caudoviricetes;;,d__Bacteria;p__Actinomycetota;c__Actinomycetes;o__Actinomycetales;f__Bifidobacteriaceae;g__Bifidobacterium,temperate
v0dd6	Viruses;Duplodnaviria;Heunggongvirae;Uroviricota;Caudoviricetes;;,NA,temperate
v0dd7	Viruses;Duplodnaviria;Heunggongvirae;Uroviricota;Caudoviricetes;;,d__Bacteria;p__Bacillota;c__Negativicutes;o__Veillonellales;f__Dialisteraceae;g__Dialister,temperate
v0dd8	Viruses;Duplodnaviria;Heunggongvirae;Uroviricota;Caudoviricetes;;,d__Bacteria;p__Bacillota;c__Bacilli;o__Lactobacillales;f__Lactobacillaceae;g__Lactobacillus,temperate
v0dd9	Viruses;Duplodnaviria;Heunggongvirae;Uroviricota;Caudoviricetes;;,d__Bacteria;p__Bacillota;c__Clostridia;o__Tissierellales;f__Peptoniphilaceae;g__Peptoniphilus_A,temperate
v0dda	Viruses;Duplodnaviria;Heunggongvirae;Uroviricota;Caudoviricetes;;,NA,temperate
v0ddb	NA,NA,temperate
v0ddc	Viruses;Duplodnaviria;Heunggongvirae;Uroviricota;Caudoviricetes;;,d__Bacteria;p__Bacteroidota;c__Bacteroidia;o__Bacteroidales;f__Bacteroidaceae;g__Prevotella,virulent
v0ddd	Viruses;Duplodnaviria;Heunggongvirae;Uroviricota;Caudoviricetes;;,NA,temperate
v0dde	Viruses;Duplodnaviria;Heunggongvirae;Uroviricota;Caudoviricetes;;,d__Bacteria;p__Bacillota;c__Bacilli;o__Lactobacillales;f__Lactobacillaceae;g__Lactobacillus,temperate
v0ddf	Viruses;Duplodnaviria;Heunggongvirae;Uroviricota;Caudoviricetes;;,d__Bacteria;p__Actinomycetota;c__Actinomycetes;o__Actinomycetales;f__Bifidobacteriaceae;g__Bifidobacterium,virulent
v0de0	Viruses;Duplodnaviria;Heunggongvirae;Uroviricota;Caudoviricetes;;,d__Bacteria;p__Pseudomonadota;c__Gammaproteobacteria;o__Enterobacterales;f__Enterobacteriaceae;g__Klebsiella,temperate
v0de1	Viruses;Duplodnaviria;Heunggongvirae;Uroviricota;Caudoviricetes;;,d__Bacteria;p__Bacillota;c__Bacilli;o__Lactobacillales;f__Lactobacillaceae;g__Lactobacillus,temperate
v0de2	Viruses;Duplodnaviria;Heunggongvirae;Uroviricota;Caudoviricetes;;,d__Bacteria;p__Bacteroidota;c__Bacteroidia;o__Bacteroidales;f__Bacteroidaceae;g__Prevotella,virulent
v0de3	Viruses;Duplodnaviria;Heunggongvirae;Uroviricota;Caudoviricetes;;,d__Bacteria;p__Pseudomonadota;c__Gammaproteobacteria;o__Enterobacterales;f__Enterobacteriaceae;g__Escherichia,temperate
v0de4	Viruses;Duplodnaviria;Heunggongvirae;Uroviricota;Caudoviricetes;;,d__Bacteria;p__Bacillota;c__Bacilli;o__Lactobacillales;f__Lactobacillaceae;g__Lactobacillus,virulent
v0de5	Viruses;Duplodnaviria;Heunggongvirae;Uroviricota;Caudoviricetes;;,d__Bacteria;p__Actinomycetota;c__Actinomycetes;o__Actinomycetales;f__Bifidobacteriaceae;g__Bifidobacterium,virulent
v0de6	Viruses;Duplodnaviria;Heunggongvirae;Uroviricota;Caudoviricetes;;,d__Bacteria;p__Bacillota;c__Bacilli;o__Lactobacillales;f__Lactobacillaceae;g__Lactobacillus,temperate
v0de7	Viruses;Duplodnaviria;Heunggongvirae;Uroviricota;Caudoviricetes;;,d__Bacteria;p__Bacillota;c__Bacilli;o__Lactobacillales;f__Lactobacillaceae;g__Lactobacillus,temperate
v0de8	Viruses;Duplodnaviria;Heunggongvirae;Uroviricota;Caudoviricetes;;,d__Bacteria;p__Pseudomonadota;c__Gammaproteobacteria;o__Enterobacterales;f__Enterobacteriaceae;g__Escherichia,temperate
v0de9	Viruses;Duplodnaviria;Heunggongvirae;Uroviricota;Caudoviricetes;;,d__Bacteria;p__Bacillota;c__Bacilli;o__Lactobacillales;f__Enterococcaceae;g__Enterococcus,temperate
v0dea	NA,d__Bacteria;p__Bacillota;c__Bacilli;o__Lactobacillales;f__Lactobacillaceae;g__Lactobacillus,temperate
v0deb	Viruses;Duplodnaviria;Heunggongvirae;Uroviricota;Caudoviricetes;;,d__Bacteria;p__Bacillota;c__Bacilli;o__Lactobacillales;f__Lactobacillaceae;g__Lactobacillus,temperate
v0dec	Viruses;Duplodnaviria;Heunggongvirae;Uroviricota;Caudoviricetes;;,d__Bacteria;p__Actinomycetota;c__Actinomycetes;o__Actinomycetales;f__Bifidobacteriaceae;g__Bifidobacterium,temperate
v0ded	Viruses;Duplodnaviria;Heunggongvirae;Uroviricota;Caudoviricetes;;,d__Bacteria;p__Actinomycetota;c__Actinomycetes;o__Actinomycetales;f__Actinomycetaceae;g__Mobiluncus,virulent
v0dee	Viruses;Duplodnaviria;Heunggongvirae;Uroviricota;Caudoviricetes;;,d__Bacteria;p__Actinomycetota;c__Actinomycetes;o__Actinomycetales;f__Bifidobacteriaceae;g__Bifidobacterium,temperate
v0def	Viruses;Duplodnaviria;Heunggongvirae;Uroviricota;Caudoviricetes;;,d__Bacteria;p__Bacillota;c__Bacilli;o__Lactobacillales;f__Lactobacillaceae;g__Lactobacillus,virulent
v0df0	NA,d__Bacteria;p__Actinomycetota;c__Actinomycetes;o__Actinomycetales;f__Bifidobacteriaceae;g__Bifidobacterium,temperate
v0df1	Viruses;Duplodnaviria;Heunggongvirae;Uroviricota;Caudoviricetes;;,d__Bacteria;p__Pseudomonadota;c__Gammaproteobacteria;o__Enterobacterales;f__Enterobacteriaceae;g__Escherichia,temperate
v0df2	Viruses;Duplodnaviria;Heunggongvirae;Uroviricota;Caudoviricetes;;,d__Bacteria;p__Bacillota;c__Bacilli;o__Lactobacillales;f__Enterococcaceae;g__Enterococcus,temperate
v0df3	Viruses;Duplodnaviria;Heunggongvirae;Uroviricota;Caudoviricetes;;,d__Bacteria;p__Bacillota;c__Bacilli;o__Lactobacillales;f__Lactobacillaceae;g__Lactobacillus,temperate
v0df4	Viruses;Duplodnaviria;Heunggongvirae;Uroviricota;Caudoviricetes;;,d__Bacteria;p__Bacillota;c__Bacilli;o__Lactobacillales;f__Streptococcaceae;g__Streptococcus,virulent
v0df5	Viruses;Duplodnaviria;Heunggongvirae;Uroviricota;Caudoviricetes;;,d__Bacteria;p__Bacillota;c__Bacilli;o__Lactobacillales;f__Lactobacillaceae;g__Lactobacillus,temperate
v0df6	Viruses;Duplodnaviria;Heunggongvirae;Uroviricota;Caudoviricetes;;,d__Bacteria;p__Actinomycetota;c__Actinomycetes;o__Actinomycetales;f__Bifidobacteriaceae;g__Bifidobacterium,temperate
v0df7	Viruses;Duplodnaviria;Heunggongvirae;Uroviricota;Caudoviricetes;;,d__Bacteria;p__Bacillota;c__Clostridia;o__Tissierellales;f__Peptoniphilaceae;g__Anaerococcus,temperate
v0df8	Viruses;Duplodnaviria;Heunggongvirae;Uroviricota;Caudoviricetes;;,NA,temperate
v0df9	Viruses;Duplodnaviria;Heunggongvirae;Uroviricota;Caudoviricetes;;,d__Bacteria;p__Bacillota;c__Bacilli;o__Lactobacillales;f__Lactobacillaceae;g__Lactobacillus,temperate
v0dfa	Viruses;Duplodnaviria;Heunggongvirae;Uroviricota;Caudoviricetes;;,d__Bacteria;p__Bacillota;c__Bacilli;o__Lactobacillales;f__Streptococcaceae;g__Streptococcus,temperate
v0dfb	Viruses;Duplodnaviria;Heunggongvirae;Uroviricota;Caudoviricetes;;,d__Bacteria;p__Bacillota;c__Bacilli;o__Lactobacillales;f__Enterococcaceae;g__Enterococcus,temperate
v0dfc	Viruses;Duplodnaviria;Heunggongvirae;Uroviricota;Caudoviricetes;;Rountreeviridae,NA,virulent
v0dfd	Viruses;Duplodnaviria;Heunggongvirae;Uroviricota;Caudoviricetes;;,d__Bacteria;p__Pseudomonadota;c__Gammaproteobacteria;o__Enterobacterales;f__Enterobacteriaceae;g__Proteus,temperate
v0dfe	Viruses;Duplodnaviria;Heunggongvirae;Uroviricota;Caudoviricetes;;,d__Bacteria;p__Bacillota;c__Bacilli;o__Staphylococcales;f__Staphylococcaceae;g__Staphylococcus,temperate
v0e00	Viruses;Duplodnaviria;Heunggongvirae;Uroviricota;Caudoviricetes;;,NA,temperate
v0e01	Viruses;Duplodnaviria;Heunggongvirae;Uroviricota;Caudoviricetes;;,d__Bacteria;p__Pseudomonadota;c__Gammaproteobacteria;o__Enterobacterales;f__Enterobacteriaceae;g__Klebsiella,temperate
v0e02	Viruses;Duplodnaviria;Heunggongvirae;Uroviricota;Caudoviricetes;;,d__Bacteria;p__Pseudomonadota;c__Gammaproteobacteria;o__Enterobacterales;f__Enterobacteriaceae;g__Escherichia,temperate
v0e03	Viruses;Duplodnaviria;Heunggongvirae;Uroviricota;Caudoviricetes;;,d__Bacteria;p__Pseudomonadota;c__Gammaproteobacteria;o__Enterobacterales;f__Enterobacteriaceae;g__Klebsiella,temperate
v0e04	Viruses;Duplodnaviria;Heunggongvirae;Uroviricota;Caudoviricetes;;,d__Bacteria;p__Pseudomonadota;c__Gammaproteobacteria;o__Enterobacterales;f__Enterobacteriaceae;g__Klebsiella,temperate
v0e05	Viruses;Duplodnaviria;Heunggongvirae;Uroviricota;Caudoviricetes;;,d__Bacteria;p__Pseudomonadota;c__Gammaproteobacteria;o__Enterobacterales;f__Enterobacteriaceae;g__Klebsiella,temperate
v0e06	Viruses;Duplodnaviria;Heunggongvirae;Uroviricota;Caudoviricetes;;,d__Bacteria;p__Pseudomonadota;c__Gammaproteobacteria;o__Enterobacterales;f__Enterobacteriaceae;g__Klebsiella,virulent
v0e07	Viruses;Duplodnaviria;Heunggongvirae;Uroviricota;Caudoviricetes;;,d__Bacteria;p__Pseudomonadota;c__Gammaproteobacteria;o__Enterobacterales;f__Enterobacteriaceae;g__Escherichia,virulent
v0e08	Viruses;Duplodnaviria;Heunggongvirae;Uroviricota;Caudoviricetes;;,d__Bacteria;p__Bacillota;c__Bacilli;o__Lactobacillales;f__Lactobacillaceae;g__Lactobacillus,temperate
v0e09	Viruses;Duplodnaviria;Heunggongvirae;Uroviricota;Caudoviricetes;;,d__Bacteria;p__Pseudomonadota;c__Gammaproteobacteria;o__Enterobacterales;f__Enterobacteriaceae;g__Escherichia,temperate
v0e0a	Viruses;Duplodnaviria;Heunggongvirae;Uroviricota;Caudoviricetes;;,d__Bacteria;p__Pseudomonadota;c__Gammaproteobacteria;o__Enterobacterales;f__Enterobacteriaceae;g__Klebsiella,temperate
v0e0b	Viruses;Duplodnaviria;Heunggongvirae;Uroviricota;Caudoviricetes;;,d__Bacteria;p__Pseudomonadota;c__Gammaproteobacteria;o__Enterobacterales;f__Enterobacteriaceae;g__Klebsiella,temperate
v0e0c	Viruses;Duplodnaviria;Heunggongvirae;Uroviricota;Caudoviricetes;;,d__Bacteria;p__Pseudomonadota;c__Gammaproteobacteria;o__Enterobacterales;f__Enterobacteriaceae;g__Klebsiella,temperate
v0e0d	Viruses;Duplodnaviria;Heunggongvirae;Uroviricota;Caudoviricetes;;,d__Bacteria;p__Pseudomonadota;c__Gammaproteobacteria;o__Enterobacterales;f__Enterobacteriaceae;g__Klebsiella,virulent
v0e0e	Viruses;Duplodnaviria;Heunggongvirae;Uroviricota;Caudoviricetes;;,d__Bacteria;p__Pseudomonadota;c__Gammaproteobacteria;o__Enterobacterales;f__Enterobacteriaceae;g__Klebsiella,temperate
v0e0f	Viruses;Duplodnaviria;Heunggongvirae;Uroviricota;Caudoviricetes;;,d__Bacteria;p__Bacillota;c__Bacilli;o__Staphylococcales;f__Staphylococcaceae;g__Staphylococcus,temperate
v0e10	Viruses;Duplodnaviria;Heunggongvirae;Uroviricota;Caudoviricetes;;,d__Bacteria;p__Bacillota;c__Bacilli;o__Staphylococcales;f__Staphylococcaceae;g__Staphylococcus,temperate
v0e11	Viruses;Duplodnaviria;Heunggongvirae;Uroviricota;Caudoviricetes;;,d__Bacteria;p__Bacillota;c__Bacilli;o__Lactobacillales;f__Lactobacillaceae;g__Lactobacillus,temperate
v0e12	Viruses;Duplodnaviria;Heunggongvirae;Uroviricota;Caudoviricetes;;,d__Bacteria;p__Bacillota;c__Bacilli;o__Lactobacillales;f__Lactobacillaceae;g__Lactobacillus,temperate
v0e13	Viruses;Duplodnaviria;Heunggongvirae;Uroviricota;Caudoviricetes;;,d__Bacteria;p__Bacillota;c__Bacilli;o__Lactobacillales;f__Lactobacillaceae;g__Lactobacillus,temperate
v0e14	Viruses;Duplodnaviria;Heunggongvirae;Uroviricota;Caudoviricetes;;,d__Bacteria;p__Bacillota;c__Bacilli;o__Lactobacillales;f__Streptococcaceae;g__Streptococcus,temperate
v0e15	Viruses;Duplodnaviria;Heunggongvirae;Uroviricota;Caudoviricetes;;,d__Bacteria;p__Bacillota;c__Bacilli;o__Staphylococcales;f__Staphylococcaceae;g__Staphylococcus,temperate
v0e16	Viruses;Duplodnaviria;Heunggongvirae;Uroviricota;Caudoviricetes;;,d__Bacteria;p__Actinomycetota;c__Actinomycetes;o__Actinomycetales;f__Bifidobacteriaceae;g__Bifidobacterium,temperate
v0e17	Viruses;Duplodnaviria;Heunggongvirae;Uroviricota;Caudoviricetes;;,d__Bacteria;p__Bacillota;c__Bacilli;o__Lactobacillales;f__Lactobacillaceae;g__Lactobacillus,temperate
v0e18	Viruses;Duplodnaviria;Heunggongvirae;Uroviricota;Caudoviricetes;;,d__Bacteria;p__Bacillota;c__Bacilli;o__Lactobacillales;f__Lactobacillaceae;g__Lactobacillus,temperate
v0e19	Viruses;Duplodnaviria;Heunggongvirae;Uroviricota;Caudoviricetes;;,d__Bacteria;p__Actinomycetota;c__Actinomycetes;o__Actinomycetales;f__Actinomycetaceae;g__Pauljensenia,temperate
v0e1a	Viruses;Duplodnaviria;Heunggongvirae;Uroviricota;Caudoviricetes;;,d__Bacteria;p__Bacillota;c__Bacilli;o__Lactobacillales;f__Streptococcaceae;g__Streptococcus,temperate
v0e1b	Viruses;Duplodnaviria;Heunggongvirae;Uroviricota;Caudoviricetes;;,d__Bacteria;p__Pseudomonadota;c__Gammaproteobacteria;o__Enterobacterales;f__Enterobacteriaceae;g__Proteus,temperate
v0e1c	Viruses;Duplodnaviria;Heunggongvirae;Uroviricota;Caudoviricetes;;,d__Bacteria;p__Pseudomonadota;c__Gammaproteobacteria;o__Enterobacterales;f__Enterobacteriaceae;g__Proteus,temperate
v0e1d	Viruses;Duplodnaviria;Heunggongvirae;Uroviricota;Caudoviricetes;;,d__Bacteria;p__Pseudomonadota;c__Gammaproteobacteria;o__Enterobacterales;f__Enterobacteriaceae;g__Proteus,temperate
v0e1e	Viruses;Duplodnaviria;Heunggongvirae;Uroviricota;Caudoviricetes;;,d__Bacteria;p__Pseudomonadota;c__Gammaproteobacteria;o__Enterobacterales;f__Enterobacteriaceae;g__Proteus,virulent
v0e1f	NA,d__Bacteria;p__Actinomycetota;c__Actinomycetes;o__Actinomycetales;f__Bifidobacteriaceae;g__Bifidobacterium,temperate
v0e20	Viruses;Duplodnaviria;Heunggongvirae;Uroviricota;Caudoviricetes;;,d__Bacteria;p__Actinomycetota;c__Actinomycetes;o__Actinomycetales;f__Bifidobacteriaceae;g__Bifidobacterium,temperate
v0e21	Viruses;Duplodnaviria;Heunggongvirae;Uroviricota;Caudoviricetes;;,d__Bacteria;p__Bacillota;c__Bacilli;o__Lactobacillales;f__Lactobacillaceae;g__Lactobacillus,temperate
v0e22	Viruses;Duplodnaviria;Heunggongvirae;Uroviricota;Caudoviricetes;;,d__Bacteria;p__Pseudomonadota;c__Gammaproteobacteria;o__Enterobacterales;f__Enterobacteriaceae;g__Klebsiella,temperate
v0e23	NA,d__Bacteria;p__Pseudomonadota;c__Gammaproteobacteria;o__Enterobacterales;f__Enterobacteriaceae;g__Klebsiella,temperate
v0e24	Viruses;Duplodnaviria;Heunggongvirae;Uroviricota;Caudoviricetes;;,d__Bacteria;p__Pseudomonadota;c__Gammaproteobacteria;o__Enterobacterales;f__Enterobacteriaceae;g__Klebsiella,temperate
v0e25	Viruses;Duplodnaviria;Heunggongvirae;Uroviricota;Caudoviricetes;;,d__Bacteria;p__Pseudomonadota;c__Gammaproteobacteria;o__Enterobacterales;f__Enterobacteriaceae;g__Klebsiella,temperate
v0e26	Viruses;Duplodnaviria;Heunggongvirae;Uroviricota;Caudoviricetes;;,d__Bacteria;p__Pseudomonadota;c__Gammaproteobacteria;o__Enterobacterales;f__Enterobacteriaceae;g__Klebsiella,temperate
v0e27	Viruses;Duplodnaviria;Heunggongvirae;Uroviricota;Caudoviricetes;;,d__Bacteria;p__Pseudomonadota;c__Gammaproteobacteria;o__Enterobacterales;f__Enterobacteriaceae;g__Klebsiella,temperate
v0e28	NA,d__Bacteria;p__Pseudomonadota;c__Gammaproteobacteria;o__Enterobacterales;f__Enterobacteriaceae;g__Cronobacter,temperate
v0e29	Viruses;Duplodnaviria;Heunggongvirae;Uroviricota;Caudoviricetes;;,d__Bacteria;p__Bacillota;c__Bacilli;o__Lactobacillales;f__Lactobacillaceae;g__Lactobacillus,temperate
v0e2a	Viruses;Duplodnaviria;Heunggongvirae;Uroviricota;Caudoviricetes;;,d__Bacteria;p__Bacillota;c__Bacilli;o__Lactobacillales;f__Enterococcaceae;g__Enterococcus,temperate
v0e2b	Viruses;Duplodnaviria;Heunggongvirae;Uroviricota;Caudoviricetes;;,d__Bacteria;p__Pseudomonadota;c__Gammaproteobacteria;o__Enterobacterales;f__Enterobacteriaceae;g__Morganella,virulent
v0e2c	Viruses;Duplodnaviria;Heunggongvirae;Uroviricota;Caudoviricetes;;,d__Bacteria;p__Bacillota;c__Bacilli;o__Staphylococcales;f__Staphylococcaceae;g__Staphylococcus,temperate
v0e2d	Viruses;Duplodnaviria;Heunggongvirae;Uroviricota;Caudoviricetes;;,d__Bacteria;p__Bacillota;c__Bacilli;o__Staphylococcales;f__Staphylococcaceae;g__Staphylococcus,temperate
v0e2e	Viruses;Duplodnaviria;Heunggongvirae;Uroviricota;Caudoviricetes;;,d__Bacteria;p__Bacillota;c__Bacilli;o__Lactobacillales;f__Lactobacillaceae;g__Lactobacillus,temperate
v0e2f	Viruses;Duplodnaviria;Heunggongvirae;Uroviricota;Caudoviricetes;;,d__Bacteria;p__Bacillota;c__Bacilli;o__Lactobacillales;f__Lactobacillaceae;g__Lactobacillus,temperate
v0e30	Viruses;Duplodnaviria;Heunggongvirae;Uroviricota;Caudoviricetes;;,d__Bacteria;p__Actinomycetota;c__Actinomycetes;o__Actinomycetales;f__Bifidobacteriaceae;g__Bifidobacterium,temperate
v0e31	Viruses;Duplodnaviria;Heunggongvirae;Uroviricota;Caudoviricetes;;,d__Bacteria;p__Bacillota;c__Bacilli;o__Lactobacillales;f__Lactobacillaceae;g__Lactobacillus,temperate
v0e32	Viruses;Duplodnaviria;Heunggongvirae;Uroviricota;Caudoviricetes;;,d__Bacteria;p__Bacillota;c__Bacilli;o__Lactobacillales;f__Enterococcaceae;g__Enterococcus,temperate
v0e33	Viruses;Duplodnaviria;Heunggongvirae;Uroviricota;Caudoviricetes;;,d__Bacteria;p__Actinomycetota;c__Actinomycetes;o__Actinomycetales;f__Bifidobacteriaceae;g__Bifidobacterium,temperate
v0e34	Viruses;Duplodnaviria;Heunggongvirae;Uroviricota;Caudoviricetes;;,d__Bacteria;p__Actinomycetota;c__Actinomycetes;o__Actinomycetales;f__Bifidobacteriaceae;g__Bifidobacterium,temperate
v0e35	Viruses;Duplodnaviria;Heunggongvirae;Uroviricota;Caudoviricetes;;,d__Bacteria;p__Pseudomonadota;c__Gammaproteobacteria;o__Enterobacterales;f__Enterobacteriaceae;g__Enterobacter,temperate
v0e36	Viruses;Duplodnaviria;Heunggongvirae;Uroviricota;Caudoviricetes;;,NA,temperate
v0e37	Viruses;Duplodnaviria;Heunggongvirae;Uroviricota;Caudoviricetes;;,d__Bacteria;p__Pseudomonadota;c__Gammaproteobacteria;o__Enterobacterales;f__Enterobacteriaceae;g__Citrobacter,temperate
v0e38	Viruses;Duplodnaviria;Heunggongvirae;Uroviricota;Caudoviricetes;;,d__Bacteria;p__Pseudomonadota;c__Gammaproteobacteria;o__Enterobacterales;f__Enterobacteriaceae;g__Escherichia,temperate
v0e39	Viruses;Duplodnaviria;Heunggongvirae;Uroviricota;Caudoviricetes;;,d__Bacteria;p__Pseudomonadota;c__Gammaproteobacteria;o__Enterobacterales;f__Enterobacteriaceae;g__Escherichia,temperate
v0e3a	Viruses;Duplodnaviria;Heunggongvirae;Uroviricota;Caudoviricetes;;,d__Bacteria;p__Pseudomonadota;c__Gammaproteobacteria;o__Enterobacterales;f__Enterobacteriaceae;g__Enterobacter,temperate
v0e3b	Viruses;Duplodnaviria;Heunggongvirae;Uroviricota;Caudoviricetes;;,d__Bacteria;p__Pseudomonadota;c__Gammaproteobacteria;o__Enterobacterales;f__Enterobacteriaceae;g__Enterobacter,virulent
v0e3c	Viruses;Duplodnaviria;Heunggongvirae;Uroviricota;Caudoviricetes;;,d__Bacteria;p__Pseudomonadota;c__Gammaproteobacteria;o__Enterobacterales;f__Enterobacteriaceae;g__Enterobacter,temperate
v0e3d	Viruses;Duplodnaviria;Heunggongvirae;Uroviricota;Caudoviricetes;;,d__Bacteria;p__Bacillota;c__Bacilli;o__Lactobacillales;f__Lactobacillaceae;g__Lactobacillus,temperate
v0e3e	Viruses;Duplodnaviria;Heunggongvirae;Uroviricota;Caudoviricetes;;,NA,temperate
v0e3f	Viruses;Duplodnaviria;Heunggongvirae;Uroviricota;Caudoviricetes;;,d__Bacteria;p__Pseudomonadota;c__Gammaproteobacteria;o__Enterobacterales;f__Enterobacteriaceae;g__Enterobacter,temperate
v0e40	Viruses;Duplodnaviria;Heunggongvirae;Uroviricota;Caudoviricetes;;,d__Bacteria;p__Pseudomonadota;c__Gammaproteobacteria;o__Enterobacterales;f__Enterobacteriaceae;g__Klebsiella,temperate
v0e41	Viruses;Duplodnaviria;Heunggongvirae;Uroviricota;Caudoviricetes;;,NA,temperate
v0e42	Viruses;Duplodnaviria;Heunggongvirae;Uroviricota;Caudoviricetes;;,d__Bacteria;p__Bacillota;c__Bacilli;o__Lactobacillales;f__Enterococcaceae;g__Enterococcus,temperate
v0e43	Viruses;Duplodnaviria;Heunggongvirae;Uroviricota;Caudoviricetes;;,NA,temperate
v0e44	Viruses;Duplodnaviria;Heunggongvirae;Uroviricota;Caudoviricetes;;,d__Bacteria;p__Pseudomonadota;c__Gammaproteobacteria;o__Enterobacterales;f__Enterobacteriaceae;g__Klebsiella,temperate
v0e45	Viruses;Duplodnaviria;Heunggongvirae;Uroviricota;Caudoviricetes;;,d__Bacteria;p__Pseudomonadota;c__Gammaproteobacteria;o__Enterobacterales;f__Enterobacteriaceae;g__Enterobacter,temperate
v0e46	NA,d__Bacteria;p__Pseudomonadota;c__Gammaproteobacteria;o__Enterobacterales;f__Enterobacteriaceae;g__Escherichia,temperate
v0e48	Viruses;Duplodnaviria;Heunggongvirae;Uroviricota;Caudoviricetes;;,d__Bacteria;p__Pseudomonadota;c__Gammaproteobacteria;o__Enterobacterales;f__Enterobacteriaceae;g__Escherichia,virulent
v0e49	Viruses;Duplodnaviria;Heunggongvirae;Uroviricota;Caudoviricetes;;,d__Bacteria;p__Pseudomonadota;c__Gammaproteobacteria;o__Enterobacterales;f__Enterobacteriaceae;g__Escherichia,temperate
v0e4a	Viruses;Duplodnaviria;Heunggongvirae;Uroviricota;Caudoviricetes;;,d__Bacteria;p__Pseudomonadota;c__Gammaproteobacteria;o__Enterobacterales;f__Enterobacteriaceae;g__Escherichia,virulent
v0e4b	Viruses;Duplodnaviria;Heunggongvirae;Uroviricota;Caudoviricetes;;,d__Bacteria;p__Pseudomonadota;c__Gammaproteobacteria;o__Enterobacterales;f__Enterobacteriaceae;g__Escherichia,temperate
v0e4c	Viruses;Duplodnaviria;Heunggongvirae;Uroviricota;Caudoviricetes;;,d__Bacteria;p__Pseudomonadota;c__Gammaproteobacteria;o__Enterobacterales;f__Enterobacteriaceae;g__Escherichia,temperate
v0e4d	Viruses;Duplodnaviria;Heunggongvirae;Uroviricota;Caudoviricetes;;,d__Bacteria;p__Bacillota;c__Bacilli;o__Lactobacillales;f__Lactobacillaceae;g__Lactobacillus,temperate
v0e4e	Viruses;Duplodnaviria;Heunggongvirae;Uroviricota;Caudoviricetes;;,d__Bacteria;p__Bacillota;c__Bacilli;o__Lactobacillales;f__Lactobacillaceae;g__Lactobacillus,temperate
v0e4f	Viruses;Duplodnaviria;Heunggongvirae;Uroviricota;Caudoviricetes;;,d__Bacteria;p__Pseudomonadota;c__Gammaproteobacteria;o__Enterobacterales;f__Enterobacteriaceae;g__Escherichia,temperate
v0e50	Viruses;Duplodnaviria;Heunggongvirae;Uroviricota;Caudoviricetes;;,d__Bacteria;p__Bacillota;c__Clostridia;o__Tissierellales;f__Peptoniphilaceae;g__Peptoniphilus_A,temperate
v0e51	Viruses;Duplodnaviria;Heunggongvirae;Uroviricota;Caudoviricetes;;,d__Bacteria;p__Actinomycetota;c__Coriobacteriia;o__Coriobacteriales;f__Eggerthellaceae;g__Berryella,temperate
v0e52	Viruses;Duplodnaviria;Heunggongvirae;Uroviricota;Caudoviricetes;;,d__Bacteria;p__Actinomycetota;c__Coriobacteriia;o__Coriobacteriales;f__Atopobiaceae;g__Fannyhessea,temperate
v0e53	Viruses;Duplodnaviria;Heunggongvirae;Uroviricota;Caudoviricetes;;,d__Bacteria;p__Actinomycetota;c__Actinomycetes;o__Actinomycetales;f__Bifidobacteriaceae;g__Bifidobacterium,temperate
v0e54	Viruses;Duplodnaviria;Heunggongvirae;Uroviricota;Caudoviricetes;;,d__Bacteria;p__Bacteroidota;c__Bacteroidia;o__Bacteroidales;f__Bacteroidaceae;g__Prevotella,temperate
v0e55	Viruses;Duplodnaviria;Heunggongvirae;Uroviricota;Caudoviricetes;;,d__Bacteria;p__Bacillota;c__Bacilli;o__Lactobacillales;f__Lactobacillaceae;g__Lactobacillus,temperate
v0e56	Viruses;Duplodnaviria;Heunggongvirae;Uroviricota;Caudoviricetes;;,d__Bacteria;p__Actinomycetota;c__Actinomycetes;o__Actinomycetales;f__Bifidobacteriaceae;g__Bifidobacterium,temperate
v0e57	Viruses;Duplodnaviria;Heunggongvirae;Uroviricota;Caudoviricetes;;,d__Bacteria;p__Actinomycetota;c__Coriobacteriia;o__Coriobacteriales;f__Eggerthellaceae;g__Berryella,virulent
v0e58	Viruses;Duplodnaviria;Heunggongvirae;Uroviricota;Caudoviricetes;;,d__Bacteria;p__Bacillota;c__Negativicutes;o__Veillonellales;f__Megasphaeraceae;g__Megasphaera_C,virulent
v0e59	Viruses;Duplodnaviria;Heunggongvirae;Uroviricota;Caudoviricetes;;Rountreeviridae,NA,virulent
v0e5a	Viruses;Duplodnaviria;Heunggongvirae;Uroviricota;Caudoviricetes;;,d__Bacteria;p__Actinomycetota;c__Coriobacteriia;o__Coriobacteriales;f__Eggerthellaceae;g__Berryella,temperate
v0e5b	Viruses;Duplodnaviria;Heunggongvirae;Uroviricota;Caudoviricetes;;Autographiviridae,NA,virulent
v0e5c	Viruses;Duplodnaviria;Heunggongvirae;Uroviricota;Caudoviricetes;;,d__Bacteria;p__Bacillota;c__Negativicutes;o__Veillonellales;f__Dialisteraceae;g__Dialister,temperate
v0e5d	Viruses;Duplodnaviria;Heunggongvirae;Uroviricota;Caudoviricetes;;,d__Bacteria;p__Actinomycetota;c__Actinomycetes;o__Actinomycetales;f__Bifidobacteriaceae;g__Bifidobacterium,temperate
v0e5e	Viruses;Duplodnaviria;Heunggongvirae;Uroviricota;Caudoviricetes;;,d__Bacteria;p__Bacillota;c__Bacilli;o__Lactobacillales;f__Lactobacillaceae;g__Lactobacillus,temperate
v0e5f	Viruses;Duplodnaviria;Heunggongvirae;Uroviricota;Caudoviricetes;;,d__Bacteria;p__Actinomycetota;c__Coriobacteriia;o__Coriobacteriales;f__Atopobiaceae;g__Fannyhessea,virulent
v0e60	Viruses;Duplodnaviria;Heunggongvirae;Uroviricota;Caudoviricetes;;,d__Bacteria;p__Bacillota;c__Negativicutes;o__Veillonellales;f__Megasphaeraceae;g__Megasphaera_C,temperate
v0e61	Viruses;Duplodnaviria;Heunggongvirae;Uroviricota;Caudoviricetes;;,d__Bacteria;p__Actinomycetota;c__Actinomycetes;o__Actinomycetales;f__Bifidobacteriaceae;g__Bifidobacterium,temperate
v0e62	Viruses;Duplodnaviria;Heunggongvirae;Uroviricota;Caudoviricetes;;Rountreeviridae,NA,virulent
v0e63	Viruses;Duplodnaviria;Heunggongvirae;Uroviricota;Caudoviricetes;;,d__Bacteria;p__Actinomycetota;c__Actinomycetes;o__Actinomycetales;f__Bifidobacteriaceae;g__Bifidobacterium,temperate
v0e64	Viruses;Duplodnaviria;Heunggongvirae;Uroviricota;Caudoviricetes;;,d__Bacteria;p__Bacillota;c__Bacilli;o__Lactobacillales;f__Lactobacillaceae;g__Lactobacillus,temperate
v0e65	Viruses;Duplodnaviria;Heunggongvirae;Uroviricota;Caudoviricetes;;,d__Bacteria;p__Bacillota;c__Clostridia;o__Tissierellales;f__Peptoniphilaceae;g__Peptoniphilus_A,temperate
v0e66	Viruses;Duplodnaviria;Heunggongvirae;Uroviricota;Caudoviricetes;;,d__Bacteria;p__Bacteroidota;c__Bacteroidia;o__Bacteroidales;f__Bacteroidaceae;g__Prevotella,virulent
v0e67	Viruses;Duplodnaviria;Heunggongvirae;Uroviricota;Caudoviricetes;;,d__Bacteria;p__Bacillota;c__Clostridia;o__Tissierellales;f__Peptoniphilaceae;g__Parvimonas,temperate
v0e68	Viruses;Duplodnaviria;Heunggongvirae;Uroviricota;Caudoviricetes;;,d__Bacteria;p__Actinomycetota;c__Coriobacteriia;o__Coriobacteriales;f__Eggerthellaceae;g__Berryella,temperate
v0e69	Viruses;Duplodnaviria;Heunggongvirae;Uroviricota;Caudoviricetes;;,d__Bacteria;p__Bacillota;c__Negativicutes;o__Veillonellales;f__Dialisteraceae;g__Dialister,temperate
v0e6a	NA,d__Bacteria;p__Bacillota;c__Bacilli;o__Lactobacillales;f__Lactobacillaceae;g__Lactobacillus,virulent
v0e6b	Viruses;Duplodnaviria;Heunggongvirae;Uroviricota;Caudoviricetes;;,d__Bacteria;p__Bacteroidota;c__Bacteroidia;o__Bacteroidales;f__Bacteroidaceae;g__Prevotella,virulent
v0e6c	Viruses;Duplodnaviria;Heunggongvirae;Uroviricota;Caudoviricetes;;,d__Bacteria;p__Actinomycetota;c__Actinomycetes;o__Actinomycetales;f__Bifidobacteriaceae;g__Bifidobacterium,virulent
v0e6d	Viruses;Duplodnaviria;Heunggongvirae;Uroviricota;Caudoviricetes;;,d__Bacteria;p__Actinomycetota;c__Actinomycetes;o__Actinomycetales;f__Bifidobacteriaceae;g__Bifidobacterium,temperate
v0e6e	Viruses;Duplodnaviria;Heunggongvirae;Uroviricota;Caudoviricetes;;Rountreeviridae,NA,virulent
v0e6f	Viruses;Duplodnaviria;Heunggongvirae;Uroviricota;Caudoviricetes;;,d__Bacteria;p__Actinomycetota;c__Coriobacteriia;o__Coriobacteriales;f__Atopobiaceae;g__Fannyhessea,temperate
v0e70	Viruses;Duplodnaviria;Heunggongvirae;Uroviricota;Caudoviricetes;;,d__Bacteria;p__Actinomycetota;c__Coriobacteriia;o__Coriobacteriales;f__Eggerthellaceae;g__Berryella,temperate
v0e71	Viruses;Duplodnaviria;Heunggongvirae;Uroviricota;Caudoviricetes;;,d__Bacteria;p__Actinomycetota;c__Actinomycetes;o__Actinomycetales;f__Bifidobacteriaceae;g__Bifidobacterium,virulent
v0e72	Viruses;Duplodnaviria;Heunggongvirae;Uroviricota;Caudoviricetes;;,NA,temperate
v0e73	NA,d__Bacteria;p__Bacillota;c__Bacilli;o__Lactobacillales;f__Enterococcaceae;g__Enterococcus,temperate
v0e74	Viruses;Duplodnaviria;Heunggongvirae;Uroviricota;Caudoviricetes;;,d__Bacteria;p__Actinomycetota;c__Coriobacteriia;o__Coriobacteriales;f__Atopobiaceae;g__Fannyhessea,temperate
v0e75	NA,d__Bacteria;p__Bacillota;c__Bacilli;o__Lactobacillales;f__Lactobacillaceae;g__Lactobacillus,temperate
v0e77	Viruses;Monodnaviria;Sangervirae;Phixviricota;Malgrandaviricetes;Petitvirales;Microviridae,d__Bacteria;p__Bacillota;c__Clostridia;o__Oscillospirales;f__Oscillospiraceae;g__Oscillibacter,virulent
v0e78	Viruses;Duplodnaviria;Heunggongvirae;Uroviricota;Caudoviricetes;;,d__Bacteria;p__Bacillota;c__Bacilli;o__Lactobacillales;f__Streptococcaceae;g__Streptococcus,temperate
v0e79	Viruses;Monodnaviria;Sangervirae;Phixviricota;Malgrandaviricetes;Petitvirales;Microviridae,d__Bacteria;p__Bacillota;c__Negativicutes;o__Veillonellales;f__Dialisteraceae;g__Dialister,virulent
v0e7a	Viruses;Monodnaviria;Sangervirae;Phixviricota;Malgrandaviricetes;Petitvirales;Microviridae,d__Bacteria;p__Bacteroidota;c__Bacteroidia;o__Bacteroidales;f__Porphyromonadaceae;g__Porphyromonas,virulent
v0e7b	Viruses;Monodnaviria;Sangervirae;Phixviricota;Malgrandaviricetes;Petitvirales;Microviridae,d__Bacteria;p__Bacteroidota;c__Bacteroidia;o__Bacteroidales;f__Porphyromonadaceae;g__Porphyromonas,virulent
v0e7d	Viruses;Monodnaviria;Sangervirae;Phixviricota;Malgrandaviricetes;Petitvirales;Microviridae,d__Bacteria;p__Bacteroidota;c__Bacteroidia;o__Bacteroidales;f__Bacteroidaceae;g__Bacteroides,virulent
v0e85	Viruses;Monodnaviria;Sangervirae;Phixviricota;Malgrandaviricetes;Petitvirales;Microviridae,d__Bacteria;p__Bacteroidota;c__Bacteroidia;o__Bacteroidales;f__Bacteroidaceae;g__Bacteroides,virulent
v0e87	Viruses;Monodnaviria;Sangervirae;Phixviricota;Malgrandaviricetes;Petitvirales;Microviridae,d__Bacteria;p__Bacteroidota;c__Bacteroidia;o__Bacteroidales;f__Porphyromonadaceae;g__Porphyromonas_A,virulent
v0e88	Viruses;Duplodnaviria;Heunggongvirae;Uroviricota;Caudoviricetes;;,d__Bacteria;p__Actinomycetota;c__Actinomycetes;o__Actinomycetales;f__Bifidobacteriaceae;g__Bifidobacterium,virulent
v0e8d	Viruses;Monodnaviria;Sangervirae;Phixviricota;Malgrandaviricetes;Petitvirales;Microviridae,d__Bacteria;p__Bacteroidota;c__Bacteroidia;o__Bacteroidales;f__Bacteroidaceae;g__Prevotella,virulent
v0e8f	Viruses;Duplodnaviria;Heunggongvirae;Uroviricota;Caudoviricetes;;,d__Bacteria;p__Actinomycetota;c__Coriobacteriia;o__Coriobacteriales;f__Atopobiaceae;g__Fannyhessea,temperate
v0e90	Viruses;Duplodnaviria;Heunggongvirae;Uroviricota;Caudoviricetes;;,d__Bacteria;p__Actinomycetota;c__Coriobacteriia;o__Coriobacteriales;f__Atopobiaceae;g__Fannyhessea,temperate
v0e91	Viruses;Duplodnaviria;Heunggongvirae;Uroviricota;Caudoviricetes;;,d__Bacteria;p__Actinomycetota;c__Actinomycetes;o__Actinomycetales;f__Bifidobacteriaceae;g__Bifidobacterium,temperate
v0e92	Viruses;Duplodnaviria;Heunggongvirae;Uroviricota;Caudoviricetes;;,d__Bacteria;p__Bacteroidota;c__Bacteroidia;o__Bacteroidales;f__Bacteroidaceae;g__Prevotella,temperate
v0e93	Viruses;Duplodnaviria;Heunggongvirae;Uroviricota;Caudoviricetes;;,d__Bacteria;p__Actinomycetota;c__Actinomycetes;o__Actinomycetales;f__Bifidobacteriaceae;g__Bifidobacterium,temperate
v0e94	Viruses;Duplodnaviria;Heunggongvirae;Uroviricota;Caudoviricetes;;,NA,temperate
v0e95	Viruses;Duplodnaviria;Heunggongvirae;Uroviricota;Caudoviricetes;;,d__Bacteria;p__Actinomycetota;c__Actinomycetes;o__Actinomycetales;f__Bifidobacteriaceae;g__Bifidobacterium,temperate
v0e96	Viruses;Duplodnaviria;Heunggongvirae;Uroviricota;Caudoviricetes;;,d__Bacteria;p__Actinomycetota;c__Actinomycetes;o__Actinomycetales;f__Bifidobacteriaceae;g__Bifidobacterium,temperate
v0e97	Viruses;Duplodnaviria;Heunggongvirae;Uroviricota;Caudoviricetes;;,NA,virulent
v0e98	Viruses;Duplodnaviria;Heunggongvirae;Uroviricota;Caudoviricetes;;,d__Bacteria;p__Actinomycetota;c__Actinomycetes;o__Actinomycetales;f__Bifidobacteriaceae;g__Bifidobacterium,temperate
v0e99	Viruses;Duplodnaviria;Heunggongvirae;Uroviricota;Caudoviricetes;;,d__Bacteria;p__Bacteroidota;c__Bacteroidia;o__Bacteroidales;f__Bacteroidaceae;g__Prevotella,virulent
v0e9a	Viruses;Duplodnaviria;Heunggongvirae;Uroviricota;Caudoviricetes;;,d__Bacteria;p__Bacillota;c__Negativicutes;o__Veillonellales;f__Dialisteraceae;g__Dialister,temperate
v0e9b	Viruses;Duplodnaviria;Heunggongvirae;Uroviricota;Caudoviricetes;;,d__Bacteria;p__Bacillota;c__Clostridia;o__Peptostreptococcales;f__Peptostreptococcaceae;g__Peptostreptococcus,temperate
v0e9c	Viruses;Duplodnaviria;Heunggongvirae;Uroviricota;Caudoviricetes;;,d__Bacteria;p__Bacteroidota;c__Bacteroidia;o__Bacteroidales;f__Bacteroidaceae;g__Prevotella,virulent
v0e9d	Viruses;Duplodnaviria;Heunggongvirae;Uroviricota;Caudoviricetes;;,d__Bacteria;p__Bacteroidota;c__Bacteroidia;o__Bacteroidales;f__Bacteroidaceae;g__Prevotella,temperate
v0e9e	Viruses;Duplodnaviria;Heunggongvirae;Uroviricota;Caudoviricetes;;,d__Bacteria;p__Actinomycetota;c__Coriobacteriia;o__Coriobacteriales;f__Eggerthellaceae;g__Berryella,virulent
v0e9f	Viruses;Duplodnaviria;Heunggongvirae;Uroviricota;Caudoviricetes;;,d__Bacteria;p__Bacillota;c__Bacilli;o__Lactobacillales;f__Lactobacillaceae;g__Lactobacillus,temperate
v0ea0	Viruses;Duplodnaviria;Heunggongvirae;Uroviricota;Caudoviricetes;;,d__Bacteria;p__Actinomycetota;c__Actinomycetes;o__Actinomycetales;f__Bifidobacteriaceae;g__Bifidobacterium,virulent
v0ea1	Viruses;Duplodnaviria;Heunggongvirae;Uroviricota;Caudoviricetes;;,d__Bacteria;p__Fusobacteriota;c__Fusobacteriia;o__Fusobacteriales;f__Leptotrichiaceae;g__Sneathia,temperate
v0ea2	Viruses;Duplodnaviria;Heunggongvirae;Uroviricota;Caudoviricetes;;,d__Bacteria;p__Bacillota;c__Clostridia;o__Tissierellales;f__Peptoniphilaceae;g__Peptoniphilus_A,temperate
v0ea4	Viruses;Duplodnaviria;Heunggongvirae;Uroviricota;Caudoviricetes;;,d__Bacteria;p__Actinomycetota;c__Coriobacteriia;o__Coriobacteriales;f__Atopobiaceae;g__Fannyhessea,temperate
v0ea5	Viruses;Duplodnaviria;Heunggongvirae;Uroviricota;Caudoviricetes;;,d__Bacteria;p__Fusobacteriota;c__Fusobacteriia;o__Fusobacteriales;f__Leptotrichiaceae;g__Sneathia,temperate
v0ea6	Viruses;Duplodnaviria;Heunggongvirae;Uroviricota;Caudoviricetes;;,d__Bacteria;p__Bacillota;c__Negativicutes;o__Veillonellales;f__Dialisteraceae;g__Dialister,temperate
v0ea7	Viruses;Duplodnaviria;Heunggongvirae;Uroviricota;Caudoviricetes;;,d__Bacteria;p__Actinomycetota;c__Coriobacteriia;o__Coriobacteriales;f__Atopobiaceae;g__Fannyhessea,temperate
v0ea8	Viruses;Duplodnaviria;Heunggongvirae;Uroviricota;Caudoviricetes;;,d__Bacteria;p__Bacteroidota;c__Bacteroidia;o__Bacteroidales;f__Bacteroidaceae;g__Prevotella,temperate
v0ea9	Viruses;Duplodnaviria;Heunggongvirae;Uroviricota;Caudoviricetes;;,d__Bacteria;p__Bacillota;c__Negativicutes;o__Veillonellales;f__Megasphaeraceae;g__Megasphaera_C,virulent
v0eaa	Viruses;Duplodnaviria;Heunggongvirae;Uroviricota;Caudoviricetes;;,d__Bacteria;p__Bacillota;c__Bacilli;o__Lactobacillales;f__Lactobacillaceae;g__Lactobacillus,temperate
v0eab	Viruses;Duplodnaviria;Heunggongvirae;Uroviricota;Caudoviricetes;;,d__Bacteria;p__Bacteroidota;c__Bacteroidia;o__Bacteroidales;f__Bacteroidaceae;g__Prevotella,virulent
v0eac	Viruses;Duplodnaviria;Heunggongvirae;Uroviricota;Caudoviricetes;;,d__Bacteria;p__Bacillota;c__Bacilli;o__Lactobacillales;f__Lactobacillaceae;g__Lactobacillus,virulent
v0ead	Viruses;Monodnaviria;Sangervirae;Phixviricota;Malgrandaviricetes;Petitvirales;Microviridae,d__Bacteria;p__Bacteroidota;c__Bacteroidia;o__Bacteroidales;f__Bacteroidaceae;g__Prevotella,virulent
v0eae	Viruses;Duplodnaviria;Heunggongvirae;Uroviricota;Caudoviricetes;;,d__Bacteria;p__Bacteroidota;c__Bacteroidia;o__Bacteroidales;f__Bacteroidaceae;g__Prevotella,virulent
v0eaf	Viruses;Duplodnaviria;Heunggongvirae;Uroviricota;Caudoviricetes;;,d__Bacteria;p__Actinomycetota;c__Coriobacteriia;o__Coriobacteriales;f__Atopobiaceae;g__Fannyhessea,temperate
v0eb0	Viruses;Duplodnaviria;Heunggongvirae;Uroviricota;Caudoviricetes;;,d__Bacteria;p__Actinomycetota;c__Coriobacteriia;o__Coriobacteriales;f__Atopobiaceae;g__Fannyhessea,temperate
v0eb1	Viruses;Duplodnaviria;Heunggongvirae;Uroviricota;Caudoviricetes;;,d__Bacteria;p__Bacillota;c__Bacilli;o__Lactobacillales;f__Aerococcaceae;g__Aerococcus,temperate
v0eb2	Viruses;Duplodnaviria;Heunggongvirae;Uroviricota;Caudoviricetes;;,d__Bacteria;p__Bacteroidota;c__Bacteroidia;o__Bacteroidales;f__Bacteroidaceae;g__Prevotella,temperate
v0eb3	Viruses;Duplodnaviria;Heunggongvirae;Uroviricota;Caudoviricetes;;,d__Bacteria;p__Actinomycetota;c__Coriobacteriia;o__Coriobacteriales;f__Eggerthellaceae;g__Berryella,temperate
v0eb4	Viruses;Duplodnaviria;Heunggongvirae;Uroviricota;Caudoviricetes;;,d__Bacteria;p__Bacillota;c__Bacilli;o__Lactobacillales;f__Lactobacillaceae;g__Lactobacillus,temperate
v0eb5	Viruses;Duplodnaviria;Heunggongvirae;Uroviricota;Caudoviricetes;;,d__Bacteria;p__Actinomycetota;c__Actinomycetes;o__Actinomycetales;f__Bifidobacteriaceae;g__Bifidobacterium,temperate
v0eb6	Viruses;Duplodnaviria;Heunggongvirae;Uroviricota;Caudoviricetes;;,d__Bacteria;p__Bacillota;c__Bacilli;o__Lactobacillales;f__Lactobacillaceae;g__Lactobacillus,temperate
v0eb7	Viruses;Duplodnaviria;Heunggongvirae;Uroviricota;Caudoviricetes;;,d__Bacteria;p__Bacteroidota;c__Bacteroidia;o__Bacteroidales;f__Bacteroidaceae;g__Prevotella,virulent
v0eb8	Viruses;Duplodnaviria;Heunggongvirae;Uroviricota;Caudoviricetes;;,d__Bacteria;p__Actinomycetota;c__Coriobacteriia;o__Coriobacteriales;f__Eggerthellaceae;g__Berryella,temperate
v0eb9	Viruses;Duplodnaviria;Heunggongvirae;Uroviricota;Caudoviricetes;;,NA,temperate
v0eba	Viruses;Duplodnaviria;Heunggongvirae;Uroviricota;Caudoviricetes;;,d__Bacteria;p__Bacillota;c__Clostridia;o__Saccharofermentanales;f__Fastidiosipilaceae;g__Mageeibacillus,temperate
v0ebb	Viruses;Duplodnaviria;Heunggongvirae;Uroviricota;Caudoviricetes;;,d__Bacteria;p__Bacillota;c__Negativicutes;o__Veillonellales;f__Dialisteraceae;g__Dialister,virulent
v0ebc	Viruses;Duplodnaviria;Heunggongvirae;Uroviricota;Caudoviricetes;;,d__Bacteria;p__Bacillota;c__Negativicutes;o__Veillonellales;f__Dialisteraceae;g__Dialister,virulent
v0ebd	Viruses;Duplodnaviria;Heunggongvirae;Uroviricota;Caudoviricetes;;,d__Bacteria;p__Pseudomonadota;c__Gammaproteobacteria;o__Enterobacterales;f__Enterobacteriaceae;g__Escherichia,temperate
v0ebe	Viruses;Duplodnaviria;Heunggongvirae;Uroviricota;Caudoviricetes;;,d__Bacteria;p__Bacteroidota;c__Bacteroidia;o__Bacteroidales;f__Porphyromonadaceae;g__Porphyromonas,virulent
v0ebf	Viruses;Duplodnaviria;Heunggongvirae;Uroviricota;Caudoviricetes;;,d__Bacteria;p__Actinomycetota;c__Coriobacteriia;o__Coriobacteriales;f__Atopobiaceae;g__Fannyhessea,temperate
v0ec0	Viruses;Duplodnaviria;Heunggongvirae;Uroviricota;Caudoviricetes;;,d__Bacteria;p__Actinomycetota;c__Coriobacteriia;o__Coriobacteriales;f__Atopobiaceae;g__Fannyhessea,temperate
v0ec1	Viruses;Duplodnaviria;Heunggongvirae;Uroviricota;Caudoviricetes;;,d__Bacteria;p__Bacillota;c__Negativicutes;o__Veillonellales;f__Dialisteraceae;g__Dialister,temperate
v0ec2	Viruses;Duplodnaviria;Heunggongvirae;Uroviricota;Caudoviricetes;;,d__Bacteria;p__Actinomycetota;c__Actinomycetes;o__Actinomycetales;f__Bifidobacteriaceae;g__Bifidobacterium,temperate
v0ec3	Viruses;Duplodnaviria;Heunggongvirae;Uroviricota;Caudoviricetes;;,d__Bacteria;p__Bacillota;c__Bacilli;o__Lactobacillales;f__Aerococcaceae;g__Aerococcus,temperate
v0ec4	Viruses;Duplodnaviria;Heunggongvirae;Uroviricota;Caudoviricetes;;,d__Bacteria;p__Bacillota;c__Bacilli;o__Lactobacillales;f__Streptococcaceae;g__Streptococcus,temperate
v0ec5	Viruses;Duplodnaviria;Heunggongvirae;Uroviricota;Caudoviricetes;;,d__Bacteria;p__Bacillota;c__Clostridia;o__Peptostreptococcales;f__Peptostreptococcaceae;g__Peptostreptococcus,temperate
v0ec6	Viruses;Duplodnaviria;Heunggongvirae;Uroviricota;Caudoviricetes;;,d__Bacteria;p__Bacteroidota;c__Bacteroidia;o__Bacteroidales;f__Bacteroidaceae;g__Prevotella,temperate
v0ec7	Viruses;Duplodnaviria;Heunggongvirae;Uroviricota;Caudoviricetes;;,d__Bacteria;p__Bacteroidota;c__Bacteroidia;o__Bacteroidales;f__Porphyromonadaceae;g__Porphyromonas,temperate
v0ec8	Viruses;Duplodnaviria;Heunggongvirae;Uroviricota;Caudoviricetes;;,d__Bacteria;p__Bacteroidota;c__Bacteroidia;o__Bacteroidales;f__Bacteroidaceae;g__Prevotella,virulent
v0ec9	Viruses;Duplodnaviria;Heunggongvirae;Uroviricota;Caudoviricetes;;,d__Bacteria;p__Bacillota;c__Negativicutes;o__Veillonellales;f__Dialisteraceae;g__Dialister,temperate
v0eca	Viruses;Duplodnaviria;Heunggongvirae;Uroviricota;Caudoviricetes;;,d__Bacteria;p__Fusobacteriota;c__Fusobacteriia;o__Fusobacteriales;f__Leptotrichiaceae;g__Sneathia,temperate
v0ecb	Viruses;Duplodnaviria;Heunggongvirae;Uroviricota;Caudoviricetes;;,d__Bacteria;p__Actinomycetota;c__Coriobacteriia;o__Coriobacteriales;f__Atopobiaceae;g__Fannyhessea,temperate
v0ecc	Viruses;Duplodnaviria;Heunggongvirae;Uroviricota;Caudoviricetes;;,d__Bacteria;p__Actinomycetota;c__Coriobacteriia;o__Coriobacteriales;f__Eggerthellaceae;g__Berryella,temperate
v0ecd	Viruses;Duplodnaviria;Heunggongvirae;Uroviricota;Caudoviricetes;;,d__Bacteria;p__Bacteroidota;c__Bacteroidia;o__Bacteroidales;f__Bacteroidaceae;g__Prevotella,virulent
v0ece	Viruses;Duplodnaviria;Heunggongvirae;Uroviricota;Caudoviricetes;;,d__Bacteria;p__Bacteroidota;c__Bacteroidia;o__Bacteroidales;f__Bacteroidaceae;g__Alloprevotella,temperate
v0ecf	Viruses;Duplodnaviria;Heunggongvirae;Uroviricota;Caudoviricetes;;,d__Bacteria;p__Actinomycetota;c__Coriobacteriia;o__Coriobacteriales;f__Atopobiaceae;g__Fannyhessea,temperate
v0ed0	Viruses;Duplodnaviria;Heunggongvirae;Uroviricota;Caudoviricetes;;,d__Bacteria;p__Bacteroidota;c__Bacteroidia;o__Bacteroidales;f__Bacteroidaceae;g__Prevotella,temperate
v0ed1	Viruses;Duplodnaviria;Heunggongvirae;Uroviricota;Caudoviricetes;;,d__Bacteria;p__Bacillota;c__Bacilli;o__Lactobacillales;f__Enterococcaceae;g__Enterococcus,temperate
v0ed2	NA,d__Bacteria;p__Bacteroidota;c__Bacteroidia;o__Bacteroidales;f__Porphyromonadaceae;g__Porphyromonas,temperate
v0ed3	Viruses;Duplodnaviria;Heunggongvirae;Uroviricota;Caudoviricetes;;,d__Bacteria;p__Actinomycetota;c__Coriobacteriia;o__Coriobacteriales;f__Atopobiaceae;g__Fannyhessea,temperate
v0ed4	Viruses;Duplodnaviria;Heunggongvirae;Uroviricota;Caudoviricetes;;,d__Bacteria;p__Actinomycetota;c__Actinomycetes;o__Actinomycetales;f__Bifidobacteriaceae;g__Bifidobacterium,temperate
v0ed5	NA,NA,temperate
v0ed6	Viruses;Duplodnaviria;Heunggongvirae;Uroviricota;Caudoviricetes;;,d__Bacteria;p__Bacteroidota;c__Bacteroidia;o__Bacteroidales;f__Bacteroidaceae;g__Prevotella,temperate
v0ed7	Viruses;Duplodnaviria;Heunggongvirae;Uroviricota;Caudoviricetes;;,d__Bacteria;p__Bacillota;c__Bacilli;o__Lactobacillales;f__Lactobacillaceae;g__Lactobacillus,temperate
v0ed8	Viruses;Duplodnaviria;Heunggongvirae;Uroviricota;Caudoviricetes;;,d__Bacteria;p__Pseudomonadota;c__Gammaproteobacteria;o__Enterobacterales;f__Enterobacteriaceae;g__Escherichia,temperate
v0ed9	Viruses;Duplodnaviria;Heunggongvirae;Uroviricota;Caudoviricetes;;,d__Bacteria;p__Actinomycetota;c__Coriobacteriia;o__Coriobacteriales;f__Eggerthellaceae;g__Berryella,temperate
v0eda	Viruses;Duplodnaviria;Heunggongvirae;Uroviricota;Caudoviricetes;;,d__Bacteria;p__Actinomycetota;c__Coriobacteriia;o__Coriobacteriales;f__Atopobiaceae;g__Fannyhessea,temperate
v0edb	Viruses;Duplodnaviria;Heunggongvirae;Uroviricota;Caudoviricetes;;,d__Bacteria;p__Bacteroidota;c__Bacteroidia;o__Bacteroidales;f__Bacteroidaceae;g__Prevotella,temperate
v0edc	Viruses;Duplodnaviria;Heunggongvirae;Uroviricota;Caudoviricetes;;,d__Bacteria;p__Actinomycetota;c__Actinomycetes;o__Actinomycetales;f__Bifidobacteriaceae;g__Bifidobacterium,temperate
v0edd	Viruses;Duplodnaviria;Heunggongvirae;Uroviricota;Caudoviricetes;;,d__Bacteria;p__Bacillota;c__Clostridia;o__Tissierellales;f__Peptoniphilaceae;g__Anaerococcus,temperate
v0ede	Viruses;Duplodnaviria;Heunggongvirae;Uroviricota;Caudoviricetes;;,d__Bacteria;p__Bacillota;c__Negativicutes;o__Veillonellales;f__Megasphaeraceae;g__Anaeroglobus,virulent
v0edf	Viruses;Duplodnaviria;Heunggongvirae;Uroviricota;Caudoviricetes;;,d__Bacteria;p__Bacillota;c__Bacilli;o__Lactobacillales;f__Lactobacillaceae;g__Lactobacillus,temperate
v0ee0	Viruses;Duplodnaviria;Heunggongvirae;Uroviricota;Caudoviricetes;;,d__Bacteria;p__Actinomycetota;c__Coriobacteriia;o__Coriobacteriales;f__Atopobiaceae;g__Fannyhessea,temperate
v0ee2	Viruses;Duplodnaviria;Heunggongvirae;Uroviricota;Caudoviricetes;;,d__Bacteria;p__Actinomycetota;c__Actinomycetes;o__Actinomycetales;f__Bifidobacteriaceae;g__Bifidobacterium,temperate
v0ee4	Viruses;Duplodnaviria;Heunggongvirae;Uroviricota;Caudoviricetes;;,d__Bacteria;p__Bacteroidota;c__Bacteroidia;o__Bacteroidales;f__Bacteroidaceae;g__Prevotella,temperate
v0ee5	Viruses;Duplodnaviria;Heunggongvirae;Uroviricota;Caudoviricetes;;,d__Bacteria;p__Bacillota;c__Bacilli;o__Lactobacillales;f__Aerococcaceae;g__Aerococcus,temperate
v0ee6	Viruses;Duplodnaviria;Heunggongvirae;Uroviricota;Caudoviricetes;;,d__Bacteria;p__Actinomycetota;c__Actinomycetes;o__Actinomycetales;f__Bifidobacteriaceae;g__Bifidobacterium,temperate
v0ee7	Viruses;Duplodnaviria;Heunggongvirae;Uroviricota;Caudoviricetes;;,NA,virulent
v0ee8	Viruses;Duplodnaviria;Heunggongvirae;Uroviricota;Caudoviricetes;;,d__Bacteria;p__Actinomycetota;c__Coriobacteriia;o__Coriobacteriales;f__Atopobiaceae;g__Fannyhessea,temperate
v0eea	Viruses;Duplodnaviria;Heunggongvirae;Uroviricota;Caudoviricetes;;,d__Bacteria;p__Actinomycetota;c__Actinomycetes;o__Actinomycetales;f__Bifidobacteriaceae;g__Bifidobacterium,temperate
v0eeb	Viruses;Duplodnaviria;Heunggongvirae;Uroviricota;Caudoviricetes;;,d__Bacteria;p__Actinomycetota;c__Coriobacteriia;o__Coriobacteriales;f__Atopobiaceae;g__Fannyhessea,temperate
v0eec	Viruses;Duplodnaviria;Heunggongvirae;Uroviricota;Caudoviricetes;;,d__Bacteria;p__Actinomycetota;c__Actinomycetes;o__Actinomycetales;f__Bifidobacteriaceae;g__Bifidobacterium,temperate
v0eed	Viruses;Duplodnaviria;Heunggongvirae;Uroviricota;Caudoviricetes;;,d__Bacteria;p__Bacillota;c__Clostridia;o__Oscillospirales;f__Ruminococcaceae;g__Faecalibacterium,virulent
v0eee	Viruses;Duplodnaviria;Heunggongvirae;Uroviricota;Caudoviricetes;;,d__Bacteria;p__Bacteroidota;c__Bacteroidia;o__Bacteroidales;f__Bacteroidaceae;g__Bacteroides,temperate
v0eef	Viruses;Duplodnaviria;Heunggongvirae;Uroviricota;Caudoviricetes;;,d__Bacteria;p__Bacillota;c__Clostridia;o__Lachnospirales;f__Lachnospiraceae;g__Enterocloster,temperate
v0ef0	Viruses;Duplodnaviria;Heunggongvirae;Uroviricota;Caudoviricetes;;,d__Bacteria;p__Bacillota;c__Clostridia;o__Oscillospirales;f__Ruminococcaceae;g__Faecalibacterium,temperate
v0ef1	Viruses;Duplodnaviria;Heunggongvirae;Uroviricota;Caudoviricetes;;,d__Bacteria;p__Bacteroidota;c__Bacteroidia;o__Bacteroidales;f__Bacteroidaceae;g__Bacteroides,virulent
v0ef2	Viruses;Duplodnaviria;Heunggongvirae;Uroviricota;Caudoviricetes;;,d__Bacteria;p__Bacillota;c__Clostridia;o__Clostridiales;f__Clostridiaceae;g__Clostridium,temperate
v0ef4	NA,NA,temperate
v0ef5	Viruses;Duplodnaviria;Heunggongvirae;Uroviricota;Caudoviricetes;;,d__Bacteria;p__Bacillota;c__Clostridia;o__Lachnospirales;f__Lachnospiraceae;g__Roseburia,virulent
v0ef6	Viruses;Duplodnaviria;Heunggongvirae;Uroviricota;Caudoviricetes;;,d__Bacteria;p__Desulfobacterota_I;c__Desulfovibrionia;o__Desulfovibrionales;f__Desulfovibrionaceae;g__Bilophila,temperate
v0ef7	Viruses;Duplodnaviria;Heunggongvirae;Uroviricota;Caudoviricetes;;,NA,temperate
v0ef8	Viruses;Duplodnaviria;Heunggongvirae;Uroviricota;Caudoviricetes;;,d__Bacteria;p__Bacillota;c__Bacilli;o__Erysipelotrichales;f__Coprobacillaceae;g__Faecalibacillus,temperate
v0ef9	Viruses;Duplodnaviria;Heunggongvirae;Uroviricota;Caudoviricetes;;,d__Bacteria;p__Bacillota;c__Clostridia;o__Lachnospirales;f__Lachnospiraceae;g__Clostridium_AP,temperate
v0efa	Viruses;Duplodnaviria;Heunggongvirae;Uroviricota;Caudoviricetes;;,d__Bacteria;p__Bacteroidota;c__Bacteroidia;o__Bacteroidales;f__Rikenellaceae;g__Alistipes,virulent
v0efb	Viruses;Duplodnaviria;Heunggongvirae;Uroviricota;Caudoviricetes;;,d__Bacteria;p__Bacillota;c__Clostridia;o__Lachnospirales;f__Lachnospiraceae;g__Roseburia,virulent
v0efc	Viruses;Duplodnaviria;Heunggongvirae;Uroviricota;Caudoviricetes;;,d__Bacteria;p__Bacteroidota;c__Bacteroidia;o__Bacteroidales;f__Bacteroidaceae;g__Bacteroides,temperate
v0efd	Viruses;Duplodnaviria;Heunggongvirae;Uroviricota;Caudoviricetes;;,NA,virulent
v0efe	Viruses;Duplodnaviria;Heunggongvirae;Uroviricota;Caudoviricetes;;,d__Bacteria;p__Bacillota;c__Clostridia;o__Oscillospirales;f__Ruminococcaceae;g__Faecalibacterium,virulent
v0eff	Viruses;Duplodnaviria;Heunggongvirae;Uroviricota;Caudoviricetes;;,d__Bacteria;p__Bacillota;c__Clostridia;o__Lachnospirales;f__Lachnospiraceae;g__Enterocloster,temperate
v0f00	Viruses;Duplodnaviria;Heunggongvirae;Uroviricota;Caudoviricetes;;,NA,temperate
v0f01	Viruses;Duplodnaviria;Heunggongvirae;Uroviricota;Caudoviricetes;;,d__Bacteria;p__Bacillota;c__Clostridia;o__Oscillospirales;f__Ruminococcaceae;g__Faecalibacterium,temperate
v0f02	Viruses;Duplodnaviria;Heunggongvirae;Uroviricota;Caudoviricetes;;,NA,temperate
v0f03	Viruses;Duplodnaviria;Heunggongvirae;Uroviricota;Caudoviricetes;;,d__Bacteria;p__Bacillota;c__Negativicutes;o__Veillonellales;f__Dialisteraceae;g__Dialister,temperate
v0f04	Viruses;Duplodnaviria;Heunggongvirae;Uroviricota;Caudoviricetes;;,d__Bacteria;p__Actinomycetota;c__Actinomycetes;o__Actinomycetales;f__Bifidobacteriaceae;g__Bifidobacterium,virulent
v0f05	NA,d__Bacteria;p__Actinomycetota;c__Actinomycetes;o__Actinomycetales;f__Bifidobacteriaceae;g__Bifidobacterium,temperate
v0f06	NA,d__Bacteria;p__Bacillota;c__Bacilli;o__Lactobacillales;f__Lactobacillaceae;g__Lactobacillus,temperate
v0f07	NA,d__Bacteria;p__Bacillota;c__Bacilli;o__Lactobacillales;f__Lactobacillaceae;g__Lactobacillus,temperate
v0f08	NA,d__Bacteria;p__Bacteroidota;c__Bacteroidia;o__Bacteroidales;f__Porphyromonadaceae;g__Porphyromonas,virulent
v0f09	NA,d__Bacteria;p__Bacillota;c__Bacilli;o__Lactobacillales;f__Streptococcaceae;g__Streptococcus,temperate
v0f0b	NA,d__Bacteria;p__Bacillota;c__Bacilli;o__Lactobacillales;f__Lactobacillaceae;g__Lactobacillus,temperate
v0f0c	NA,d__Bacteria;p__Pseudomonadota;c__Gammaproteobacteria;o__Enterobacterales;f__Enterobacteriaceae;g__Enterobacter,temperate
v0f0d	NA,d__Bacteria;p__Bacteroidota;c__Bacteroidia;o__Bacteroidales;f__Bacteroidaceae;g__Prevotella,temperate
v0f0e	NA,d__Bacteria;p__Bacteroidota;c__Bacteroidia;o__Bacteroidales;f__Bacteroidaceae;g__Prevotella,virulent
v0f0f	Viruses;Duplodnaviria;Heunggongvirae;Uroviricota;Caudoviricetes;;,d__Bacteria;p__Bacteroidota;c__Bacteroidia;o__Bacteroidales;f__Bacteroidaceae;g__Prevotella,temperate
v0f10	Unclassified,NA,temperate
v0f12	NA,d__Bacteria;p__Bacteroidota;c__Bacteroidia;o__Bacteroidales;f__Bacteroidaceae;g__Prevotella,temperate
v0f13	NA,d__Bacteria;p__Bacteroidota;c__Bacteroidia;o__Bacteroidales;f__Bacteroidaceae;g__Prevotella,virulent
v0f14	NA,d__Bacteria;p__Actinomycetota;c__Actinomycetes;o__Actinomycetales;f__Bifidobacteriaceae;g__Bifidobacterium,temperate
v0f15	Viruses;Duplodnaviria;Heunggongvirae;Uroviricota;Caudoviricetes;;,NA,virulent
v0f16	NA,d__Bacteria;p__Bacillota;c__Clostridia;o__Lachnospirales;f__Lachnospiraceae;g__Dorea,temperate
v0f17	NA,d__Bacteria;p__Bacteroidota;c__Bacteroidia;o__Bacteroidales;f__Bacteroidaceae;g__Bacteroides,temperate
v0f18	NA,NA,temperate
v0f19	Viruses;Duplodnaviria;Heunggongvirae;Uroviricota;Caudoviricetes;;,NA,virulent
v0f1a	Viruses;Duplodnaviria;Heunggongvirae;Uroviricota;Caudoviricetes;;,d__Bacteria;p__Fusobacteriota;c__Fusobacteriia;o__Fusobacteriales;f__Leptotrichiaceae;g__Sneathia,virulent
v0f1b	Viruses;Duplodnaviria;Heunggongvirae;Uroviricota;Caudoviricetes;;,d__Bacteria;p__Actinomycetota;c__Actinomycetes;o__Actinomycetales;f__Bifidobacteriaceae;g__Bifidobacterium,temperate
v0f1c	Viruses;Duplodnaviria;Heunggongvirae;Uroviricota;Caudoviricetes;;,d__Bacteria;p__Bacteroidota;c__Bacteroidia;o__Bacteroidales;f__Bacteroidaceae;g__Prevotella,temperate
v0f1d	Viruses;Duplodnaviria;Heunggongvirae;Uroviricota;Caudoviricetes;;,d__Bacteria;p__Bacillota;c__Negativicutes;o__Veillonellales;f__Megasphaeraceae;g__Megasphaera_C,temperate
v0f1f	Viruses;Duplodnaviria;Heunggongvirae;Uroviricota;Caudoviricetes;;,d__Bacteria;p__Actinomycetota;c__Coriobacteriia;o__Coriobacteriales;f__Eggerthellaceae;g__Berryella,temperate
v0f20	Viruses;Duplodnaviria;Heunggongvirae;Uroviricota;Caudoviricetes;;,d__Bacteria;p__Actinomycetota;c__Coriobacteriia;o__Coriobacteriales;f__Atopobiaceae;g__Fannyhessea,temperate
v0f21	Viruses;Duplodnaviria;Heunggongvirae;Uroviricota;Caudoviricetes;;,d__Bacteria;p__Actinomycetota;c__Actinomycetes;o__Actinomycetales;f__Bifidobacteriaceae;g__Bifidobacterium,temperate
v0f22	Viruses;Duplodnaviria;Heunggongvirae;Uroviricota;Caudoviricetes;;,d__Bacteria;p__Bacillota;c__Bacilli;o__Lactobacillales;f__Lactobacillaceae;g__Lactobacillus,temperate
v0f23	Viruses;Duplodnaviria;Heunggongvirae;Uroviricota;Caudoviricetes;;,d__Bacteria;p__Bacillota;c__Bacilli;o__Lactobacillales;f__Lactobacillaceae;g__Lactobacillus,temperate
v0f24	Viruses;Duplodnaviria;Heunggongvirae;Uroviricota;Caudoviricetes;;,d__Bacteria;p__Pseudomonadota;c__Gammaproteobacteria;o__Enterobacterales;f__Enterobacteriaceae;g__Klebsiella,temperate
v0f25	Viruses;Duplodnaviria;Heunggongvirae;Uroviricota;Caudoviricetes;;,d__Bacteria;p__Pseudomonadota;c__Gammaproteobacteria;o__Enterobacterales;f__Enterobacteriaceae;g__Klebsiella,temperate
v0f26	Viruses;Duplodnaviria;Heunggongvirae;Uroviricota;Caudoviricetes;;,d__Bacteria;p__Pseudomonadota;c__Gammaproteobacteria;o__Enterobacterales;f__Enterobacteriaceae;g__Escherichia,temperate
v0f27	Viruses;Duplodnaviria;Heunggongvirae;Uroviricota;Caudoviricetes;;,d__Bacteria;p__Pseudomonadota;c__Gammaproteobacteria;o__Enterobacterales;f__Enterobacteriaceae;g__Escherichia,temperate
v0f28	Viruses;Duplodnaviria;Heunggongvirae;Uroviricota;Caudoviricetes;;,d__Bacteria;p__Actinomycetota;c__Coriobacteriia;o__Coriobacteriales;f__Eggerthellaceae;g__Berryella,temperate
v0f29	Viruses;Duplodnaviria;Heunggongvirae;Uroviricota;Caudoviricetes;;,d__Bacteria;p__Pseudomonadota;c__Gammaproteobacteria;o__Enterobacterales;f__Enterobacteriaceae;g__Escherichia,virulent
v0f2a	Viruses;Monodnaviria;Sangervirae;Phixviricota;Malgrandaviricetes;Petitvirales;Microviridae,d__Bacteria;p__Bacteroidota;c__Bacteroidia;o__Bacteroidales;f__Bacteroidaceae;g__Prevotella,virulent
v0f2b	Viruses;Duplodnaviria;Heunggongvirae;Uroviricota;Caudoviricetes;;,d__Bacteria;p__Bacillota;c__Bacilli;o__Lactobacillales;f__Lactobacillaceae;g__Limosilactobacillus,temperate
v0f2c	Viruses;Duplodnaviria;Heunggongvirae;Uroviricota;Caudoviricetes;;,d__Bacteria;p__Bacillota;c__Bacilli;o__Lactobacillales;f__Lactobacillaceae;g__Lactobacillus,temperate
v0f2d	Viruses;Duplodnaviria;Heunggongvirae;Uroviricota;Caudoviricetes;;,d__Bacteria;p__Bacillota;c__Bacilli;o__Lactobacillales;f__Lactobacillaceae;g__Lactobacillus,temperate
v0f2e	Viruses;Duplodnaviria;Heunggongvirae;Uroviricota;Caudoviricetes;;,d__Bacteria;p__Bacillota;c__Bacilli;o__Lactobacillales;f__Lactobacillaceae;g__Lactobacillus,temperate
v0f2f	Viruses;Duplodnaviria;Heunggongvirae;Uroviricota;Caudoviricetes;;,d__Bacteria;p__Bacillota;c__Negativicutes;o__Veillonellales;f__Megasphaeraceae;g__Megasphaera_C,virulent
v0f30	Viruses;Duplodnaviria;Heunggongvirae;Uroviricota;Caudoviricetes;;,d__Bacteria;p__Bacillota;c__Bacilli;o__Lactobacillales;f__Lactobacillaceae;g__Lactobacillus,temperate
v0f31	Viruses;Duplodnaviria;Heunggongvirae;Uroviricota;Caudoviricetes;;,d__Bacteria;p__Bacillota;c__Bacilli;o__Lactobacillales;f__Lactobacillaceae;g__Lactobacillus,virulent
v0f32	Viruses;Duplodnaviria;Heunggongvirae;Uroviricota;Caudoviricetes;;,d__Bacteria;p__Bacillota;c__Bacilli;o__Lactobacillales;f__Lactobacillaceae;g__Lactobacillus,temperate
v0f33	Viruses;Duplodnaviria;Heunggongvirae;Uroviricota;Caudoviricetes;;,d__Bacteria;p__Bacillota;c__Bacilli;o__Lactobacillales;f__Lactobacillaceae;g__Lactobacillus,temperate
v0f34	Viruses;Duplodnaviria;Heunggongvirae;Uroviricota;Caudoviricetes;;,d__Bacteria;p__Bacillota;c__Bacilli;o__Lactobacillales;f__Lactobacillaceae;g__Lactobacillus,temperate
v0f35	Viruses;Duplodnaviria;Heunggongvirae;Uroviricota;Caudoviricetes;;,d__Bacteria;p__Bacillota;c__Negativicutes;o__Veillonellales;f__Dialisteraceae;g__Dialister,temperate
v0f36	Viruses;Duplodnaviria;Heunggongvirae;Uroviricota;Caudoviricetes;;,NA,virulent
v0f37	Viruses;Duplodnaviria;Heunggongvirae;Uroviricota;Caudoviricetes;;,d__Bacteria;p__Bacillota;c__Bacilli;o__Lactobacillales;f__Lactobacillaceae;g__Lactobacillus,temperate
v0f38	Viruses;Duplodnaviria;Heunggongvirae;Uroviricota;Caudoviricetes;;,d__Bacteria;p__Bacillota;c__Bacilli;o__Lactobacillales;f__Lactobacillaceae;g__Lactobacillus,temperate
v0f39	Viruses;Duplodnaviria;Heunggongvirae;Uroviricota;Caudoviricetes;;,d__Bacteria;p__Pseudomonadota;c__Gammaproteobacteria;o__Enterobacterales;f__Enterobacteriaceae;g__Escherichia,temperate
v0f3a	Viruses;Duplodnaviria;Heunggongvirae;Uroviricota;Caudoviricetes;;,d__Bacteria;p__Bacillota;c__Bacilli;o__Lactobacillales;f__Enterococcaceae;g__Enterococcus,temperate
v0f3b	Viruses;Duplodnaviria;Heunggongvirae;Uroviricota;Caudoviricetes;;,NA,temperate
v0f3c	Viruses;Duplodnaviria;Heunggongvirae;Uroviricota;Caudoviricetes;;,d__Bacteria;p__Bacillota;c__Bacilli;o__Lactobacillales;f__Lactobacillaceae;g__Lactobacillus,temperate
v0f3d	Viruses;Duplodnaviria;Heunggongvirae;Uroviricota;Caudoviricetes;;,d__Bacteria;p__Actinomycetota;c__Actinomycetes;o__Actinomycetales;f__Bifidobacteriaceae;g__Bifidobacterium,temperate
v0f3e	Viruses;Duplodnaviria;Heunggongvirae;Uroviricota;Caudoviricetes;;,d__Bacteria;p__Bacillota;c__Bacilli;o__Lactobacillales;f__Streptococcaceae;g__Streptococcus,temperate
v0f3f	Viruses;Duplodnaviria;Heunggongvirae;Uroviricota;Caudoviricetes;;,d__Bacteria;p__Bacillota;c__Bacilli;o__Lactobacillales;f__Lactobacillaceae;g__Lactobacillus,temperate
v0f40	Viruses;Duplodnaviria;Heunggongvirae;Uroviricota;Caudoviricetes;;,d__Bacteria;p__Bacillota;c__Bacilli;o__Lactobacillales;f__Lactobacillaceae;g__Lactobacillus,temperate
v0f41	Viruses;Duplodnaviria;Heunggongvirae;Uroviricota;Caudoviricetes;;,d__Bacteria;p__Bacillota;c__Bacilli;o__Lactobacillales;f__Enterococcaceae;g__Enterococcus,temperate
v0f42	Viruses;Duplodnaviria;Heunggongvirae;Uroviricota;Caudoviricetes;;,d__Bacteria;p__Bacillota;c__Bacilli;o__Lactobacillales;f__Streptococcaceae;g__Streptococcus,temperate
v0f43	Viruses;Duplodnaviria;Heunggongvirae;Uroviricota;Caudoviricetes;;,d__Bacteria;p__Pseudomonadota;c__Gammaproteobacteria;o__Enterobacterales;f__Enterobacteriaceae;g__Escherichia,temperate
v0f44	Viruses;Duplodnaviria;Heunggongvirae;Uroviricota;Caudoviricetes;;,d__Bacteria;p__Bacillota;c__Bacilli;o__Lactobacillales;f__Lactobacillaceae;g__Lactobacillus,temperate
v0f45	Viruses;Duplodnaviria;Heunggongvirae;Uroviricota;Caudoviricetes;;,d__Bacteria;p__Bacillota;c__Bacilli;o__Lactobacillales;f__Lactobacillaceae;g__Lactobacillus,temperate
v0f46	Viruses;Duplodnaviria;Heunggongvirae;Uroviricota;Caudoviricetes;;,d__Bacteria;p__Bacillota;c__Bacilli;o__Lactobacillales;f__Lactobacillaceae;g__Lactobacillus,virulent
v0f47	NA,NA,temperate
v0f48	Viruses;Duplodnaviria;Heunggongvirae;Uroviricota;Caudoviricetes;;,d__Bacteria;p__Bacillota;c__Bacilli;o__Lactobacillales;f__Lactobacillaceae;g__Lactobacillus,temperate
v0f49	Viruses;Duplodnaviria;Heunggongvirae;Uroviricota;Caudoviricetes;;,d__Bacteria;p__Actinomycetota;c__Coriobacteriia;o__Coriobacteriales;f__Atopobiaceae;g__Fannyhessea,temperate
v0f4a	Viruses;Duplodnaviria;Heunggongvirae;Uroviricota;Caudoviricetes;;,d__Bacteria;p__Bacillota;c__Clostridia;o__Lachnospirales;f__Lachnospiraceae;g__Blautia,temperate
v0f4b	Viruses;Duplodnaviria;Heunggongvirae;Uroviricota;Caudoviricetes;;,d__Bacteria;p__Bacillota;c__Bacilli;o__Lactobacillales;f__Lactobacillaceae;g__Lactobacillus,temperate
v0f4c	Viruses;Duplodnaviria;Heunggongvirae;Uroviricota;Caudoviricetes;;,d__Bacteria;p__Actinomycetota;c__Actinomycetes;o__Actinomycetales;f__Bifidobacteriaceae;g__Bifidobacterium,temperate
v0f4d	Viruses;Duplodnaviria;Heunggongvirae;Uroviricota;Caudoviricetes;;,d__Bacteria;p__Actinomycetota;c__Coriobacteriia;o__Coriobacteriales;f__Eggerthellaceae;g__Berryella,temperate
v0f4e	Viruses;Duplodnaviria;Heunggongvirae;Uroviricota;Caudoviricetes;;,d__Bacteria;p__Bacteroidota;c__Bacteroidia;o__Bacteroidales;f__Bacteroidaceae;g__Prevotella,virulent
v0f4f	Viruses;Duplodnaviria;Heunggongvirae;Uroviricota;Caudoviricetes;;,d__Bacteria;p__Bacillota;c__Bacilli;o__Lactobacillales;f__Lactobacillaceae;g__Lactobacillus,temperate
v0f50	Viruses;Duplodnaviria;Heunggongvirae;Uroviricota;Caudoviricetes;;,d__Bacteria;p__Bacillota;c__Bacilli;o__Lactobacillales;f__Enterococcaceae;g__Enterococcus,temperate
v0f51	Viruses;Duplodnaviria;Heunggongvirae;Uroviricota;Caudoviricetes;;,d__Bacteria;p__Actinomycetota;c__Actinomycetes;o__Actinomycetales;f__Bifidobacteriaceae;g__Bifidobacterium,temperate
v0f52	Viruses;Duplodnaviria;Heunggongvirae;Uroviricota;Caudoviricetes;;,d__Bacteria;p__Bacillota;c__Bacilli;o__Lactobacillales;f__Lactobacillaceae;g__Lactobacillus,temperate
v0f53	Viruses;Duplodnaviria;Heunggongvirae;Uroviricota;Caudoviricetes;;,d__Bacteria;p__Bacillota;c__Bacilli;o__Lactobacillales;f__Lactobacillaceae;g__Lactobacillus,temperate
v0f54	Viruses;Duplodnaviria;Heunggongvirae;Uroviricota;Caudoviricetes;;,d__Bacteria;p__Bacillota;c__Bacilli;o__Lactobacillales;f__Lactobacillaceae;g__Lactobacillus,temperate
v0f55	Viruses;Duplodnaviria;Heunggongvirae;Uroviricota;Caudoviricetes;;,d__Bacteria;p__Bacillota;c__Bacilli;o__Lactobacillales;f__Lactobacillaceae;g__Lactobacillus,temperate
v0f56	Viruses;Duplodnaviria;Heunggongvirae;Uroviricota;Caudoviricetes;;,d__Bacteria;p__Pseudomonadota;c__Gammaproteobacteria;o__Pseudomonadales;f__Moraxellaceae;g__Acinetobacter,temperate
v0f57	Viruses;Duplodnaviria;Heunggongvirae;Uroviricota;Caudoviricetes;;,d__Bacteria;p__Bacillota;c__Bacilli;o__Lactobacillales;f__Lactobacillaceae;g__Lactobacillus,temperate
v0f58	Viruses;Duplodnaviria;Heunggongvirae;Uroviricota;Caudoviricetes;;,d__Bacteria;p__Bacillota;c__Bacilli;o__Lactobacillales;f__Lactobacillaceae;g__Lactobacillus,temperate
v0f59	Viruses;Duplodnaviria;Heunggongvirae;Uroviricota;Caudoviricetes;;,d__Bacteria;p__Bacillota;c__Bacilli;o__Lactobacillales;f__Enterococcaceae;g__Enterococcus,virulent
v0f5a	Viruses;Duplodnaviria;Heunggongvirae;Uroviricota;Caudoviricetes;;,d__Bacteria;p__Actinomycetota;c__Actinomycetes;o__Actinomycetales;f__Bifidobacteriaceae;g__Bifidobacterium,virulent
v0f5b	Viruses;Duplodnaviria;Heunggongvirae;Uroviricota;Caudoviricetes;;,d__Bacteria;p__Actinomycetota;c__Actinomycetes;o__Actinomycetales;f__Bifidobacteriaceae;g__Bifidobacterium,temperate
v0f5c	Viruses;Duplodnaviria;Heunggongvirae;Uroviricota;Caudoviricetes;;,d__Bacteria;p__Actinomycetota;c__Actinomycetes;o__Actinomycetales;f__Bifidobacteriaceae;g__Bifidobacterium,temperate
v0f5d	Viruses;Duplodnaviria;Heunggongvirae;Uroviricota;Caudoviricetes;;,d__Bacteria;p__Actinomycetota;c__Actinomycetes;o__Actinomycetales;f__Bifidobacteriaceae;g__Bifidobacterium,virulent
v0f5e	Viruses;Duplodnaviria;Heunggongvirae;Uroviricota;Caudoviricetes;;,d__Bacteria;p__Bacillota;c__Bacilli;o__Lactobacillales;f__Streptococcaceae;g__Streptococcus,temperate
v0f5f	Viruses;Duplodnaviria;Heunggongvirae;Uroviricota;Caudoviricetes;;,d__Bacteria;p__Pseudomonadota;c__Gammaproteobacteria;o__Enterobacterales;f__Enterobacteriaceae;g__Morganella,temperate
v0f60	Viruses;Duplodnaviria;Heunggongvirae;Uroviricota;Caudoviricetes;;,d__Bacteria;p__Actinomycetota;c__Actinomycetes;o__Actinomycetales;f__Bifidobacteriaceae;g__Bifidobacterium,temperate
v0f61	NA,d__Bacteria;p__Pseudomonadota;c__Gammaproteobacteria;o__Enterobacterales;f__Enterobacteriaceae;g__Escherichia,temperate
v0f62	Viruses;Duplodnaviria;Heunggongvirae;Uroviricota;Caudoviricetes;;,d__Bacteria;p__Actinomycetota;c__Actinomycetes;o__Actinomycetales;f__Bifidobacteriaceae;g__Bifidobacterium,temperate
v0f63	Viruses;Duplodnaviria;Heunggongvirae;Uroviricota;Caudoviricetes;;,d__Bacteria;p__Bacillota;c__Bacilli;o__Lactobacillales;f__Enterococcaceae;g__Enterococcus,temperate
v0f64	Viruses;Duplodnaviria;Heunggongvirae;Uroviricota;Caudoviricetes;;,d__Bacteria;p__Bacillota;c__Bacilli;o__Lactobacillales;f__Lactobacillaceae;g__Lactobacillus,temperate
v0f65	Viruses;Duplodnaviria;Heunggongvirae;Uroviricota;Caudoviricetes;;,d__Bacteria;p__Bacillota;c__Bacilli;o__Lactobacillales;f__Streptococcaceae;g__Streptococcus,temperate
v0f66	Viruses;Duplodnaviria;Heunggongvirae;Uroviricota;Caudoviricetes;;,d__Bacteria;p__Bacillota;c__Bacilli;o__Lactobacillales;f__Streptococcaceae;g__Streptococcus,temperate
v0f67	Viruses;Duplodnaviria;Heunggongvirae;Uroviricota;Caudoviricetes;;,d__Bacteria;p__Bacillota;c__Clostridia;o__Peptostreptococcales;f__Peptostreptococcaceae;g__Peptostreptococcus,temperate
v0f68	Viruses;Duplodnaviria;Heunggongvirae;Uroviricota;Caudoviricetes;;,d__Bacteria;p__Pseudomonadota;c__Gammaproteobacteria;o__Enterobacterales;f__Enterobacteriaceae;g__Escherichia,temperate
v0f69	Viruses;Duplodnaviria;Heunggongvirae;Uroviricota;Caudoviricetes;;,NA,temperate
v0f6a	Viruses;Duplodnaviria;Heunggongvirae;Uroviricota;Caudoviricetes;;,d__Bacteria;p__Actinomycetota;c__Actinomycetes;o__Actinomycetales;f__Actinomycetaceae;g__Varibaculum,virulent
v0f6b	Viruses;Duplodnaviria;Heunggongvirae;Uroviricota;Caudoviricetes;;,d__Bacteria;p__Bacteroidota;c__Bacteroidia;o__Bacteroidales;f__Bacteroidaceae;g__Prevotella,temperate
v0f6c	Viruses;Duplodnaviria;Heunggongvirae;Uroviricota;Caudoviricetes;;,d__Bacteria;p__Pseudomonadota;c__Gammaproteobacteria;o__Enterobacterales;f__Enterobacteriaceae;g__Escherichia,temperate
v0f6d	Viruses;Duplodnaviria;Heunggongvirae;Uroviricota;Caudoviricetes;;,d__Bacteria;p__Bacillota;c__Bacilli;o__Lactobacillales;f__Enterococcaceae;g__Enterococcus,temperate
v0f6e	Viruses;Duplodnaviria;Heunggongvirae;Uroviricota;Caudoviricetes;;,d__Bacteria;p__Pseudomonadota;c__Gammaproteobacteria;o__Enterobacterales;f__Enterobacteriaceae;g__Proteus,temperate
v0f6f	Viruses;Duplodnaviria;Heunggongvirae;Uroviricota;Caudoviricetes;;,d__Bacteria;p__Pseudomonadota;c__Gammaproteobacteria;o__Enterobacterales;f__Enterobacteriaceae;g__Klebsiella,temperate
v0f70	NA,d__Bacteria;p__Pseudomonadota;c__Gammaproteobacteria;o__Enterobacterales;f__Enterobacteriaceae;g__Proteus,temperate
v0f71	Viruses;Duplodnaviria;Heunggongvirae;Uroviricota;Caudoviricetes;;,d__Bacteria;p__Pseudomonadota;c__Gammaproteobacteria;o__Enterobacterales;f__Enterobacteriaceae;g__Citrobacter,temperate
v0f72	Viruses;Duplodnaviria;Heunggongvirae;Uroviricota;Caudoviricetes;;,d__Bacteria;p__Actinomycetota;c__Actinomycetes;o__Actinomycetales;f__Actinomycetaceae;g__Varibaculum,virulent
v0f73	Viruses;Monodnaviria;Sangervirae;Phixviricota;Malgrandaviricetes;Petitvirales;Microviridae,NA,virulent
v0f74	Viruses;Duplodnaviria;Heunggongvirae;Uroviricota;Caudoviricetes;;,d__Bacteria;p__Actinomycetota;c__Actinomycetes;o__Actinomycetales;f__Actinomycetaceae;g__Mobiluncus,temperate
v0f75	Viruses;Duplodnaviria;Heunggongvirae;Uroviricota;Caudoviricetes;;,d__Bacteria;p__Actinomycetota;c__Coriobacteriia;o__Coriobacteriales;f__Atopobiaceae;g__Olegusella,temperate
v0f76	Viruses;Duplodnaviria;Heunggongvirae;Uroviricota;Caudoviricetes;;,d__Bacteria;p__Actinomycetota;c__Actinomycetes;o__Actinomycetales;f__Actinomycetaceae;g__Mobiluncus,temperate
v0f77	Viruses;Duplodnaviria;Heunggongvirae;Uroviricota;Caudoviricetes;;,NA,temperate
v0f78	Viruses;Duplodnaviria;Heunggongvirae;Uroviricota;Caudoviricetes;;,NA,temperate
v0f79	Viruses;Duplodnaviria;Heunggongvirae;Uroviricota;Caudoviricetes;;,d__Bacteria;p__Bacillota;c__Clostridia;o__Tissierellales;f__Peptoniphilaceae;g__Murdochiella,temperate
v0f7a	Viruses;Duplodnaviria;Heunggongvirae;Uroviricota;Caudoviricetes;;,NA,temperate
v0f7b	Viruses;Duplodnaviria;Heunggongvirae;Uroviricota;Caudoviricetes;;,d__Bacteria;p__Actinomycetota;c__Actinomycetes;o__Actinomycetales;f__Actinomycetaceae;g__Mobiluncus,temperate
v0f7c	Viruses;Duplodnaviria;Heunggongvirae;Uroviricota;Caudoviricetes;;,NA,temperate
v0f7d	Viruses;Duplodnaviria;Heunggongvirae;Uroviricota;Caudoviricetes;;,d__Bacteria;p__Bacteroidota;c__Bacteroidia;o__Bacteroidales;f__Bacteroidaceae;g__Bacteroides,virulent
v0f7e	Viruses;Duplodnaviria;Heunggongvirae;Uroviricota;Caudoviricetes;;,d__Bacteria;p__Bacillota;c__Bacilli;o__Lactobacillales;f__Lactobacillaceae;g__Lactiplantibacillus,temperate
v0f7f	Viruses;Duplodnaviria;Heunggongvirae;Uroviricota;Caudoviricetes;;,d__Bacteria;p__Bacillota;c__Bacilli;o__Lactobacillales;f__Lactobacillaceae;g__Lactiplantibacillus,temperate
v0f80	Viruses;Duplodnaviria;Heunggongvirae;Uroviricota;Caudoviricetes;;,d__Bacteria;p__Bacillota;c__Bacilli;o__Lactobacillales;f__Lactobacillaceae;g__Lactobacillus,temperate
v0f81	Viruses;Duplodnaviria;Heunggongvirae;Uroviricota;Caudoviricetes;;,d__Bacteria;p__Bacillota;c__Bacilli;o__Lactobacillales;f__Lactobacillaceae;g__Lactobacillus,temperate
v0f82	Viruses;Duplodnaviria;Heunggongvirae;Uroviricota;Caudoviricetes;;,d__Bacteria;p__Bacillota;c__Bacilli;o__Lactobacillales;f__Lactobacillaceae;g__Lactobacillus,temperate
v0f83	Viruses;Duplodnaviria;Heunggongvirae;Uroviricota;Caudoviricetes;;,d__Bacteria;p__Actinomycetota;c__Actinomycetes;o__Actinomycetales;f__Bifidobacteriaceae;g__Bifidobacterium,temperate
v0f84	Viruses;Duplodnaviria;Heunggongvirae;Uroviricota;Caudoviricetes;;,d__Bacteria;p__Pseudomonadota;c__Gammaproteobacteria;o__Enterobacterales;f__Enterobacteriaceae;g__Klebsiella,temperate
v0f85	Viruses;Duplodnaviria;Heunggongvirae;Uroviricota;Caudoviricetes;;,d__Bacteria;p__Pseudomonadota;c__Gammaproteobacteria;o__Enterobacterales;f__Enterobacteriaceae;g__Escherichia,temperate
v0f86	Viruses;Duplodnaviria;Heunggongvirae;Uroviricota;Caudoviricetes;;,d__Bacteria;p__Pseudomonadota;c__Gammaproteobacteria;o__Enterobacterales;f__Enterobacteriaceae;g__Enterobacter,temperate
v0f87	Viruses;Duplodnaviria;Heunggongvirae;Uroviricota;Caudoviricetes;;,d__Bacteria;p__Pseudomonadota;c__Gammaproteobacteria;o__Enterobacterales;f__Enterobacteriaceae;g__Klebsiella,temperate
v0f88	Viruses;Duplodnaviria;Heunggongvirae;Uroviricota;Caudoviricetes;;,d__Bacteria;p__Pseudomonadota;c__Gammaproteobacteria;o__Enterobacterales;f__Enterobacteriaceae;g__Salmonella,temperate
v0f89	Viruses;Duplodnaviria;Heunggongvirae;Uroviricota;Caudoviricetes;;,d__Bacteria;p__Bacillota;c__Bacilli;o__Lactobacillales;f__Lactobacillaceae;g__Lactobacillus,temperate
v0f8a	Viruses;Monodnaviria;Sangervirae;Phixviricota;Malgrandaviricetes;Petitvirales;Microviridae,d__Bacteria;p__Bacteroidota;c__Bacteroidia;o__Bacteroidales;f__Bacteroidaceae;g__Prevotella,virulent
v0f8b	Viruses;Duplodnaviria;Heunggongvirae;Uroviricota;Caudoviricetes;;,d__Bacteria;p__Bacillota;c__Clostridia;o__Peptostreptococcales;f__Peptostreptococcaceae;g__Peptostreptococcus,temperate
v0f8c	Viruses;Duplodnaviria;Heunggongvirae;Uroviricota;Caudoviricetes;;,d__Bacteria;p__Bacillota;c__Bacilli;o__Lactobacillales;f__Streptococcaceae;g__Streptococcus,temperate
v0f8d	Viruses;Duplodnaviria;Heunggongvirae;Uroviricota;Caudoviricetes;;,d__Bacteria;p__Bacillota;c__Bacilli;o__Lactobacillales;f__Streptococcaceae;g__Streptococcus,temperate
v0f8e	Viruses;Duplodnaviria;Heunggongvirae;Uroviricota;Caudoviricetes;;,d__Bacteria;p__Bacillota;c__Bacilli;o__Lactobacillales;f__Lactobacillaceae;g__Lactobacillus,temperate
v0f8f	Viruses;Duplodnaviria;Heunggongvirae;Uroviricota;Caudoviricetes;;,d__Bacteria;p__Bacillota;c__Bacilli;o__Lactobacillales;f__Lactobacillaceae;g__Lactobacillus,temperate
v0f90	Viruses;Duplodnaviria;Heunggongvirae;Uroviricota;Caudoviricetes;;,NA,temperate
v0f91	Viruses;Duplodnaviria;Heunggongvirae;Uroviricota;Caudoviricetes;;,d__Bacteria;p__Actinomycetota;c__Actinomycetes;o__Actinomycetales;f__Bifidobacteriaceae;g__Bifidobacterium,temperate
v0f92	Viruses;Duplodnaviria;Heunggongvirae;Uroviricota;Caudoviricetes;;,d__Bacteria;p__Bacillota;c__Bacilli;o__Lactobacillales;f__Streptococcaceae;g__Streptococcus,temperate
v0f93	Viruses;Duplodnaviria;Heunggongvirae;Uroviricota;Caudoviricetes;;,d__Bacteria;p__Bacillota;c__Bacilli;o__Lactobacillales;f__Enterococcaceae;g__Enterococcus,temperate
v0f94	Viruses;Duplodnaviria;Heunggongvirae;Uroviricota;Caudoviricetes;;,d__Bacteria;p__Bacillota;c__Bacilli;o__Lactobacillales;f__Enterococcaceae;g__Enterococcus,temperate
v0f95	Viruses;Duplodnaviria;Heunggongvirae;Uroviricota;Caudoviricetes;;,d__Bacteria;p__Bacillota;c__Bacilli;o__Lactobacillales;f__Enterococcaceae;g__Enterococcus,temperate
v0f96	Viruses;Duplodnaviria;Heunggongvirae;Uroviricota;Caudoviricetes;;,d__Bacteria;p__Bacillota;c__Bacilli;o__Lactobacillales;f__Enterococcaceae;g__Enterococcus,temperate
v0f97	Viruses;Duplodnaviria;Heunggongvirae;Uroviricota;Caudoviricetes;;,d__Bacteria;p__Bacillota;c__Bacilli;o__Lactobacillales;f__Streptococcaceae;g__Streptococcus,temperate
v0f98	Viruses;Duplodnaviria;Heunggongvirae;Uroviricota;Caudoviricetes;;,d__Bacteria;p__Bacillota;c__Bacilli;o__Lactobacillales;f__Enterococcaceae;g__Enterococcus,temperate
v0f99	Viruses;Duplodnaviria;Heunggongvirae;Uroviricota;Caudoviricetes;;,d__Bacteria;p__Actinomycetota;c__Actinomycetes;o__Actinomycetales;f__Bifidobacteriaceae;g__Bifidobacterium,temperate
v0f9a	Viruses;Duplodnaviria;Heunggongvirae;Uroviricota;Caudoviricetes;;,d__Bacteria;p__Bacillota;c__Negativicutes;o__Veillonellales;f__Dialisteraceae;g__Dialister,temperate
v0f9b	Viruses;Duplodnaviria;Heunggongvirae;Uroviricota;Caudoviricetes;;,d__Bacteria;p__Actinomycetota;c__Coriobacteriia;o__Coriobacteriales;f__Atopobiaceae;g__Fannyhessea,temperate
v0f9c	Viruses;Duplodnaviria;Heunggongvirae;Uroviricota;Caudoviricetes;;,d__Bacteria;p__Actinomycetota;c__Actinomycetes;o__Actinomycetales;f__Bifidobacteriaceae;g__Bifidobacterium,temperate
v0f9d	Viruses;Duplodnaviria;Heunggongvirae;Uroviricota;Caudoviricetes;;,d__Bacteria;p__Bacillota;c__Bacilli;o__Lactobacillales;f__Lactobacillaceae;g__Lactobacillus,temperate
v0f9e	NA,d__Bacteria;p__Actinomycetota;c__Actinomycetes;o__Actinomycetales;f__Bifidobacteriaceae;g__Bifidobacterium,temperate
v0f9f	Viruses;Duplodnaviria;Heunggongvirae;Uroviricota;Caudoviricetes;;,d__Bacteria;p__Pseudomonadota;c__Gammaproteobacteria;o__Enterobacterales;f__Enterobacteriaceae;g__Serratia,temperate
v0fa0	Viruses;Duplodnaviria;Heunggongvirae;Uroviricota;Caudoviricetes;;,d__Bacteria;p__Bacillota;c__Bacilli;o__Lactobacillales;f__Streptococcaceae;g__Streptococcus,temperate
v0fa1	Viruses;Duplodnaviria;Heunggongvirae;Uroviricota;Caudoviricetes;;,NA,temperate
v0fa2	NA,d__Bacteria;p__Bacillota;c__Bacilli;o__Lactobacillales;f__Streptococcaceae;g__Streptococcus,temperate
v0fa3	Viruses;Duplodnaviria;Heunggongvirae;Uroviricota;Caudoviricetes;;,d__Bacteria;p__Bacillota;c__Bacilli;o__Lactobacillales;f__Enterococcaceae;g__Enterococcus_B,temperate
v0fa4	Viruses;Duplodnaviria;Heunggongvirae;Uroviricota;Caudoviricetes;;,NA,temperate
v0fa5	NA,d__Bacteria;p__Pseudomonadota;c__Gammaproteobacteria;o__Enterobacterales;f__Enterobacteriaceae;g__Citrobacter,temperate
v0fa6	Viruses;Duplodnaviria;Heunggongvirae;Uroviricota;Caudoviricetes;;,d__Bacteria;p__Pseudomonadota;c__Gammaproteobacteria;o__Enterobacterales;f__Enterobacteriaceae;g__Morganella,temperate
v0fa7	Viruses;Duplodnaviria;Heunggongvirae;Uroviricota;Caudoviricetes;;,d__Bacteria;p__Pseudomonadota;c__Gammaproteobacteria;o__Enterobacterales;f__Enterobacteriaceae;g__Morganella,virulent
v0fa8	Viruses;Duplodnaviria;Heunggongvirae;Uroviricota;Caudoviricetes;;,d__Bacteria;p__Pseudomonadota;c__Gammaproteobacteria;o__Enterobacterales;f__Enterobacteriaceae;g__Morganella,temperate
v0fa9	Viruses;Duplodnaviria;Heunggongvirae;Uroviricota;Caudoviricetes;;,d__Bacteria;p__Bacillota;c__Bacilli;o__Lactobacillales;f__Enterococcaceae;g__Enterococcus_B,temperate
v0faa	Viruses;Duplodnaviria;Heunggongvirae;Uroviricota;Caudoviricetes;;,d__Bacteria;p__Pseudomonadota;c__Gammaproteobacteria;o__Enterobacterales;f__Enterobacteriaceae;g__Escherichia,temperate
v0fab	Viruses;Duplodnaviria;Heunggongvirae;Uroviricota;Caudoviricetes;;,d__Bacteria;p__Pseudomonadota;c__Gammaproteobacteria;o__Enterobacterales;f__Enterobacteriaceae;g__Klebsiella,temperate
v0fac	Viruses;Duplodnaviria;Heunggongvirae;Uroviricota;Caudoviricetes;;,d__Bacteria;p__Pseudomonadota;c__Gammaproteobacteria;o__Enterobacterales;f__Enterobacteriaceae;g__Klebsiella,temperate
v0fad	Viruses;Duplodnaviria;Heunggongvirae;Uroviricota;Caudoviricetes;;,d__Bacteria;p__Pseudomonadota;c__Gammaproteobacteria;o__Enterobacterales;f__Enterobacteriaceae;g__Klebsiella,temperate
v0fae	Viruses;Duplodnaviria;Heunggongvirae;Uroviricota;Caudoviricetes;;,d__Bacteria;p__Pseudomonadota;c__Gammaproteobacteria;o__Enterobacterales;f__Enterobacteriaceae;g__Klebsiella,temperate
v0faf	Viruses;Duplodnaviria;Heunggongvirae;Uroviricota;Caudoviricetes;;,NA,temperate
v0fb0	Viruses;Duplodnaviria;Heunggongvirae;Uroviricota;Caudoviricetes;;,d__Bacteria;p__Pseudomonadota;c__Gammaproteobacteria;o__Enterobacterales;f__Enterobacteriaceae;g__Proteus,temperate
v0fb1	Viruses;Duplodnaviria;Heunggongvirae;Uroviricota;Caudoviricetes;;,d__Bacteria;p__Bacillota;c__Bacilli;o__Lactobacillales;f__Enterococcaceae;g__Enterococcus,temperate
v0fb2	Viruses;Duplodnaviria;Heunggongvirae;Uroviricota;Caudoviricetes;;,d__Bacteria;p__Pseudomonadota;c__Gammaproteobacteria;o__Enterobacterales;f__Enterobacteriaceae;g__Klebsiella,temperate
v0fb3	Viruses;Duplodnaviria;Heunggongvirae;Uroviricota;Caudoviricetes;;,NA,temperate
v0fb4	Viruses;Duplodnaviria;Heunggongvirae;Uroviricota;Caudoviricetes;;,d__Bacteria;p__Pseudomonadota;c__Gammaproteobacteria;o__Enterobacterales;f__Enterobacteriaceae;g__Klebsiella,temperate
v0fb5	Viruses;Duplodnaviria;Heunggongvirae;Uroviricota;Caudoviricetes;;,d__Bacteria;p__Pseudomonadota;c__Gammaproteobacteria;o__Enterobacterales;f__Enterobacteriaceae;g__Klebsiella,temperate
v0fb6	Viruses;Duplodnaviria;Heunggongvirae;Uroviricota;Caudoviricetes;;,d__Bacteria;p__Pseudomonadota;c__Gammaproteobacteria;o__Enterobacterales;f__Enterobacteriaceae;g__Klebsiella,temperate
v0fb7	Viruses;Duplodnaviria;Heunggongvirae;Uroviricota;Caudoviricetes;;,d__Bacteria;p__Pseudomonadota;c__Gammaproteobacteria;o__Enterobacterales;f__Enterobacteriaceae;g__Escherichia,temperate
v0fb8	Viruses;Duplodnaviria;Heunggongvirae;Uroviricota;Caudoviricetes;;,d__Bacteria;p__Pseudomonadota;c__Gammaproteobacteria;o__Enterobacterales;f__Enterobacteriaceae;g__Escherichia,temperate
v0fb9	Viruses;Duplodnaviria;Heunggongvirae;Uroviricota;Caudoviricetes;;,NA,temperate
v0fba	Viruses;Duplodnaviria;Heunggongvirae;Uroviricota;Caudoviricetes;;,d__Bacteria;p__Bacillota;c__Bacilli;o__Lactobacillales;f__Enterococcaceae;g__Enterococcus,temperate
v0fbb	Viruses;Duplodnaviria;Heunggongvirae;Uroviricota;Caudoviricetes;;,d__Bacteria;p__Bacillota;c__Bacilli;o__Lactobacillales;f__Lactobacillaceae;g__Lactobacillus,temperate
v0fbc	Viruses;Duplodnaviria;Heunggongvirae;Uroviricota;Caudoviricetes;;,d__Bacteria;p__Pseudomonadota;c__Gammaproteobacteria;o__Enterobacterales;f__Enterobacteriaceae;g__Escherichia,temperate
v0fbd	Viruses;Duplodnaviria;Heunggongvirae;Uroviricota;Caudoviricetes;;,d__Bacteria;p__Pseudomonadota;c__Gammaproteobacteria;o__Enterobacterales;f__Enterobacteriaceae;g__Escherichia,temperate
v0fbe	Viruses;Duplodnaviria;Heunggongvirae;Uroviricota;Caudoviricetes;;,d__Bacteria;p__Pseudomonadota;c__Gammaproteobacteria;o__Enterobacterales;f__Enterobacteriaceae;g__Escherichia,virulent
v0fbf	Viruses;Duplodnaviria;Heunggongvirae;Uroviricota;Caudoviricetes;;,d__Bacteria;p__Pseudomonadota;c__Gammaproteobacteria;o__Enterobacterales;f__Enterobacteriaceae;g__Escherichia,temperate
v0fc0	Viruses;Duplodnaviria;Heunggongvirae;Uroviricota;Caudoviricetes;;,d__Bacteria;p__Pseudomonadota;c__Gammaproteobacteria;o__Enterobacterales;f__Enterobacteriaceae;g__Escherichia,temperate
v0fc1	Viruses;Duplodnaviria;Heunggongvirae;Uroviricota;Caudoviricetes;;,d__Bacteria;p__Pseudomonadota;c__Gammaproteobacteria;o__Enterobacterales;f__Enterobacteriaceae;g__Klebsiella,temperate
v0fc2	Viruses;Duplodnaviria;Heunggongvirae;Uroviricota;Caudoviricetes;;,d__Bacteria;p__Pseudomonadota;c__Gammaproteobacteria;o__Enterobacterales;f__Enterobacteriaceae;g__Klebsiella,temperate
v0fc3	Viruses;Duplodnaviria;Heunggongvirae;Uroviricota;Caudoviricetes;;,d__Bacteria;p__Pseudomonadota;c__Gammaproteobacteria;o__Enterobacterales;f__Enterobacteriaceae;g__Klebsiella,virulent
v0fc4	Viruses;Duplodnaviria;Heunggongvirae;Uroviricota;Caudoviricetes;;,d__Bacteria;p__Pseudomonadota;c__Gammaproteobacteria;o__Enterobacterales;f__Enterobacteriaceae;g__Escherichia,temperate
v0fc5	Viruses;Duplodnaviria;Heunggongvirae;Uroviricota;Caudoviricetes;;,NA,temperate
v0fc6	Viruses;Duplodnaviria;Heunggongvirae;Uroviricota;Caudoviricetes;;,d__Bacteria;p__Pseudomonadota;c__Gammaproteobacteria;o__Enterobacterales;f__Enterobacteriaceae;g__Klebsiella,temperate
v0fc7	Viruses;Duplodnaviria;Heunggongvirae;Uroviricota;Caudoviricetes;;,NA,temperate
v0fc8	Viruses;Duplodnaviria;Heunggongvirae;Uroviricota;Caudoviricetes;;,d__Bacteria;p__Bacillota;c__Bacilli;o__Lactobacillales;f__Lactobacillaceae;g__Lactobacillus,temperate
v0fc9	Viruses;Duplodnaviria;Heunggongvirae;Uroviricota;Caudoviricetes;;,d__Bacteria;p__Actinomycetota;c__Actinomycetes;o__Actinomycetales;f__Bifidobacteriaceae;g__Bifidobacterium,temperate
v0fca	Viruses;Duplodnaviria;Heunggongvirae;Uroviricota;Caudoviricetes;;,d__Bacteria;p__Pseudomonadota;c__Gammaproteobacteria;o__Enterobacterales;f__Enterobacteriaceae;g__Salmonella,temperate
v0fcb	Viruses;Duplodnaviria;Heunggongvirae;Uroviricota;Caudoviricetes;;,d__Bacteria;p__Actinomycetota;c__Actinomycetes;o__Actinomycetales;f__Bifidobacteriaceae;g__Bifidobacterium,temperate
v0fcc	Viruses;Duplodnaviria;Heunggongvirae;Uroviricota;Caudoviricetes;;,NA,temperate
v0fcd	Viruses;Duplodnaviria;Heunggongvirae;Uroviricota;Caudoviricetes;;,d__Bacteria;p__Pseudomonadota;c__Gammaproteobacteria;o__Enterobacterales;f__Enterobacteriaceae;g__Escherichia,temperate
v0fce	Viruses;Duplodnaviria;Heunggongvirae;Uroviricota;Caudoviricetes;;,NA,temperate
v0fcf	Viruses;Duplodnaviria;Heunggongvirae;Uroviricota;Caudoviricetes;;,d__Bacteria;p__Pseudomonadota;c__Gammaproteobacteria;o__Enterobacterales;f__Enterobacteriaceae;g__Escherichia,temperate
v0fd0	Viruses;Duplodnaviria;Heunggongvirae;Uroviricota;Caudoviricetes;;,d__Bacteria;p__Pseudomonadota;c__Gammaproteobacteria;o__Enterobacterales;f__Enterobacteriaceae;g__Escherichia,temperate
v0fd1	NA,d__Bacteria;p__Pseudomonadota;c__Gammaproteobacteria;o__Enterobacterales;f__Enterobacteriaceae;g__Klebsiella,temperate
v0fd2	Viruses;Duplodnaviria;Heunggongvirae;Uroviricota;Caudoviricetes;;,d__Bacteria;p__Pseudomonadota;c__Gammaproteobacteria;o__Enterobacterales;f__Enterobacteriaceae;g__Klebsiella,temperate
v0fd3	Viruses;Duplodnaviria;Heunggongvirae;Uroviricota;Caudoviricetes;;,NA,temperate
v0fd4	Viruses;Duplodnaviria;Heunggongvirae;Uroviricota;Caudoviricetes;;,d__Bacteria;p__Bacillota;c__Bacilli;o__Lactobacillales;f__Enterococcaceae;g__Enterococcus,temperate
v0fd5	Viruses;Duplodnaviria;Heunggongvirae;Uroviricota;Caudoviricetes;;,d__Bacteria;p__Bacillota;c__Bacilli;o__Lactobacillales;f__Enterococcaceae;g__Enterococcus,temperate
v0fd6	Viruses;Duplodnaviria;Heunggongvirae;Uroviricota;Caudoviricetes;;,d__Bacteria;p__Bacillota;c__Bacilli;o__Lactobacillales;f__Enterococcaceae;g__Enterococcus,temperate
v0fd7	NA,d__Bacteria;p__Bacillota;c__Bacilli;o__Lactobacillales;f__Lactobacillaceae;g__Lactobacillus,temperate
v0fd8	Viruses;Duplodnaviria;Heunggongvirae;Uroviricota;Caudoviricetes;;,d__Bacteria;p__Pseudomonadota;c__Gammaproteobacteria;o__Enterobacterales;f__Enterobacteriaceae;g__Morganella,virulent
v0fd9	Viruses;Duplodnaviria;Heunggongvirae;Uroviricota;Caudoviricetes;;,d__Bacteria;p__Bacillota;c__Bacilli;o__Lactobacillales;f__Enterococcaceae;g__Enterococcus,temperate
v0fda	Viruses;Duplodnaviria;Heunggongvirae;Uroviricota;Caudoviricetes;;,d__Bacteria;p__Actinomycetota;c__Actinomycetes;o__Actinomycetales;f__Bifidobacteriaceae;g__Bifidobacterium,temperate
v0fdb	Viruses;Duplodnaviria;Heunggongvirae;Uroviricota;Caudoviricetes;;,d__Bacteria;p__Bacillota;c__Bacilli;o__Lactobacillales;f__Streptococcaceae;g__Streptococcus,temperate
v0fdc	Viruses;Duplodnaviria;Heunggongvirae;Uroviricota;Caudoviricetes;;,d__Bacteria;p__Pseudomonadota;c__Gammaproteobacteria;o__Enterobacterales;f__Enterobacteriaceae;g__Klebsiella,temperate
v0fdd	NA,d__Bacteria;p__Pseudomonadota;c__Gammaproteobacteria;o__Enterobacterales;f__Enterobacteriaceae;g__Klebsiella,temperate
v0fde	Viruses;Duplodnaviria;Heunggongvirae;Uroviricota;Caudoviricetes;;,d__Bacteria;p__Bacillota;c__Bacilli;o__Lactobacillales;f__Lactobacillaceae;g__Lactobacillus,temperate
v0fdf	Viruses;Duplodnaviria;Heunggongvirae;Uroviricota;Caudoviricetes;;,d__Bacteria;p__Actinomycetota;c__Actinomycetes;o__Actinomycetales;f__Actinomycetaceae;g__Varibaculum,temperate
v0fe0	Viruses;Duplodnaviria;Heunggongvirae;Uroviricota;Caudoviricetes;;,d__Bacteria;p__Pseudomonadota;c__Gammaproteobacteria;o__Enterobacterales;f__Enterobacteriaceae;g__Escherichia,temperate
v0fe1	Viruses;Duplodnaviria;Heunggongvirae;Uroviricota;Caudoviricetes;;,d__Bacteria;p__Bacillota;c__Clostridia;o__Tissierellales;f__Peptoniphilaceae;g__Peptoniphilus_A,virulent
v0fe2	Viruses;Duplodnaviria;Heunggongvirae;Uroviricota;Caudoviricetes;;,d__Bacteria;p__Bacillota;c__Bacilli;o__Lactobacillales;f__Lactobacillaceae;g__Lactobacillus,temperate
v0fe3	Viruses;Duplodnaviria;Heunggongvirae;Uroviricota;Caudoviricetes;;,d__Bacteria;p__Bacillota;c__Bacilli;o__Lactobacillales;f__Enterococcaceae;g__Enterococcus,temperate
v0fe4	Viruses;Duplodnaviria;Heunggongvirae;Uroviricota;Caudoviricetes;;,d__Bacteria;p__Bacillota;c__Bacilli;o__Lactobacillales;f__Enterococcaceae;g__Enterococcus_B,temperate
v0fe5	Viruses;Duplodnaviria;Heunggongvirae;Uroviricota;Caudoviricetes;;,d__Bacteria;p__Pseudomonadota;c__Gammaproteobacteria;o__Enterobacterales;f__Enterobacteriaceae;g__Klebsiella,temperate
v0fe6	Viruses;Duplodnaviria;Heunggongvirae;Uroviricota;Caudoviricetes;;,d__Bacteria;p__Pseudomonadota;c__Gammaproteobacteria;o__Enterobacterales;f__Enterobacteriaceae;g__Salmonella,temperate
v0fe7	Viruses;Duplodnaviria;Heunggongvirae;Uroviricota;Caudoviricetes;;,d__Bacteria;p__Pseudomonadota;c__Gammaproteobacteria;o__Enterobacterales;f__Enterobacteriaceae;g__Klebsiella,virulent
v0fe8	Viruses;Duplodnaviria;Heunggongvirae;Uroviricota;Caudoviricetes;;,d__Bacteria;p__Pseudomonadota;c__Gammaproteobacteria;o__Enterobacterales;f__Enterobacteriaceae;g__Enterobacter,temperate
v0fe9	Viruses;Duplodnaviria;Heunggongvirae;Uroviricota;Caudoviricetes;;,d__Bacteria;p__Pseudomonadota;c__Gammaproteobacteria;o__Enterobacterales;f__Enterobacteriaceae;g__Escherichia,temperate
v0fea	Viruses;Duplodnaviria;Heunggongvirae;Uroviricota;Caudoviricetes;;,d__Bacteria;p__Pseudomonadota;c__Gammaproteobacteria;o__Enterobacterales;f__Enterobacteriaceae;g__Klebsiella,temperate
v0feb	Viruses;Duplodnaviria;Heunggongvirae;Uroviricota;Caudoviricetes;;,d__Bacteria;p__Pseudomonadota;c__Gammaproteobacteria;o__Enterobacterales;f__Enterobacteriaceae;g__Escherichia,virulent
v0fec	Viruses;Duplodnaviria;Heunggongvirae;Uroviricota;Caudoviricetes;;,d__Bacteria;p__Pseudomonadota;c__Gammaproteobacteria;o__Enterobacterales;f__Enterobacteriaceae;g__Enterobacter,temperate
v0fed	Viruses;Duplodnaviria;Heunggongvirae;Uroviricota;Caudoviricetes;;,d__Bacteria;p__Pseudomonadota;c__Gammaproteobacteria;o__Enterobacterales;f__Enterobacteriaceae;g__Enterobacter,temperate
v0fee	Viruses;Duplodnaviria;Heunggongvirae;Uroviricota;Caudoviricetes;;,d__Bacteria;p__Pseudomonadota;c__Gammaproteobacteria;o__Enterobacterales;f__Enterobacteriaceae;g__Enterobacter,temperate
v0fef	Viruses;Duplodnaviria;Heunggongvirae;Uroviricota;Caudoviricetes;;,d__Bacteria;p__Pseudomonadota;c__Gammaproteobacteria;o__Enterobacterales;f__Enterobacteriaceae;g__Enterobacter,temperate
v0ff0	Viruses;Duplodnaviria;Heunggongvirae;Uroviricota;Caudoviricetes;;,d__Bacteria;p__Pseudomonadota;c__Gammaproteobacteria;o__Enterobacterales;f__Enterobacteriaceae;g__Escherichia,virulent
v0ff1	Viruses;Duplodnaviria;Heunggongvirae;Uroviricota;Caudoviricetes;;,d__Bacteria;p__Bacillota;c__Bacilli;o__Lactobacillales;f__Enterococcaceae;g__Enterococcus,temperate
v0ff2	Viruses;Duplodnaviria;Heunggongvirae;Uroviricota;Caudoviricetes;;,d__Bacteria;p__Bacillota;c__Bacilli;o__Lactobacillales;f__Lactobacillaceae;g__Lactobacillus,temperate
v0ff3	Viruses;Duplodnaviria;Heunggongvirae;Uroviricota;Caudoviricetes;;,d__Bacteria;p__Bacillota;c__Bacilli;o__Lactobacillales;f__Lactobacillaceae;g__Lactobacillus,temperate
v0ff4	Viruses;Duplodnaviria;Heunggongvirae;Uroviricota;Caudoviricetes;;,d__Bacteria;p__Bacillota;c__Bacilli;o__Lactobacillales;f__Lactobacillaceae;g__Ligilactobacillus,temperate
v0ff5	Viruses;Duplodnaviria;Heunggongvirae;Uroviricota;Caudoviricetes;;,d__Bacteria;p__Actinomycetota;c__Actinomycetes;o__Actinomycetales;f__Actinomycetaceae;g__Varibaculum,temperate
v0ff6	Viruses;Duplodnaviria;Heunggongvirae;Uroviricota;Caudoviricetes;;,d__Bacteria;p__Pseudomonadota;c__Gammaproteobacteria;o__Enterobacterales;f__Enterobacteriaceae;g__Enterobacter,temperate
v0ff7	Viruses;Duplodnaviria;Heunggongvirae;Uroviricota;Caudoviricetes;;,d__Bacteria;p__Pseudomonadota;c__Gammaproteobacteria;o__Enterobacterales;f__Enterobacteriaceae;g__Morganella,temperate
v0ff8	Viruses;Duplodnaviria;Heunggongvirae;Uroviricota;Caudoviricetes;;,d__Bacteria;p__Pseudomonadota;c__Gammaproteobacteria;o__Enterobacterales;f__Enterobacteriaceae;g__Klebsiella,temperate
v0ff9	Viruses;Duplodnaviria;Heunggongvirae;Uroviricota;Caudoviricetes;;,d__Bacteria;p__Pseudomonadota;c__Gammaproteobacteria;o__Enterobacterales;f__Enterobacteriaceae;g__Klebsiella,temperate
v0ffa	Viruses;Duplodnaviria;Heunggongvirae;Uroviricota;Caudoviricetes;;,d__Bacteria;p__Bacillota;c__Bacilli;o__Lactobacillales;f__Enterococcaceae;g__Enterococcus,temperate
v0ffb	Viruses;Duplodnaviria;Heunggongvirae;Uroviricota;Caudoviricetes;;,d__Bacteria;p__Bacillota;c__Bacilli;o__Lactobacillales;f__Enterococcaceae;g__Enterococcus,temperate
v0ffc	Viruses;Duplodnaviria;Heunggongvirae;Uroviricota;Caudoviricetes;;,d__Bacteria;p__Pseudomonadota;c__Gammaproteobacteria;o__Enterobacterales;f__Enterobacteriaceae;g__Escherichia,temperate
v0ffd	Viruses;Duplodnaviria;Heunggongvirae;Uroviricota;Caudoviricetes;;,d__Bacteria;p__Bacillota;c__Bacilli;o__Lactobacillales;f__Lactobacillaceae;g__Lactobacillus,temperate
v0ffe	Viruses;Duplodnaviria;Heunggongvirae;Uroviricota;Caudoviricetes;;,d__Bacteria;p__Pseudomonadota;c__Gammaproteobacteria;o__Enterobacterales;f__Enterobacteriaceae;g__Citrobacter_A,temperate
v0fff	Viruses;Duplodnaviria;Heunggongvirae;Uroviricota;Caudoviricetes;;,d__Bacteria;p__Pseudomonadota;c__Gammaproteobacteria;o__Enterobacterales;f__Enterobacteriaceae;g__Citrobacter,temperate
v1000	Viruses;Duplodnaviria;Heunggongvirae;Uroviricota;Caudoviricetes;;,d__Bacteria;p__Pseudomonadota;c__Gammaproteobacteria;o__Enterobacterales;f__Enterobacteriaceae;g__Enterobacter,temperate
v1001	Viruses;Duplodnaviria;Heunggongvirae;Uroviricota;Caudoviricetes;;,d__Bacteria;p__Pseudomonadota;c__Gammaproteobacteria;o__Enterobacterales;f__Enterobacteriaceae;g__Citrobacter,temperate
v1002	Viruses;Duplodnaviria;Heunggongvirae;Uroviricota;Caudoviricetes;;,d__Bacteria;p__Pseudomonadota;c__Gammaproteobacteria;o__Enterobacterales;f__Enterobacteriaceae;g__Citrobacter,temperate
v1003	Viruses;Duplodnaviria;Heunggongvirae;Uroviricota;Caudoviricetes;;,d__Bacteria;p__Pseudomonadota;c__Gammaproteobacteria;o__Enterobacterales;f__Enterobacteriaceae;g__Enterobacter,temperate
v1004	Viruses;Duplodnaviria;Heunggongvirae;Uroviricota;Caudoviricetes;;,d__Bacteria;p__Pseudomonadota;c__Gammaproteobacteria;o__Enterobacterales;f__Enterobacteriaceae;g__Citrobacter,temperate
v1005	Viruses;Duplodnaviria;Heunggongvirae;Uroviricota;Caudoviricetes;;,d__Bacteria;p__Pseudomonadota;c__Gammaproteobacteria;o__Enterobacterales;f__Enterobacteriaceae;g__Citrobacter,temperate
v1006	Viruses;Duplodnaviria;Heunggongvirae;Uroviricota;Caudoviricetes;;,d__Bacteria;p__Pseudomonadota;c__Gammaproteobacteria;o__Enterobacterales;f__Enterobacteriaceae;g__Escherichia,temperate
v1007	Viruses;Duplodnaviria;Heunggongvirae;Uroviricota;Caudoviricetes;;,d__Bacteria;p__Pseudomonadota;c__Gammaproteobacteria;o__Enterobacterales;f__Enterobacteriaceae;g__Escherichia,temperate
v1008	Viruses;Duplodnaviria;Heunggongvirae;Uroviricota;Caudoviricetes;;,d__Bacteria;p__Pseudomonadota;c__Gammaproteobacteria;o__Enterobacterales;f__Enterobacteriaceae;g__Escherichia,temperate
v1009	Viruses;Duplodnaviria;Heunggongvirae;Uroviricota;Caudoviricetes;;,d__Bacteria;p__Pseudomonadota;c__Gammaproteobacteria;o__Enterobacterales;f__Enterobacteriaceae;g__Escherichia,temperate
v100a	Viruses;Duplodnaviria;Heunggongvirae;Uroviricota;Caudoviricetes;;,d__Bacteria;p__Fusobacteriota;c__Fusobacteriia;o__Fusobacteriales;f__Leptotrichiaceae;g__Sneathia,temperate
v100b	Viruses;Duplodnaviria;Heunggongvirae;Uroviricota;Caudoviricetes;;,d__Bacteria;p__Bacillota;c__Bacilli;o__Lactobacillales;f__Lactobacillaceae;g__Lactobacillus,temperate
v100c	Viruses;Duplodnaviria;Heunggongvirae;Uroviricota;Caudoviricetes;;,d__Bacteria;p__Bacillota;c__Negativicutes;o__Veillonellales;f__Megasphaeraceae;g__Megasphaera,virulent
v100d	Viruses;Duplodnaviria;Heunggongvirae;Uroviricota;Caudoviricetes;;,d__Bacteria;p__Bacteroidota;c__Bacteroidia;o__Bacteroidales;f__Bacteroidaceae;g__Prevotella,temperate
v100e	Viruses;Duplodnaviria;Heunggongvirae;Uroviricota;Caudoviricetes;;,d__Bacteria;p__Bacillota;c__Negativicutes;o__Veillonellales;f__Megasphaeraceae;g__Megasphaera_C,virulent
v100f	NA,d__Bacteria;p__Bacillota;c__Negativicutes;o__Veillonellales;f__Dialisteraceae;g__Dialister,temperate
v1010	Viruses;Duplodnaviria;Heunggongvirae;Uroviricota;Caudoviricetes;;,d__Bacteria;p__Bacillota;c__Negativicutes;o__Veillonellales;f__Veillonellaceae;g__Veillonella,temperate
v1011	Viruses;Duplodnaviria;Heunggongvirae;Uroviricota;Caudoviricetes;;,d__Bacteria;p__Bacteroidota;c__Bacteroidia;o__Bacteroidales;f__Bacteroidaceae;g__Prevotella,temperate
v1012	Viruses;Duplodnaviria;Heunggongvirae;Uroviricota;Caudoviricetes;;,NA,temperate
v1013	Viruses;Duplodnaviria;Heunggongvirae;Uroviricota;Caudoviricetes;;,d__Bacteria;p__Actinomycetota;c__Actinomycetes;o__Actinomycetales;f__Bifidobacteriaceae;g__Bifidobacterium,temperate
v1014	Viruses;Duplodnaviria;Heunggongvirae;Uroviricota;Caudoviricetes;;,d__Bacteria;p__Fusobacteriota;c__Fusobacteriia;o__Fusobacteriales;f__Leptotrichiaceae;g__Sneathia,temperate
v1015	Viruses;Duplodnaviria;Heunggongvirae;Uroviricota;Caudoviricetes;;,d__Bacteria;p__Bacteroidota;c__Bacteroidia;o__Bacteroidales;f__Bacteroidaceae;g__Prevotella,temperate
v1016	NA,d__Bacteria;p__Bacteroidota;c__Bacteroidia;o__Bacteroidales;f__Bacteroidaceae;g__Prevotella,virulent
v1017	Viruses;Duplodnaviria;Heunggongvirae;Uroviricota;Caudoviricetes;;,d__Bacteria;p__Bacillota;c__Bacilli;o__Lactobacillales;f__Lactobacillaceae;g__Lactobacillus,temperate
v1018	Viruses;Duplodnaviria;Heunggongvirae;Uroviricota;Caudoviricetes;;,d__Bacteria;p__Bacillota;c__Negativicutes;o__Veillonellales;f__Megasphaeraceae;g__Megasphaera_C,temperate
v1019	Viruses;Monodnaviria;Sangervirae;Phixviricota;Malgrandaviricetes;Petitvirales;Microviridae,d__Bacteria;p__Bacteroidota;c__Bacteroidia;o__Bacteroidales;f__Bacteroidaceae;g__Prevotella,virulent
v101a	Viruses;Duplodnaviria;Heunggongvirae;Uroviricota;Caudoviricetes;;,d__Bacteria;p__Bacillota;c__Bacilli;o__Lactobacillales;f__Lactobacillaceae;g__Lactobacillus,temperate
v101b	Viruses;Duplodnaviria;Heunggongvirae;Uroviricota;Caudoviricetes;;,d__Bacteria;p__Fusobacteriota;c__Fusobacteriia;o__Fusobacteriales;f__Leptotrichiaceae;g__Sneathia,virulent
v101c	Viruses;Duplodnaviria;Heunggongvirae;Uroviricota;Caudoviricetes;;,d__Bacteria;p__Bacillota;c__Negativicutes;o__Veillonellales;f__Megasphaeraceae;g__Megasphaera_C,temperate
v101d	Viruses;Duplodnaviria;Heunggongvirae;Uroviricota;Caudoviricetes;;,d__Bacteria;p__Bacillota;c__Bacilli;o__Lactobacillales;f__Lactobacillaceae;g__Lactobacillus,temperate
v101f	Viruses;Duplodnaviria;Heunggongvirae;Uroviricota;Caudoviricetes;;,d__Bacteria;p__Bacillota;c__Negativicutes;o__Veillonellales;f__Dialisteraceae;g__Dialister,temperate
v1020	Viruses;Duplodnaviria;Heunggongvirae;Uroviricota;Caudoviricetes;;,d__Bacteria;p__Bacillota;c__Bacilli;o__Lactobacillales;f__Streptococcaceae;g__Streptococcus,temperate
v1021	Viruses;Duplodnaviria;Heunggongvirae;Uroviricota;Caudoviricetes;;,d__Bacteria;p__Bacteroidota;c__Bacteroidia;o__Bacteroidales;f__Bacteroidaceae;g__Prevotella,temperate
v1022	Viruses;Duplodnaviria;Heunggongvirae;Uroviricota;Caudoviricetes;;,d__Bacteria;p__Bacillota;c__Clostridia;o__Lachnospirales;f__Lachnospiraceae;g__Lachnospira,virulent
v1023	Viruses;Duplodnaviria;Heunggongvirae;Uroviricota;Caudoviricetes;;,d__Bacteria;p__Bacteroidota;c__Bacteroidia;o__Bacteroidales;f__Bacteroidaceae;g__Prevotella,temperate
v1024	Viruses;Duplodnaviria;Heunggongvirae;Uroviricota;Caudoviricetes;;,d__Bacteria;p__Bacillota;c__Negativicutes;o__Veillonellales;f__Veillonellaceae;g__Veillonella,temperate
v1025	Viruses;Duplodnaviria;Heunggongvirae;Uroviricota;Caudoviricetes;;,d__Bacteria;p__Patescibacteriota;c__Saccharimonadia;o__Saccharimonadales;f__Nanoperiomorbaceae;g__Nanoperiomorbus,temperate
v1026	Viruses;Duplodnaviria;Heunggongvirae;Uroviricota;Caudoviricetes;;,d__Bacteria;p__Actinomycetota;c__Actinomycetes;o__Actinomycetales;f__Bifidobacteriaceae;g__Bifidobacterium,temperate
v1027	Viruses;Duplodnaviria;Heunggongvirae;Uroviricota;Caudoviricetes;;,d__Bacteria;p__Bacteroidota;c__Bacteroidia;o__Bacteroidales;f__Bacteroidaceae;g__Prevotella,temperate
v1028	Viruses;Duplodnaviria;Heunggongvirae;Uroviricota;Caudoviricetes;;,d__Bacteria;p__Actinomycetota;c__Actinomycetes;o__Actinomycetales;f__Bifidobacteriaceae;g__Bifidobacterium,temperate
v1029	Viruses;Duplodnaviria;Heunggongvirae;Uroviricota;Caudoviricetes;;,d__Bacteria;p__Bacteroidota;c__Bacteroidia;o__Bacteroidales;f__Bacteroidaceae;g__Prevotella,virulent
v102a	Viruses;Duplodnaviria;Heunggongvirae;Uroviricota;Caudoviricetes;;,d__Bacteria;p__Actinomycetota;c__Actinomycetes;o__Actinomycetales;f__Bifidobacteriaceae;g__Bifidobacterium,temperate
v102b	Viruses;Duplodnaviria;Heunggongvirae;Uroviricota;Caudoviricetes;;,d__Bacteria;p__Bacillota;c__Negativicutes;o__Veillonellales;f__Megasphaeraceae;g__Megasphaera_C,temperate
v102c	Viruses;Duplodnaviria;Heunggongvirae;Uroviricota;Caudoviricetes;;,d__Bacteria;p__Bacteroidota;c__Bacteroidia;o__Bacteroidales;f__Bacteroidaceae;g__Prevotella,virulent
v102d	Viruses;Duplodnaviria;Heunggongvirae;Uroviricota;Caudoviricetes;;,d__Bacteria;p__Actinomycetota;c__Actinomycetes;o__Actinomycetales;f__Bifidobacteriaceae;g__Bifidobacterium,temperate
v102e	Viruses;Monodnaviria;Sangervirae;Phixviricota;Malgrandaviricetes;Petitvirales;Microviridae,d__Bacteria;p__Bacteroidota;c__Bacteroidia;o__Bacteroidales;f__Porphyromonadaceae;g__Porphyromonas,virulent
v102f	Viruses;Duplodnaviria;Heunggongvirae;Uroviricota;Caudoviricetes;;,d__Bacteria;p__Bacillota;c__Negativicutes;o__Veillonellales;f__Megasphaeraceae;g__Megasphaera_C,virulent
v1030	Viruses;Duplodnaviria;Heunggongvirae;Uroviricota;Caudoviricetes;;,d__Bacteria;p__Bacteroidota;c__Bacteroidia;o__Bacteroidales;f__Bacteroidaceae;g__Prevotella,virulent
v1031	Viruses;Duplodnaviria;Heunggongvirae;Uroviricota;Caudoviricetes;;,d__Bacteria;p__Actinomycetota;c__Actinomycetes;o__Actinomycetales;f__Bifidobacteriaceae;g__Bifidobacterium,temperate
v1032	Viruses;Duplodnaviria;Heunggongvirae;Uroviricota;Caudoviricetes;;,d__Bacteria;p__Bacillota;c__Negativicutes;o__Veillonellales;f__Megasphaeraceae;g__Megasphaera_C,temperate
v1033	Viruses;Duplodnaviria;Heunggongvirae;Uroviricota;Caudoviricetes;;,d__Bacteria;p__Bacillota;c__Negativicutes;o__Veillonellales;f__Megasphaeraceae;g__Megasphaera_C,temperate
v1034	Viruses;Duplodnaviria;Heunggongvirae;Uroviricota;Caudoviricetes;;,d__Bacteria;p__Actinomycetota;c__Actinomycetes;o__Actinomycetales;f__Bifidobacteriaceae;g__Bifidobacterium,temperate
v1035	Viruses;Duplodnaviria;Heunggongvirae;Uroviricota;Caudoviricetes;;,d__Bacteria;p__Bacillota;c__Negativicutes;o__Veillonellales;f__Megasphaeraceae;g__Megasphaera_C,temperate
v1036	Viruses;Duplodnaviria;Heunggongvirae;Uroviricota;Caudoviricetes;;,d__Bacteria;p__Bacteroidota;c__Bacteroidia;o__Bacteroidales;f__Bacteroidaceae;g__Prevotella,temperate
v1037	Viruses;Duplodnaviria;Heunggongvirae;Uroviricota;Caudoviricetes;;,d__Bacteria;p__Actinomycetota;c__Actinomycetes;o__Actinomycetales;f__Bifidobacteriaceae;g__Bifidobacterium,temperate
v1038	Viruses;Duplodnaviria;Heunggongvirae;Uroviricota;Caudoviricetes;;,d__Bacteria;p__Fusobacteriota;c__Fusobacteriia;o__Fusobacteriales;f__Leptotrichiaceae;g__Sneathia,temperate
v1039	Viruses;Duplodnaviria;Heunggongvirae;Uroviricota;Caudoviricetes;;,d__Bacteria;p__Actinomycetota;c__Actinomycetes;o__Actinomycetales;f__Bifidobacteriaceae;g__Bifidobacterium,temperate
v103a	Viruses;Duplodnaviria;Heunggongvirae;Uroviricota;Caudoviricetes;;,d__Bacteria;p__Bacillota;c__Clostridia;o__Peptostreptococcales;f__Peptostreptococcaceae;g__Peptostreptococcus,temperate
v103b	Viruses;Duplodnaviria;Heunggongvirae;Uroviricota;Caudoviricetes;;,d__Bacteria;p__Bacteroidota;c__Bacteroidia;o__Bacteroidales;f__Bacteroidaceae;g__Prevotella,virulent
v103c	Viruses;Duplodnaviria;Heunggongvirae;Uroviricota;Caudoviricetes;;,d__Bacteria;p__Bacteroidota;c__Bacteroidia;o__Bacteroidales;f__Bacteroidaceae;g__Prevotella,virulent
v103d	Viruses;Duplodnaviria;Heunggongvirae;Uroviricota;Caudoviricetes;;,d__Bacteria;p__Bacteroidota;c__Bacteroidia;o__Bacteroidales;f__Bacteroidaceae;g__Prevotella,temperate
v103e	Viruses;Duplodnaviria;Heunggongvirae;Uroviricota;Caudoviricetes;;,d__Bacteria;p__Actinomycetota;c__Coriobacteriia;o__Coriobacteriales;f__Atopobiaceae;g__Fannyhessea,temperate
v103f	Viruses;Duplodnaviria;Heunggongvirae;Uroviricota;Caudoviricetes;;,d__Bacteria;p__Actinomycetota;c__Coriobacteriia;o__Coriobacteriales;f__Eggerthellaceae;g__Berryella,temperate
v1040	Viruses;Duplodnaviria;Heunggongvirae;Uroviricota;Caudoviricetes;;,d__Bacteria;p__Bacillota;c__Clostridia;o__Saccharofermentanales;f__Fastidiosipilaceae;g__Amygdalobacter,temperate
v1041	Viruses;Duplodnaviria;Heunggongvirae;Uroviricota;Caudoviricetes;;,d__Bacteria;p__Actinomycetota;c__Actinomycetes;o__Actinomycetales;f__Bifidobacteriaceae;g__Bifidobacterium,temperate
v1042	Viruses;Duplodnaviria;Heunggongvirae;Uroviricota;Caudoviricetes;;,d__Bacteria;p__Bacteroidota;c__Bacteroidia;o__Bacteroidales;f__Bacteroidaceae;g__Prevotella,virulent
v1043	Viruses;Duplodnaviria;Heunggongvirae;Uroviricota;Caudoviricetes;;,d__Bacteria;p__Bacteroidota;c__Bacteroidia;o__Bacteroidales;f__Bacteroidaceae;g__Prevotella,temperate
v1044	Viruses;Duplodnaviria;Heunggongvirae;Uroviricota;Caudoviricetes;;,d__Bacteria;p__Bacteroidota;c__Bacteroidia;o__Bacteroidales;f__Bacteroidaceae;g__Prevotella,temperate
v1045	Viruses;Duplodnaviria;Heunggongvirae;Uroviricota;Caudoviricetes;;,d__Bacteria;p__Bacillota;c__Bacilli;o__Lactobacillales;f__Lactobacillaceae;g__Lactobacillus,temperate
v1046	NA,NA,temperate
v1047	Viruses;Duplodnaviria;Heunggongvirae;Uroviricota;Caudoviricetes;;,d__Bacteria;p__Bacillota;c__Clostridia;o__Tissierellales;f__Peptoniphilaceae;g__Parvimonas,temperate
v1048	Viruses;Duplodnaviria;Heunggongvirae;Uroviricota;Caudoviricetes;;,d__Bacteria;p__Bacillota;c__Negativicutes;o__Veillonellales;f__Megasphaeraceae;g__Megasphaera_C,temperate
v1049	Viruses;Duplodnaviria;Heunggongvirae;Uroviricota;Caudoviricetes;;,NA,temperate
v104a	Viruses;Duplodnaviria;Heunggongvirae;Uroviricota;Caudoviricetes;;,d__Bacteria;p__Bacteroidota;c__Bacteroidia;o__Bacteroidales;f__Bacteroidaceae;g__Prevotella,temperate
v104b	Viruses;Monodnaviria;Sangervirae;Phixviricota;Malgrandaviricetes;Petitvirales;Microviridae,d__Bacteria;p__Bacteroidota;c__Bacteroidia;o__Bacteroidales;f__Bacteroidaceae;g__Prevotella,virulent
v104c	Viruses;Duplodnaviria;Heunggongvirae;Uroviricota;Caudoviricetes;;,d__Bacteria;p__Actinomycetota;c__Coriobacteriia;o__Coriobacteriales;f__Atopobiaceae;g__Fannyhessea,temperate
v104d	Viruses;Duplodnaviria;Heunggongvirae;Uroviricota;Caudoviricetes;;,d__Bacteria;p__Actinomycetota;c__Coriobacteriia;o__Coriobacteriales;f__Atopobiaceae;g__Fannyhessea,temperate
v104e	Viruses;Duplodnaviria;Heunggongvirae;Uroviricota;Caudoviricetes;;,d__Bacteria;p__Bacteroidota;c__Bacteroidia;o__Bacteroidales;f__Bacteroidaceae;g__Prevotella,temperate
v104f	NA,d__Bacteria;p__Bacillota;c__Bacilli;o__Lactobacillales;f__Lactobacillaceae;g__Lactobacillus,temperate
v1050	Viruses;Duplodnaviria;Heunggongvirae;Uroviricota;Caudoviricetes;;,d__Bacteria;p__Bacillota;c__Clostridia;o__Tissierellales;f__Peptoniphilaceae;g__Peptoniphilus_A,temperate
v1051	Viruses;Duplodnaviria;Heunggongvirae;Uroviricota;Caudoviricetes;;,d__Bacteria;p__Bacillota;c__Clostridia;o__Tissierellales;f__Peptoniphilaceae;g__Parvimonas,temperate
v1052	Viruses;Duplodnaviria;Heunggongvirae;Uroviricota;Caudoviricetes;;,d__Bacteria;p__Bacillota;c__Negativicutes;o__Veillonellales;f__Veillonellaceae;g__Veillonella,temperate
v1053	Viruses;Duplodnaviria;Heunggongvirae;Uroviricota;Caudoviricetes;;,d__Bacteria;p__Bacillota;c__Bacilli;o__Lactobacillales;f__Lactobacillaceae;g__Lactobacillus,temperate
v1054	Viruses;Duplodnaviria;Heunggongvirae;Uroviricota;Caudoviricetes;;,d__Bacteria;p__Bacteroidota;c__Bacteroidia;o__Bacteroidales;f__Porphyromonadaceae;g__Porphyromonas,temperate
v1055	Viruses;Duplodnaviria;Heunggongvirae;Uroviricota;Caudoviricetes;;,NA,virulent
v1056	Viruses;Duplodnaviria;Heunggongvirae;Uroviricota;Caudoviricetes;;,d__Bacteria;p__Bacillota;c__Bacilli;o__Lactobacillales;f__Streptococcaceae;g__Streptococcus,temperate
v1057	Viruses;Monodnaviria;Sangervirae;Phixviricota;Malgrandaviricetes;Petitvirales;Microviridae,d__Bacteria;p__Bacteroidota;c__Bacteroidia;o__Bacteroidales;f__Bacteroidaceae;g__Prevotella,virulent
v1058	Viruses;Duplodnaviria;Heunggongvirae;Uroviricota;Caudoviricetes;;,d__Bacteria;p__Bacillota;c__Negativicutes;o__Veillonellales;f__Dialisteraceae;g__Dialister,temperate
v1059	Viruses;Duplodnaviria;Heunggongvirae;Uroviricota;Caudoviricetes;;,d__Bacteria;p__Actinomycetota;c__Actinomycetes;o__Actinomycetales;f__Bifidobacteriaceae;g__Bifidobacterium,temperate
v105a	Viruses;Duplodnaviria;Heunggongvirae;Uroviricota;Caudoviricetes;;,d__Bacteria;p__Bacteroidota;c__Bacteroidia;o__Bacteroidales;f__Bacteroidaceae;g__Prevotella,temperate
v105b	Viruses;Duplodnaviria;Heunggongvirae;Uroviricota;Caudoviricetes;;,d__Bacteria;p__Bacillota;c__Bacilli;o__Lactobacillales;f__Lactobacillaceae;g__Limosilactobacillus,temperate
v105c	Viruses;Duplodnaviria;Heunggongvirae;Uroviricota;Caudoviricetes;;,d__Bacteria;p__Bacillota;c__Bacilli;o__Lactobacillales;f__Lactobacillaceae;g__Limosilactobacillus,temperate
v105d	Viruses;Duplodnaviria;Heunggongvirae;Uroviricota;Caudoviricetes;;,d__Bacteria;p__Actinomycetota;c__Actinomycetes;o__Actinomycetales;f__Bifidobacteriaceae;g__Bifidobacterium,temperate
v105e	Viruses;Duplodnaviria;Heunggongvirae;Uroviricota;Caudoviricetes;;,d__Bacteria;p__Actinomycetota;c__Coriobacteriia;o__Coriobacteriales;f__Atopobiaceae;g__Fannyhessea,temperate
v105f	Viruses;Monodnaviria;Sangervirae;Phixviricota;Malgrandaviricetes;Petitvirales;Microviridae,d__Bacteria;p__Bacteroidota;c__Bacteroidia;o__Bacteroidales;f__Bacteroidaceae;g__Prevotella,virulent
v1060	Viruses;Duplodnaviria;Heunggongvirae;Uroviricota;Caudoviricetes;;,d__Bacteria;p__Bacillota;c__Negativicutes;o__Veillonellales;f__Megasphaeraceae;g__Caecibacter,temperate
v1061	NA,d__Bacteria;p__Fusobacteriota;c__Fusobacteriia;o__Fusobacteriales;f__Leptotrichiaceae;g__Sneathia,temperate
v1062	Viruses;Duplodnaviria;Heunggongvirae;Uroviricota;Caudoviricetes;;,d__Bacteria;p__Pseudomonadota;c__Gammaproteobacteria;o__Enterobacterales;f__Enterobacteriaceae;g__Klebsiella,temperate
v1063	NA,d__Bacteria;p__Pseudomonadota;c__Gammaproteobacteria;o__Enterobacterales;f__Enterobacteriaceae;g__Klebsiella,temperate
v1064	Viruses;Duplodnaviria;Heunggongvirae;Uroviricota;Caudoviricetes;;,d__Bacteria;p__Pseudomonadota;c__Gammaproteobacteria;o__Enterobacterales;f__Enterobacteriaceae;g__Klebsiella,temperate
v1065	Viruses;Duplodnaviria;Heunggongvirae;Uroviricota;Caudoviricetes;;,d__Bacteria;p__Bacillota;c__Negativicutes;o__Veillonellales;f__Megasphaeraceae;g__Megasphaera_C,virulent
v1066	Viruses;Duplodnaviria;Heunggongvirae;Uroviricota;Caudoviricetes;;,d__Bacteria;p__Bacteroidota;c__Bacteroidia;o__Bacteroidales;f__Bacteroidaceae;g__Prevotella,temperate
v1067	Viruses;Duplodnaviria;Heunggongvirae;Uroviricota;Caudoviricetes;;,d__Bacteria;p__Actinomycetota;c__Coriobacteriia;o__Coriobacteriales;f__Atopobiaceae;g__Fannyhessea,temperate
v1068	Viruses;Duplodnaviria;Heunggongvirae;Uroviricota;Caudoviricetes;;,d__Bacteria;p__Actinomycetota;c__Coriobacteriia;o__Coriobacteriales;f__Atopobiaceae;g__Fannyhessea,temperate
v1069	Viruses;Duplodnaviria;Heunggongvirae;Uroviricota;Caudoviricetes;;,NA,temperate
v106a	NA,d__Bacteria;p__Bacteroidota;c__Bacteroidia;o__Bacteroidales;f__Porphyromonadaceae;g__Porphyromonas_A,temperate
v106b	NA,NA,temperate
v106c	NA,d__Bacteria;p__Actinomycetota;c__Actinomycetes;o__Mycobacteriales;f__Mycobacteriaceae;g__Corynebacterium,virulent
v106d	Viruses;Duplodnaviria;Heunggongvirae;Uroviricota;Caudoviricetes;;,d__Bacteria;p__Pseudomonadota;c__Gammaproteobacteria;o__Enterobacterales;f__Enterobacteriaceae;g__Escherichia,temperate
v106e	Viruses;Duplodnaviria;Heunggongvirae;Uroviricota;Caudoviricetes;;,d__Bacteria;p__Bacillota;c__Bacilli;o__Lactobacillales;f__Lactobacillaceae;g__Lactobacillus,temperate
v106f	Viruses;Duplodnaviria;Heunggongvirae;Uroviricota;Caudoviricetes;;,d__Bacteria;p__Pseudomonadota;c__Gammaproteobacteria;o__Enterobacterales;f__Enterobacteriaceae;g__Enterobacter,temperate
v1070	Viruses;Duplodnaviria;Heunggongvirae;Uroviricota;Caudoviricetes;;,NA,temperate
v1071	Viruses;Duplodnaviria;Heunggongvirae;Uroviricota;Caudoviricetes;;,d__Bacteria;p__Bacillota;c__Negativicutes;o__Veillonellales;f__Dialisteraceae;g__Dialister,virulent
v1072	Viruses;Duplodnaviria;Heunggongvirae;Uroviricota;Caudoviricetes;;,d__Bacteria;p__Actinomycetota;c__Actinomycetes;o__Actinomycetales;f__Bifidobacteriaceae;g__Bifidobacterium,temperate
v1073	Viruses;Duplodnaviria;Heunggongvirae;Uroviricota;Caudoviricetes;;,d__Bacteria;p__Actinomycetota;c__Actinomycetes;o__Actinomycetales;f__Bifidobacteriaceae;g__Bifidobacterium,temperate
v1074	Viruses;Duplodnaviria;Heunggongvirae;Uroviricota;Caudoviricetes;;,d__Bacteria;p__Bacteroidota;c__Bacteroidia;o__Bacteroidales;f__Bacteroidaceae;g__Prevotella,virulent
v1075	Viruses;Duplodnaviria;Heunggongvirae;Uroviricota;Caudoviricetes;;,d__Bacteria;p__Bacteroidota;c__Bacteroidia;o__Bacteroidales;f__Bacteroidaceae;g__Prevotella,temperate
v1076	Viruses;Duplodnaviria;Heunggongvirae;Uroviricota;Caudoviricetes;;,d__Bacteria;p__Actinomycetota;c__Actinomycetes;o__Actinomycetales;f__Bifidobacteriaceae;g__Bifidobacterium,temperate
v1077	Viruses;Duplodnaviria;Heunggongvirae;Uroviricota;Caudoviricetes;;,d__Bacteria;p__Actinomycetota;c__Coriobacteriia;o__Coriobacteriales;f__Eggerthellaceae;g__Berryella,temperate
v1078	Viruses;Duplodnaviria;Heunggongvirae;Uroviricota;Caudoviricetes;;,NA,temperate
v1079	Viruses;Duplodnaviria;Heunggongvirae;Uroviricota;Caudoviricetes;;,d__Bacteria;p__Actinomycetota;c__Coriobacteriia;o__Coriobacteriales;f__Eggerthellaceae;g__Berryella,temperate
v107a	Viruses;Duplodnaviria;Heunggongvirae;Uroviricota;Caudoviricetes;;,d__Bacteria;p__Bacillota;c__Clostridia;o__Oscillospirales;f__Ruminococcaceae;g__Gemmiger,temperate
v107b	Viruses;Duplodnaviria;Heunggongvirae;Uroviricota;Caudoviricetes;;,d__Bacteria;p__Bacteroidota;c__Bacteroidia;o__Bacteroidales;f__Bacteroidaceae;g__Bacteroides,temperate
v107c	Viruses;Duplodnaviria;Heunggongvirae;Uroviricota;Caudoviricetes;;,d__Bacteria;p__Bacteroidota;c__Bacteroidia;o__Bacteroidales;f__Bacteroidaceae;g__Bacteroides,temperate
v107d	Viruses;Duplodnaviria;Heunggongvirae;Uroviricota;Caudoviricetes;;,d__Bacteria;p__Bacteroidota;c__Bacteroidia;o__Bacteroidales;f__Bacteroidaceae;g__Bacteroides,virulent
v107e	Viruses;Duplodnaviria;Heunggongvirae;Uroviricota;Caudoviricetes;;,d__Bacteria;p__Bacillota;c__Clostridia;o__Oscillospirales;f__Oscillospiraceae;g__Oscillibacter,virulent
v107f	Viruses;Duplodnaviria;Heunggongvirae;Uroviricota;Caudoviricetes;;,d__Bacteria;p__Bacillota;c__Clostridia;o__Lachnospirales;f__Lachnospiraceae;g__Lachnospira,virulent
v1080	Viruses;Duplodnaviria;Heunggongvirae;Uroviricota;Caudoviricetes;;,d__Bacteria;p__Pseudomonadota;c__Gammaproteobacteria;o__Burkholderiales;f__Burkholderiaceae;g__Parasutterella,temperate
v1081	Viruses;Duplodnaviria;Heunggongvirae;Uroviricota;Caudoviricetes;;,d__Bacteria;p__Bacillota;c__Clostridia;o__Lachnospirales;f__Lachnospiraceae;g__COE1,virulent
v1082	Viruses;Duplodnaviria;Heunggongvirae;Uroviricota;Caudoviricetes;;,d__Bacteria;p__Bacteroidota;c__Bacteroidia;o__Bacteroidales;f__Bacteroidaceae;g__Bacteroides,temperate
v1083	Viruses;Duplodnaviria;Heunggongvirae;Uroviricota;Caudoviricetes;;,d__Bacteria;p__Bacteroidota;c__Bacteroidia;o__Bacteroidales;f__Marinifilaceae;g__Odoribacter,temperate
v1084	Viruses;Monodnaviria;Sangervirae;Phixviricota;Malgrandaviricetes;Petitvirales;Microviridae,d__Bacteria;p__Bacteroidota;c__Bacteroidia;o__Bacteroidales;f__Bacteroidaceae;g__Bacteroides,virulent
v1085	Viruses;Duplodnaviria;Heunggongvirae;Uroviricota;Caudoviricetes;;,d__Bacteria;p__Bacillota;c__Clostridia;o__Lachnospirales;f__Lachnospiraceae;g__Roseburia,temperate
v1086	Viruses;Duplodnaviria;Heunggongvirae;Uroviricota;Caudoviricetes;;,d__Bacteria;p__Bacillota;c__Clostridia;o__UBA1381;f__UBA1381;g__Hominilimicola,temperate
v1087	NA,d__Bacteria;p__Bacteroidota;c__Bacteroidia;o__Bacteroidales;f__Bacteroidaceae;g__Bacteroides,virulent
v1088	Viruses;Duplodnaviria;Heunggongvirae;Uroviricota;Caudoviricetes;;,d__Bacteria;p__Bacillota;c__Clostridia;o__Lachnospirales;f__Lachnospiraceae;g__Agathobacter,temperate
v1089	Viruses;Duplodnaviria;Heunggongvirae;Uroviricota;Caudoviricetes;;Autographiviridae,d__Bacteria;p__Bacillota;c__Negativicutes;o__Veillonellales;f__Dialisteraceae;g__Dialister,virulent
v108a	Viruses;Monodnaviria;Sangervirae;Phixviricota;Malgrandaviricetes;Petitvirales;Microviridae,d__Bacteria;p__Desulfobacterota_I;c__Desulfovibrionia;o__Desulfovibrionales;f__Desulfovibrionaceae;g__Bilophila,virulent
v108b	Viruses;Duplodnaviria;Heunggongvirae;Uroviricota;Caudoviricetes;;,d__Bacteria;p__Bacillota;c__Clostridia;o__Lachnospirales;f__Lachnospiraceae;g__Anaerostipes,temperate
v108c	Viruses;Duplodnaviria;Heunggongvirae;Uroviricota;Caudoviricetes;;,NA,virulent
v108d	Viruses;Duplodnaviria;Heunggongvirae;Uroviricota;Caudoviricetes;;,d__Bacteria;p__Bacillota;c__Clostridia;o__Lachnospirales;f__Anaerotignaceae;g__Anaerotignum_A,temperate
v108e	Viruses;Duplodnaviria;Heunggongvirae;Uroviricota;Caudoviricetes;;,d__Bacteria;p__Bacillota;c__Clostridia;o__Lachnospirales;f__Lachnospiraceae;g__Pilosibacter,temperate
v108f	Viruses;Duplodnaviria;Heunggongvirae;Uroviricota;Caudoviricetes;;,d__Bacteria;p__Bacteroidota;c__Bacteroidia;o__Bacteroidales;f__Bacteroidaceae;g__Bacteroides,virulent
v1090	Viruses;Duplodnaviria;Heunggongvirae;Uroviricota;Caudoviricetes;;,d__Bacteria;p__Bacillota;c__Clostridia;o__Lachnospirales;f__Lachnospiraceae;g__Agathobacter,temperate
v1091	Viruses;Duplodnaviria;Heunggongvirae;Uroviricota;Caudoviricetes;;,d__Bacteria;p__Bacillota;c__Clostridia;o__Lachnospirales;f__Lachnospiraceae;g__Acetatifactor,temperate
v1092	Viruses;Duplodnaviria;Heunggongvirae;Uroviricota;Caudoviricetes;;,d__Bacteria;p__Bacillota;c__Clostridia;o__Oscillospirales;f__Ruminococcaceae;g__Faecalibacterium,temperate
v1093	Viruses;Duplodnaviria;Heunggongvirae;Uroviricota;Caudoviricetes;;,d__Bacteria;p__Bacteroidota;c__Bacteroidia;o__Bacteroidales;f__Tannerellaceae;g__Parabacteroides,virulent
v1094	Viruses;Duplodnaviria;Heunggongvirae;Uroviricota;Caudoviricetes;;,d__Bacteria;p__Bacillota;c__Clostridia;o__Oscillospirales;f__Oscillospiraceae;g__Vescimonas,virulent
v1095	Viruses;Duplodnaviria;Heunggongvirae;Uroviricota;Caudoviricetes;;,d__Bacteria;p__Bacteroidota;c__Bacteroidia;o__Bacteroidales;f__Bacteroidaceae;g__Bacteroides,temperate
v1096	Viruses;Duplodnaviria;Heunggongvirae;Uroviricota;Caudoviricetes;;,d__Bacteria;p__Bacillota;c__Clostridia;o__Lachnospirales;f__Lachnospiraceae;g__Schaedlerella,temperate
v1097	Viruses;Duplodnaviria;Heunggongvirae;Uroviricota;Caudoviricetes;;,d__Bacteria;p__Bacillota;c__Clostridia;o__Oscillospirales;f__Ruminococcaceae;g__Faecalibacterium,virulent
v1098	Viruses;Duplodnaviria;Heunggongvirae;Uroviricota;Caudoviricetes;;,d__Bacteria;p__Bacteroidota;c__Bacteroidia;o__Bacteroidales;f__Bacteroidaceae;g__Bacteroides,temperate
v1099	Viruses;Duplodnaviria;Heunggongvirae;Uroviricota;Caudoviricetes;;,d__Bacteria;p__Bacillota;c__Clostridia;o__Oscillospirales;f__Oscillospiraceae;g__Hominicoprocola,virulent
v109a	Viruses;Duplodnaviria;Heunggongvirae;Uroviricota;Caudoviricetes;;,d__Bacteria;p__Bacillota;c__Clostridia;o__Oscillospirales;f__Ruminococcaceae;g__Faecalibacterium,temperate
v109b	Viruses;Duplodnaviria;Heunggongvirae;Uroviricota;Caudoviricetes;;,d__Bacteria;p__Bacillota;c__Clostridia;o__Oscillospirales;f__Butyricicoccaceae;g__Agathobaculum,virulent
v109c	Viruses;Duplodnaviria;Heunggongvirae;Uroviricota;Caudoviricetes;;,d__Bacteria;p__Bacillota;c__Clostridia;o__UBA1381;f__UBA1381;g__Hominilimicola,temperate
v109d	Viruses;Duplodnaviria;Heunggongvirae;Uroviricota;Caudoviricetes;;,d__Bacteria;p__Bacillota;c__Clostridia;o__Lachnospirales;f__Lachnospiraceae;g__Lachnospira,temperate
v109e	Viruses;Duplodnaviria;Heunggongvirae;Uroviricota;Caudoviricetes;;,d__Bacteria;p__Bacillota;c__Clostridia;o__Lachnospirales;f__Lachnospiraceae;g__Roseburia,temperate
v109f	Viruses;Duplodnaviria;Heunggongvirae;Uroviricota;Caudoviricetes;;,d__Bacteria;p__Bacillota;c__Clostridia;o__Oscillospirales;f__Ruminococcaceae;g__Gemmiger,virulent
v10a0	Viruses;Duplodnaviria;Heunggongvirae;Uroviricota;Caudoviricetes;;,d__Bacteria;p__Bacteroidota;c__Bacteroidia;o__Bacteroidales;f__Bacteroidaceae;g__Prevotella,virulent
v10a1	Viruses;Duplodnaviria;Heunggongvirae;Uroviricota;Caudoviricetes;;,d__Bacteria;p__Bacillota;c__Clostridia;o__Lachnospirales;f__Lachnospiraceae;g__Lachnospira,virulent
v10a2	Viruses;Duplodnaviria;Heunggongvirae;Uroviricota;Caudoviricetes;;,d__Bacteria;p__Bacillota;c__Clostridia;o__Lachnospirales;f__Lachnospiraceae;g__Lachnospira,virulent
v10a3	Viruses;Duplodnaviria;Heunggongvirae;Uroviricota;Caudoviricetes;;,d__Bacteria;p__Bacillota;c__Clostridia;o__Lachnospirales;f__Lachnospiraceae;g__Roseburia,temperate
v10a4	Viruses;Duplodnaviria;Heunggongvirae;Uroviricota;Caudoviricetes;;,d__Bacteria;p__Bacillota;c__Bacilli;o__Erysipelotrichales;f__Coprobacillaceae;g__Faecalibacillus,temperate
v10a5	Viruses;Duplodnaviria;Heunggongvirae;Uroviricota;Caudoviricetes;;,d__Bacteria;p__Bacillota;c__Bacilli;o__Erysipelotrichales;f__Coprobacillaceae;g__Faecalibacillus,temperate
v10a6	Viruses;Duplodnaviria;Heunggongvirae;Uroviricota;Caudoviricetes;;,d__Bacteria;p__Bacillota;c__Clostridia;o__Lachnospirales;f__Lachnospiraceae;g__Eubacterium_F,temperate
v10a7	Viruses;Duplodnaviria;Heunggongvirae;Uroviricota;Caudoviricetes;;,d__Bacteria;p__Bacillota;c__Clostridia;o__Lachnospirales;f__Lachnospiraceae;g__Roseburia,temperate
v0063	NA,d__Bacteria;p__Bacillota;c__Bacilli;o__Lactobacillales;f__Streptococcaceae;g__Streptococcus,-
v007a	Viruses;Monodnaviria;Loebvirae;Hofneiviricota;Faserviricetes;Tubulavirales;Inoviridae,NA,-
v0085	Viruses;Monodnaviria;Shotokuvirae;Cossaviricota;Papovaviricetes;Zurhausenvirales;Papillomaviridae,NA,-
v008a	Viruses;Monodnaviria;Shotokuvirae;Cossaviricota;Papovaviricetes;Zurhausenvirales;Papillomaviridae,NA,-
v0099	Viruses;Monodnaviria;Shotokuvirae;Cossaviricota;Papovaviricetes;Zurhausenvirales;Papillomaviridae,NA,-
v00a3	NA,d__Bacteria;p__Bacillota;c__Bacilli;o__Lactobacillales;f__Lactobacillaceae;g__Lactobacillus,-
v00a5	Viruses;Monodnaviria;Shotokuvirae;Cossaviricota;Papovaviricetes;Zurhausenvirales;Papillomaviridae,NA,-
v00a6	Viruses;Monodnaviria;Shotokuvirae;Cossaviricota;Papovaviricetes;Zurhausenvirales;Papillomaviridae,NA,-
v00a7	Viruses;Monodnaviria;Shotokuvirae;Cossaviricota;Papovaviricetes;Zurhausenvirales;Papillomaviridae,NA,-
v00e4	Viruses;Monodnaviria;Shotokuvirae;Cossaviricota;Papovaviricetes;Zurhausenvirales;Papillomaviridae,NA,-
v00eb	Viruses;Monodnaviria;Shotokuvirae;Cossaviricota;Papovaviricetes;Zurhausenvirales;Papillomaviridae,NA,-
v00f4	Viruses;Monodnaviria;Shotokuvirae;Cossaviricota;Papovaviricetes;Zurhausenvirales;Papillomaviridae,NA,-
v00f5	Viruses;Riboviria;Pararnavirae;Artverviricota;Revtraviricetes;Ortervirales;Retroviridae,d__Bacteria;p__Bacillota;c__Bacilli;o__Bacillales;f__Bacillaceae_H;g__Priestia,-
v00fe	Viruses;Monodnaviria;Shotokuvirae;Cossaviricota;Papovaviricetes;Zurhausenvirales;Papillomaviridae,NA,-
v00ff	Viruses;Monodnaviria;Shotokuvirae;Cossaviricota;Papovaviricetes;Zurhausenvirales;Papillomaviridae,NA,-
v0101	Viruses;Monodnaviria;Shotokuvirae;Cossaviricota;Papovaviricetes;Zurhausenvirales;Papillomaviridae,NA,-
v0104	Viruses;Monodnaviria;Shotokuvirae;Cossaviricota;Papovaviricetes;Zurhausenvirales;Papillomaviridae,NA,-
v0105	Viruses;Monodnaviria;Shotokuvirae;Cossaviricota;Papovaviricetes;Zurhausenvirales;Papillomaviridae,NA,-
v0108	Viruses;Monodnaviria;Shotokuvirae;Cossaviricota;Papovaviricetes;Zurhausenvirales;Papillomaviridae,NA,-
v0116	Viruses;Riboviria;Orthornavirae;Kitrinoviricota;Alsuviricetes;Martellivirales;,NA,-
v0127	Viruses;Monodnaviria;Shotokuvirae;Cossaviricota;Papovaviricetes;Zurhausenvirales;Papillomaviridae,NA,-
v0128	Viruses;Monodnaviria;Shotokuvirae;Cossaviricota;Papovaviricetes;Zurhausenvirales;Papillomaviridae,NA,-
v0130	NA,NA,-
v0133	Viruses;Monodnaviria;Shotokuvirae;Cossaviricota;Papovaviricetes;Zurhausenvirales;Papillomaviridae,NA,-
v0134	Viruses;Monodnaviria;Shotokuvirae;Cossaviricota;Papovaviricetes;Zurhausenvirales;Papillomaviridae,NA,-
v0139	Viruses;Monodnaviria;Shotokuvirae;Cressdnaviricota;Arfiviricetes;Cirlivirales;,NA,-
v0150	Viruses;Monodnaviria;Shotokuvirae;Cossaviricota;Papovaviricetes;Zurhausenvirales;Papillomaviridae,NA,-
v0151	Viruses;Monodnaviria;Shotokuvirae;Cressdnaviricota;Arfiviricetes;Cirlivirales;Circoviridae,d__Bacteria;p__Bacillota;c__Bacilli;o__Lactobacillales;f__Lactobacillaceae;g__Limosilactobacillus,-
v0192	Viruses;Monodnaviria;Shotokuvirae;Cossaviricota;Papovaviricetes;Zurhausenvirales;Papillomaviridae,NA,-
v01c2	Viruses;Duplodnaviria;Heunggongvirae;Uroviricota;Caudoviricetes;;,NA,-
v01df	Viruses;Monodnaviria;Shotokuvirae;Cossaviricota;Papovaviricetes;Zurhausenvirales;Papillomaviridae,NA,-
v01e3	NA,NA,-
v0228	Viruses;Monodnaviria;Shotokuvirae;Cossaviricota;Papovaviricetes;Zurhausenvirales;Papillomaviridae,NA,-
v0262	Viruses;Monodnaviria;Shotokuvirae;Cossaviricota;Papovaviricetes;Zurhausenvirales;Papillomaviridae,d__Bacteria;p__Bacteroidota;c__Bacteroidia;o__Flavobacteriales;f__Flavobacteriaceae;g__UBA3537,-
v0263	Viruses;Monodnaviria;Shotokuvirae;Cossaviricota;Papovaviricetes;Zurhausenvirales;Papillomaviridae,NA,-
v0265	Viruses;Monodnaviria;Shotokuvirae;Cressdnaviricota;Arfiviricetes;Cirlivirales;,d__Bacteria;p__Actinomycetota;c__Actinomycetes;o__Actinomycetales;f__Actinomycetaceae;g__Mobiluncus,-
v0279	NA,NA,-
v0286	Viruses;Duplodnaviria;Heunggongvirae;Uroviricota;Caudoviricetes;;,d__Bacteria;p__Bacteroidota;c__Bacteroidia;o__Bacteroidales;f__Bacteroidaceae;g__Prevotella,-
v02a1	Viruses;Monodnaviria;Shotokuvirae;Cossaviricota;Papovaviricetes;Zurhausenvirales;Papillomaviridae,NA,-
v02a9	Viruses;Monodnaviria;Shotokuvirae;Cossaviricota;Papovaviricetes;Zurhausenvirales;Papillomaviridae,NA,-
v02d4	Viruses;Monodnaviria;Shotokuvirae;Cossaviricota;Papovaviricetes;Zurhausenvirales;Papillomaviridae,NA,-
v0318	Viruses;Monodnaviria;Shotokuvirae;Cossaviricota;Papovaviricetes;Zurhausenvirales;Papillomaviridae,NA,-
v0319	Viruses;Monodnaviria;Shotokuvirae;Cossaviricota;Papovaviricetes;Zurhausenvirales;Papillomaviridae,NA,-
v0397	Viruses;Duplodnaviria;Heunggongvirae;Uroviricota;Caudoviricetes;;,d__Bacteria;p__Actinomycetota;c__Actinomycetes;o__Actinomycetales;f__Actinomycetaceae;g__Pauljensenia,-
v03a2	Viruses;Monodnaviria;Shotokuvirae;Cressdnaviricota;Arfiviricetes;Cirlivirales;,d__Bacteria;p__Actinomycetota;c__Actinomycetes;o__Actinomycetales;f__Actinomycetaceae;g__Mobiluncus,-
v03d5	Viruses;Monodnaviria;Shotokuvirae;Cossaviricota;Papovaviricetes;Zurhausenvirales;Papillomaviridae,d__Bacteria;p__Bacteroidota;c__Bacteroidia;o__Bacteroidales;f__Dysgonomonadaceae;g__Dysgonomonas,-
v0401	Viruses;Monodnaviria;Sangervirae;Phixviricota;Malgrandaviricetes;Petitvirales;Microviridae,d__Bacteria;p__Bacteroidota;c__Bacteroidia;o__Bacteroidales;f__Bacteroidaceae;g__Prevotella,-
v040a	Viruses;Duplodnaviria;Heunggongvirae;Uroviricota;Caudoviricetes;;,d__Bacteria;p__Bacteroidota;c__Bacteroidia;o__Bacteroidales;f__Bacteroidaceae;g__Prevotella,-
v041e	Unclassified,NA,-
v0424	Viruses;Monodnaviria;Shotokuvirae;Cossaviricota;Papovaviricetes;Zurhausenvirales;Papillomaviridae,d__Bacteria;p__Bacteroidota;c__Bacteroidia;o__Flavobacteriales;f__Flavobacteriaceae;g__Patiriisocius,-
v0426	Viruses;Monodnaviria;Shotokuvirae;Cossaviricota;Papovaviricetes;Zurhausenvirales;Papillomaviridae,NA,-
v042e	Viruses;Monodnaviria;Shotokuvirae;Cossaviricota;Papovaviricetes;Zurhausenvirales;Papillomaviridae,NA,-
v0432	Viruses;Duplodnaviria;Heunggongvirae;Uroviricota;Caudoviricetes;;,NA,-
v044e	Viruses;Riboviria;Orthornavirae;Pisuviricota;Pisoniviricetes;Picornavirales;Iflaviridae,NA,-
v0468	Unclassified,NA,-
v046a	Viruses;Duplodnaviria;Heunggongvirae;Uroviricota;Caudoviricetes;;,d__Bacteria;p__Bacillota;c__Bacilli;o__Staphylococcales;f__Staphylococcaceae;g__Staphylococcus,-
v046d	Viruses;Monodnaviria;Shotokuvirae;Cossaviricota;Papovaviricetes;Zurhausenvirales;Papillomaviridae,NA,-
v04ad	Viruses;Monodnaviria;Sangervirae;Phixviricota;Malgrandaviricetes;Petitvirales;Microviridae,d__Bacteria;p__Bacteroidota;c__Bacteroidia;o__Bacteroidales;f__Bacteroidaceae;g__Prevotella,-
v04bd	Viruses;Monodnaviria;Shotokuvirae;Cressdnaviricota;Arfiviricetes;Cirlivirales;,d__Bacteria;p__Actinomycetota;c__Actinomycetes;o__Actinomycetales;f__Actinomycetaceae;g__Mobiluncus,-
v04db	NA,NA,-
v0520	Viruses;Monodnaviria;Shotokuvirae;Cossaviricota;Papovaviricetes;Zurhausenvirales;Papillomaviridae,NA,-
v0561	Viruses;Monodnaviria;Shotokuvirae;Cossaviricota;Papovaviricetes;Zurhausenvirales;Papillomaviridae,NA,-
v059f	Viruses;Monodnaviria;Shotokuvirae;Cossaviricota;Papovaviricetes;Zurhausenvirales;Papillomaviridae,NA,-
v05a8	Viruses;Monodnaviria;Shotokuvirae;Cossaviricota;Papovaviricetes;Zurhausenvirales;Papillomaviridae,NA,-
v05f8	Viruses;Duplodnaviria;Heunggongvirae;Uroviricota;Caudoviricetes;;,d__Bacteria;p__Bacteroidota;c__Bacteroidia;o__Bacteroidales;f__Bacteroidaceae;g__Prevotella,-
v06a2	Viruses;Monodnaviria;Shotokuvirae;Cossaviricota;Papovaviricetes;Zurhausenvirales;Papillomaviridae,NA,-
v06b9	Viruses;Duplodnaviria;Heunggongvirae;Uroviricota;Caudoviricetes;;,d__Bacteria;p__Bacteroidota;c__Bacteroidia;o__Bacteroidales;f__Bacteroidaceae;g__Prevotella,-
v06cf	Viruses;Monodnaviria;Shotokuvirae;Cossaviricota;Papovaviricetes;Zurhausenvirales;Papillomaviridae,NA,-
v06d5	Viruses;Riboviria;Pararnavirae;Artverviricota;Revtraviricetes;Ortervirales;Retroviridae,NA,-
v0707	NA,d__Bacteria;p__Bacillota;c__Bacilli;o__Lactobacillales;f__Streptococcaceae;g__Streptococcus,-
v0716	Viruses;Monodnaviria;Shotokuvirae;Cressdnaviricota;Arfiviricetes;Cirlivirales;Circoviridae,d__Bacteria;p__Bacillota;c__Bacilli;o__Lactobacillales;f__Lactobacillaceae;g__Lactobacillus,-
v0728	Unclassified,NA,-
v072c	Unclassified,NA,-
v0730	NA,NA,-
v073f	Viruses;Monodnaviria;Shotokuvirae;Cossaviricota;Papovaviricetes;Zurhausenvirales;Papillomaviridae,NA,-
v0743	Viruses;Monodnaviria;Shotokuvirae;Cossaviricota;Papovaviricetes;Zurhausenvirales;Papillomaviridae,NA,-
v0754	NA,d__Bacteria;p__Bacillota;c__Bacilli;o__Lactobacillales;f__Streptococcaceae;g__Lactococcus,-
v0773	Viruses;Duplodnaviria;Heunggongvirae;Uroviricota;Caudoviricetes;;,NA,-
v0791	Viruses;Duplodnaviria;Heunggongvirae;Uroviricota;Caudoviricetes;;,NA,-
v07be	NA,d__Bacteria;p__Bacteroidota;c__Bacteroidia;o__Bacteroidales;f__Bacteroidaceae;g__Bacteroides,-
v083f	NA,d__Bacteria;p__Bacteroidota;c__Bacteroidia;o__Bacteroidales;f__Bacteroidaceae;g__Prevotella,-
v0844	NA,NA,-
v0c6f	Viruses;Monodnaviria;Sangervirae;Phixviricota;Malgrandaviricetes;Petitvirales;Microviridae,d__Bacteria;p__Bacteroidota;c__Bacteroidia;o__Bacteroidales;f__Bacteroidaceae;g__Prevotella,-
v0c89	Viruses;Monodnaviria;Sangervirae;Phixviricota;Malgrandaviricetes;Petitvirales;Microviridae,d__Bacteria;p__Bacteroidota;c__Bacteroidia;o__Bacteroidales;f__Bacteroidaceae;g__Prevotella,-
v0c98	Viruses;Monodnaviria;Sangervirae;Phixviricota;Malgrandaviricetes;Petitvirales;Microviridae,d__Bacteria;p__Bacteroidota;c__Bacteroidia;o__Bacteroidales;f__Bacteroidaceae;g__Prevotella,-
v0cce	NA,d__Bacteria;p__Bacillota;c__Bacilli;o__Lactobacillales;f__Streptococcaceae;g__Streptococcus,-
v0d75	Viruses;Monodnaviria;Sangervirae;Phixviricota;Malgrandaviricetes;Petitvirales;Microviridae,d__Bacteria;p__Bacteroidota;c__Bacteroidia;o__Bacteroidales;f__Bacteroidaceae;g__Prevotella,-
v0d7c	Viruses;Riboviria;Orthornavirae;Duplornaviricota;Chrymotiviricetes;Ghabrivirales;Orthototiviridae,NA,-
v0d7f	NA,NA,-
v0d83	NA,NA,-
v0d94	Viruses;Monodnaviria;Shotokuvirae;Cossaviricota;Papovaviricetes;Zurhausenvirales;Papillomaviridae,NA,-
v0d99	Viruses;Monodnaviria;Shotokuvirae;Cossaviricota;Papovaviricetes;Zurhausenvirales;Papillomaviridae,NA,-
v0da5	Viruses;Monodnaviria;Sangervirae;Phixviricota;Malgrandaviricetes;Petitvirales;Microviridae,d__Bacteria;p__Bacteroidota;c__Bacteroidia;o__Bacteroidales;f__Bacteroidaceae;g__Phocaeicola,-
v0da7	Viruses;Monodnaviria;Sangervirae;Phixviricota;Malgrandaviricetes;Petitvirales;Microviridae,d__Bacteria;p__Bacteroidota;c__Bacteroidia;o__Bacteroidales;f__Rikenellaceae;g__Alistipes,-
v0db6	NA,d__Bacteria;p__Bacillota;c__Bacilli;o__Lactobacillales;f__Lactobacillaceae;g__Lentilactobacillus,-
v0dc7	Viruses;Monodnaviria;Shotokuvirae;Cossaviricota;Papovaviricetes;Sepolyvirales;Polyomaviridae,NA,-
v0dc8	Viruses;Monodnaviria;Shotokuvirae;Cossaviricota;Papovaviricetes;Zurhausenvirales;Papillomaviridae,NA,-
v0dcb	Unclassified,d__Bacteria;p__Bacillota;c__Negativicutes;o__Veillonellales;f__Veillonellaceae;g__Veillonella,-
v0dff	Unclassified,d__Bacteria;p__Bacillota;c__Bacilli;o__Lactobacillales;f__Lactobacillaceae;g__Companilactobacillus,-
v0e47	Viruses;Monodnaviria;Shotokuvirae;Cossaviricota;Papovaviricetes;Zurhausenvirales;Papillomaviridae,NA,-
v0e76	Viruses;Monodnaviria;Sangervirae;Phixviricota;Malgrandaviricetes;Petitvirales;Microviridae,d__Bacteria;p__Bacteroidota;c__Bacteroidia;o__Bacteroidales;f__Bacteroidaceae;g__Prevotella,-
v0e7c	Viruses;Monodnaviria;Sangervirae;Phixviricota;Malgrandaviricetes;Petitvirales;Microviridae,d__Bacteria;p__Bacteroidota;c__Bacteroidia;o__Bacteroidales;f__Bacteroidaceae;g__Phocaeicola,-
v0e7e	Viruses;Monodnaviria;Shotokuvirae;Cossaviricota;Papovaviricetes;Zurhausenvirales;Papillomaviridae,NA,-
v0e7f	Viruses;Monodnaviria;Shotokuvirae;Cossaviricota;Papovaviricetes;Zurhausenvirales;Papillomaviridae,NA,-
v0e80	Viruses;Monodnaviria;Shotokuvirae;Cossaviricota;Papovaviricetes;Zurhausenvirales;Papillomaviridae,NA,-
v0e81	Viruses;Monodnaviria;Shotokuvirae;Cossaviricota;Papovaviricetes;Zurhausenvirales;Papillomaviridae,NA,-
v0e82	Viruses;Monodnaviria;Shotokuvirae;Cossaviricota;Papovaviricetes;Zurhausenvirales;Papillomaviridae,NA,-
v0e83	Viruses;Monodnaviria;Shotokuvirae;Cossaviricota;Papovaviricetes;Zurhausenvirales;Papillomaviridae,NA,-
v0e84	Viruses;Monodnaviria;Shotokuvirae;Cossaviricota;Papovaviricetes;Zurhausenvirales;Papillomaviridae,NA,-
v0e86	Viruses;Monodnaviria;Shotokuvirae;Cossaviricota;Papovaviricetes;Zurhausenvirales;Papillomaviridae,NA,-
v0e89	Viruses;Monodnaviria;Shotokuvirae;Cossaviricota;Papovaviricetes;Zurhausenvirales;Papillomaviridae,NA,-
v0e8a	Viruses;Monodnaviria;Sangervirae;Phixviricota;Malgrandaviricetes;Petitvirales;Microviridae,d__Bacteria;p__Bacteroidota;c__Bacteroidia;o__Bacteroidales;f__Bacteroidaceae;g__Prevotella,-
v0e8b	Viruses;Monodnaviria;Shotokuvirae;Cossaviricota;Papovaviricetes;Zurhausenvirales;Papillomaviridae,NA,-
v0e8c	Viruses;Monodnaviria;Shotokuvirae;Cossaviricota;Papovaviricetes;Zurhausenvirales;Papillomaviridae,NA,-
v0e8e	Viruses;Monodnaviria;Shotokuvirae;Cossaviricota;Papovaviricetes;Zurhausenvirales;Papillomaviridae,NA,-
v0ea3	Viruses;Monodnaviria;Shotokuvirae;Cossaviricota;Papovaviricetes;Zurhausenvirales;Papillomaviridae,NA,-
v0ee1	Viruses;Monodnaviria;Shotokuvirae;Cossaviricota;Papovaviricetes;Zurhausenvirales;Papillomaviridae,NA,-
v0ee3	Viruses;Monodnaviria;Sangervirae;Phixviricota;Malgrandaviricetes;Petitvirales;Microviridae,d__Bacteria;p__Bacteroidota;c__Bacteroidia;o__Bacteroidales;f__Bacteroidaceae;g__Prevotella,-
v0ee9	Viruses;Monodnaviria;Sangervirae;Phixviricota;Malgrandaviricetes;Petitvirales;Microviridae,d__Bacteria;p__Bacteroidota;c__Bacteroidia;o__Bacteroidales;f__Bacteroidaceae;g__Prevotella,-
v0ef3	Viruses;Duplodnaviria;Heunggongvirae;Uroviricota;Caudoviricetes;;,NA,-
v0f0a	NA,NA,-
v0f11	Viruses;Monodnaviria;Loebvirae;Hofneiviricota;Faserviricetes;Tubulavirales;Inoviridae,d__Bacteria;p__Bacillota;c__Clostridia;o__Oscillospirales;f__Oscillospiraceae;g__Hominicoprocola,-
v0f1e	Viruses;Monodnaviria;Sangervirae;Phixviricota;Malgrandaviricetes;Petitvirales;Microviridae,d__Bacteria;p__Bacteroidota;c__Bacteroidia;o__Bacteroidales;f__Bacteroidaceae;g__Prevotella,-
v101e	NA,NA,-
